BIC - Goal,BIC,F1 Score,Accuracy,Precision,Recall,SHD,SLF,TLF
441.9661673972887,2754.9813274628664,0.2222222222222222,0.875,1.0,0.125,7,0.125,0.125
252.0472714354337,2565.0624315010114,0.4,0.8928571428571429,1.0,0.25,6,0.25,0.25
119.64632101168763,2432.6614810772653,0.5454545454545454,0.9107142857142857,1.0,0.375,5,0.375,0.375
64.51970266202034,2377.534862727598,0.6666666666666666,0.9285714285714286,1.0,0.5,4,0.5,0.5
35.08999325134255,2348.10515331692,0.7692307692307693,0.9464285714285714,1.0,0.625,3,0.625,0.625
11.219480744047814,2324.2346408096255,0.8571428571428571,0.9642857142857143,1.0,0.75,2,0.75,0.75
-3.375128161214434,2309.6400319043632,0.7999999999999999,0.9464285714285714,0.8571428571428571,0.75,3,0.75,0.875
-4.0982423669634045,2308.9169176986143,0.75,0.9285714285714286,0.75,0.75,4,0.75,0.875
