BIC - Goal,BIC,F1 Score,Accuracy,Precision,Recall,SHD,SLF,TLF
542.4328732939553,2789.4729046140337,0,0.8392857142857143,0.0,0.0,9,0.0,0.125
330.2390525762462,2577.2790838963247,0.2,0.8571428571428571,0.5,0.125,8,0.125,0.25
143.51917011174055,2390.559201431819,0.36363636363636365,0.875,0.6666666666666666,0.25,7,0.25,0.375
97.27477234755634,2344.314803667635,0.3333333333333333,0.8571428571428571,0.5,0.25,8,0.25,0.5
53.445762715818546,2300.485794035897,0.4615384615384615,0.875,0.6,0.375,7,0.375,0.625
26.859487891085337,2273.899519211164,0.5714285714285715,0.8928571428571429,0.6666666666666666,0.5,6,0.5,0.75
10.007454770125605,2257.047486090204,0.5333333333333333,0.875,0.5714285714285714,0.5,7,0.5,0.875
0.7421796827875369,2247.782211002866,0.6666666666666666,0.9107142857142857,0.7142857142857143,0.625,5,0.625,0.875
-3.3832766468954105,2243.656754673183,0.7999999999999999,0.9464285714285714,0.8571428571428571,0.75,3,0.75,0.875
