BIC - Goal,BIC,F1 Score,Accuracy,Precision,Recall,SHD,SLF,TLF
491.2143750839982,2780.0558413209155,0.2222222222222222,0.875,1.0,0.125,7,0.125,0.125
292.33104810809573,2581.172514345013,0.2,0.8571428571428571,0.5,0.125,8,0.125,0.25
129.82887313104857,2418.670339367966,0.18181818181818182,0.8392857142857143,0.3333333333333333,0.125,9,0.125,0.375
88.19738761368171,2377.038853850599,0.16666666666666666,0.8214285714285714,0.25,0.125,10,0.125,0.5
61.45223510244523,2350.2937013393625,0.3076923076923077,0.8392857142857143,0.4,0.25,9,0.25,0.625
41.35654731505838,2330.1980135519757,0.28571428571428575,0.8214285714285714,0.3333333333333333,0.25,10,0.25,0.75
22.84631861765547,2311.687784854573,0.26666666666666666,0.8035714285714286,0.2857142857142857,0.25,11,0.25,0.875
5.123756011426849,2293.965222248344,0.25,0.7857142857142857,0.25,0.25,12,0.25,0.875
-0.4406333811125478,2288.4008328558048,0.375,0.8214285714285714,0.375,0.375,10,0.375,0.875
