BIC - Goal,BIC,F1 Score,Accuracy,Precision,Recall,SHD,SLF,TLF
447.10975529933603,2747.7011211137296,0.2222222222222222,0.875,1.0,0.125,7,0.125,0.125
267.0103685850395,2567.601734399433,0.2,0.8571428571428571,0.5,0.125,8,0.125,0.25
127.74978382122617,2428.34114963562,0.18181818181818182,0.8392857142857143,0.3333333333333333,0.125,9,0.125,0.375
75.97853734572254,2376.569903160116,0.16666666666666666,0.8214285714285714,0.25,0.125,10,0.125,0.5
54.89683254237525,2355.488198356769,0.15384615384615385,0.8035714285714286,0.2,0.125,11,0.125,0.625
35.45858792263243,2336.049953737026,0.14285714285714288,0.7857142857142857,0.16666666666666666,0.125,12,0.125,0.75
18.66404123874372,2319.2554070531373,0.13333333333333333,0.7678571428571429,0.14285714285714285,0.125,13,0.125,0.75
4.953487687420875,2305.5448535018145,0.25,0.7857142857142857,0.25,0.25,12,0.25,0.875
0.8212547876837561,2301.4126206020774,0.375,0.8214285714285714,0.375,0.375,10,0.375,0.875
