BIC - Goal,BIC,F1 Score,Accuracy,Precision,Recall,SHD,SLF,TLF
435.9929520285905,2700.591322688881,0.2222222222222222,0.875,1.0,0.125,7,0.125,0.125
266.13012404521305,2530.7284947055036,0.4,0.8928571428571429,1.0,0.25,6,0.25,0.25
129.99314715337505,2394.5915178136656,0.5454545454545454,0.9107142857142857,1.0,0.375,5,0.375,0.375
79.79707729101892,2344.3954479513095,0.5,0.8928571428571429,0.75,0.375,6,0.375,0.5
35.81446275101143,2300.412833411302,0.6153846153846154,0.9107142857142857,0.8,0.5,5,0.5,0.625
14.847237679332466,2279.445608339623,0.7142857142857143,0.9285714285714286,0.8333333333333334,0.625,4,0.625,0.75
-1.956299253042289,2262.6420714072483,0.7999999999999999,0.9464285714285714,0.8571428571428571,0.75,3,0.75,0.875
