BIC - Goal,BIC,F1 Score,Accuracy,Precision,Recall,SHD,SLF,TLF
500.44160347957586,2800.9936480041506,0.2222222222222222,0.875,1.0,0.125,7,0.125,0.125
303.0463574534815,2603.5984019780562,0.4,0.8928571428571429,1.0,0.25,6,0.25,0.25
142.9721495132908,2443.5241940378655,0.5454545454545454,0.9107142857142857,1.0,0.375,5,0.375,0.375
91.08504034752059,2391.6370848720953,0.5,0.8928571428571429,0.75,0.375,6,0.375,0.5
42.623929937939465,2343.175974462514,0.6153846153846154,0.9107142857142857,0.8,0.5,5,0.5,0.625
20.490664973741332,2321.042709498316,0.7142857142857143,0.9285714285714286,0.8333333333333334,0.625,4,0.625,0.75
1.4291956879474128,2301.981240212522,0.7999999999999999,0.9464285714285714,0.8571428571428571,0.75,3,0.75,0.875
0.0,2300.5520445245747,0.75,0.9285714285714286,0.75,0.75,4,0.75,1.0
