BIC - Goal,BIC,F1 Score,Accuracy,Precision,Recall,SHD,SLF,TLF
459.64809374023207,2772.0630914286958,0,0.8392857142857143,0.0,0.0,9,0.0,0.125
291.2655914315628,2603.6805891200265,0,0.8214285714285714,0.0,0.0,10,0.0,0.25
139.3247601616058,2451.7397578500695,0,0.8035714285714286,0.0,0.0,11,0.0,0.375
102.36153040884437,2414.776528097308,0,0.7857142857142857,0.0,0.0,12,0.0,0.5
68.96995716402762,2381.3849548524913,0,0.7678571428571429,0.0,0.0,13,0.0,0.625
43.35155491302794,2355.7665526014916,0,0.75,0.0,0.0,14,0.0,0.625
22.40573942090805,2334.8207371093717,0,0.7321428571428571,0.0,0.0,15,0.0,0.625
5.298565544540452,2317.713563233004,0,0.7142857142857143,0.0,0.0,16,0.0,0.75
2.564498437727707,2314.9794961261914,0,0.6964285714285714,0.0,0.0,17,0.0,0.75
