BIC - Goal,BIC,F1 Score,Accuracy,Precision,Recall,SHD,SLF,TLF
521.3594000182266,2800.0375764757227,0.2222222222222222,0.875,1.0,0.125,7,0.125,0.125
291.826965087228,2570.505141544724,0.2,0.8571428571428571,0.5,0.125,8,0.125,0.25
118.17047317996139,2396.8486496374576,0.36363636363636365,0.875,0.6666666666666666,0.25,7,0.25,0.375
76.02369590218677,2354.701872359683,0.3333333333333333,0.8571428571428571,0.5,0.25,8,0.25,0.5
44.21474475906916,2322.8929212165654,0.3076923076923077,0.8392857142857143,0.4,0.25,9,0.25,0.625
20.76878326031556,2299.4469597178118,0.28571428571428575,0.8214285714285714,0.3333333333333333,0.25,10,0.25,0.625
12.228279366596325,2290.9064558240925,0.26666666666666666,0.8035714285714286,0.2857142857142857,0.25,11,0.25,0.625
5.05258319539098,2283.730759652887,0.25,0.7857142857142857,0.25,0.25,12,0.25,0.75
-0.4088120480937505,2278.2693644094024,0.375,0.8214285714285714,0.375,0.375,10,0.375,0.75
