BIC - Goal,BIC,F1 Score,Accuracy,Precision,Recall,SHD,SLF,TLF
473.1069881438689,2774.800252016386,0.2222222222222222,0.875,1.0,0.125,7,0.125,0.125
286.88483898976574,2588.578102862283,0.4,0.8928571428571429,1.0,0.25,6,0.25,0.25
134.10373127016237,2435.7969951426794,0.5454545454545454,0.9107142857142857,1.0,0.375,5,0.375,0.375
89.75345295689067,2391.4467168294077,0.5,0.8928571428571429,0.75,0.375,6,0.375,0.5
45.8281334754688,2347.521397347986,0.6153846153846154,0.9107142857142857,0.8,0.5,5,0.5,0.625
19.110309803093514,2320.8035736756106,0.7142857142857143,0.9285714285714286,0.8333333333333334,0.625,4,0.625,0.75
-2.3596292158426877,2299.3336346566743,0.7999999999999999,0.9464285714285714,0.8571428571428571,0.75,3,0.75,0.875
