BIC - Goal,BIC,F1 Score,Accuracy,Precision,Recall,SHD,SLF,TLF
485.8707974061422,2729.6901433152952,0,0.8392857142857143,0.0,0.0,9,0.0,0.125
274.67406416835956,2518.4934100775126,0.2,0.8571428571428571,0.5,0.125,8,0.125,0.25
120.93087605790379,2364.750221967057,0.36363636363636365,0.875,0.6666666666666666,0.25,7,0.25,0.375
73.7481929502851,2317.567538859438,0.3333333333333333,0.8571428571428571,0.5,0.25,8,0.25,0.5
46.454367754292434,2290.2737136634455,0.4615384615384615,0.875,0.6,0.375,7,0.375,0.625
22.203912818178196,2266.0232587273313,0.5714285714285715,0.8928571428571429,0.6666666666666666,0.5,6,0.5,0.75
13.60740108880509,2257.426746997958,0.5333333333333333,0.875,0.5714285714285714,0.5,7,0.5,0.75
6.713757952978085,2250.533103862131,0.39999999999999997,0.8392857142857143,0.42857142857142855,0.375,9,0.375,0.75
6.092243463039722,2249.911589372193,0.375,0.8214285714285714,0.375,0.375,10,0.375,0.75
