BIC - Goal,BIC,F1 Score,Accuracy,Precision,Recall,SHD,SLF,TLF
445.778962834534,2790.7360443948137,0,0.8392857142857143,0.0,0.0,9,0.0,0.125
248.98297186128002,2593.9400534215597,0.2,0.8571428571428571,0.5,0.125,8,0.125,0.25
112.7444794493349,2457.7015610096146,0.36363636363636365,0.875,0.6666666666666666,0.25,7,0.25,0.375
68.85756032108566,2413.8146418813653,0.5,0.8928571428571429,0.75,0.375,6,0.375,0.5
37.48697423810518,2382.444055798385,0.4615384615384615,0.875,0.6,0.375,7,0.375,0.625
20.551740184340815,2365.5088217446205,0.5714285714285715,0.8928571428571429,0.6666666666666666,0.5,6,0.5,0.75
8.243544712912353,2353.200626273192,0.5333333333333333,0.875,0.5714285714285714,0.5,7,0.5,0.875
-0.38691524491105156,2344.5701663153686,0.6666666666666666,0.9107142857142857,0.7142857142857143,0.625,5,0.625,0.875
-3.4034992729957594,2341.553582287284,0.7999999999999999,0.9464285714285714,0.8571428571428571,0.75,3,0.75,0.875
