BIC - Goal,BIC,F1 Score,Accuracy,Precision,Recall,SHD,SLF,TLF
445.90819095677443,2719.231404425036,0.2222222222222222,0.875,1.0,0.125,7,0.125,0.125
266.488195898939,2539.8114093672007,0.4,0.8928571428571429,1.0,0.25,6,0.25,0.25
131.54814471962982,2404.8713581878915,0.5454545454545454,0.9107142857142857,1.0,0.375,5,0.375,0.375
83.28013218728847,2356.60334565555,0.5,0.8928571428571429,0.75,0.375,6,0.375,0.5
45.210689762601305,2318.533903230863,0.6153846153846154,0.9107142857142857,0.8,0.5,5,0.5,0.625
10.785242297052264,2284.108455765314,0.7142857142857143,0.9285714285714286,0.8333333333333334,0.625,4,0.625,0.75
1.61532674549062,2274.9385402137523,0.7999999999999999,0.9464285714285714,0.8571428571428571,0.75,3,0.75,0.875
0.0,2273.3232134682617,0.875,0.9642857142857143,0.875,0.875,2,0.875,1.0
