BIC - Goal,BIC,F1 Score,Accuracy,Precision,Recall,SHD,SLF,TLF
505.17488336941915,2727.467207887166,0.2222222222222222,0.875,1.0,0.125,7,0.125,0.125
334.6275481505281,2556.919872668275,0.4,0.8928571428571429,1.0,0.25,6,0.25,0.25
167.90246732370497,2390.1947918414517,0.5454545454545454,0.9107142857142857,1.0,0.375,5,0.375,0.375
97.7668924410932,2320.05921695884,0.6666666666666666,0.9285714285714286,1.0,0.5,4,0.5,0.5
48.64665590378581,2270.9389804215325,0.7692307692307693,0.9464285714285714,1.0,0.625,3,0.625,0.625
21.70689827027627,2243.999222788023,0.8571428571428571,0.9642857142857143,1.0,0.75,2,0.75,0.75
-1.227048378354084,2221.0652761393926,0.7999999999999999,0.9464285714285714,0.8571428571428571,0.75,3,0.75,0.875
