BIC - Goal,BIC,F1 Score,Accuracy,Precision,Recall,SHD,SLF,TLF
473.90378295553955,2743.6796838694636,0,0.8392857142857143,0.0,0.0,9,0.0,0.125
297.5543203994566,2567.3302213133807,0.2,0.8571428571428571,0.5,0.125,8,0.125,0.25
147.06424760174605,2416.84014851567,0.36363636363636365,0.875,0.6666666666666666,0.25,7,0.25,0.375
85.34077133311166,2355.1166722470357,0.5,0.8928571428571429,0.75,0.375,6,0.375,0.5
43.18397889453945,2312.9598798084635,0.4615384615384615,0.875,0.6,0.375,7,0.375,0.625
20.774595053700523,2290.5504959676246,0.5714285714285715,0.8928571428571429,0.6666666666666666,0.5,6,0.5,0.75
15.839090869432766,2285.614991783357,0.5333333333333333,0.875,0.5714285714285714,0.5,7,0.5,0.75
9.062399037164596,2278.8382999510886,0.39999999999999997,0.8392857142857143,0.42857142857142855,0.375,9,0.375,0.75
4.221335498648386,2273.9972364125724,0.375,0.8214285714285714,0.375,0.375,10,0.375,0.75
