BIC - Goal,BIC,F1 Score,Accuracy,Precision,Recall,SHD,SLF,TLF
458.4629607900879,2673.5551731581245,0,0.8392857142857143,0.0,0.0,9,0.0,0.125
268.5440648282329,2483.6362771962695,0.2,0.8571428571428571,0.5,0.125,8,0.125,0.25
120.0710094974238,2335.1632218654604,0.36363636363636365,0.875,0.6666666666666666,0.25,7,0.25,0.375
63.362027805272646,2278.4542401733092,0.3333333333333333,0.8571428571428571,0.5,0.25,8,0.25,0.5
33.93231839459486,2249.0245307626315,0.4615384615384615,0.875,0.6,0.375,7,0.375,0.625
11.564067310759583,2226.656279678796,0.5714285714285715,0.8928571428571429,0.6666666666666666,0.5,6,0.5,0.75
10.8996481104341,2225.9918604784707,0.5333333333333333,0.875,0.5714285714285714,0.5,7,0.5,0.75
5.935888855696248,2221.028101223733,0.39999999999999997,0.8392857142857143,0.42857142857142855,0.375,9,0.375,0.75
4.342557695129017,2219.4347700631656,0.375,0.8214285714285714,0.375,0.375,10,0.375,0.75
