BIC - Goal,BIC,F1 Score,Accuracy,Precision,Recall,SHD,SLF,TLF
464.6884924674564,2644.8537422820546,0.2222222222222222,0.875,1.0,0.125,7,0.125,0.125
298.4124342034579,2478.577684018056,0.2,0.8571428571428571,0.5,0.125,8,0.125,0.25
143.2746742531749,2323.439924067773,0.36363636363636365,0.875,0.6666666666666666,0.25,7,0.25,0.375
101.54176754028686,2281.707017354885,0.3333333333333333,0.8571428571428571,0.5,0.25,8,0.25,0.5
71.29721201964185,2251.46246183424,0.4615384615384615,0.875,0.6,0.375,7,0.375,0.625
42.98866009502353,2223.1539099096217,0.42857142857142855,0.8571428571428571,0.5,0.375,8,0.375,0.75
21.111107931622882,2201.276357746221,0.39999999999999997,0.8392857142857143,0.42857142857142855,0.375,9,0.375,0.75
7.726090180684878,2187.891339995283,0.375,0.8214285714285714,0.375,0.375,10,0.375,0.875
-0.5119903850845731,2179.6532594295136,0.5,0.8571428571428571,0.5,0.5,8,0.5,0.875
