BIC - Goal,BIC,F1 Score,Accuracy,Precision,Recall,SHD,SLF,TLF
488.13392649243224,2757.3331675111626,0,0.8392857142857143,0.0,0.0,9,0.0,0.125
260.76103040673206,2529.9602714254625,0.2,0.8571428571428571,0.5,0.125,8,0.125,0.25
102.21691935979561,2371.416160378526,0.36363636363636365,0.875,0.6666666666666666,0.25,7,0.25,0.375
52.377397811125775,2321.576638829856,0.3333333333333333,0.8571428571428571,0.5,0.25,8,0.25,0.5
28.743257747688858,2297.9424987664192,0.4615384615384615,0.875,0.6,0.375,7,0.375,0.625
15.43324373188534,2284.6324847506157,0.5714285714285715,0.8928571428571429,0.6666666666666666,0.5,6,0.5,0.75
13.25075747129631,2282.4499984900267,0.6666666666666666,0.9107142857142857,0.7142857142857143,0.625,5,0.625,0.875
