BIC - Goal,BIC,F1 Score,Accuracy,Precision,Recall,SHD,SLF,TLF
481.6839031264635,2786.559466627162,0.2222222222222222,0.875,1.0,0.125,7,0.125,0.125
316.4042224042396,2621.279785904938,0.4,0.8928571428571429,1.0,0.25,6,0.25,0.25
172.14432949008688,2477.019892990785,0.5454545454545454,0.9107142857142857,1.0,0.375,5,0.375,0.375
101.97682203841396,2406.852385539112,0.6666666666666666,0.9285714285714286,1.0,0.5,4,0.5,0.5
46.15123270470667,2351.026796205405,0.6153846153846154,0.9107142857142857,0.8,0.5,5,0.5,0.625
19.370621766300246,2324.2461852669985,0.7142857142857143,0.9285714285714286,0.8333333333333334,0.625,4,0.625,0.75
-2.575644417188869,2302.2999190835094,0.7999999999999999,0.9464285714285714,0.8571428571428571,0.75,3,0.75,0.875
