BIC - Goal,BIC,F1 Score,Accuracy,Precision,Recall,SHD,SLF,TLF
481.4951057303483,2797.141725649447,0,0.8392857142857143,0.0,0.0,9,0.0,0.125
291.9153460606708,2607.5619659797694,0.2,0.8571428571428571,0.5,0.125,8,0.125,0.25
137.07313768367067,2452.7197576027693,0.36363636363636365,0.875,0.6666666666666666,0.25,7,0.25,0.375
88.57995852862996,2404.2265784477286,0.5,0.8928571428571429,0.75,0.375,6,0.375,0.5
49.813089101474816,2365.4597090205734,0.4615384615384615,0.875,0.6,0.375,7,0.375,0.625
21.574375701531153,2337.2209956206298,0.5714285714285715,0.8928571428571429,0.6666666666666666,0.5,6,0.5,0.75
8.749073083823077,2324.3956930029217,0.5333333333333333,0.875,0.5714285714285714,0.5,7,0.5,0.75
4.074871240276025,2319.7214911593746,0.39999999999999997,0.8392857142857143,0.42857142857142855,0.375,9,0.375,0.75
