BIC - Goal,BIC,F1 Score,Accuracy,Precision,Recall,SHD,SLF,TLF
21.919040382068943,2295.845448657387,0.5882352941176471,0.875,0.5555555555555556,0.625,7,0.625,0.625
21.919040382068943,2295.845448657387,0.5882352941176471,0.875,0.5555555555555556,0.625,7,0.625,0.625
14.801423698975668,2288.7278319742936,0.823529411764706,0.9464285714285714,0.7777777777777778,0.875,3,0.875,0.875
14.344153752148486,2288.2705620274664,0.7058823529411765,0.9107142857142857,0.6666666666666666,0.75,5,0.75,0.75
2.431682587679461,2276.3580908629974,0.7058823529411765,0.9107142857142857,0.6666666666666666,0.75,5,0.75,1.0
0.0,2273.926408275318,0.75,0.9285714285714286,0.75,0.75,4,0.75,1.0
