BIC - Goal,BIC,F1 Score,Accuracy,Precision,Recall,SHD,SLF,TLF
54.97639992997256,2317.288124307876,0.6666666666666666,0.9107142857142857,0.7142857142857143,0.625,5,0.625,0.75
40.868323184843575,2303.180047562747,0.35294117647058826,0.8035714285714286,0.3333333333333333,0.375,11,0.375,0.625
25.704717197973878,2288.0164415758773,0.5,0.8571428571428571,0.5,0.5,8,0.5,0.625
12.42821977264066,2274.739944150544,0.47058823529411764,0.8392857142857143,0.4444444444444444,0.5,9,0.5,0.75
9.24736967361605,2271.5590940515194,0.7777777777777777,0.9285714285714286,0.7,0.875,4,0.875,1.0
5.974217879337175,2268.2859422572405,0.7777777777777777,0.9285714285714286,0.7,0.875,4,0.875,1.0
-4.547473508864641e-13,2262.311724377903,0.875,0.9642857142857143,0.875,0.875,2,0.875,1.0
