BIC - Goal,BIC,F1 Score,Accuracy,Precision,Recall,SHD,SLF,TLF
48.538276410447,2326.6350364239966,0.23529411764705882,0.7678571428571429,0.2222222222222222,0.25,13,0.25,0.625
40.413004820440165,2318.5097648339897,0,0.7142857142857143,0.0,0.0,16,0.0,0.625
29.36998118405245,2307.466741197602,0,0.7142857142857143,0.0,0.0,16,0.0,0.625
18.614158231060628,2296.71091824461,0.7999999999999999,0.9464285714285714,0.8571428571428571,0.75,3,0.75,0.875
13.590942554683352,2291.687702568233,0.35294117647058826,0.8035714285714286,0.3333333333333333,0.375,11,0.375,0.75
13.590942554683352,2291.687702568233,0.35294117647058826,0.8035714285714286,0.3333333333333333,0.375,11,0.375,0.75
13.590942554683352,2291.687702568233,0.35294117647058826,0.8035714285714286,0.3333333333333333,0.375,11,0.375,0.75
5.846421828957318,2283.943181842507,0.823529411764706,0.9464285714285714,0.7777777777777778,0.875,3,0.875,0.875
-0.4847951104757158,2277.611964903074,0.875,0.9642857142857143,0.875,0.875,2,0.875,0.875
