BIC - Goal,BIC,F1 Score,Accuracy,Precision,Recall,SHD,SLF,TLF
25.939366355745733,2331.085553652344,0.22222222222222224,0.75,0.2,0.25,14,0.25,0.75
25.939366355745733,2331.085553652344,0.22222222222222224,0.75,0.2,0.25,14,0.25,0.75
21.939043906093502,2327.085231202692,0.3157894736842105,0.7678571428571429,0.2727272727272727,0.375,13,0.375,0.875
1.6324297866162851,2306.7786170832146,0.375,0.8214285714285714,0.375,0.375,10,0.375,0.75
1.6324297866162851,2306.7786170832146,0.375,0.8214285714285714,0.375,0.375,10,0.375,0.75
1.2862366955055222,2306.432423992104,0.375,0.8214285714285714,0.375,0.375,10,0.375,0.75
1.2862366955055222,2306.432423992104,0.375,0.8214285714285714,0.375,0.375,10,0.375,0.75
1.2862366955055222,2306.432423992104,0.375,0.8214285714285714,0.375,0.375,10,0.375,0.75
1.2862366955055222,2306.432423992104,0.375,0.8214285714285714,0.375,0.375,10,0.375,0.75
1.2862366955055222,2306.432423992104,0.375,0.8214285714285714,0.375,0.375,10,0.375,0.75
0.5643371756400484,2305.7105244722384,0.35294117647058826,0.8035714285714286,0.3333333333333333,0.375,11,0.375,0.75
-0.3802460106771832,2304.765941285921,0.5,0.8571428571428571,0.5,0.5,8,0.5,0.75
