BIC - Goal,BIC,F1 Score,Accuracy,Precision,Recall,SHD,SLF,TLF
58.475341571715944,2332.357458951092,0.47058823529411764,0.8392857142857143,0.4444444444444444,0.5,9,0.5,0.625
47.88499015309026,2321.7671075324665,0.2105263157894737,0.7321428571428571,0.18181818181818182,0.25,15,0.25,0.875
28.435035776712084,2302.3171531560884,0.5882352941176471,0.875,0.5555555555555556,0.625,7,0.625,0.875
13.81551055796399,2287.6976279373403,0.823529411764706,0.9464285714285714,0.7777777777777778,0.875,3,0.875,1.0
3.2659387312774015,2277.1480561106537,0.823529411764706,0.9464285714285714,0.7777777777777778,0.875,3,0.875,1.0
0.0,2273.8821173793763,0.875,0.9642857142857143,0.875,0.875,2,0.875,1.0
