BIC - Goal,BIC,F1 Score,Accuracy,Precision,Recall,SHD,SLF,TLF
44.74029849901126,2309.0783250673594,0.7999999999999999,0.9464285714285714,0.8571428571428571,0.75,3,0.75,0.875
43.87387694694644,2308.2119035152946,0.22222222222222224,0.75,0.2,0.25,14,0.25,0.625
16.004227073597576,2280.3422536419457,0.6666666666666666,0.9107142857142857,0.7142857142857143,0.625,5,0.625,0.875
0.0,2264.338026568348,0.75,0.9285714285714286,0.75,0.75,4,0.75,1.0
