BIC - Goal,BIC,F1 Score,Accuracy,Precision,Recall,SHD,SLF,TLF
66.15067038172629,2316.7751385459987,0.35294117647058826,0.8035714285714286,0.3333333333333333,0.375,11,0.375,0.625
33.48408341469121,2284.1085515789637,0.625,0.8928571428571429,0.625,0.625,6,0.625,0.75
21.259276564546326,2271.883744728819,0.631578947368421,0.875,0.5454545454545454,0.75,7,0.75,0.875
4.803458260739717,2255.427926425012,0.7058823529411765,0.9107142857142857,0.6666666666666666,0.75,5,0.75,0.875
1.803986340870324,2252.428454505143,0.7058823529411765,0.9107142857142857,0.6666666666666666,0.75,5,0.75,0.875
-1.5736296189270433,2249.0508385453454,0.75,0.9285714285714286,0.75,0.75,4,0.75,0.875
