BIC - Goal,BIC,F1 Score,Accuracy,Precision,Recall,SHD,SLF,TLF
71.57360671822926,2295.6586999437336,0.7058823529411765,0.9107142857142857,0.6666666666666666,0.75,5,0.75,0.75
62.18372387888212,2286.2688171043865,0.7058823529411765,0.9107142857142857,0.6666666666666666,0.75,5,0.75,0.75
37.05362495577401,2261.1387181812784,0.4444444444444445,0.8214285714285714,0.4,0.5,10,0.5,0.75
21.053832781306937,2245.1389260068113,0.631578947368421,0.875,0.5454545454545454,0.75,7,0.75,0.75
12.758080406199497,2236.843173631704,0.631578947368421,0.875,0.5454545454545454,0.75,7,0.75,0.75
6.094411225311887,2230.1795044508162,0.7058823529411765,0.9107142857142857,0.6666666666666666,0.75,5,0.75,0.75
6.094411225311887,2230.1795044508162,0.7058823529411765,0.9107142857142857,0.6666666666666666,0.75,5,0.75,0.75
-0.8450615567480781,2223.2400316687563,0.875,0.9642857142857143,0.875,0.875,2,0.875,0.875
