BIC - Goal,BIC,F1 Score,Accuracy,Precision,Recall,SHD,SLF,TLF
99.55861491596443,2345.132494725138,0.23529411764705882,0.7678571428571429,0.2222222222222222,0.25,13,0.25,0.5
75.96085926016349,2321.534739069337,0.7058823529411765,0.9107142857142857,0.6666666666666666,0.75,5,0.75,0.75
40.15064283706397,2285.7245226462373,0.4444444444444445,0.8214285714285714,0.4,0.5,10,0.5,0.75
26.949305807200744,2272.523185616374,0.625,0.8928571428571429,0.625,0.625,6,0.625,0.75
20.026264477606674,2265.60014428678,0.6666666666666665,0.8928571428571429,0.6,0.75,6,0.75,0.875
3.86325331037915,2249.4371331195525,0.7058823529411765,0.9107142857142857,0.6666666666666666,0.75,5,0.75,0.875
3.86325331037915,2249.4371331195525,0.7058823529411765,0.9107142857142857,0.6666666666666666,0.75,5,0.75,0.875
3.86325331037915,2249.4371331195525,0.7058823529411765,0.9107142857142857,0.6666666666666666,0.75,5,0.75,0.875
-0.7037087995740876,2244.8701710095993,0.75,0.9285714285714286,0.75,0.75,4,0.75,0.875
