BIC - Goal,BIC,F1 Score,Accuracy,Precision,Recall,SHD,SLF,TLF
56.96661340739365,2323.4735298060587,0.23529411764705882,0.7678571428571429,0.2222222222222222,0.25,13,0.25,0.5
35.5877174162315,2302.0946338148965,0.4210526315789474,0.8035714285714286,0.36363636363636365,0.5,11,0.5,0.625
4.539518441351447,2271.0464348400164,0.5882352941176471,0.875,0.5555555555555556,0.625,7,0.625,0.875
4.539518441351447,2271.0464348400164,0.5882352941176471,0.875,0.5555555555555556,0.625,7,0.625,0.875
1.6756726967278155,2268.182589095393,0.625,0.8928571428571429,0.625,0.625,6,0.625,0.875
0.528152913501799,2267.035069312167,0.5882352941176471,0.875,0.5555555555555556,0.625,7,0.625,0.75
-2.335692831121378,2264.1712235675436,0.625,0.8928571428571429,0.625,0.625,6,0.625,0.75
