BIC - Goal,BIC,F1 Score,Accuracy,Precision,Recall,SHD,SLF,TLF
52.39374883784876,2340.3638400600194,0.625,0.8928571428571429,0.625,0.625,6,0.625,0.625
52.39374883784876,2340.3638400600194,0.625,0.8928571428571429,0.625,0.625,6,0.625,0.625
38.92229888851716,2326.8923901106878,0.4444444444444445,0.8214285714285714,0.4,0.5,10,0.5,0.625
9.226519374080908,2297.1966105962515,0.75,0.9285714285714286,0.75,0.75,4,0.75,0.75
9.226519374080908,2297.1966105962515,0.75,0.9285714285714286,0.75,0.75,4,0.75,0.75
9.226519374080908,2297.1966105962515,0.75,0.9285714285714286,0.75,0.75,4,0.75,0.75
4.776829261884359,2292.746920484055,0.625,0.8928571428571429,0.625,0.625,6,0.625,0.75
-1.8676936747351647,2286.1023975474354,0.875,0.9642857142857143,0.875,0.875,2,0.875,0.875
