BIC - Goal,BIC,F1 Score,Accuracy,Precision,Recall,SHD,SLF,TLF
129.3517739194217,2406.5934255595153,0.25,0.7857142857142857,0.25,0.25,12,0.25,0.5
63.04890167215808,2340.2905533122516,0.625,0.8928571428571429,0.625,0.625,6,0.625,0.625
35.82051822955418,2313.0621698696477,0.625,0.8928571428571429,0.625,0.625,6,0.625,0.75
21.527891083812847,2298.7695427239064,0.7058823529411765,0.9107142857142857,0.6666666666666666,0.75,5,0.75,0.75
18.225505056142538,2295.467156696236,0.7999999999999999,0.9464285714285714,0.8571428571428571,0.75,3,0.75,0.75
5.675490738480676,2282.917142378574,0.823529411764706,0.9464285714285714,0.7777777777777778,0.875,3,0.875,0.875
5.675490738480676,2282.917142378574,0.823529411764706,0.9464285714285714,0.7777777777777778,0.875,3,0.875,0.875
-0.5468943280079657,2276.6947573120856,0.875,0.9642857142857143,0.875,0.875,2,0.875,0.875
