BIC - Goal,BIC,F1 Score,Accuracy,Precision,Recall,SHD,SLF,TLF
109.47318438418233,2289.6913222285807,0.25,0.7857142857142857,0.25,0.25,12,0.25,0.625
85.57257531580944,2265.790713160208,0.47058823529411764,0.8392857142857143,0.4444444444444444,0.5,9,0.5,0.75
54.92992523674502,2235.1480630811434,0.3,0.75,0.25,0.375,14,0.375,0.75
9.57862348336539,2189.7967613277638,0.7777777777777777,0.9285714285714286,0.7,0.875,4,0.875,0.875
2.8667793219487976,2183.084917166347,0.823529411764706,0.9464285714285714,0.7777777777777778,0.875,3,0.875,0.875
2.8589273388311085,2183.0770651832295,0.823529411764706,0.9464285714285714,0.7777777777777778,0.875,3,0.875,0.875
2.8589273388311085,2183.0770651832295,0.823529411764706,0.9464285714285714,0.7777777777777778,0.875,3,0.875,0.875
-0.18024648634673213,2180.0378913580516,0.875,0.9642857142857143,0.875,0.875,2,0.875,0.875
