BIC - Goal,BIC,F1 Score,Accuracy,Precision,Recall,SHD,SLF,TLF
29.951054113651026,2248.160663655647,0.5555555555555556,0.8571428571428571,0.5,0.625,8,0.625,0.875
12.714495588233603,2230.9241051302297,0.5882352941176471,0.875,0.5555555555555556,0.625,7,0.625,0.875
11.992511664406265,2230.2021212064024,0.7058823529411765,0.9107142857142857,0.6666666666666666,0.75,5,0.75,0.875
7.854547126181387,2226.0641566681775,0.5882352941176471,0.875,0.5555555555555556,0.625,7,0.625,0.875
-4.547473508864641e-13,2218.2096095419956,0.875,0.9642857142857143,0.875,0.875,2,0.875,1.0
