BIC - Goal,BIC,F1 Score,Accuracy,Precision,Recall,SHD,SLF,TLF
54.333261758108165,2332.432238468551,0.5263157894736842,0.8392857142857143,0.45454545454545453,0.625,9,0.625,0.625
30.31205967441565,2308.4110363848586,0.47058823529411764,0.8392857142857143,0.4444444444444444,0.5,9,0.5,0.75
11.086249267382755,2289.1852259778257,0.6666666666666665,0.8928571428571429,0.6,0.75,6,0.75,0.875
-4.547473508864641e-13,2278.0989767104425,1.0,1.0,1.0,1.0,0,1.0,1.0
