BIC - Goal,BIC,F1 Score,Accuracy,Precision,Recall,SHD,SLF,TLF
19.199513244997434,2258.118414993301,0.888888888888889,0.9642857142857143,0.8,1.0,2,1.0,1.0
-4.547473508864641e-13,2238.918901748303,0.875,0.9642857142857143,0.875,0.875,2,0.875,1.0
