BIC - Goal,BIC,F1 Score,Accuracy,Precision,Recall,SHD,SLF,TLF
26.70050605346387,2271.972752716677,0.6666666666666665,0.8928571428571429,0.6,0.75,6,0.75,0.875
23.061190295137294,2268.3334369583504,0.6666666666666665,0.8928571428571429,0.6,0.75,6,0.75,0.875
23.061190295137294,2268.3334369583504,0.6666666666666665,0.8928571428571429,0.6,0.75,6,0.75,0.875
9.228297753771585,2254.5005444169847,0.875,0.9642857142857143,0.875,0.875,2,0.875,0.875
9.228297753771585,2254.5005444169847,0.875,0.9642857142857143,0.875,0.875,2,0.875,0.875
9.228297753771585,2254.5005444169847,0.875,0.9642857142857143,0.875,0.875,2,0.875,0.875
0.0,2245.272246663213,0.875,0.9642857142857143,0.875,0.875,2,0.875,1.0
