BIC - Goal,BIC,F1 Score,Accuracy,Precision,Recall,SHD,SLF,TLF
32.79943254440286,2405.8299457247495,0.5882352941176471,0.875,0.5555555555555556,0.625,7,0.625,0.875
-1.6414220713272698,2371.3890911090193,0.75,0.9285714285714286,0.75,0.75,4,0.75,0.875
