BIC - Goal,BIC,F1 Score,Accuracy,Precision,Recall,SHD,SLF,TLF
20.1740457972046,2303.3501122978937,0.5,0.8571428571428571,0.5,0.5,8,0.5,0.625
9.871642092817183,2293.0477085935063,0.47058823529411764,0.8392857142857143,0.4444444444444444,0.5,9,0.5,0.625
6.248737712617185,2289.4248042133063,0.47058823529411764,0.8392857142857143,0.4444444444444444,0.5,9,0.5,0.75
3.0784418490825374,2286.2545083497716,0.625,0.8928571428571429,0.625,0.625,6,0.625,0.75
3.0784418490825374,2286.2545083497716,0.625,0.8928571428571429,0.625,0.625,6,0.625,0.75
-4.547473508864641e-13,2283.1760665006886,0.75,0.9285714285714286,0.75,0.75,4,0.75,1.0
