BIC - Goal,BIC,F1 Score,Accuracy,Precision,Recall,SHD,SLF,TLF
16.22197204497388,2321.6652692997923,0.7999999999999999,0.9464285714285714,0.8571428571428571,0.75,3,0.75,0.75
9.37301122225972,2314.816308477078,0.75,0.9285714285714286,0.75,0.75,4,0.75,0.75
8.596461714005727,2314.039758968824,0.75,0.9285714285714286,0.75,0.75,4,0.75,0.75
4.547473508864641e-13,2305.443297254819,0.875,0.9642857142857143,0.875,0.875,2,0.875,1.0
