BIC - Goal,BIC,F1 Score,Accuracy,Precision,Recall,SHD,SLF,TLF
21.829885156047567,2305.8321584658665,0.4444444444444445,0.8214285714285714,0.4,0.5,10,0.5,0.75
2.6314984777864083,2286.6337717876054,0.625,0.8928571428571429,0.625,0.625,6,0.625,0.75
-3.343368246754835,2280.658905063064,0.625,0.8928571428571429,0.625,0.625,6,0.625,0.75
