BIC - Goal,BIC,F1 Score,Accuracy,Precision,Recall,SHD,SLF,TLF
14.564877679062192,2384.98412536199,0.5882352941176471,0.875,0.5555555555555556,0.625,7,0.625,0.625
12.268720814762673,2382.6879684976907,0.5882352941176471,0.875,0.5555555555555556,0.625,7,0.625,0.625
12.268720814762673,2382.6879684976907,0.5882352941176471,0.875,0.5555555555555556,0.625,7,0.625,0.625
12.268720814762673,2382.6879684976907,0.5882352941176471,0.875,0.5555555555555556,0.625,7,0.625,0.625
11.545456106752681,2381.9647037896807,0.47058823529411764,0.8392857142857143,0.4444444444444444,0.5,9,0.5,0.625
-0.10103002469668354,2370.3182176582313,0.75,0.9285714285714286,0.75,0.75,4,0.75,0.875
