BIC - Goal,BIC,F1 Score,Accuracy,Precision,Recall,SHD,SLF,TLF
29.909134181191348,2272.2468821910334,0.375,0.8214285714285714,0.375,0.375,10,0.375,0.5
7.318697036092544,2249.6564450459346,0.47058823529411764,0.8392857142857143,0.4444444444444444,0.5,9,0.5,0.75
7.318697036092544,2249.6564450459346,0.47058823529411764,0.8392857142857143,0.4444444444444444,0.5,9,0.5,0.75
7.318697036092544,2249.6564450459346,0.47058823529411764,0.8392857142857143,0.4444444444444444,0.5,9,0.5,0.75
-0.3159872338042078,2242.021760776038,0.75,0.9285714285714286,0.75,0.75,4,0.75,0.875
