BIC - Goal,BIC,F1 Score,Accuracy,Precision,Recall,SHD,SLF,TLF
62.292515459156675,2321.8298698650087,0.25,0.7857142857142857,0.25,0.25,12,0.25,0.5
30.082472497007984,2289.61982690286,0.6666666666666665,0.8928571428571429,0.6,0.75,6,0.75,0.875
20.765502675638345,2280.3028570814904,0.5555555555555556,0.8571428571428571,0.5,0.625,8,0.625,0.75
19.685483748945444,2279.2228381547975,0.4444444444444445,0.8214285714285714,0.4,0.5,10,0.5,0.75
19.508854505257204,2279.0462089111093,0.4210526315789474,0.8035714285714286,0.36363636363636365,0.5,11,0.5,0.75
19.508854505257204,2279.0462089111093,0.4210526315789474,0.8035714285714286,0.36363636363636365,0.5,11,0.5,0.75
14.251784487008536,2273.7891388928606,0.5555555555555556,0.8571428571428571,0.5,0.625,8,0.625,0.75
-1.1914219503787535,2258.3459324554733,0.875,0.9642857142857143,0.875,0.875,2,0.875,0.875
