BIC - Goal,BIC,F1 Score,Accuracy,Precision,Recall,SHD,SLF,TLF
22823.681134227227,145594.41865094486,0.0784313725490196,0.8763157894736842,0.07692307692307693,0.08,47,0.08,0.2
18183.888866245165,140954.6263829628,0.10526315789473684,0.8657894736842106,0.09375,0.12,51,0.12,0.36
17880.43453319228,140651.17204990992,0.07017543859649122,0.8605263157894737,0.0625,0.08,53,0.08,0.32
14144.171901565918,136914.90941828355,0.14545454545454545,0.8763157894736842,0.13333333333333333,0.16,47,0.16,0.48
12345.884946952458,135116.6224636701,0.1379310344827586,0.868421052631579,0.12121212121212122,0.16,50,0.16,0.52
9792.041452227306,132562.77896894494,0.15151515151515152,0.8526315789473684,0.12195121951219512,0.2,56,0.2,0.52
9434.270242872473,132205.0077595901,0.1639344262295082,0.8657894736842106,0.1388888888888889,0.2,51,0.2,0.52
8868.369346921943,131639.10686363958,0.1639344262295082,0.8657894736842106,0.1388888888888889,0.2,51,0.2,0.56
7582.8582846943755,130353.59580141201,0.29629629629629634,0.9,0.27586206896551724,0.32,38,0.32,0.52
7405.012936761355,130175.75045347899,0.2857142857142857,0.8947368421052632,0.25806451612903225,0.32,40,0.32,0.56
7405.012936761355,130175.75045347899,0.2857142857142857,0.8947368421052632,0.25806451612903225,0.32,40,0.32,0.56
7112.645752543773,129883.38326926141,0.2857142857142857,0.8947368421052632,0.25806451612903225,0.32,40,0.32,0.6
5639.746332039838,128410.48384875747,0.36065573770491804,0.8973684210526316,0.3055555555555556,0.44,39,0.44,0.6
5256.427542739126,128027.16505945676,0.3728813559322034,0.9026315789473685,0.3235294117647059,0.44,37,0.44,0.64
5154.191742218158,127924.9292589358,0.37931034482758624,0.9052631578947369,0.3333333333333333,0.44,36,0.44,0.64
5019.386279740982,127790.12379645862,0.37931034482758624,0.9052631578947369,0.3333333333333333,0.44,36,0.44,0.64
4873.483420435296,127644.22093715293,0.3928571428571428,0.9105263157894737,0.3548387096774194,0.44,34,0.44,0.64
4399.567713493787,127170.30523021142,0.4444444444444445,0.9210526315789473,0.41379310344827586,0.48,30,0.48,0.64
4069.6132334888825,126840.35075020652,0.5098039215686274,0.9342105263157895,0.5,0.52,25,0.52,0.68
3793.52510371682,126564.26262043446,0.5,0.9315789473684211,0.48148148148148145,0.52,26,0.52,0.68
3572.444382300004,126343.18189901764,0.4406779661016949,0.9131578947368421,0.38235294117647056,0.52,33,0.52,0.76
3003.0315444535227,125773.76906117116,0.45614035087719296,0.9184210526315789,0.40625,0.52,31,0.52,0.76
3003.0315444535227,125773.76906117116,0.45614035087719296,0.9184210526315789,0.40625,0.52,31,0.52,0.76
3003.0315444535227,125773.76906117116,0.45614035087719296,0.9184210526315789,0.40625,0.52,31,0.52,0.76
2509.7212195748725,125280.45873629251,0.5263157894736842,0.9289473684210526,0.46875,0.6,27,0.6,0.84
2320.0306047375925,125090.76812145523,0.5172413793103449,0.9263157894736842,0.45454545454545453,0.6,28,0.6,0.84
2291.4344799402897,125062.17199665793,0.5283018867924528,0.9342105263157895,0.5,0.56,25,0.56,0.8
2282.9497383477865,125053.68725506542,0.5357142857142857,0.9315789473684211,0.4838709677419355,0.6,26,0.6,0.84
2098.7469480478903,124869.48446476553,0.576923076923077,0.9421052631578948,0.5555555555555556,0.6,22,0.6,0.84
2002.602922440521,124773.34043915816,0.576923076923077,0.9421052631578948,0.5555555555555556,0.6,22,0.6,0.88
2002.602922440521,124773.34043915816,0.576923076923077,0.9421052631578948,0.5555555555555556,0.6,22,0.6,0.88
2002.602922440521,124773.34043915816,0.576923076923077,0.9421052631578948,0.5555555555555556,0.6,22,0.6,0.88
1980.227486698088,124750.96500341572,0.5882352941176471,0.9447368421052632,0.5769230769230769,0.6,21,0.6,0.88
1980.227486698088,124750.96500341572,0.5882352941176471,0.9447368421052632,0.5769230769230769,0.6,21,0.6,0.88
1980.227486698088,124750.96500341572,0.5882352941176471,0.9447368421052632,0.5769230769230769,0.6,21,0.6,0.88
1975.4639775236428,124746.20149424128,0.576923076923077,0.9421052631578948,0.5555555555555556,0.6,22,0.6,0.88
1975.4639775236428,124746.20149424128,0.576923076923077,0.9421052631578948,0.5555555555555556,0.6,22,0.6,0.88
1975.4639775236428,124746.20149424128,0.576923076923077,0.9421052631578948,0.5555555555555556,0.6,22,0.6,0.88
1975.4639775236428,124746.20149424128,0.576923076923077,0.9421052631578948,0.5555555555555556,0.6,22,0.6,0.88
1975.4639775236428,124746.20149424128,0.576923076923077,0.9421052631578948,0.5555555555555556,0.6,22,0.6,0.88
1975.4639775236428,124746.20149424128,0.576923076923077,0.9421052631578948,0.5555555555555556,0.6,22,0.6,0.88
1975.4639775236428,124746.20149424128,0.576923076923077,0.9421052631578948,0.5555555555555556,0.6,22,0.6,0.88
1975.4639775236428,124746.20149424128,0.576923076923077,0.9421052631578948,0.5555555555555556,0.6,22,0.6,0.88
1975.4639775236428,124746.20149424128,0.576923076923077,0.9421052631578948,0.5555555555555556,0.6,22,0.6,0.88
1975.4639775236428,124746.20149424128,0.576923076923077,0.9421052631578948,0.5555555555555556,0.6,22,0.6,0.88
1975.4639775236428,124746.20149424128,0.576923076923077,0.9421052631578948,0.5555555555555556,0.6,22,0.6,0.88
1975.4639775236428,124746.20149424128,0.576923076923077,0.9421052631578948,0.5555555555555556,0.6,22,0.6,0.88
1975.4639775236428,124746.20149424128,0.576923076923077,0.9421052631578948,0.5555555555555556,0.6,22,0.6,0.88
1975.4639775236428,124746.20149424128,0.576923076923077,0.9421052631578948,0.5555555555555556,0.6,22,0.6,0.88
1975.4639775236428,124746.20149424128,0.576923076923077,0.9421052631578948,0.5555555555555556,0.6,22,0.6,0.88
1975.4639775236428,124746.20149424128,0.576923076923077,0.9421052631578948,0.5555555555555556,0.6,22,0.6,0.88
1975.4639775236428,124746.20149424128,0.576923076923077,0.9421052631578948,0.5555555555555556,0.6,22,0.6,0.88
1975.4639775236428,124746.20149424128,0.576923076923077,0.9421052631578948,0.5555555555555556,0.6,22,0.6,0.88
1975.4639775236428,124746.20149424128,0.576923076923077,0.9421052631578948,0.5555555555555556,0.6,22,0.6,0.88
1975.4639775236428,124746.20149424128,0.576923076923077,0.9421052631578948,0.5555555555555556,0.6,22,0.6,0.88
1975.4639775236428,124746.20149424128,0.576923076923077,0.9421052631578948,0.5555555555555556,0.6,22,0.6,0.88
1975.4639775236428,124746.20149424128,0.576923076923077,0.9421052631578948,0.5555555555555556,0.6,22,0.6,0.88
1975.4639775236428,124746.20149424128,0.576923076923077,0.9421052631578948,0.5555555555555556,0.6,22,0.6,0.88
1975.4639775236428,124746.20149424128,0.576923076923077,0.9421052631578948,0.5555555555555556,0.6,22,0.6,0.88
1975.4639775236428,124746.20149424128,0.576923076923077,0.9421052631578948,0.5555555555555556,0.6,22,0.6,0.88
1975.4639775236428,124746.20149424128,0.576923076923077,0.9421052631578948,0.5555555555555556,0.6,22,0.6,0.88
1975.4639775236428,124746.20149424128,0.576923076923077,0.9421052631578948,0.5555555555555556,0.6,22,0.6,0.88
1975.4639775236428,124746.20149424128,0.576923076923077,0.9421052631578948,0.5555555555555556,0.6,22,0.6,0.88
1975.4639775236428,124746.20149424128,0.576923076923077,0.9421052631578948,0.5555555555555556,0.6,22,0.6,0.88
1975.4639775236428,124746.20149424128,0.576923076923077,0.9421052631578948,0.5555555555555556,0.6,22,0.6,0.88
1975.4639775236428,124746.20149424128,0.576923076923077,0.9421052631578948,0.5555555555555556,0.6,22,0.6,0.88
1975.4639775236428,124746.20149424128,0.576923076923077,0.9421052631578948,0.5555555555555556,0.6,22,0.6,0.88
1975.4639775236428,124746.20149424128,0.576923076923077,0.9421052631578948,0.5555555555555556,0.6,22,0.6,0.88
1975.4639775236428,124746.20149424128,0.576923076923077,0.9421052631578948,0.5555555555555556,0.6,22,0.6,0.88
1975.4639775236428,124746.20149424128,0.576923076923077,0.9421052631578948,0.5555555555555556,0.6,22,0.6,0.88
1975.4639775236428,124746.20149424128,0.576923076923077,0.9421052631578948,0.5555555555555556,0.6,22,0.6,0.88
1975.4639775236428,124746.20149424128,0.576923076923077,0.9421052631578948,0.5555555555555556,0.6,22,0.6,0.88
1975.4639775236428,124746.20149424128,0.576923076923077,0.9421052631578948,0.5555555555555556,0.6,22,0.6,0.88
1975.4639775236428,124746.20149424128,0.576923076923077,0.9421052631578948,0.5555555555555556,0.6,22,0.6,0.88
1975.4639775236428,124746.20149424128,0.576923076923077,0.9421052631578948,0.5555555555555556,0.6,22,0.6,0.88
1975.4639775236428,124746.20149424128,0.576923076923077,0.9421052631578948,0.5555555555555556,0.6,22,0.6,0.88
1975.4639775236428,124746.20149424128,0.576923076923077,0.9421052631578948,0.5555555555555556,0.6,22,0.6,0.88
1975.4639775236428,124746.20149424128,0.576923076923077,0.9421052631578948,0.5555555555555556,0.6,22,0.6,0.88
1975.4639775236428,124746.20149424128,0.576923076923077,0.9421052631578948,0.5555555555555556,0.6,22,0.6,0.88
1975.4639775236428,124746.20149424128,0.576923076923077,0.9421052631578948,0.5555555555555556,0.6,22,0.6,0.88
1975.4639775236428,124746.20149424128,0.576923076923077,0.9421052631578948,0.5555555555555556,0.6,22,0.6,0.88
1975.4639775236428,124746.20149424128,0.576923076923077,0.9421052631578948,0.5555555555555556,0.6,22,0.6,0.88
1975.4639775236428,124746.20149424128,0.576923076923077,0.9421052631578948,0.5555555555555556,0.6,22,0.6,0.88
1975.4639775236428,124746.20149424128,0.576923076923077,0.9421052631578948,0.5555555555555556,0.6,22,0.6,0.88
1975.4639775236428,124746.20149424128,0.576923076923077,0.9421052631578948,0.5555555555555556,0.6,22,0.6,0.88
1975.4639775236428,124746.20149424128,0.576923076923077,0.9421052631578948,0.5555555555555556,0.6,22,0.6,0.88
1975.4639775236428,124746.20149424128,0.576923076923077,0.9421052631578948,0.5555555555555556,0.6,22,0.6,0.88
1975.4639775236428,124746.20149424128,0.576923076923077,0.9421052631578948,0.5555555555555556,0.6,22,0.6,0.88
1975.4639775236428,124746.20149424128,0.576923076923077,0.9421052631578948,0.5555555555555556,0.6,22,0.6,0.88
1947.1997081600857,124717.93722487772,0.6153846153846153,0.9473684210526315,0.5925925925925926,0.64,20,0.64,0.88
1947.1997081600857,124717.93722487772,0.6153846153846153,0.9473684210526315,0.5925925925925926,0.64,20,0.64,0.88
1947.1997081600857,124717.93722487772,0.6153846153846153,0.9473684210526315,0.5925925925925926,0.64,20,0.64,0.88
1947.1997081600857,124717.93722487772,0.6153846153846153,0.9473684210526315,0.5925925925925926,0.64,20,0.64,0.88
1947.1997081600857,124717.93722487772,0.6153846153846153,0.9473684210526315,0.5925925925925926,0.64,20,0.64,0.88
1947.1997081600857,124717.93722487772,0.6153846153846153,0.9473684210526315,0.5925925925925926,0.64,20,0.64,0.88
1947.1997081600857,124717.93722487772,0.6153846153846153,0.9473684210526315,0.5925925925925926,0.64,20,0.64,0.88
1947.1997081600857,124717.93722487772,0.6153846153846153,0.9473684210526315,0.5925925925925926,0.64,20,0.64,0.88
1947.1997081600857,124717.93722487772,0.6153846153846153,0.9473684210526315,0.5925925925925926,0.64,20,0.64,0.88
1947.1997081600857,124717.93722487772,0.6153846153846153,0.9473684210526315,0.5925925925925926,0.64,20,0.64,0.88
1947.1997081600857,124717.93722487772,0.6153846153846153,0.9473684210526315,0.5925925925925926,0.64,20,0.64,0.88
1947.1997081600857,124717.93722487772,0.6153846153846153,0.9473684210526315,0.5925925925925926,0.64,20,0.64,0.88
1947.1997081600857,124717.93722487772,0.6153846153846153,0.9473684210526315,0.5925925925925926,0.64,20,0.64,0.88
1947.1997081600857,124717.93722487772,0.6153846153846153,0.9473684210526315,0.5925925925925926,0.64,20,0.64,0.88
1870.5520862286503,124641.28960294629,0.6037735849056605,0.9447368421052632,0.5714285714285714,0.64,21,0.64,0.88
1870.5520862286503,124641.28960294629,0.6037735849056605,0.9447368421052632,0.5714285714285714,0.64,21,0.64,0.88
1870.5520862286503,124641.28960294629,0.6037735849056605,0.9447368421052632,0.5714285714285714,0.64,21,0.64,0.88
1870.5520862286503,124641.28960294629,0.6037735849056605,0.9447368421052632,0.5714285714285714,0.64,21,0.64,0.88
1870.5520862286503,124641.28960294629,0.6037735849056605,0.9447368421052632,0.5714285714285714,0.64,21,0.64,0.88
1870.5520862286503,124641.28960294629,0.6037735849056605,0.9447368421052632,0.5714285714285714,0.64,21,0.64,0.88
1870.5520862286503,124641.28960294629,0.6037735849056605,0.9447368421052632,0.5714285714285714,0.64,21,0.64,0.88
1870.5520862286503,124641.28960294629,0.6037735849056605,0.9447368421052632,0.5714285714285714,0.64,21,0.64,0.88
1870.5520862286503,124641.28960294629,0.6037735849056605,0.9447368421052632,0.5714285714285714,0.64,21,0.64,0.88
1852.5806375864486,124623.31815430408,0.6296296296296295,0.9473684210526315,0.5862068965517241,0.68,20,0.68,0.92
1852.5806375864486,124623.31815430408,0.6296296296296295,0.9473684210526315,0.5862068965517241,0.68,20,0.68,0.92
1852.5806375864486,124623.31815430408,0.6296296296296295,0.9473684210526315,0.5862068965517241,0.68,20,0.68,0.92
1852.5806375864486,124623.31815430408,0.6296296296296295,0.9473684210526315,0.5862068965517241,0.68,20,0.68,0.92
1852.5806375864486,124623.31815430408,0.6296296296296295,0.9473684210526315,0.5862068965517241,0.68,20,0.68,0.92
1852.5806375864486,124623.31815430408,0.6296296296296295,0.9473684210526315,0.5862068965517241,0.68,20,0.68,0.92
1852.5806375864486,124623.31815430408,0.6296296296296295,0.9473684210526315,0.5862068965517241,0.68,20,0.68,0.92
1852.5806375864486,124623.31815430408,0.6296296296296295,0.9473684210526315,0.5862068965517241,0.68,20,0.68,0.92
1852.5806375864486,124623.31815430408,0.6296296296296295,0.9473684210526315,0.5862068965517241,0.68,20,0.68,0.92
1852.5806375864486,124623.31815430408,0.6296296296296295,0.9473684210526315,0.5862068965517241,0.68,20,0.68,0.92
1852.5806375864486,124623.31815430408,0.6296296296296295,0.9473684210526315,0.5862068965517241,0.68,20,0.68,0.92
1852.5806375864486,124623.31815430408,0.6296296296296295,0.9473684210526315,0.5862068965517241,0.68,20,0.68,0.92
1852.5806375864486,124623.31815430408,0.6296296296296295,0.9473684210526315,0.5862068965517241,0.68,20,0.68,0.92
1852.5806375864486,124623.31815430408,0.6296296296296295,0.9473684210526315,0.5862068965517241,0.68,20,0.68,0.92
1852.5806375864486,124623.31815430408,0.6296296296296295,0.9473684210526315,0.5862068965517241,0.68,20,0.68,0.92
1852.5806375864486,124623.31815430408,0.6296296296296295,0.9473684210526315,0.5862068965517241,0.68,20,0.68,0.92
1852.5806375864486,124623.31815430408,0.6296296296296295,0.9473684210526315,0.5862068965517241,0.68,20,0.68,0.92
1852.5806375864486,124623.31815430408,0.6296296296296295,0.9473684210526315,0.5862068965517241,0.68,20,0.68,0.92
1852.5806375864486,124623.31815430408,0.6296296296296295,0.9473684210526315,0.5862068965517241,0.68,20,0.68,0.92
1852.5806375864486,124623.31815430408,0.6296296296296295,0.9473684210526315,0.5862068965517241,0.68,20,0.68,0.92
1852.5806375864486,124623.31815430408,0.6296296296296295,0.9473684210526315,0.5862068965517241,0.68,20,0.68,0.92
1852.5806375864486,124623.31815430408,0.6296296296296295,0.9473684210526315,0.5862068965517241,0.68,20,0.68,0.92
1852.5806375864486,124623.31815430408,0.6296296296296295,0.9473684210526315,0.5862068965517241,0.68,20,0.68,0.92
1852.5806375864486,124623.31815430408,0.6296296296296295,0.9473684210526315,0.5862068965517241,0.68,20,0.68,0.92
1852.5806375864486,124623.31815430408,0.6296296296296295,0.9473684210526315,0.5862068965517241,0.68,20,0.68,0.92
1753.086117852159,124523.8236345698,0.6545454545454547,0.95,0.6,0.72,19,0.72,0.96
1753.086117852159,124523.8236345698,0.6545454545454547,0.95,0.6,0.72,19,0.72,0.96
1753.086117852159,124523.8236345698,0.6545454545454547,0.95,0.6,0.72,19,0.72,0.96
1753.086117852159,124523.8236345698,0.6545454545454547,0.95,0.6,0.72,19,0.72,0.96
1753.086117852159,124523.8236345698,0.6545454545454547,0.95,0.6,0.72,19,0.72,0.96
1753.086117852159,124523.8236345698,0.6545454545454547,0.95,0.6,0.72,19,0.72,0.96
1753.086117852159,124523.8236345698,0.6545454545454547,0.95,0.6,0.72,19,0.72,0.96
1753.086117852159,124523.8236345698,0.6545454545454547,0.95,0.6,0.72,19,0.72,0.96
1753.086117852159,124523.8236345698,0.6545454545454547,0.95,0.6,0.72,19,0.72,0.96
1753.086117852159,124523.8236345698,0.6545454545454547,0.95,0.6,0.72,19,0.72,0.96
1753.086117852159,124523.8236345698,0.6545454545454547,0.95,0.6,0.72,19,0.72,0.96
1753.086117852159,124523.8236345698,0.6545454545454547,0.95,0.6,0.72,19,0.72,0.96
1753.086117852159,124523.8236345698,0.6545454545454547,0.95,0.6,0.72,19,0.72,0.96
1753.086117852159,124523.8236345698,0.6545454545454547,0.95,0.6,0.72,19,0.72,0.96
1753.086117852159,124523.8236345698,0.6545454545454547,0.95,0.6,0.72,19,0.72,0.96
1753.086117852159,124523.8236345698,0.6545454545454547,0.95,0.6,0.72,19,0.72,0.96
1753.086117852159,124523.8236345698,0.6545454545454547,0.95,0.6,0.72,19,0.72,0.96
1753.086117852159,124523.8236345698,0.6545454545454547,0.95,0.6,0.72,19,0.72,0.96
1753.086117852159,124523.8236345698,0.6545454545454547,0.95,0.6,0.72,19,0.72,0.96
1753.086117852159,124523.8236345698,0.6545454545454547,0.95,0.6,0.72,19,0.72,0.96
1753.086117852159,124523.8236345698,0.6545454545454547,0.95,0.6,0.72,19,0.72,0.96
1654.754447211657,124425.4919639293,0.6666666666666666,0.9526315789473684,0.6206896551724138,0.72,18,0.72,0.96
1654.754447211657,124425.4919639293,0.6666666666666666,0.9526315789473684,0.6206896551724138,0.72,18,0.72,0.96
1278.9449562774535,124049.68247299509,0.7037037037037037,0.9578947368421052,0.6551724137931034,0.76,16,0.76,0.96
1278.9449562774535,124049.68247299509,0.7037037037037037,0.9578947368421052,0.6551724137931034,0.76,16,0.76,0.96
1278.9449562774535,124049.68247299509,0.7037037037037037,0.9578947368421052,0.6551724137931034,0.76,16,0.76,0.96
1278.9449562774535,124049.68247299509,0.7037037037037037,0.9578947368421052,0.6551724137931034,0.76,16,0.76,0.96
1278.9449562774535,124049.68247299509,0.7037037037037037,0.9578947368421052,0.6551724137931034,0.76,16,0.76,0.96
1278.9449562774535,124049.68247299509,0.7037037037037037,0.9578947368421052,0.6551724137931034,0.76,16,0.76,0.96
1190.88837771432,123961.62589443196,0.6909090909090909,0.9552631578947368,0.6333333333333333,0.76,17,0.76,1.0
1190.88837771432,123961.62589443196,0.6909090909090909,0.9552631578947368,0.6333333333333333,0.76,17,0.76,1.0
1190.88837771432,123961.62589443196,0.6909090909090909,0.9552631578947368,0.6333333333333333,0.76,17,0.76,1.0
1190.88837771432,123961.62589443196,0.6909090909090909,0.9552631578947368,0.6333333333333333,0.76,17,0.76,1.0
1190.88837771432,123961.62589443196,0.6909090909090909,0.9552631578947368,0.6333333333333333,0.76,17,0.76,1.0
1190.88837771432,123961.62589443196,0.6909090909090909,0.9552631578947368,0.6333333333333333,0.76,17,0.76,1.0
1190.88837771432,123961.62589443196,0.6909090909090909,0.9552631578947368,0.6333333333333333,0.76,17,0.76,1.0
1190.88837771432,123961.62589443196,0.6909090909090909,0.9552631578947368,0.6333333333333333,0.76,17,0.76,1.0
1190.88837771432,123961.62589443196,0.6909090909090909,0.9552631578947368,0.6333333333333333,0.76,17,0.76,1.0
1190.88837771432,123961.62589443196,0.6909090909090909,0.9552631578947368,0.6333333333333333,0.76,17,0.76,1.0
1190.88837771432,123961.62589443196,0.6909090909090909,0.9552631578947368,0.6333333333333333,0.76,17,0.76,1.0
1190.88837771432,123961.62589443196,0.6909090909090909,0.9552631578947368,0.6333333333333333,0.76,17,0.76,1.0
1190.88837771432,123961.62589443196,0.6909090909090909,0.9552631578947368,0.6333333333333333,0.76,17,0.76,1.0
1190.88837771432,123961.62589443196,0.6909090909090909,0.9552631578947368,0.6333333333333333,0.76,17,0.76,1.0
1190.88837771432,123961.62589443196,0.6909090909090909,0.9552631578947368,0.6333333333333333,0.76,17,0.76,1.0
1190.88837771432,123961.62589443196,0.6909090909090909,0.9552631578947368,0.6333333333333333,0.76,17,0.76,1.0
1190.88837771432,123961.62589443196,0.6909090909090909,0.9552631578947368,0.6333333333333333,0.76,17,0.76,1.0
1190.88837771432,123961.62589443196,0.6909090909090909,0.9552631578947368,0.6333333333333333,0.76,17,0.76,1.0
1190.88837771432,123961.62589443196,0.6909090909090909,0.9552631578947368,0.6333333333333333,0.76,17,0.76,1.0
1190.88837771432,123961.62589443196,0.6909090909090909,0.9552631578947368,0.6333333333333333,0.76,17,0.76,1.0
1190.88837771432,123961.62589443196,0.6909090909090909,0.9552631578947368,0.6333333333333333,0.76,17,0.76,1.0
1190.88837771432,123961.62589443196,0.6909090909090909,0.9552631578947368,0.6333333333333333,0.76,17,0.76,1.0
1190.88837771432,123961.62589443196,0.6909090909090909,0.9552631578947368,0.6333333333333333,0.76,17,0.76,1.0
1190.88837771432,123961.62589443196,0.6909090909090909,0.9552631578947368,0.6333333333333333,0.76,17,0.76,1.0
1190.88837771432,123961.62589443196,0.6909090909090909,0.9552631578947368,0.6333333333333333,0.76,17,0.76,1.0
1190.88837771432,123961.62589443196,0.6909090909090909,0.9552631578947368,0.6333333333333333,0.76,17,0.76,1.0
1190.88837771432,123961.62589443196,0.6909090909090909,0.9552631578947368,0.6333333333333333,0.76,17,0.76,1.0
1190.88837771432,123961.62589443196,0.6909090909090909,0.9552631578947368,0.6333333333333333,0.76,17,0.76,1.0
1190.88837771432,123961.62589443196,0.6909090909090909,0.9552631578947368,0.6333333333333333,0.76,17,0.76,1.0
1190.88837771432,123961.62589443196,0.6909090909090909,0.9552631578947368,0.6333333333333333,0.76,17,0.76,1.0
1190.88837771432,123961.62589443196,0.6909090909090909,0.9552631578947368,0.6333333333333333,0.76,17,0.76,1.0
1190.88837771432,123961.62589443196,0.6909090909090909,0.9552631578947368,0.6333333333333333,0.76,17,0.76,1.0
1190.88837771432,123961.62589443196,0.6909090909090909,0.9552631578947368,0.6333333333333333,0.76,17,0.76,1.0
1190.88837771432,123961.62589443196,0.6909090909090909,0.9552631578947368,0.6333333333333333,0.76,17,0.76,1.0
1190.88837771432,123961.62589443196,0.6909090909090909,0.9552631578947368,0.6333333333333333,0.76,17,0.76,1.0
1190.88837771432,123961.62589443196,0.6909090909090909,0.9552631578947368,0.6333333333333333,0.76,17,0.76,1.0
1190.88837771432,123961.62589443196,0.6909090909090909,0.9552631578947368,0.6333333333333333,0.76,17,0.76,1.0
1190.88837771432,123961.62589443196,0.6909090909090909,0.9552631578947368,0.6333333333333333,0.76,17,0.76,1.0
1190.88837771432,123961.62589443196,0.6909090909090909,0.9552631578947368,0.6333333333333333,0.76,17,0.76,1.0
1190.88837771432,123961.62589443196,0.6909090909090909,0.9552631578947368,0.6333333333333333,0.76,17,0.76,1.0
1190.88837771432,123961.62589443196,0.6909090909090909,0.9552631578947368,0.6333333333333333,0.76,17,0.76,1.0
1190.88837771432,123961.62589443196,0.6909090909090909,0.9552631578947368,0.6333333333333333,0.76,17,0.76,1.0
1190.88837771432,123961.62589443196,0.6909090909090909,0.9552631578947368,0.6333333333333333,0.76,17,0.76,1.0
1190.88837771432,123961.62589443196,0.6909090909090909,0.9552631578947368,0.6333333333333333,0.76,17,0.76,1.0
1190.88837771432,123961.62589443196,0.6909090909090909,0.9552631578947368,0.6333333333333333,0.76,17,0.76,1.0
1190.88837771432,123961.62589443196,0.6909090909090909,0.9552631578947368,0.6333333333333333,0.76,17,0.76,1.0
1190.88837771432,123961.62589443196,0.6909090909090909,0.9552631578947368,0.6333333333333333,0.76,17,0.76,1.0
1190.88837771432,123961.62589443196,0.6909090909090909,0.9552631578947368,0.6333333333333333,0.76,17,0.76,1.0
1190.88837771432,123961.62589443196,0.6909090909090909,0.9552631578947368,0.6333333333333333,0.76,17,0.76,1.0
1190.88837771432,123961.62589443196,0.6909090909090909,0.9552631578947368,0.6333333333333333,0.76,17,0.76,1.0
1190.88837771432,123961.62589443196,0.6909090909090909,0.9552631578947368,0.6333333333333333,0.76,17,0.76,1.0
1190.88837771432,123961.62589443196,0.6909090909090909,0.9552631578947368,0.6333333333333333,0.76,17,0.76,1.0
1190.88837771432,123961.62589443196,0.6909090909090909,0.9552631578947368,0.6333333333333333,0.76,17,0.76,1.0
1190.88837771432,123961.62589443196,0.6909090909090909,0.9552631578947368,0.6333333333333333,0.76,17,0.76,1.0
1190.88837771432,123961.62589443196,0.6909090909090909,0.9552631578947368,0.6333333333333333,0.76,17,0.76,1.0
1190.88837771432,123961.62589443196,0.6909090909090909,0.9552631578947368,0.6333333333333333,0.76,17,0.76,1.0
1190.88837771432,123961.62589443196,0.6909090909090909,0.9552631578947368,0.6333333333333333,0.76,17,0.76,1.0
1190.88837771432,123961.62589443196,0.6909090909090909,0.9552631578947368,0.6333333333333333,0.76,17,0.76,1.0
1190.88837771432,123961.62589443196,0.6909090909090909,0.9552631578947368,0.6333333333333333,0.76,17,0.76,1.0
1190.88837771432,123961.62589443196,0.6909090909090909,0.9552631578947368,0.6333333333333333,0.76,17,0.76,1.0
1190.88837771432,123961.62589443196,0.6909090909090909,0.9552631578947368,0.6333333333333333,0.76,17,0.76,1.0
1190.88837771432,123961.62589443196,0.6909090909090909,0.9552631578947368,0.6333333333333333,0.76,17,0.76,1.0
1190.88837771432,123961.62589443196,0.6909090909090909,0.9552631578947368,0.6333333333333333,0.76,17,0.76,1.0
1190.88837771432,123961.62589443196,0.6909090909090909,0.9552631578947368,0.6333333333333333,0.76,17,0.76,1.0
1190.88837771432,123961.62589443196,0.6909090909090909,0.9552631578947368,0.6333333333333333,0.76,17,0.76,1.0
1190.88837771432,123961.62589443196,0.6909090909090909,0.9552631578947368,0.6333333333333333,0.76,17,0.76,1.0
1190.88837771432,123961.62589443196,0.6909090909090909,0.9552631578947368,0.6333333333333333,0.76,17,0.76,1.0
1190.88837771432,123961.62589443196,0.6909090909090909,0.9552631578947368,0.6333333333333333,0.76,17,0.76,1.0
1147.0095688630245,123917.74708558066,0.7037037037037037,0.9578947368421052,0.6551724137931034,0.76,16,0.76,1.0
1147.0095688630245,123917.74708558066,0.7037037037037037,0.9578947368421052,0.6551724137931034,0.76,16,0.76,1.0
1147.0095688630245,123917.74708558066,0.7037037037037037,0.9578947368421052,0.6551724137931034,0.76,16,0.76,1.0
1147.0095688630245,123917.74708558066,0.7037037037037037,0.9578947368421052,0.6551724137931034,0.76,16,0.76,1.0
1147.0095688630245,123917.74708558066,0.7037037037037037,0.9578947368421052,0.6551724137931034,0.76,16,0.76,1.0
1147.0095688630245,123917.74708558066,0.7037037037037037,0.9578947368421052,0.6551724137931034,0.76,16,0.76,1.0
1147.0095688630245,123917.74708558066,0.7037037037037037,0.9578947368421052,0.6551724137931034,0.76,16,0.76,1.0
1147.0095688630245,123917.74708558066,0.7037037037037037,0.9578947368421052,0.6551724137931034,0.76,16,0.76,1.0
1147.0095688630245,123917.74708558066,0.7037037037037037,0.9578947368421052,0.6551724137931034,0.76,16,0.76,1.0
1147.0095688630245,123917.74708558066,0.7037037037037037,0.9578947368421052,0.6551724137931034,0.76,16,0.76,1.0
1147.0095688630245,123917.74708558066,0.7037037037037037,0.9578947368421052,0.6551724137931034,0.76,16,0.76,1.0
1147.0095688630245,123917.74708558066,0.7037037037037037,0.9578947368421052,0.6551724137931034,0.76,16,0.76,1.0
1147.0095688630245,123917.74708558066,0.7037037037037037,0.9578947368421052,0.6551724137931034,0.76,16,0.76,1.0
1147.0095688630245,123917.74708558066,0.7037037037037037,0.9578947368421052,0.6551724137931034,0.76,16,0.76,1.0
1147.0095688630245,123917.74708558066,0.7037037037037037,0.9578947368421052,0.6551724137931034,0.76,16,0.76,1.0
1147.0095688630245,123917.74708558066,0.7037037037037037,0.9578947368421052,0.6551724137931034,0.76,16,0.76,1.0
1147.0095688630245,123917.74708558066,0.7037037037037037,0.9578947368421052,0.6551724137931034,0.76,16,0.76,1.0
1147.0095688630245,123917.74708558066,0.7037037037037037,0.9578947368421052,0.6551724137931034,0.76,16,0.76,1.0
1147.0095688630245,123917.74708558066,0.7037037037037037,0.9578947368421052,0.6551724137931034,0.76,16,0.76,1.0
1147.0095688630245,123917.74708558066,0.7037037037037037,0.9578947368421052,0.6551724137931034,0.76,16,0.76,1.0
1147.0095688630245,123917.74708558066,0.7037037037037037,0.9578947368421052,0.6551724137931034,0.76,16,0.76,1.0
1147.0095688630245,123917.74708558066,0.7037037037037037,0.9578947368421052,0.6551724137931034,0.76,16,0.76,1.0
1147.0095688630245,123917.74708558066,0.7037037037037037,0.9578947368421052,0.6551724137931034,0.76,16,0.76,1.0
1147.0095688630245,123917.74708558066,0.7037037037037037,0.9578947368421052,0.6551724137931034,0.76,16,0.76,1.0
1297.505528859183,124068.24304557682,0.6909090909090909,0.9552631578947368,0.6333333333333333,0.76,17,0.76,1.0
1147.0095688630245,123917.74708558066,0.7037037037037037,0.9578947368421052,0.6551724137931034,0.76,16,0.76,1.0
1147.0095688630245,123917.74708558066,0.7037037037037037,0.9578947368421052,0.6551724137931034,0.76,16,0.76,1.0
1147.0095688630245,123917.74708558066,0.7037037037037037,0.9578947368421052,0.6551724137931034,0.76,16,0.76,1.0
1147.0095688630245,123917.74708558066,0.7037037037037037,0.9578947368421052,0.6551724137931034,0.76,16,0.76,1.0
1147.0095688630245,123917.74708558066,0.7037037037037037,0.9578947368421052,0.6551724137931034,0.76,16,0.76,1.0
1147.0095688630245,123917.74708558066,0.7037037037037037,0.9578947368421052,0.6551724137931034,0.76,16,0.76,1.0
1147.0095688630245,123917.74708558066,0.7037037037037037,0.9578947368421052,0.6551724137931034,0.76,16,0.76,1.0
1147.0095688630245,123917.74708558066,0.7037037037037037,0.9578947368421052,0.6551724137931034,0.76,16,0.76,1.0
1147.0095688630245,123917.74708558066,0.7037037037037037,0.9578947368421052,0.6551724137931034,0.76,16,0.76,1.0
1147.0095688630245,123917.74708558066,0.7037037037037037,0.9578947368421052,0.6551724137931034,0.76,16,0.76,1.0
1147.0095688630245,123917.74708558066,0.7037037037037037,0.9578947368421052,0.6551724137931034,0.76,16,0.76,1.0
1147.0095688630245,123917.74708558066,0.7037037037037037,0.9578947368421052,0.6551724137931034,0.76,16,0.76,1.0
1147.0095688630245,123917.74708558066,0.7037037037037037,0.9578947368421052,0.6551724137931034,0.76,16,0.76,1.0
1147.0095688630245,123917.74708558066,0.7037037037037037,0.9578947368421052,0.6551724137931034,0.76,16,0.76,1.0
1147.0095688630245,123917.74708558066,0.7037037037037037,0.9578947368421052,0.6551724137931034,0.76,16,0.76,1.0
1147.0095688630245,123917.74708558066,0.7037037037037037,0.9578947368421052,0.6551724137931034,0.76,16,0.76,1.0
1147.0095688630245,123917.74708558066,0.7037037037037037,0.9578947368421052,0.6551724137931034,0.76,16,0.76,1.0
1147.0095688630245,123917.74708558066,0.7037037037037037,0.9578947368421052,0.6551724137931034,0.76,16,0.76,1.0
1147.0095688630245,123917.74708558066,0.7037037037037037,0.9578947368421052,0.6551724137931034,0.76,16,0.76,1.0
1147.0095688630245,123917.74708558066,0.7037037037037037,0.9578947368421052,0.6551724137931034,0.76,16,0.76,1.0
1147.0095688630245,123917.74708558066,0.7037037037037037,0.9578947368421052,0.6551724137931034,0.76,16,0.76,1.0
1147.0095688630245,123917.74708558066,0.7037037037037037,0.9578947368421052,0.6551724137931034,0.76,16,0.76,1.0
1147.0095688630245,123917.74708558066,0.7037037037037037,0.9578947368421052,0.6551724137931034,0.76,16,0.76,1.0
1147.0095688630245,123917.74708558066,0.7037037037037037,0.9578947368421052,0.6551724137931034,0.76,16,0.76,1.0
1147.0095688630245,123917.74708558066,0.7037037037037037,0.9578947368421052,0.6551724137931034,0.76,16,0.76,1.0
1147.0095688630245,123917.74708558066,0.7037037037037037,0.9578947368421052,0.6551724137931034,0.76,16,0.76,1.0
1147.0095688630245,123917.74708558066,0.7037037037037037,0.9578947368421052,0.6551724137931034,0.76,16,0.76,1.0
1147.0095688630245,123917.74708558066,0.7037037037037037,0.9578947368421052,0.6551724137931034,0.76,16,0.76,1.0
1147.0095688630245,123917.74708558066,0.7037037037037037,0.9578947368421052,0.6551724137931034,0.76,16,0.76,1.0
1147.0095688630245,123917.74708558066,0.7037037037037037,0.9578947368421052,0.6551724137931034,0.76,16,0.76,1.0
1147.0095688630245,123917.74708558066,0.7037037037037037,0.9578947368421052,0.6551724137931034,0.76,16,0.76,1.0
1147.0095688630245,123917.74708558066,0.7037037037037037,0.9578947368421052,0.6551724137931034,0.76,16,0.76,1.0
1147.0095688630245,123917.74708558066,0.7037037037037037,0.9578947368421052,0.6551724137931034,0.76,16,0.76,1.0
1147.0095688630245,123917.74708558066,0.7037037037037037,0.9578947368421052,0.6551724137931034,0.76,16,0.76,1.0
1147.0095688630245,123917.74708558066,0.7037037037037037,0.9578947368421052,0.6551724137931034,0.76,16,0.76,1.0
1147.0095688630245,123917.74708558066,0.7037037037037037,0.9578947368421052,0.6551724137931034,0.76,16,0.76,1.0
1147.0095688630245,123917.74708558066,0.7037037037037037,0.9578947368421052,0.6551724137931034,0.76,16,0.76,1.0
1147.0095688630245,123917.74708558066,0.7037037037037037,0.9578947368421052,0.6551724137931034,0.76,16,0.76,1.0
1147.0095688630245,123917.74708558066,0.7037037037037037,0.9578947368421052,0.6551724137931034,0.76,16,0.76,1.0
1147.0095688630245,123917.74708558066,0.7037037037037037,0.9578947368421052,0.6551724137931034,0.76,16,0.76,1.0
1147.0095688630245,123917.74708558066,0.7037037037037037,0.9578947368421052,0.6551724137931034,0.76,16,0.76,1.0
1147.0095688630245,123917.74708558066,0.7037037037037037,0.9578947368421052,0.6551724137931034,0.76,16,0.76,1.0
1147.0095688630245,123917.74708558066,0.7037037037037037,0.9578947368421052,0.6551724137931034,0.76,16,0.76,1.0
1147.0095688630245,123917.74708558066,0.7037037037037037,0.9578947368421052,0.6551724137931034,0.76,16,0.76,1.0
1147.0095688630245,123917.74708558066,0.7037037037037037,0.9578947368421052,0.6551724137931034,0.76,16,0.76,1.0
1147.0095688630245,123917.74708558066,0.7037037037037037,0.9578947368421052,0.6551724137931034,0.76,16,0.76,1.0
1147.0095688630245,123917.74708558066,0.7037037037037037,0.9578947368421052,0.6551724137931034,0.76,16,0.76,1.0
1147.0095688630245,123917.74708558066,0.7037037037037037,0.9578947368421052,0.6551724137931034,0.76,16,0.76,1.0
1147.0095688630245,123917.74708558066,0.7037037037037037,0.9578947368421052,0.6551724137931034,0.76,16,0.76,1.0
1147.0095688630245,123917.74708558066,0.7037037037037037,0.9578947368421052,0.6551724137931034,0.76,16,0.76,1.0
1147.0095688630245,123917.74708558066,0.7037037037037037,0.9578947368421052,0.6551724137931034,0.76,16,0.76,1.0
1147.0095688630245,123917.74708558066,0.7037037037037037,0.9578947368421052,0.6551724137931034,0.76,16,0.76,1.0
1147.0095688630245,123917.74708558066,0.7037037037037037,0.9578947368421052,0.6551724137931034,0.76,16,0.76,1.0
1147.0095688630245,123917.74708558066,0.7037037037037037,0.9578947368421052,0.6551724137931034,0.76,16,0.76,1.0
1147.0095688630245,123917.74708558066,0.7037037037037037,0.9578947368421052,0.6551724137931034,0.76,16,0.76,1.0
1147.0095688630245,123917.74708558066,0.7037037037037037,0.9578947368421052,0.6551724137931034,0.76,16,0.76,1.0
1147.0095688630245,123917.74708558066,0.7037037037037037,0.9578947368421052,0.6551724137931034,0.76,16,0.76,1.0
1147.0095688630245,123917.74708558066,0.7037037037037037,0.9578947368421052,0.6551724137931034,0.76,16,0.76,1.0
1147.0095688630245,123917.74708558066,0.7037037037037037,0.9578947368421052,0.6551724137931034,0.76,16,0.76,1.0
1147.0095688630245,123917.74708558066,0.7037037037037037,0.9578947368421052,0.6551724137931034,0.76,16,0.76,1.0
1147.0095688630245,123917.74708558066,0.7037037037037037,0.9578947368421052,0.6551724137931034,0.76,16,0.76,1.0
1147.0095688630245,123917.74708558066,0.7037037037037037,0.9578947368421052,0.6551724137931034,0.76,16,0.76,1.0
1147.0095688630245,123917.74708558066,0.7037037037037037,0.9578947368421052,0.6551724137931034,0.76,16,0.76,1.0
1147.0095688630245,123917.74708558066,0.7037037037037037,0.9578947368421052,0.6551724137931034,0.76,16,0.76,1.0
1147.0095688630245,123917.74708558066,0.7037037037037037,0.9578947368421052,0.6551724137931034,0.76,16,0.76,1.0
1147.0095688630245,123917.74708558066,0.7037037037037037,0.9578947368421052,0.6551724137931034,0.76,16,0.76,1.0
1147.0095688630245,123917.74708558066,0.7037037037037037,0.9578947368421052,0.6551724137931034,0.76,16,0.76,1.0
1147.0095688630245,123917.74708558066,0.7037037037037037,0.9578947368421052,0.6551724137931034,0.76,16,0.76,1.0
1147.0095688630245,123917.74708558066,0.7037037037037037,0.9578947368421052,0.6551724137931034,0.76,16,0.76,1.0
1147.0095688630245,123917.74708558066,0.7037037037037037,0.9578947368421052,0.6551724137931034,0.76,16,0.76,1.0
1043.6723206355382,123814.40983735317,0.7169811320754718,0.9605263157894737,0.6785714285714286,0.76,15,0.76,1.0
1043.6723206355382,123814.40983735317,0.7169811320754718,0.9605263157894737,0.6785714285714286,0.76,15,0.76,1.0
1043.6723206355382,123814.40983735317,0.7169811320754718,0.9605263157894737,0.6785714285714286,0.76,15,0.76,1.0
1043.6723206355382,123814.40983735317,0.7169811320754718,0.9605263157894737,0.6785714285714286,0.76,15,0.76,1.0
1043.6723206355382,123814.40983735317,0.7169811320754718,0.9605263157894737,0.6785714285714286,0.76,15,0.76,1.0
1043.6723206355382,123814.40983735317,0.7169811320754718,0.9605263157894737,0.6785714285714286,0.76,15,0.76,1.0
1043.6723206355382,123814.40983735317,0.7169811320754718,0.9605263157894737,0.6785714285714286,0.76,15,0.76,1.0
1043.6723206355382,123814.40983735317,0.7169811320754718,0.9605263157894737,0.6785714285714286,0.76,15,0.76,1.0
1043.6723206355382,123814.40983735317,0.7169811320754718,0.9605263157894737,0.6785714285714286,0.76,15,0.76,1.0
1043.6723206355382,123814.40983735317,0.7169811320754718,0.9605263157894737,0.6785714285714286,0.76,15,0.76,1.0
1043.6723206355382,123814.40983735317,0.7169811320754718,0.9605263157894737,0.6785714285714286,0.76,15,0.76,1.0
1043.6723206355382,123814.40983735317,0.7169811320754718,0.9605263157894737,0.6785714285714286,0.76,15,0.76,1.0
1043.6723206355382,123814.40983735317,0.7169811320754718,0.9605263157894737,0.6785714285714286,0.76,15,0.76,1.0
1043.6723206355382,123814.40983735317,0.7169811320754718,0.9605263157894737,0.6785714285714286,0.76,15,0.76,1.0
1043.6723206355382,123814.40983735317,0.7169811320754718,0.9605263157894737,0.6785714285714286,0.76,15,0.76,1.0
1043.6723206355382,123814.40983735317,0.7169811320754718,0.9605263157894737,0.6785714285714286,0.76,15,0.76,1.0
1043.6723206355382,123814.40983735317,0.7169811320754718,0.9605263157894737,0.6785714285714286,0.76,15,0.76,1.0
1043.6723206355382,123814.40983735317,0.7169811320754718,0.9605263157894737,0.6785714285714286,0.76,15,0.76,1.0
1043.6723206355382,123814.40983735317,0.7169811320754718,0.9605263157894737,0.6785714285714286,0.76,15,0.76,1.0
1043.6723206355382,123814.40983735317,0.7169811320754718,0.9605263157894737,0.6785714285714286,0.76,15,0.76,1.0
1043.6723206355382,123814.40983735317,0.7169811320754718,0.9605263157894737,0.6785714285714286,0.76,15,0.76,1.0
1043.6723206355382,123814.40983735317,0.7169811320754718,0.9605263157894737,0.6785714285714286,0.76,15,0.76,1.0
1043.6723206355382,123814.40983735317,0.7169811320754718,0.9605263157894737,0.6785714285714286,0.76,15,0.76,1.0
1043.6723206355382,123814.40983735317,0.7169811320754718,0.9605263157894737,0.6785714285714286,0.76,15,0.76,1.0
1043.6723206355382,123814.40983735317,0.7169811320754718,0.9605263157894737,0.6785714285714286,0.76,15,0.76,1.0
1043.6723206355382,123814.40983735317,0.7169811320754718,0.9605263157894737,0.6785714285714286,0.76,15,0.76,1.0
1043.6723206355382,123814.40983735317,0.7169811320754718,0.9605263157894737,0.6785714285714286,0.76,15,0.76,1.0
1043.6723206355382,123814.40983735317,0.7169811320754718,0.9605263157894737,0.6785714285714286,0.76,15,0.76,1.0
1043.6723206355382,123814.40983735317,0.7169811320754718,0.9605263157894737,0.6785714285714286,0.76,15,0.76,1.0
1043.6723206355382,123814.40983735317,0.7169811320754718,0.9605263157894737,0.6785714285714286,0.76,15,0.76,1.0
1043.6723206355382,123814.40983735317,0.7169811320754718,0.9605263157894737,0.6785714285714286,0.76,15,0.76,1.0
1043.6723206355382,123814.40983735317,0.7169811320754718,0.9605263157894737,0.6785714285714286,0.76,15,0.76,1.0
1043.6723206355382,123814.40983735317,0.7169811320754718,0.9605263157894737,0.6785714285714286,0.76,15,0.76,1.0
1043.6723206355382,123814.40983735317,0.7169811320754718,0.9605263157894737,0.6785714285714286,0.76,15,0.76,1.0
1043.6723206355382,123814.40983735317,0.7169811320754718,0.9605263157894737,0.6785714285714286,0.76,15,0.76,1.0
1056.8793560370978,123827.61687275473,0.7037037037037037,0.9578947368421052,0.6551724137931034,0.76,16,0.76,1.0
1043.6723206355382,123814.40983735317,0.7169811320754718,0.9605263157894737,0.6785714285714286,0.76,15,0.76,1.0
1043.6723206355382,123814.40983735317,0.7169811320754718,0.9605263157894737,0.6785714285714286,0.76,15,0.76,1.0
1043.6723206355382,123814.40983735317,0.7169811320754718,0.9605263157894737,0.6785714285714286,0.76,15,0.76,1.0
949.079849837377,123719.81736655501,0.7547169811320756,0.9657894736842105,0.7142857142857143,0.8,13,0.8,1.0
949.079849837377,123719.81736655501,0.7547169811320756,0.9657894736842105,0.7142857142857143,0.8,13,0.8,1.0
949.079849837377,123719.81736655501,0.7547169811320756,0.9657894736842105,0.7142857142857143,0.8,13,0.8,1.0
949.079849837377,123719.81736655501,0.7547169811320756,0.9657894736842105,0.7142857142857143,0.8,13,0.8,1.0
949.079849837377,123719.81736655501,0.7547169811320756,0.9657894736842105,0.7142857142857143,0.8,13,0.8,1.0
949.079849837377,123719.81736655501,0.7547169811320756,0.9657894736842105,0.7142857142857143,0.8,13,0.8,1.0
949.079849837377,123719.81736655501,0.7547169811320756,0.9657894736842105,0.7142857142857143,0.8,13,0.8,1.0
949.079849837377,123719.81736655501,0.7547169811320756,0.9657894736842105,0.7142857142857143,0.8,13,0.8,1.0
949.079849837377,123719.81736655501,0.7547169811320756,0.9657894736842105,0.7142857142857143,0.8,13,0.8,1.0
949.079849837377,123719.81736655501,0.7547169811320756,0.9657894736842105,0.7142857142857143,0.8,13,0.8,1.0
949.079849837377,123719.81736655501,0.7547169811320756,0.9657894736842105,0.7142857142857143,0.8,13,0.8,1.0
949.079849837377,123719.81736655501,0.7547169811320756,0.9657894736842105,0.7142857142857143,0.8,13,0.8,1.0
949.079849837377,123719.81736655501,0.7547169811320756,0.9657894736842105,0.7142857142857143,0.8,13,0.8,1.0
949.079849837377,123719.81736655501,0.7547169811320756,0.9657894736842105,0.7142857142857143,0.8,13,0.8,1.0
949.079849837377,123719.81736655501,0.7547169811320756,0.9657894736842105,0.7142857142857143,0.8,13,0.8,1.0
949.079849837377,123719.81736655501,0.7547169811320756,0.9657894736842105,0.7142857142857143,0.8,13,0.8,1.0
949.079849837377,123719.81736655501,0.7547169811320756,0.9657894736842105,0.7142857142857143,0.8,13,0.8,1.0
949.079849837377,123719.81736655501,0.7547169811320756,0.9657894736842105,0.7142857142857143,0.8,13,0.8,1.0
949.079849837377,123719.81736655501,0.7547169811320756,0.9657894736842105,0.7142857142857143,0.8,13,0.8,1.0
949.079849837377,123719.81736655501,0.7547169811320756,0.9657894736842105,0.7142857142857143,0.8,13,0.8,1.0
949.079849837377,123719.81736655501,0.7547169811320756,0.9657894736842105,0.7142857142857143,0.8,13,0.8,1.0
949.079849837377,123719.81736655501,0.7547169811320756,0.9657894736842105,0.7142857142857143,0.8,13,0.8,1.0
949.079849837377,123719.81736655501,0.7547169811320756,0.9657894736842105,0.7142857142857143,0.8,13,0.8,1.0
949.079849837377,123719.81736655501,0.7547169811320756,0.9657894736842105,0.7142857142857143,0.8,13,0.8,1.0
949.079849837377,123719.81736655501,0.7547169811320756,0.9657894736842105,0.7142857142857143,0.8,13,0.8,1.0
949.079849837377,123719.81736655501,0.7547169811320756,0.9657894736842105,0.7142857142857143,0.8,13,0.8,1.0
949.079849837377,123719.81736655501,0.7547169811320756,0.9657894736842105,0.7142857142857143,0.8,13,0.8,1.0
949.079849837377,123719.81736655501,0.7547169811320756,0.9657894736842105,0.7142857142857143,0.8,13,0.8,1.0
949.079849837377,123719.81736655501,0.7547169811320756,0.9657894736842105,0.7142857142857143,0.8,13,0.8,1.0
949.079849837377,123719.81736655501,0.7547169811320756,0.9657894736842105,0.7142857142857143,0.8,13,0.8,1.0
949.079849837377,123719.81736655501,0.7547169811320756,0.9657894736842105,0.7142857142857143,0.8,13,0.8,1.0
949.079849837377,123719.81736655501,0.7547169811320756,0.9657894736842105,0.7142857142857143,0.8,13,0.8,1.0
949.079849837377,123719.81736655501,0.7547169811320756,0.9657894736842105,0.7142857142857143,0.8,13,0.8,1.0
949.079849837377,123719.81736655501,0.7547169811320756,0.9657894736842105,0.7142857142857143,0.8,13,0.8,1.0
949.079849837377,123719.81736655501,0.7547169811320756,0.9657894736842105,0.7142857142857143,0.8,13,0.8,1.0
949.079849837377,123719.81736655501,0.7547169811320756,0.9657894736842105,0.7142857142857143,0.8,13,0.8,1.0
949.079849837377,123719.81736655501,0.7547169811320756,0.9657894736842105,0.7142857142857143,0.8,13,0.8,1.0
949.079849837377,123719.81736655501,0.7547169811320756,0.9657894736842105,0.7142857142857143,0.8,13,0.8,1.0
949.079849837377,123719.81736655501,0.7547169811320756,0.9657894736842105,0.7142857142857143,0.8,13,0.8,1.0
949.079849837377,123719.81736655501,0.7547169811320756,0.9657894736842105,0.7142857142857143,0.8,13,0.8,1.0
949.079849837377,123719.81736655501,0.7547169811320756,0.9657894736842105,0.7142857142857143,0.8,13,0.8,1.0
949.079849837377,123719.81736655501,0.7547169811320756,0.9657894736842105,0.7142857142857143,0.8,13,0.8,1.0
949.079849837377,123719.81736655501,0.7547169811320756,0.9657894736842105,0.7142857142857143,0.8,13,0.8,1.0
949.079849837377,123719.81736655501,0.7547169811320756,0.9657894736842105,0.7142857142857143,0.8,13,0.8,1.0
949.079849837377,123719.81736655501,0.7547169811320756,0.9657894736842105,0.7142857142857143,0.8,13,0.8,1.0
949.079849837377,123719.81736655501,0.7547169811320756,0.9657894736842105,0.7142857142857143,0.8,13,0.8,1.0
949.079849837377,123719.81736655501,0.7547169811320756,0.9657894736842105,0.7142857142857143,0.8,13,0.8,1.0
949.079849837377,123719.81736655501,0.7547169811320756,0.9657894736842105,0.7142857142857143,0.8,13,0.8,1.0
949.079849837377,123719.81736655501,0.7547169811320756,0.9657894736842105,0.7142857142857143,0.8,13,0.8,1.0
949.079849837377,123719.81736655501,0.7547169811320756,0.9657894736842105,0.7142857142857143,0.8,13,0.8,1.0
949.079849837377,123719.81736655501,0.7547169811320756,0.9657894736842105,0.7142857142857143,0.8,13,0.8,1.0
949.079849837377,123719.81736655501,0.7547169811320756,0.9657894736842105,0.7142857142857143,0.8,13,0.8,1.0
949.079849837377,123719.81736655501,0.7547169811320756,0.9657894736842105,0.7142857142857143,0.8,13,0.8,1.0
949.079849837377,123719.81736655501,0.7547169811320756,0.9657894736842105,0.7142857142857143,0.8,13,0.8,1.0
949.079849837377,123719.81736655501,0.7547169811320756,0.9657894736842105,0.7142857142857143,0.8,13,0.8,1.0
949.079849837377,123719.81736655501,0.7547169811320756,0.9657894736842105,0.7142857142857143,0.8,13,0.8,1.0
949.079849837377,123719.81736655501,0.7547169811320756,0.9657894736842105,0.7142857142857143,0.8,13,0.8,1.0
949.079849837377,123719.81736655501,0.7547169811320756,0.9657894736842105,0.7142857142857143,0.8,13,0.8,1.0
949.079849837377,123719.81736655501,0.7547169811320756,0.9657894736842105,0.7142857142857143,0.8,13,0.8,1.0
949.079849837377,123719.81736655501,0.7547169811320756,0.9657894736842105,0.7142857142857143,0.8,13,0.8,1.0
949.079849837377,123719.81736655501,0.7547169811320756,0.9657894736842105,0.7142857142857143,0.8,13,0.8,1.0
949.079849837377,123719.81736655501,0.7547169811320756,0.9657894736842105,0.7142857142857143,0.8,13,0.8,1.0
949.079849837377,123719.81736655501,0.7547169811320756,0.9657894736842105,0.7142857142857143,0.8,13,0.8,1.0
949.079849837377,123719.81736655501,0.7547169811320756,0.9657894736842105,0.7142857142857143,0.8,13,0.8,1.0
949.079849837377,123719.81736655501,0.7547169811320756,0.9657894736842105,0.7142857142857143,0.8,13,0.8,1.0
949.079849837377,123719.81736655501,0.7547169811320756,0.9657894736842105,0.7142857142857143,0.8,13,0.8,1.0
949.079849837377,123719.81736655501,0.7547169811320756,0.9657894736842105,0.7142857142857143,0.8,13,0.8,1.0
949.079849837377,123719.81736655501,0.7547169811320756,0.9657894736842105,0.7142857142857143,0.8,13,0.8,1.0
949.079849837377,123719.81736655501,0.7547169811320756,0.9657894736842105,0.7142857142857143,0.8,13,0.8,1.0
949.079849837377,123719.81736655501,0.7547169811320756,0.9657894736842105,0.7142857142857143,0.8,13,0.8,1.0
949.079849837377,123719.81736655501,0.7547169811320756,0.9657894736842105,0.7142857142857143,0.8,13,0.8,1.0
949.079849837377,123719.81736655501,0.7547169811320756,0.9657894736842105,0.7142857142857143,0.8,13,0.8,1.0
949.079849837377,123719.81736655501,0.7547169811320756,0.9657894736842105,0.7142857142857143,0.8,13,0.8,1.0
949.079849837377,123719.81736655501,0.7547169811320756,0.9657894736842105,0.7142857142857143,0.8,13,0.8,1.0
949.079849837377,123719.81736655501,0.7547169811320756,0.9657894736842105,0.7142857142857143,0.8,13,0.8,1.0
949.079849837377,123719.81736655501,0.7547169811320756,0.9657894736842105,0.7142857142857143,0.8,13,0.8,1.0
949.079849837377,123719.81736655501,0.7547169811320756,0.9657894736842105,0.7142857142857143,0.8,13,0.8,1.0
949.079849837377,123719.81736655501,0.7547169811320756,0.9657894736842105,0.7142857142857143,0.8,13,0.8,1.0
949.079849837377,123719.81736655501,0.7547169811320756,0.9657894736842105,0.7142857142857143,0.8,13,0.8,1.0
949.079849837377,123719.81736655501,0.7547169811320756,0.9657894736842105,0.7142857142857143,0.8,13,0.8,1.0
949.079849837377,123719.81736655501,0.7547169811320756,0.9657894736842105,0.7142857142857143,0.8,13,0.8,1.0
949.079849837377,123719.81736655501,0.7547169811320756,0.9657894736842105,0.7142857142857143,0.8,13,0.8,1.0
949.079849837377,123719.81736655501,0.7547169811320756,0.9657894736842105,0.7142857142857143,0.8,13,0.8,1.0
949.079849837377,123719.81736655501,0.7547169811320756,0.9657894736842105,0.7142857142857143,0.8,13,0.8,1.0
949.079849837377,123719.81736655501,0.7547169811320756,0.9657894736842105,0.7142857142857143,0.8,13,0.8,1.0
949.079849837377,123719.81736655501,0.7547169811320756,0.9657894736842105,0.7142857142857143,0.8,13,0.8,1.0
949.079849837377,123719.81736655501,0.7547169811320756,0.9657894736842105,0.7142857142857143,0.8,13,0.8,1.0
949.079849837377,123719.81736655501,0.7547169811320756,0.9657894736842105,0.7142857142857143,0.8,13,0.8,1.0
949.079849837377,123719.81736655501,0.7547169811320756,0.9657894736842105,0.7142857142857143,0.8,13,0.8,1.0
949.079849837377,123719.81736655501,0.7547169811320756,0.9657894736842105,0.7142857142857143,0.8,13,0.8,1.0
949.079849837377,123719.81736655501,0.7547169811320756,0.9657894736842105,0.7142857142857143,0.8,13,0.8,1.0
949.079849837377,123719.81736655501,0.7547169811320756,0.9657894736842105,0.7142857142857143,0.8,13,0.8,1.0
949.079849837377,123719.81736655501,0.7547169811320756,0.9657894736842105,0.7142857142857143,0.8,13,0.8,1.0
949.079849837377,123719.81736655501,0.7547169811320756,0.9657894736842105,0.7142857142857143,0.8,13,0.8,1.0
949.079849837377,123719.81736655501,0.7547169811320756,0.9657894736842105,0.7142857142857143,0.8,13,0.8,1.0
949.079849837377,123719.81736655501,0.7547169811320756,0.9657894736842105,0.7142857142857143,0.8,13,0.8,1.0
949.079849837377,123719.81736655501,0.7547169811320756,0.9657894736842105,0.7142857142857143,0.8,13,0.8,1.0
949.079849837377,123719.81736655501,0.7547169811320756,0.9657894736842105,0.7142857142857143,0.8,13,0.8,1.0
949.079849837377,123719.81736655501,0.7547169811320756,0.9657894736842105,0.7142857142857143,0.8,13,0.8,1.0
949.079849837377,123719.81736655501,0.7547169811320756,0.9657894736842105,0.7142857142857143,0.8,13,0.8,1.0
949.079849837377,123719.81736655501,0.7547169811320756,0.9657894736842105,0.7142857142857143,0.8,13,0.8,1.0
949.079849837377,123719.81736655501,0.7547169811320756,0.9657894736842105,0.7142857142857143,0.8,13,0.8,1.0
949.079849837377,123719.81736655501,0.7547169811320756,0.9657894736842105,0.7142857142857143,0.8,13,0.8,1.0
949.079849837377,123719.81736655501,0.7547169811320756,0.9657894736842105,0.7142857142857143,0.8,13,0.8,1.0
949.079849837377,123719.81736655501,0.7547169811320756,0.9657894736842105,0.7142857142857143,0.8,13,0.8,1.0
949.079849837377,123719.81736655501,0.7547169811320756,0.9657894736842105,0.7142857142857143,0.8,13,0.8,1.0
949.079849837377,123719.81736655501,0.7547169811320756,0.9657894736842105,0.7142857142857143,0.8,13,0.8,1.0
949.079849837377,123719.81736655501,0.7547169811320756,0.9657894736842105,0.7142857142857143,0.8,13,0.8,1.0
949.079849837377,123719.81736655501,0.7547169811320756,0.9657894736842105,0.7142857142857143,0.8,13,0.8,1.0
949.079849837377,123719.81736655501,0.7547169811320756,0.9657894736842105,0.7142857142857143,0.8,13,0.8,1.0
949.079849837377,123719.81736655501,0.7547169811320756,0.9657894736842105,0.7142857142857143,0.8,13,0.8,1.0
949.079849837377,123719.81736655501,0.7547169811320756,0.9657894736842105,0.7142857142857143,0.8,13,0.8,1.0
949.079849837377,123719.81736655501,0.7547169811320756,0.9657894736842105,0.7142857142857143,0.8,13,0.8,1.0
966.092487073649,123736.83000379128,0.7407407407407408,0.9631578947368421,0.6896551724137931,0.8,14,0.8,1.0
949.079849837377,123719.81736655501,0.7547169811320756,0.9657894736842105,0.7142857142857143,0.8,13,0.8,1.0
949.079849837377,123719.81736655501,0.7547169811320756,0.9657894736842105,0.7142857142857143,0.8,13,0.8,1.0
949.079849837377,123719.81736655501,0.7547169811320756,0.9657894736842105,0.7142857142857143,0.8,13,0.8,1.0
949.079849837377,123719.81736655501,0.7547169811320756,0.9657894736842105,0.7142857142857143,0.8,13,0.8,1.0
949.079849837377,123719.81736655501,0.7547169811320756,0.9657894736842105,0.7142857142857143,0.8,13,0.8,1.0
949.079849837377,123719.81736655501,0.7547169811320756,0.9657894736842105,0.7142857142857143,0.8,13,0.8,1.0
949.079849837377,123719.81736655501,0.7547169811320756,0.9657894736842105,0.7142857142857143,0.8,13,0.8,1.0
949.079849837377,123719.81736655501,0.7547169811320756,0.9657894736842105,0.7142857142857143,0.8,13,0.8,1.0
949.079849837377,123719.81736655501,0.7547169811320756,0.9657894736842105,0.7142857142857143,0.8,13,0.8,1.0
949.079849837377,123719.81736655501,0.7547169811320756,0.9657894736842105,0.7142857142857143,0.8,13,0.8,1.0
949.079849837377,123719.81736655501,0.7547169811320756,0.9657894736842105,0.7142857142857143,0.8,13,0.8,1.0
949.079849837377,123719.81736655501,0.7547169811320756,0.9657894736842105,0.7142857142857143,0.8,13,0.8,1.0
949.079849837377,123719.81736655501,0.7547169811320756,0.9657894736842105,0.7142857142857143,0.8,13,0.8,1.0
949.079849837377,123719.81736655501,0.7547169811320756,0.9657894736842105,0.7142857142857143,0.8,13,0.8,1.0
949.079849837377,123719.81736655501,0.7547169811320756,0.9657894736842105,0.7142857142857143,0.8,13,0.8,1.0
949.079849837377,123719.81736655501,0.7547169811320756,0.9657894736842105,0.7142857142857143,0.8,13,0.8,1.0
949.079849837377,123719.81736655501,0.7547169811320756,0.9657894736842105,0.7142857142857143,0.8,13,0.8,1.0
949.079849837377,123719.81736655501,0.7547169811320756,0.9657894736842105,0.7142857142857143,0.8,13,0.8,1.0
949.079849837377,123719.81736655501,0.7547169811320756,0.9657894736842105,0.7142857142857143,0.8,13,0.8,1.0
949.079849837377,123719.81736655501,0.7547169811320756,0.9657894736842105,0.7142857142857143,0.8,13,0.8,1.0
949.079849837377,123719.81736655501,0.7547169811320756,0.9657894736842105,0.7142857142857143,0.8,13,0.8,1.0
949.079849837377,123719.81736655501,0.7547169811320756,0.9657894736842105,0.7142857142857143,0.8,13,0.8,1.0
949.079849837377,123719.81736655501,0.7547169811320756,0.9657894736842105,0.7142857142857143,0.8,13,0.8,1.0
949.079849837377,123719.81736655501,0.7547169811320756,0.9657894736842105,0.7142857142857143,0.8,13,0.8,1.0
949.079849837377,123719.81736655501,0.7547169811320756,0.9657894736842105,0.7142857142857143,0.8,13,0.8,1.0
949.079849837377,123719.81736655501,0.7547169811320756,0.9657894736842105,0.7142857142857143,0.8,13,0.8,1.0
949.079849837377,123719.81736655501,0.7547169811320756,0.9657894736842105,0.7142857142857143,0.8,13,0.8,1.0
949.079849837377,123719.81736655501,0.7547169811320756,0.9657894736842105,0.7142857142857143,0.8,13,0.8,1.0
949.079849837377,123719.81736655501,0.7547169811320756,0.9657894736842105,0.7142857142857143,0.8,13,0.8,1.0
949.079849837377,123719.81736655501,0.7547169811320756,0.9657894736842105,0.7142857142857143,0.8,13,0.8,1.0
949.079849837377,123719.81736655501,0.7547169811320756,0.9657894736842105,0.7142857142857143,0.8,13,0.8,1.0
949.079849837377,123719.81736655501,0.7547169811320756,0.9657894736842105,0.7142857142857143,0.8,13,0.8,1.0
949.079849837377,123719.81736655501,0.7547169811320756,0.9657894736842105,0.7142857142857143,0.8,13,0.8,1.0
949.079849837377,123719.81736655501,0.7547169811320756,0.9657894736842105,0.7142857142857143,0.8,13,0.8,1.0
949.079849837377,123719.81736655501,0.7547169811320756,0.9657894736842105,0.7142857142857143,0.8,13,0.8,1.0
949.079849837377,123719.81736655501,0.7547169811320756,0.9657894736842105,0.7142857142857143,0.8,13,0.8,1.0
949.079849837377,123719.81736655501,0.7547169811320756,0.9657894736842105,0.7142857142857143,0.8,13,0.8,1.0
949.079849837377,123719.81736655501,0.7547169811320756,0.9657894736842105,0.7142857142857143,0.8,13,0.8,1.0
949.079849837377,123719.81736655501,0.7547169811320756,0.9657894736842105,0.7142857142857143,0.8,13,0.8,1.0
949.079849837377,123719.81736655501,0.7547169811320756,0.9657894736842105,0.7142857142857143,0.8,13,0.8,1.0
949.079849837377,123719.81736655501,0.7547169811320756,0.9657894736842105,0.7142857142857143,0.8,13,0.8,1.0
949.079849837377,123719.81736655501,0.7547169811320756,0.9657894736842105,0.7142857142857143,0.8,13,0.8,1.0
949.079849837377,123719.81736655501,0.7547169811320756,0.9657894736842105,0.7142857142857143,0.8,13,0.8,1.0
949.079849837377,123719.81736655501,0.7547169811320756,0.9657894736842105,0.7142857142857143,0.8,13,0.8,1.0
949.079849837377,123719.81736655501,0.7547169811320756,0.9657894736842105,0.7142857142857143,0.8,13,0.8,1.0
949.079849837377,123719.81736655501,0.7547169811320756,0.9657894736842105,0.7142857142857143,0.8,13,0.8,1.0
949.079849837377,123719.81736655501,0.7547169811320756,0.9657894736842105,0.7142857142857143,0.8,13,0.8,1.0
949.079849837377,123719.81736655501,0.7547169811320756,0.9657894736842105,0.7142857142857143,0.8,13,0.8,1.0
949.079849837377,123719.81736655501,0.7547169811320756,0.9657894736842105,0.7142857142857143,0.8,13,0.8,1.0
949.079849837377,123719.81736655501,0.7547169811320756,0.9657894736842105,0.7142857142857143,0.8,13,0.8,1.0
949.079849837377,123719.81736655501,0.7547169811320756,0.9657894736842105,0.7142857142857143,0.8,13,0.8,1.0
949.079849837377,123719.81736655501,0.7547169811320756,0.9657894736842105,0.7142857142857143,0.8,13,0.8,1.0
949.079849837377,123719.81736655501,0.7547169811320756,0.9657894736842105,0.7142857142857143,0.8,13,0.8,1.0
949.079849837377,123719.81736655501,0.7547169811320756,0.9657894736842105,0.7142857142857143,0.8,13,0.8,1.0
949.079849837377,123719.81736655501,0.7547169811320756,0.9657894736842105,0.7142857142857143,0.8,13,0.8,1.0
949.079849837377,123719.81736655501,0.7547169811320756,0.9657894736842105,0.7142857142857143,0.8,13,0.8,1.0
949.079849837377,123719.81736655501,0.7547169811320756,0.9657894736842105,0.7142857142857143,0.8,13,0.8,1.0
949.079849837377,123719.81736655501,0.7547169811320756,0.9657894736842105,0.7142857142857143,0.8,13,0.8,1.0
949.079849837377,123719.81736655501,0.7547169811320756,0.9657894736842105,0.7142857142857143,0.8,13,0.8,1.0
949.079849837377,123719.81736655501,0.7547169811320756,0.9657894736842105,0.7142857142857143,0.8,13,0.8,1.0
949.079849837377,123719.81736655501,0.7547169811320756,0.9657894736842105,0.7142857142857143,0.8,13,0.8,1.0
949.079849837377,123719.81736655501,0.7547169811320756,0.9657894736842105,0.7142857142857143,0.8,13,0.8,1.0
949.079849837377,123719.81736655501,0.7547169811320756,0.9657894736842105,0.7142857142857143,0.8,13,0.8,1.0
949.079849837377,123719.81736655501,0.7547169811320756,0.9657894736842105,0.7142857142857143,0.8,13,0.8,1.0
949.079849837377,123719.81736655501,0.7547169811320756,0.9657894736842105,0.7142857142857143,0.8,13,0.8,1.0
949.079849837377,123719.81736655501,0.7547169811320756,0.9657894736842105,0.7142857142857143,0.8,13,0.8,1.0
949.079849837377,123719.81736655501,0.7547169811320756,0.9657894736842105,0.7142857142857143,0.8,13,0.8,1.0
949.079849837377,123719.81736655501,0.7547169811320756,0.9657894736842105,0.7142857142857143,0.8,13,0.8,1.0
949.079849837377,123719.81736655501,0.7547169811320756,0.9657894736842105,0.7142857142857143,0.8,13,0.8,1.0
949.079849837377,123719.81736655501,0.7547169811320756,0.9657894736842105,0.7142857142857143,0.8,13,0.8,1.0
949.079849837377,123719.81736655501,0.7547169811320756,0.9657894736842105,0.7142857142857143,0.8,13,0.8,1.0
949.079849837377,123719.81736655501,0.7547169811320756,0.9657894736842105,0.7142857142857143,0.8,13,0.8,1.0
949.079849837377,123719.81736655501,0.7547169811320756,0.9657894736842105,0.7142857142857143,0.8,13,0.8,1.0
949.079849837377,123719.81736655501,0.7547169811320756,0.9657894736842105,0.7142857142857143,0.8,13,0.8,1.0
949.079849837377,123719.81736655501,0.7547169811320756,0.9657894736842105,0.7142857142857143,0.8,13,0.8,1.0
949.079849837377,123719.81736655501,0.7547169811320756,0.9657894736842105,0.7142857142857143,0.8,13,0.8,1.0
949.079849837377,123719.81736655501,0.7547169811320756,0.9657894736842105,0.7142857142857143,0.8,13,0.8,1.0
949.079849837377,123719.81736655501,0.7547169811320756,0.9657894736842105,0.7142857142857143,0.8,13,0.8,1.0
949.079849837377,123719.81736655501,0.7547169811320756,0.9657894736842105,0.7142857142857143,0.8,13,0.8,1.0
949.079849837377,123719.81736655501,0.7547169811320756,0.9657894736842105,0.7142857142857143,0.8,13,0.8,1.0
949.079849837377,123719.81736655501,0.7547169811320756,0.9657894736842105,0.7142857142857143,0.8,13,0.8,1.0
949.079849837377,123719.81736655501,0.7547169811320756,0.9657894736842105,0.7142857142857143,0.8,13,0.8,1.0
949.079849837377,123719.81736655501,0.7547169811320756,0.9657894736842105,0.7142857142857143,0.8,13,0.8,1.0
949.079849837377,123719.81736655501,0.7547169811320756,0.9657894736842105,0.7142857142857143,0.8,13,0.8,1.0
949.079849837377,123719.81736655501,0.7547169811320756,0.9657894736842105,0.7142857142857143,0.8,13,0.8,1.0
949.079849837377,123719.81736655501,0.7547169811320756,0.9657894736842105,0.7142857142857143,0.8,13,0.8,1.0
949.079849837377,123719.81736655501,0.7547169811320756,0.9657894736842105,0.7142857142857143,0.8,13,0.8,1.0
949.079849837377,123719.81736655501,0.7547169811320756,0.9657894736842105,0.7142857142857143,0.8,13,0.8,1.0
949.079849837377,123719.81736655501,0.7547169811320756,0.9657894736842105,0.7142857142857143,0.8,13,0.8,1.0
949.079849837377,123719.81736655501,0.7547169811320756,0.9657894736842105,0.7142857142857143,0.8,13,0.8,1.0
949.079849837377,123719.81736655501,0.7547169811320756,0.9657894736842105,0.7142857142857143,0.8,13,0.8,1.0
949.079849837377,123719.81736655501,0.7547169811320756,0.9657894736842105,0.7142857142857143,0.8,13,0.8,1.0
949.079849837377,123719.81736655501,0.7547169811320756,0.9657894736842105,0.7142857142857143,0.8,13,0.8,1.0
949.079849837377,123719.81736655501,0.7547169811320756,0.9657894736842105,0.7142857142857143,0.8,13,0.8,1.0
949.079849837377,123719.81736655501,0.7547169811320756,0.9657894736842105,0.7142857142857143,0.8,13,0.8,1.0
949.079849837377,123719.81736655501,0.7547169811320756,0.9657894736842105,0.7142857142857143,0.8,13,0.8,1.0
949.079849837377,123719.81736655501,0.7547169811320756,0.9657894736842105,0.7142857142857143,0.8,13,0.8,1.0
949.079849837377,123719.81736655501,0.7547169811320756,0.9657894736842105,0.7142857142857143,0.8,13,0.8,1.0
949.079849837377,123719.81736655501,0.7547169811320756,0.9657894736842105,0.7142857142857143,0.8,13,0.8,1.0
949.079849837377,123719.81736655501,0.7547169811320756,0.9657894736842105,0.7142857142857143,0.8,13,0.8,1.0
949.079849837377,123719.81736655501,0.7547169811320756,0.9657894736842105,0.7142857142857143,0.8,13,0.8,1.0
949.079849837377,123719.81736655501,0.7547169811320756,0.9657894736842105,0.7142857142857143,0.8,13,0.8,1.0
949.079849837377,123719.81736655501,0.7547169811320756,0.9657894736842105,0.7142857142857143,0.8,13,0.8,1.0
949.079849837377,123719.81736655501,0.7547169811320756,0.9657894736842105,0.7142857142857143,0.8,13,0.8,1.0
949.079849837377,123719.81736655501,0.7547169811320756,0.9657894736842105,0.7142857142857143,0.8,13,0.8,1.0
949.079849837377,123719.81736655501,0.7547169811320756,0.9657894736842105,0.7142857142857143,0.8,13,0.8,1.0
949.079849837377,123719.81736655501,0.7547169811320756,0.9657894736842105,0.7142857142857143,0.8,13,0.8,1.0
846.7560131763021,123617.49352989394,0.7692307692307692,0.968421052631579,0.7407407407407407,0.8,12,0.8,1.0
846.7560131763021,123617.49352989394,0.7692307692307692,0.968421052631579,0.7407407407407407,0.8,12,0.8,1.0
846.7560131762875,123617.49352989392,0.8076923076923077,0.9736842105263158,0.7777777777777778,0.84,10,0.84,1.0
846.7560131762875,123617.49352989392,0.8076923076923077,0.9736842105263158,0.7777777777777778,0.84,10,0.84,1.0
846.7560131762875,123617.49352989392,0.8076923076923077,0.9736842105263158,0.7777777777777778,0.84,10,0.84,1.0
846.7560131762875,123617.49352989392,0.8076923076923077,0.9736842105263158,0.7777777777777778,0.84,10,0.84,1.0
846.7560131762875,123617.49352989392,0.8076923076923077,0.9736842105263158,0.7777777777777778,0.84,10,0.84,1.0
846.7560131762875,123617.49352989392,0.8076923076923077,0.9736842105263158,0.7777777777777778,0.84,10,0.84,1.0
846.7560131762875,123617.49352989392,0.8076923076923077,0.9736842105263158,0.7777777777777778,0.84,10,0.84,1.0
846.7560131762875,123617.49352989392,0.8076923076923077,0.9736842105263158,0.7777777777777778,0.84,10,0.84,1.0
846.7560131762875,123617.49352989392,0.8076923076923077,0.9736842105263158,0.7777777777777778,0.84,10,0.84,1.0
846.7560131762875,123617.49352989392,0.8076923076923077,0.9736842105263158,0.7777777777777778,0.84,10,0.84,1.0
846.7560131762875,123617.49352989392,0.8076923076923077,0.9736842105263158,0.7777777777777778,0.84,10,0.84,1.0
846.7560131762875,123617.49352989392,0.8076923076923077,0.9736842105263158,0.7777777777777778,0.84,10,0.84,1.0
846.7560131762875,123617.49352989392,0.8076923076923077,0.9736842105263158,0.7777777777777778,0.84,10,0.84,1.0
846.7560131762875,123617.49352989392,0.8076923076923077,0.9736842105263158,0.7777777777777778,0.84,10,0.84,1.0
846.7560131762875,123617.49352989392,0.8076923076923077,0.9736842105263158,0.7777777777777778,0.84,10,0.84,1.0
846.7560131762875,123617.49352989392,0.8076923076923077,0.9736842105263158,0.7777777777777778,0.84,10,0.84,1.0
846.7560131762875,123617.49352989392,0.8076923076923077,0.9736842105263158,0.7777777777777778,0.84,10,0.84,1.0
846.7560131762875,123617.49352989392,0.8076923076923077,0.9736842105263158,0.7777777777777778,0.84,10,0.84,1.0
846.7560131762875,123617.49352989392,0.8076923076923077,0.9736842105263158,0.7777777777777778,0.84,10,0.84,1.0
846.7560131762875,123617.49352989392,0.8076923076923077,0.9736842105263158,0.7777777777777778,0.84,10,0.84,1.0
846.7560131762875,123617.49352989392,0.8076923076923077,0.9736842105263158,0.7777777777777778,0.84,10,0.84,1.0
846.7560131762875,123617.49352989392,0.8076923076923077,0.9736842105263158,0.7777777777777778,0.84,10,0.84,1.0
846.7560131762875,123617.49352989392,0.8076923076923077,0.9736842105263158,0.7777777777777778,0.84,10,0.84,1.0
846.7560131762875,123617.49352989392,0.8076923076923077,0.9736842105263158,0.7777777777777778,0.84,10,0.84,1.0
846.7560131762875,123617.49352989392,0.8076923076923077,0.9736842105263158,0.7777777777777778,0.84,10,0.84,1.0
846.7560131762875,123617.49352989392,0.8076923076923077,0.9736842105263158,0.7777777777777778,0.84,10,0.84,1.0
846.7560131762875,123617.49352989392,0.8076923076923077,0.9736842105263158,0.7777777777777778,0.84,10,0.84,1.0
846.7560131762875,123617.49352989392,0.8076923076923077,0.9736842105263158,0.7777777777777778,0.84,10,0.84,1.0
846.7560131762875,123617.49352989392,0.8076923076923077,0.9736842105263158,0.7777777777777778,0.84,10,0.84,1.0
846.7560131762875,123617.49352989392,0.8076923076923077,0.9736842105263158,0.7777777777777778,0.84,10,0.84,1.0
846.7560131762875,123617.49352989392,0.8076923076923077,0.9736842105263158,0.7777777777777778,0.84,10,0.84,1.0
846.7560131762875,123617.49352989392,0.8076923076923077,0.9736842105263158,0.7777777777777778,0.84,10,0.84,1.0
846.7560131762875,123617.49352989392,0.8076923076923077,0.9736842105263158,0.7777777777777778,0.84,10,0.84,1.0
846.7560131762875,123617.49352989392,0.8076923076923077,0.9736842105263158,0.7777777777777778,0.84,10,0.84,1.0
846.7560131762875,123617.49352989392,0.8076923076923077,0.9736842105263158,0.7777777777777778,0.84,10,0.84,1.0
846.7560131762875,123617.49352989392,0.8076923076923077,0.9736842105263158,0.7777777777777778,0.84,10,0.84,1.0
846.7560131762875,123617.49352989392,0.8076923076923077,0.9736842105263158,0.7777777777777778,0.84,10,0.84,1.0
846.7560131762875,123617.49352989392,0.8076923076923077,0.9736842105263158,0.7777777777777778,0.84,10,0.84,1.0
846.7560131762875,123617.49352989392,0.8076923076923077,0.9736842105263158,0.7777777777777778,0.84,10,0.84,1.0
846.7560131762875,123617.49352989392,0.8076923076923077,0.9736842105263158,0.7777777777777778,0.84,10,0.84,1.0
846.7560131762875,123617.49352989392,0.8076923076923077,0.9736842105263158,0.7777777777777778,0.84,10,0.84,1.0
846.7560131762875,123617.49352989392,0.8076923076923077,0.9736842105263158,0.7777777777777778,0.84,10,0.84,1.0
846.7560131762875,123617.49352989392,0.8076923076923077,0.9736842105263158,0.7777777777777778,0.84,10,0.84,1.0
846.7560131762875,123617.49352989392,0.8076923076923077,0.9736842105263158,0.7777777777777778,0.84,10,0.84,1.0
846.7560131762875,123617.49352989392,0.8076923076923077,0.9736842105263158,0.7777777777777778,0.84,10,0.84,1.0
846.7560131762875,123617.49352989392,0.8076923076923077,0.9736842105263158,0.7777777777777778,0.84,10,0.84,1.0
846.7560131762875,123617.49352989392,0.8076923076923077,0.9736842105263158,0.7777777777777778,0.84,10,0.84,1.0
846.7560131762875,123617.49352989392,0.8076923076923077,0.9736842105263158,0.7777777777777778,0.84,10,0.84,1.0
846.7560131762875,123617.49352989392,0.8076923076923077,0.9736842105263158,0.7777777777777778,0.84,10,0.84,1.0
846.7560131762875,123617.49352989392,0.8076923076923077,0.9736842105263158,0.7777777777777778,0.84,10,0.84,1.0
846.7560131762875,123617.49352989392,0.8076923076923077,0.9736842105263158,0.7777777777777778,0.84,10,0.84,1.0
846.7560131762875,123617.49352989392,0.8076923076923077,0.9736842105263158,0.7777777777777778,0.84,10,0.84,1.0
846.7560131762875,123617.49352989392,0.8076923076923077,0.9736842105263158,0.7777777777777778,0.84,10,0.84,1.0
846.7560131762875,123617.49352989392,0.8076923076923077,0.9736842105263158,0.7777777777777778,0.84,10,0.84,1.0
846.7560131762875,123617.49352989392,0.8076923076923077,0.9736842105263158,0.7777777777777778,0.84,10,0.84,1.0
846.7560131762875,123617.49352989392,0.8076923076923077,0.9736842105263158,0.7777777777777778,0.84,10,0.84,1.0
846.7560131762875,123617.49352989392,0.8076923076923077,0.9736842105263158,0.7777777777777778,0.84,10,0.84,1.0
846.7560131762875,123617.49352989392,0.8076923076923077,0.9736842105263158,0.7777777777777778,0.84,10,0.84,1.0
846.7560131762875,123617.49352989392,0.8076923076923077,0.9736842105263158,0.7777777777777778,0.84,10,0.84,1.0
846.7560131762875,123617.49352989392,0.8076923076923077,0.9736842105263158,0.7777777777777778,0.84,10,0.84,1.0
846.7560131762875,123617.49352989392,0.8076923076923077,0.9736842105263158,0.7777777777777778,0.84,10,0.84,1.0
846.7560131762875,123617.49352989392,0.8076923076923077,0.9736842105263158,0.7777777777777778,0.84,10,0.84,1.0
846.7560131762875,123617.49352989392,0.8076923076923077,0.9736842105263158,0.7777777777777778,0.84,10,0.84,1.0
846.7560131762875,123617.49352989392,0.8076923076923077,0.9736842105263158,0.7777777777777778,0.84,10,0.84,1.0
846.7560131762875,123617.49352989392,0.8076923076923077,0.9736842105263158,0.7777777777777778,0.84,10,0.84,1.0
846.7560131762875,123617.49352989392,0.8076923076923077,0.9736842105263158,0.7777777777777778,0.84,10,0.84,1.0
846.7560131762875,123617.49352989392,0.8076923076923077,0.9736842105263158,0.7777777777777778,0.84,10,0.84,1.0
846.7560131762875,123617.49352989392,0.8076923076923077,0.9736842105263158,0.7777777777777778,0.84,10,0.84,1.0
846.7560131762875,123617.49352989392,0.8076923076923077,0.9736842105263158,0.7777777777777778,0.84,10,0.84,1.0
846.7560131762875,123617.49352989392,0.8076923076923077,0.9736842105263158,0.7777777777777778,0.84,10,0.84,1.0
846.7560131762875,123617.49352989392,0.8076923076923077,0.9736842105263158,0.7777777777777778,0.84,10,0.84,1.0
846.7560131762875,123617.49352989392,0.8076923076923077,0.9736842105263158,0.7777777777777778,0.84,10,0.84,1.0
846.7560131762875,123617.49352989392,0.8076923076923077,0.9736842105263158,0.7777777777777778,0.84,10,0.84,1.0
846.7560131762875,123617.49352989392,0.8076923076923077,0.9736842105263158,0.7777777777777778,0.84,10,0.84,1.0
846.7560131762875,123617.49352989392,0.8076923076923077,0.9736842105263158,0.7777777777777778,0.84,10,0.84,1.0
846.7560131762875,123617.49352989392,0.8076923076923077,0.9736842105263158,0.7777777777777778,0.84,10,0.84,1.0
846.7560131762875,123617.49352989392,0.8076923076923077,0.9736842105263158,0.7777777777777778,0.84,10,0.84,1.0
846.7560131762875,123617.49352989392,0.8076923076923077,0.9736842105263158,0.7777777777777778,0.84,10,0.84,1.0
846.7560131762875,123617.49352989392,0.8076923076923077,0.9736842105263158,0.7777777777777778,0.84,10,0.84,1.0
846.7560131762875,123617.49352989392,0.8076923076923077,0.9736842105263158,0.7777777777777778,0.84,10,0.84,1.0
846.7560131762875,123617.49352989392,0.8076923076923077,0.9736842105263158,0.7777777777777778,0.84,10,0.84,1.0
846.7560131762875,123617.49352989392,0.8076923076923077,0.9736842105263158,0.7777777777777778,0.84,10,0.84,1.0
846.7560131762875,123617.49352989392,0.8076923076923077,0.9736842105263158,0.7777777777777778,0.84,10,0.84,1.0
846.7560131762875,123617.49352989392,0.8076923076923077,0.9736842105263158,0.7777777777777778,0.84,10,0.84,1.0
846.7560131762875,123617.49352989392,0.8076923076923077,0.9736842105263158,0.7777777777777778,0.84,10,0.84,1.0
846.7560131762875,123617.49352989392,0.8076923076923077,0.9736842105263158,0.7777777777777778,0.84,10,0.84,1.0
846.7560131762875,123617.49352989392,0.8076923076923077,0.9736842105263158,0.7777777777777778,0.84,10,0.84,1.0
846.7560131762875,123617.49352989392,0.8076923076923077,0.9736842105263158,0.7777777777777778,0.84,10,0.84,1.0
846.7560131762875,123617.49352989392,0.8076923076923077,0.9736842105263158,0.7777777777777778,0.84,10,0.84,1.0
846.7560131762875,123617.49352989392,0.8076923076923077,0.9736842105263158,0.7777777777777778,0.84,10,0.84,1.0
846.7560131762875,123617.49352989392,0.8076923076923077,0.9736842105263158,0.7777777777777778,0.84,10,0.84,1.0
846.7560131762875,123617.49352989392,0.8076923076923077,0.9736842105263158,0.7777777777777778,0.84,10,0.84,1.0
846.7560131762875,123617.49352989392,0.8076923076923077,0.9736842105263158,0.7777777777777778,0.84,10,0.84,1.0
846.7560131762875,123617.49352989392,0.8076923076923077,0.9736842105263158,0.7777777777777778,0.84,10,0.84,1.0
846.7560131762875,123617.49352989392,0.8076923076923077,0.9736842105263158,0.7777777777777778,0.84,10,0.84,1.0
846.7560131762875,123617.49352989392,0.8076923076923077,0.9736842105263158,0.7777777777777778,0.84,10,0.84,1.0
846.7560131762875,123617.49352989392,0.8076923076923077,0.9736842105263158,0.7777777777777778,0.84,10,0.84,1.0
846.7560131762875,123617.49352989392,0.8076923076923077,0.9736842105263158,0.7777777777777778,0.84,10,0.84,1.0
846.7560131762875,123617.49352989392,0.8076923076923077,0.9736842105263158,0.7777777777777778,0.84,10,0.84,1.0
846.7560131762875,123617.49352989392,0.8076923076923077,0.9736842105263158,0.7777777777777778,0.84,10,0.84,1.0
846.7560131762875,123617.49352989392,0.8076923076923077,0.9736842105263158,0.7777777777777778,0.84,10,0.84,1.0
846.7560131762875,123617.49352989392,0.8076923076923077,0.9736842105263158,0.7777777777777778,0.84,10,0.84,1.0
846.7560131762875,123617.49352989392,0.8076923076923077,0.9736842105263158,0.7777777777777778,0.84,10,0.84,1.0
846.7560131762875,123617.49352989392,0.8076923076923077,0.9736842105263158,0.7777777777777778,0.84,10,0.84,1.0
846.7560131762875,123617.49352989392,0.8076923076923077,0.9736842105263158,0.7777777777777778,0.84,10,0.84,1.0
846.7560131762875,123617.49352989392,0.8076923076923077,0.9736842105263158,0.7777777777777778,0.84,10,0.84,1.0
846.7560131762875,123617.49352989392,0.8076923076923077,0.9736842105263158,0.7777777777777778,0.84,10,0.84,1.0
846.7560131762875,123617.49352989392,0.8076923076923077,0.9736842105263158,0.7777777777777778,0.84,10,0.84,1.0
846.7560131762875,123617.49352989392,0.8076923076923077,0.9736842105263158,0.7777777777777778,0.84,10,0.84,1.0
846.7560131762875,123617.49352989392,0.8076923076923077,0.9736842105263158,0.7777777777777778,0.84,10,0.84,1.0
846.7560131762875,123617.49352989392,0.8076923076923077,0.9736842105263158,0.7777777777777778,0.84,10,0.84,1.0
846.7560131762875,123617.49352989392,0.8076923076923077,0.9736842105263158,0.7777777777777778,0.84,10,0.84,1.0
846.7560131762875,123617.49352989392,0.8076923076923077,0.9736842105263158,0.7777777777777778,0.84,10,0.84,1.0
846.7560131762875,123617.49352989392,0.8076923076923077,0.9736842105263158,0.7777777777777778,0.84,10,0.84,1.0
846.7560131762875,123617.49352989392,0.8076923076923077,0.9736842105263158,0.7777777777777778,0.84,10,0.84,1.0
846.7560131762875,123617.49352989392,0.8076923076923077,0.9736842105263158,0.7777777777777778,0.84,10,0.84,1.0
846.7560131762875,123617.49352989392,0.8076923076923077,0.9736842105263158,0.7777777777777778,0.84,10,0.84,1.0
846.7560131762875,123617.49352989392,0.8076923076923077,0.9736842105263158,0.7777777777777778,0.84,10,0.84,1.0
846.7560131762875,123617.49352989392,0.8076923076923077,0.9736842105263158,0.7777777777777778,0.84,10,0.84,1.0
846.7560131762875,123617.49352989392,0.8076923076923077,0.9736842105263158,0.7777777777777778,0.84,10,0.84,1.0
846.7560131762875,123617.49352989392,0.8076923076923077,0.9736842105263158,0.7777777777777778,0.84,10,0.84,1.0
846.7560131762875,123617.49352989392,0.8076923076923077,0.9736842105263158,0.7777777777777778,0.84,10,0.84,1.0
846.7560131762875,123617.49352989392,0.8076923076923077,0.9736842105263158,0.7777777777777778,0.84,10,0.84,1.0
846.7560131762875,123617.49352989392,0.8076923076923077,0.9736842105263158,0.7777777777777778,0.84,10,0.84,1.0
846.7560131762875,123617.49352989392,0.8076923076923077,0.9736842105263158,0.7777777777777778,0.84,10,0.84,1.0
846.7560131762875,123617.49352989392,0.8076923076923077,0.9736842105263158,0.7777777777777778,0.84,10,0.84,1.0
846.7560131762875,123617.49352989392,0.8076923076923077,0.9736842105263158,0.7777777777777778,0.84,10,0.84,1.0
846.7560131762875,123617.49352989392,0.8076923076923077,0.9736842105263158,0.7777777777777778,0.84,10,0.84,1.0
846.7560131762875,123617.49352989392,0.8076923076923077,0.9736842105263158,0.7777777777777778,0.84,10,0.84,1.0
846.7560131762875,123617.49352989392,0.8076923076923077,0.9736842105263158,0.7777777777777778,0.84,10,0.84,1.0
846.7560131762875,123617.49352989392,0.8076923076923077,0.9736842105263158,0.7777777777777778,0.84,10,0.84,1.0
846.7560131762875,123617.49352989392,0.8076923076923077,0.9736842105263158,0.7777777777777778,0.84,10,0.84,1.0
846.7560131762875,123617.49352989392,0.8076923076923077,0.9736842105263158,0.7777777777777778,0.84,10,0.84,1.0
846.7560131762875,123617.49352989392,0.8076923076923077,0.9736842105263158,0.7777777777777778,0.84,10,0.84,1.0
846.7560131762875,123617.49352989392,0.8076923076923077,0.9736842105263158,0.7777777777777778,0.84,10,0.84,1.0
846.7560131762875,123617.49352989392,0.8076923076923077,0.9736842105263158,0.7777777777777778,0.84,10,0.84,1.0
846.7560131762875,123617.49352989392,0.8076923076923077,0.9736842105263158,0.7777777777777778,0.84,10,0.84,1.0
846.7560131762875,123617.49352989392,0.8076923076923077,0.9736842105263158,0.7777777777777778,0.84,10,0.84,1.0
846.7560131762875,123617.49352989392,0.8076923076923077,0.9736842105263158,0.7777777777777778,0.84,10,0.84,1.0
846.7560131762875,123617.49352989392,0.8076923076923077,0.9736842105263158,0.7777777777777778,0.84,10,0.84,1.0
846.7560131762875,123617.49352989392,0.8076923076923077,0.9736842105263158,0.7777777777777778,0.84,10,0.84,1.0
846.7560131762875,123617.49352989392,0.8076923076923077,0.9736842105263158,0.7777777777777778,0.84,10,0.84,1.0
846.7560131762875,123617.49352989392,0.8076923076923077,0.9736842105263158,0.7777777777777778,0.84,10,0.84,1.0
846.7560131762875,123617.49352989392,0.8076923076923077,0.9736842105263158,0.7777777777777778,0.84,10,0.84,1.0
846.7560131762875,123617.49352989392,0.8076923076923077,0.9736842105263158,0.7777777777777778,0.84,10,0.84,1.0
846.7560131762875,123617.49352989392,0.8076923076923077,0.9736842105263158,0.7777777777777778,0.84,10,0.84,1.0
846.7560131762875,123617.49352989392,0.8076923076923077,0.9736842105263158,0.7777777777777778,0.84,10,0.84,1.0
846.7560131762875,123617.49352989392,0.8076923076923077,0.9736842105263158,0.7777777777777778,0.84,10,0.84,1.0
846.7560131762875,123617.49352989392,0.8076923076923077,0.9736842105263158,0.7777777777777778,0.84,10,0.84,1.0
846.7560131762875,123617.49352989392,0.8076923076923077,0.9736842105263158,0.7777777777777778,0.84,10,0.84,1.0
846.7560131762875,123617.49352989392,0.8076923076923077,0.9736842105263158,0.7777777777777778,0.84,10,0.84,1.0
846.7560131762875,123617.49352989392,0.8076923076923077,0.9736842105263158,0.7777777777777778,0.84,10,0.84,1.0
846.7560131762875,123617.49352989392,0.8076923076923077,0.9736842105263158,0.7777777777777778,0.84,10,0.84,1.0
846.7560131762875,123617.49352989392,0.8076923076923077,0.9736842105263158,0.7777777777777778,0.84,10,0.84,1.0
846.7560131762875,123617.49352989392,0.8076923076923077,0.9736842105263158,0.7777777777777778,0.84,10,0.84,1.0
846.7560131762875,123617.49352989392,0.8076923076923077,0.9736842105263158,0.7777777777777778,0.84,10,0.84,1.0
846.7560131762875,123617.49352989392,0.8076923076923077,0.9736842105263158,0.7777777777777778,0.84,10,0.84,1.0
846.7560131762875,123617.49352989392,0.8076923076923077,0.9736842105263158,0.7777777777777778,0.84,10,0.84,1.0
846.7560131762875,123617.49352989392,0.8076923076923077,0.9736842105263158,0.7777777777777778,0.84,10,0.84,1.0
846.7560131762875,123617.49352989392,0.8076923076923077,0.9736842105263158,0.7777777777777778,0.84,10,0.84,1.0
846.7560131762875,123617.49352989392,0.8076923076923077,0.9736842105263158,0.7777777777777778,0.84,10,0.84,1.0
846.7560131762875,123617.49352989392,0.8076923076923077,0.9736842105263158,0.7777777777777778,0.84,10,0.84,1.0
846.7560131762875,123617.49352989392,0.8076923076923077,0.9736842105263158,0.7777777777777778,0.84,10,0.84,1.0
846.7560131762875,123617.49352989392,0.8076923076923077,0.9736842105263158,0.7777777777777778,0.84,10,0.84,1.0
846.7560131762875,123617.49352989392,0.8076923076923077,0.9736842105263158,0.7777777777777778,0.84,10,0.84,1.0
846.7560131762875,123617.49352989392,0.8076923076923077,0.9736842105263158,0.7777777777777778,0.84,10,0.84,1.0
846.7560131762875,123617.49352989392,0.8076923076923077,0.9736842105263158,0.7777777777777778,0.84,10,0.84,1.0
846.7560131762875,123617.49352989392,0.8076923076923077,0.9736842105263158,0.7777777777777778,0.84,10,0.84,1.0
846.7560131762875,123617.49352989392,0.8076923076923077,0.9736842105263158,0.7777777777777778,0.84,10,0.84,1.0
846.7560131762875,123617.49352989392,0.8076923076923077,0.9736842105263158,0.7777777777777778,0.84,10,0.84,1.0
846.7560131762875,123617.49352989392,0.8076923076923077,0.9736842105263158,0.7777777777777778,0.84,10,0.84,1.0
846.7560131762875,123617.49352989392,0.8076923076923077,0.9736842105263158,0.7777777777777778,0.84,10,0.84,1.0
846.7560131762875,123617.49352989392,0.8076923076923077,0.9736842105263158,0.7777777777777778,0.84,10,0.84,1.0
846.7560131762875,123617.49352989392,0.8076923076923077,0.9736842105263158,0.7777777777777778,0.84,10,0.84,1.0
846.7560131762875,123617.49352989392,0.8076923076923077,0.9736842105263158,0.7777777777777778,0.84,10,0.84,1.0
846.7560131762875,123617.49352989392,0.8076923076923077,0.9736842105263158,0.7777777777777778,0.84,10,0.84,1.0
846.7560131762875,123617.49352989392,0.8076923076923077,0.9736842105263158,0.7777777777777778,0.84,10,0.84,1.0
1454.90984949602,124225.64736621366,0.7924528301886793,0.9710526315789474,0.75,0.84,11,0.84,1.0
846.7560131762875,123617.49352989392,0.8076923076923077,0.9736842105263158,0.7777777777777778,0.84,10,0.84,1.0
846.7560131762875,123617.49352989392,0.8076923076923077,0.9736842105263158,0.7777777777777778,0.84,10,0.84,1.0
846.7560131762875,123617.49352989392,0.8076923076923077,0.9736842105263158,0.7777777777777778,0.84,10,0.84,1.0
846.7560131762875,123617.49352989392,0.8076923076923077,0.9736842105263158,0.7777777777777778,0.84,10,0.84,1.0
846.7560131762875,123617.49352989392,0.8076923076923077,0.9736842105263158,0.7777777777777778,0.84,10,0.84,1.0
846.7560131762875,123617.49352989392,0.8076923076923077,0.9736842105263158,0.7777777777777778,0.84,10,0.84,1.0
846.7560131762875,123617.49352989392,0.8076923076923077,0.9736842105263158,0.7777777777777778,0.84,10,0.84,1.0
846.7560131762875,123617.49352989392,0.8076923076923077,0.9736842105263158,0.7777777777777778,0.84,10,0.84,1.0
846.7560131762875,123617.49352989392,0.8076923076923077,0.9736842105263158,0.7777777777777778,0.84,10,0.84,1.0
846.7560131762875,123617.49352989392,0.8076923076923077,0.9736842105263158,0.7777777777777778,0.84,10,0.84,1.0
846.7560131762875,123617.49352989392,0.8076923076923077,0.9736842105263158,0.7777777777777778,0.84,10,0.84,1.0
846.7560131762875,123617.49352989392,0.8076923076923077,0.9736842105263158,0.7777777777777778,0.84,10,0.84,1.0
846.7560131762875,123617.49352989392,0.8076923076923077,0.9736842105263158,0.7777777777777778,0.84,10,0.84,1.0
846.7560131762875,123617.49352989392,0.8076923076923077,0.9736842105263158,0.7777777777777778,0.84,10,0.84,1.0
846.7560131762875,123617.49352989392,0.8076923076923077,0.9736842105263158,0.7777777777777778,0.84,10,0.84,1.0
846.7560131762875,123617.49352989392,0.8076923076923077,0.9736842105263158,0.7777777777777778,0.84,10,0.84,1.0
846.7560131762875,123617.49352989392,0.8076923076923077,0.9736842105263158,0.7777777777777778,0.84,10,0.84,1.0
846.7560131762875,123617.49352989392,0.8076923076923077,0.9736842105263158,0.7777777777777778,0.84,10,0.84,1.0
846.7560131762875,123617.49352989392,0.8076923076923077,0.9736842105263158,0.7777777777777778,0.84,10,0.84,1.0
846.7560131762875,123617.49352989392,0.8076923076923077,0.9736842105263158,0.7777777777777778,0.84,10,0.84,1.0
846.7560131762875,123617.49352989392,0.8076923076923077,0.9736842105263158,0.7777777777777778,0.84,10,0.84,1.0
846.7560131762875,123617.49352989392,0.8076923076923077,0.9736842105263158,0.7777777777777778,0.84,10,0.84,1.0
846.7560131762875,123617.49352989392,0.8076923076923077,0.9736842105263158,0.7777777777777778,0.84,10,0.84,1.0
846.7560131762875,123617.49352989392,0.8076923076923077,0.9736842105263158,0.7777777777777778,0.84,10,0.84,1.0
846.7560131762875,123617.49352989392,0.8076923076923077,0.9736842105263158,0.7777777777777778,0.84,10,0.84,1.0
846.7560131762875,123617.49352989392,0.8076923076923077,0.9736842105263158,0.7777777777777778,0.84,10,0.84,1.0
846.7560131762875,123617.49352989392,0.8076923076923077,0.9736842105263158,0.7777777777777778,0.84,10,0.84,1.0
846.7560131762875,123617.49352989392,0.8076923076923077,0.9736842105263158,0.7777777777777778,0.84,10,0.84,1.0
846.7560131762875,123617.49352989392,0.8076923076923077,0.9736842105263158,0.7777777777777778,0.84,10,0.84,1.0
846.7560131762875,123617.49352989392,0.8076923076923077,0.9736842105263158,0.7777777777777778,0.84,10,0.84,1.0
846.7560131762875,123617.49352989392,0.8076923076923077,0.9736842105263158,0.7777777777777778,0.84,10,0.84,1.0
846.7560131762875,123617.49352989392,0.8076923076923077,0.9736842105263158,0.7777777777777778,0.84,10,0.84,1.0
846.7560131762875,123617.49352989392,0.8076923076923077,0.9736842105263158,0.7777777777777778,0.84,10,0.84,1.0
846.7560131762875,123617.49352989392,0.8076923076923077,0.9736842105263158,0.7777777777777778,0.84,10,0.84,1.0
846.7560131762875,123617.49352989392,0.8076923076923077,0.9736842105263158,0.7777777777777778,0.84,10,0.84,1.0
846.7560131762875,123617.49352989392,0.8076923076923077,0.9736842105263158,0.7777777777777778,0.84,10,0.84,1.0
846.7560131762875,123617.49352989392,0.8076923076923077,0.9736842105263158,0.7777777777777778,0.84,10,0.84,1.0
846.7560131762875,123617.49352989392,0.8076923076923077,0.9736842105263158,0.7777777777777778,0.84,10,0.84,1.0
846.7560131762875,123617.49352989392,0.8076923076923077,0.9736842105263158,0.7777777777777778,0.84,10,0.84,1.0
846.7560131762875,123617.49352989392,0.8076923076923077,0.9736842105263158,0.7777777777777778,0.84,10,0.84,1.0
846.7560131762875,123617.49352989392,0.8076923076923077,0.9736842105263158,0.7777777777777778,0.84,10,0.84,1.0
846.7560131762875,123617.49352989392,0.8076923076923077,0.9736842105263158,0.7777777777777778,0.84,10,0.84,1.0
846.7560131762875,123617.49352989392,0.8076923076923077,0.9736842105263158,0.7777777777777778,0.84,10,0.84,1.0
846.7560131762875,123617.49352989392,0.8076923076923077,0.9736842105263158,0.7777777777777778,0.84,10,0.84,1.0
846.7560131762875,123617.49352989392,0.8076923076923077,0.9736842105263158,0.7777777777777778,0.84,10,0.84,1.0
846.7560131762875,123617.49352989392,0.8076923076923077,0.9736842105263158,0.7777777777777778,0.84,10,0.84,1.0
846.7560131762875,123617.49352989392,0.8076923076923077,0.9736842105263158,0.7777777777777778,0.84,10,0.84,1.0
846.7560131762875,123617.49352989392,0.8076923076923077,0.9736842105263158,0.7777777777777778,0.84,10,0.84,1.0
846.7560131762875,123617.49352989392,0.8076923076923077,0.9736842105263158,0.7777777777777778,0.84,10,0.84,1.0
846.7560131762875,123617.49352989392,0.8076923076923077,0.9736842105263158,0.7777777777777778,0.84,10,0.84,1.0
846.7560131762875,123617.49352989392,0.8076923076923077,0.9736842105263158,0.7777777777777778,0.84,10,0.84,1.0
846.7560131762875,123617.49352989392,0.8076923076923077,0.9736842105263158,0.7777777777777778,0.84,10,0.84,1.0
846.7560131762875,123617.49352989392,0.8076923076923077,0.9736842105263158,0.7777777777777778,0.84,10,0.84,1.0
846.7560131762875,123617.49352989392,0.8076923076923077,0.9736842105263158,0.7777777777777778,0.84,10,0.84,1.0
846.7560131762875,123617.49352989392,0.8076923076923077,0.9736842105263158,0.7777777777777778,0.84,10,0.84,1.0
846.7560131762875,123617.49352989392,0.8076923076923077,0.9736842105263158,0.7777777777777778,0.84,10,0.84,1.0
846.7560131762875,123617.49352989392,0.8076923076923077,0.9736842105263158,0.7777777777777778,0.84,10,0.84,1.0
846.7560131762875,123617.49352989392,0.8076923076923077,0.9736842105263158,0.7777777777777778,0.84,10,0.84,1.0
846.7560131762875,123617.49352989392,0.8076923076923077,0.9736842105263158,0.7777777777777778,0.84,10,0.84,1.0
846.7560131762875,123617.49352989392,0.8076923076923077,0.9736842105263158,0.7777777777777778,0.84,10,0.84,1.0
846.7560131762875,123617.49352989392,0.8076923076923077,0.9736842105263158,0.7777777777777778,0.84,10,0.84,1.0
846.7560131762875,123617.49352989392,0.8076923076923077,0.9736842105263158,0.7777777777777778,0.84,10,0.84,1.0
846.7560131762875,123617.49352989392,0.8076923076923077,0.9736842105263158,0.7777777777777778,0.84,10,0.84,1.0
846.7560131762875,123617.49352989392,0.8076923076923077,0.9736842105263158,0.7777777777777778,0.84,10,0.84,1.0
846.7560131762875,123617.49352989392,0.8076923076923077,0.9736842105263158,0.7777777777777778,0.84,10,0.84,1.0
846.7560131762875,123617.49352989392,0.8076923076923077,0.9736842105263158,0.7777777777777778,0.84,10,0.84,1.0
846.7560131762875,123617.49352989392,0.8076923076923077,0.9736842105263158,0.7777777777777778,0.84,10,0.84,1.0
846.7560131762875,123617.49352989392,0.8076923076923077,0.9736842105263158,0.7777777777777778,0.84,10,0.84,1.0
846.7560131762875,123617.49352989392,0.8076923076923077,0.9736842105263158,0.7777777777777778,0.84,10,0.84,1.0
846.7560131762875,123617.49352989392,0.8076923076923077,0.9736842105263158,0.7777777777777778,0.84,10,0.84,1.0
846.7560131762875,123617.49352989392,0.8076923076923077,0.9736842105263158,0.7777777777777778,0.84,10,0.84,1.0
846.7560131762875,123617.49352989392,0.8076923076923077,0.9736842105263158,0.7777777777777778,0.84,10,0.84,1.0
846.7560131762875,123617.49352989392,0.8076923076923077,0.9736842105263158,0.7777777777777778,0.84,10,0.84,1.0
846.7560131762875,123617.49352989392,0.8076923076923077,0.9736842105263158,0.7777777777777778,0.84,10,0.84,1.0
846.7560131762875,123617.49352989392,0.8076923076923077,0.9736842105263158,0.7777777777777778,0.84,10,0.84,1.0
846.7560131762875,123617.49352989392,0.8076923076923077,0.9736842105263158,0.7777777777777778,0.84,10,0.84,1.0
846.7560131762875,123617.49352989392,0.8076923076923077,0.9736842105263158,0.7777777777777778,0.84,10,0.84,1.0
846.7560131762875,123617.49352989392,0.8076923076923077,0.9736842105263158,0.7777777777777778,0.84,10,0.84,1.0
846.7560131762875,123617.49352989392,0.8076923076923077,0.9736842105263158,0.7777777777777778,0.84,10,0.84,1.0
846.7560131762875,123617.49352989392,0.8076923076923077,0.9736842105263158,0.7777777777777778,0.84,10,0.84,1.0
846.7560131762875,123617.49352989392,0.8076923076923077,0.9736842105263158,0.7777777777777778,0.84,10,0.84,1.0
846.7560131762875,123617.49352989392,0.8076923076923077,0.9736842105263158,0.7777777777777778,0.84,10,0.84,1.0
846.7560131762875,123617.49352989392,0.8076923076923077,0.9736842105263158,0.7777777777777778,0.84,10,0.84,1.0
846.7560131762875,123617.49352989392,0.8076923076923077,0.9736842105263158,0.7777777777777778,0.84,10,0.84,1.0
846.7560131762875,123617.49352989392,0.8076923076923077,0.9736842105263158,0.7777777777777778,0.84,10,0.84,1.0
846.7560131762875,123617.49352989392,0.8076923076923077,0.9736842105263158,0.7777777777777778,0.84,10,0.84,1.0
846.7560131762875,123617.49352989392,0.8076923076923077,0.9736842105263158,0.7777777777777778,0.84,10,0.84,1.0
846.7560131762875,123617.49352989392,0.8076923076923077,0.9736842105263158,0.7777777777777778,0.84,10,0.84,1.0
846.7560131762875,123617.49352989392,0.8076923076923077,0.9736842105263158,0.7777777777777778,0.84,10,0.84,1.0
846.7560131762875,123617.49352989392,0.8076923076923077,0.9736842105263158,0.7777777777777778,0.84,10,0.84,1.0
846.7560131762875,123617.49352989392,0.8076923076923077,0.9736842105263158,0.7777777777777778,0.84,10,0.84,1.0
846.7560131762875,123617.49352989392,0.8076923076923077,0.9736842105263158,0.7777777777777778,0.84,10,0.84,1.0
846.7560131762875,123617.49352989392,0.8076923076923077,0.9736842105263158,0.7777777777777778,0.84,10,0.84,1.0
846.7560131762875,123617.49352989392,0.8076923076923077,0.9736842105263158,0.7777777777777778,0.84,10,0.84,1.0
846.7560131762875,123617.49352989392,0.8076923076923077,0.9736842105263158,0.7777777777777778,0.84,10,0.84,1.0
846.7560131762875,123617.49352989392,0.8076923076923077,0.9736842105263158,0.7777777777777778,0.84,10,0.84,1.0
846.7560131762875,123617.49352989392,0.8076923076923077,0.9736842105263158,0.7777777777777778,0.84,10,0.84,1.0
846.7560131762875,123617.49352989392,0.8076923076923077,0.9736842105263158,0.7777777777777778,0.84,10,0.84,1.0
846.7560131762875,123617.49352989392,0.8076923076923077,0.9736842105263158,0.7777777777777778,0.84,10,0.84,1.0
846.7560131762875,123617.49352989392,0.8076923076923077,0.9736842105263158,0.7777777777777778,0.84,10,0.84,1.0
846.7560131762875,123617.49352989392,0.8076923076923077,0.9736842105263158,0.7777777777777778,0.84,10,0.84,1.0
846.7560131762875,123617.49352989392,0.8076923076923077,0.9736842105263158,0.7777777777777778,0.84,10,0.84,1.0
846.7560131762875,123617.49352989392,0.8076923076923077,0.9736842105263158,0.7777777777777778,0.84,10,0.84,1.0
846.7560131762875,123617.49352989392,0.8076923076923077,0.9736842105263158,0.7777777777777778,0.84,10,0.84,1.0
846.7560131762875,123617.49352989392,0.8076923076923077,0.9736842105263158,0.7777777777777778,0.84,10,0.84,1.0
846.7560131762875,123617.49352989392,0.8076923076923077,0.9736842105263158,0.7777777777777778,0.84,10,0.84,1.0
846.7560131762875,123617.49352989392,0.8076923076923077,0.9736842105263158,0.7777777777777778,0.84,10,0.84,1.0
846.7560131762875,123617.49352989392,0.8076923076923077,0.9736842105263158,0.7777777777777778,0.84,10,0.84,1.0
846.7560131762875,123617.49352989392,0.8076923076923077,0.9736842105263158,0.7777777777777778,0.84,10,0.84,1.0
846.7560131762875,123617.49352989392,0.8076923076923077,0.9736842105263158,0.7777777777777778,0.84,10,0.84,1.0
846.7560131762875,123617.49352989392,0.8076923076923077,0.9736842105263158,0.7777777777777778,0.84,10,0.84,1.0
846.7560131762875,123617.49352989392,0.8076923076923077,0.9736842105263158,0.7777777777777778,0.84,10,0.84,1.0
846.7560131762875,123617.49352989392,0.8076923076923077,0.9736842105263158,0.7777777777777778,0.84,10,0.84,1.0
846.7560131762875,123617.49352989392,0.8076923076923077,0.9736842105263158,0.7777777777777778,0.84,10,0.84,1.0
846.7560131762875,123617.49352989392,0.8076923076923077,0.9736842105263158,0.7777777777777778,0.84,10,0.84,1.0
846.7560131762875,123617.49352989392,0.8076923076923077,0.9736842105263158,0.7777777777777778,0.84,10,0.84,1.0
846.7560131762875,123617.49352989392,0.8076923076923077,0.9736842105263158,0.7777777777777778,0.84,10,0.84,1.0
846.7560131762875,123617.49352989392,0.8076923076923077,0.9736842105263158,0.7777777777777778,0.84,10,0.84,1.0
846.7560131762875,123617.49352989392,0.8076923076923077,0.9736842105263158,0.7777777777777778,0.84,10,0.84,1.0
846.7560131762875,123617.49352989392,0.8076923076923077,0.9736842105263158,0.7777777777777778,0.84,10,0.84,1.0
846.7560131762875,123617.49352989392,0.8076923076923077,0.9736842105263158,0.7777777777777778,0.84,10,0.84,1.0
846.7560131762875,123617.49352989392,0.8076923076923077,0.9736842105263158,0.7777777777777778,0.84,10,0.84,1.0
846.7560131762875,123617.49352989392,0.8076923076923077,0.9736842105263158,0.7777777777777778,0.84,10,0.84,1.0
846.7560131762875,123617.49352989392,0.8076923076923077,0.9736842105263158,0.7777777777777778,0.84,10,0.84,1.0
846.7560131762875,123617.49352989392,0.8076923076923077,0.9736842105263158,0.7777777777777778,0.84,10,0.84,1.0
846.7560131762875,123617.49352989392,0.8076923076923077,0.9736842105263158,0.7777777777777778,0.84,10,0.84,1.0
846.7560131762875,123617.49352989392,0.8076923076923077,0.9736842105263158,0.7777777777777778,0.84,10,0.84,1.0
846.7560131762875,123617.49352989392,0.8076923076923077,0.9736842105263158,0.7777777777777778,0.84,10,0.84,1.0
846.7560131762875,123617.49352989392,0.8076923076923077,0.9736842105263158,0.7777777777777778,0.84,10,0.84,1.0
846.7560131762875,123617.49352989392,0.8076923076923077,0.9736842105263158,0.7777777777777778,0.84,10,0.84,1.0
846.7560131762875,123617.49352989392,0.8076923076923077,0.9736842105263158,0.7777777777777778,0.84,10,0.84,1.0
846.7560131762875,123617.49352989392,0.8076923076923077,0.9736842105263158,0.7777777777777778,0.84,10,0.84,1.0
846.7560131762875,123617.49352989392,0.8076923076923077,0.9736842105263158,0.7777777777777778,0.84,10,0.84,1.0
846.7560131762875,123617.49352989392,0.8076923076923077,0.9736842105263158,0.7777777777777778,0.84,10,0.84,1.0
846.7560131762875,123617.49352989392,0.8076923076923077,0.9736842105263158,0.7777777777777778,0.84,10,0.84,1.0
846.7560131762875,123617.49352989392,0.8076923076923077,0.9736842105263158,0.7777777777777778,0.84,10,0.84,1.0
846.7560131762875,123617.49352989392,0.8076923076923077,0.9736842105263158,0.7777777777777778,0.84,10,0.84,1.0
846.7560131762875,123617.49352989392,0.8076923076923077,0.9736842105263158,0.7777777777777778,0.84,10,0.84,1.0
846.7560131762875,123617.49352989392,0.8076923076923077,0.9736842105263158,0.7777777777777778,0.84,10,0.84,1.0
846.7560131762875,123617.49352989392,0.8076923076923077,0.9736842105263158,0.7777777777777778,0.84,10,0.84,1.0
846.7560131762875,123617.49352989392,0.8076923076923077,0.9736842105263158,0.7777777777777778,0.84,10,0.84,1.0
846.7560131762875,123617.49352989392,0.8076923076923077,0.9736842105263158,0.7777777777777778,0.84,10,0.84,1.0
846.7560131762875,123617.49352989392,0.8076923076923077,0.9736842105263158,0.7777777777777778,0.84,10,0.84,1.0
846.7560131762875,123617.49352989392,0.8076923076923077,0.9736842105263158,0.7777777777777778,0.84,10,0.84,1.0
846.7560131762875,123617.49352989392,0.8076923076923077,0.9736842105263158,0.7777777777777778,0.84,10,0.84,1.0
846.7560131762875,123617.49352989392,0.8076923076923077,0.9736842105263158,0.7777777777777778,0.84,10,0.84,1.0
846.7560131762875,123617.49352989392,0.8076923076923077,0.9736842105263158,0.7777777777777778,0.84,10,0.84,1.0
846.7560131762875,123617.49352989392,0.8076923076923077,0.9736842105263158,0.7777777777777778,0.84,10,0.84,1.0
846.7560131762875,123617.49352989392,0.8076923076923077,0.9736842105263158,0.7777777777777778,0.84,10,0.84,1.0
846.7560131762875,123617.49352989392,0.8076923076923077,0.9736842105263158,0.7777777777777778,0.84,10,0.84,1.0
846.7560131762875,123617.49352989392,0.8076923076923077,0.9736842105263158,0.7777777777777778,0.84,10,0.84,1.0
846.7560131762875,123617.49352989392,0.8076923076923077,0.9736842105263158,0.7777777777777778,0.84,10,0.84,1.0
846.7560131762875,123617.49352989392,0.8076923076923077,0.9736842105263158,0.7777777777777778,0.84,10,0.84,1.0
846.7560131762875,123617.49352989392,0.8076923076923077,0.9736842105263158,0.7777777777777778,0.84,10,0.84,1.0
846.7560131762875,123617.49352989392,0.8076923076923077,0.9736842105263158,0.7777777777777778,0.84,10,0.84,1.0
846.7560131762875,123617.49352989392,0.8076923076923077,0.9736842105263158,0.7777777777777778,0.84,10,0.84,1.0
846.7560131762875,123617.49352989392,0.8076923076923077,0.9736842105263158,0.7777777777777778,0.84,10,0.84,1.0
846.7560131762875,123617.49352989392,0.8076923076923077,0.9736842105263158,0.7777777777777778,0.84,10,0.84,1.0
846.7560131762875,123617.49352989392,0.8076923076923077,0.9736842105263158,0.7777777777777778,0.84,10,0.84,1.0
846.7560131762875,123617.49352989392,0.8076923076923077,0.9736842105263158,0.7777777777777778,0.84,10,0.84,1.0
846.7560131762875,123617.49352989392,0.8076923076923077,0.9736842105263158,0.7777777777777778,0.84,10,0.84,1.0
846.7560131762875,123617.49352989392,0.8076923076923077,0.9736842105263158,0.7777777777777778,0.84,10,0.84,1.0
846.7560131762875,123617.49352989392,0.8076923076923077,0.9736842105263158,0.7777777777777778,0.84,10,0.84,1.0
846.7560131762875,123617.49352989392,0.8076923076923077,0.9736842105263158,0.7777777777777778,0.84,10,0.84,1.0
846.7560131762875,123617.49352989392,0.8076923076923077,0.9736842105263158,0.7777777777777778,0.84,10,0.84,1.0
846.7560131762875,123617.49352989392,0.8076923076923077,0.9736842105263158,0.7777777777777778,0.84,10,0.84,1.0
846.7560131762875,123617.49352989392,0.8076923076923077,0.9736842105263158,0.7777777777777778,0.84,10,0.84,1.0
846.7560131762875,123617.49352989392,0.8076923076923077,0.9736842105263158,0.7777777777777778,0.84,10,0.84,1.0
846.7560131762875,123617.49352989392,0.8076923076923077,0.9736842105263158,0.7777777777777778,0.84,10,0.84,1.0
846.7560131762875,123617.49352989392,0.8076923076923077,0.9736842105263158,0.7777777777777778,0.84,10,0.84,1.0
846.7560131762875,123617.49352989392,0.8076923076923077,0.9736842105263158,0.7777777777777778,0.84,10,0.84,1.0
846.7560131762875,123617.49352989392,0.8076923076923077,0.9736842105263158,0.7777777777777778,0.84,10,0.84,1.0
846.7560131762875,123617.49352989392,0.8076923076923077,0.9736842105263158,0.7777777777777778,0.84,10,0.84,1.0
846.7560131762875,123617.49352989392,0.8076923076923077,0.9736842105263158,0.7777777777777778,0.84,10,0.84,1.0
846.7560131762875,123617.49352989392,0.8076923076923077,0.9736842105263158,0.7777777777777778,0.84,10,0.84,1.0
846.7560131762875,123617.49352989392,0.8076923076923077,0.9736842105263158,0.7777777777777778,0.84,10,0.84,1.0
846.7560131762875,123617.49352989392,0.8076923076923077,0.9736842105263158,0.7777777777777778,0.84,10,0.84,1.0
846.7560131762875,123617.49352989392,0.8076923076923077,0.9736842105263158,0.7777777777777778,0.84,10,0.84,1.0
846.7560131762875,123617.49352989392,0.8076923076923077,0.9736842105263158,0.7777777777777778,0.84,10,0.84,1.0
846.7560131762875,123617.49352989392,0.8076923076923077,0.9736842105263158,0.7777777777777778,0.84,10,0.84,1.0
846.7560131762875,123617.49352989392,0.8076923076923077,0.9736842105263158,0.7777777777777778,0.84,10,0.84,1.0
846.7560131762875,123617.49352989392,0.8076923076923077,0.9736842105263158,0.7777777777777778,0.84,10,0.84,1.0
846.7560131762875,123617.49352989392,0.8076923076923077,0.9736842105263158,0.7777777777777778,0.84,10,0.84,1.0
846.7560131762875,123617.49352989392,0.8076923076923077,0.9736842105263158,0.7777777777777778,0.84,10,0.84,1.0
846.7560131762875,123617.49352989392,0.8076923076923077,0.9736842105263158,0.7777777777777778,0.84,10,0.84,1.0
846.7560131762875,123617.49352989392,0.8076923076923077,0.9736842105263158,0.7777777777777778,0.84,10,0.84,1.0
846.7560131762875,123617.49352989392,0.8076923076923077,0.9736842105263158,0.7777777777777778,0.84,10,0.84,1.0
846.7560131762875,123617.49352989392,0.8076923076923077,0.9736842105263158,0.7777777777777778,0.84,10,0.84,1.0
846.7560131762875,123617.49352989392,0.8076923076923077,0.9736842105263158,0.7777777777777778,0.84,10,0.84,1.0
846.7560131762875,123617.49352989392,0.8076923076923077,0.9736842105263158,0.7777777777777778,0.84,10,0.84,1.0
846.7560131762875,123617.49352989392,0.8076923076923077,0.9736842105263158,0.7777777777777778,0.84,10,0.84,1.0
846.7560131762875,123617.49352989392,0.8076923076923077,0.9736842105263158,0.7777777777777778,0.84,10,0.84,1.0
846.7560131762875,123617.49352989392,0.8076923076923077,0.9736842105263158,0.7777777777777778,0.84,10,0.84,1.0
846.7560131762875,123617.49352989392,0.8076923076923077,0.9736842105263158,0.7777777777777778,0.84,10,0.84,1.0
846.7560131762875,123617.49352989392,0.8076923076923077,0.9736842105263158,0.7777777777777778,0.84,10,0.84,1.0
846.7560131762875,123617.49352989392,0.8076923076923077,0.9736842105263158,0.7777777777777778,0.84,10,0.84,1.0
846.7560131762875,123617.49352989392,0.8076923076923077,0.9736842105263158,0.7777777777777778,0.84,10,0.84,1.0
846.7560131762875,123617.49352989392,0.8076923076923077,0.9736842105263158,0.7777777777777778,0.84,10,0.84,1.0
846.7560131762875,123617.49352989392,0.8076923076923077,0.9736842105263158,0.7777777777777778,0.84,10,0.84,1.0
846.7560131762875,123617.49352989392,0.8076923076923077,0.9736842105263158,0.7777777777777778,0.84,10,0.84,1.0
846.7560131762875,123617.49352989392,0.8076923076923077,0.9736842105263158,0.7777777777777778,0.84,10,0.84,1.0
846.7560131762875,123617.49352989392,0.8076923076923077,0.9736842105263158,0.7777777777777778,0.84,10,0.84,1.0
846.7560131762875,123617.49352989392,0.8076923076923077,0.9736842105263158,0.7777777777777778,0.84,10,0.84,1.0
846.7560131762875,123617.49352989392,0.8076923076923077,0.9736842105263158,0.7777777777777778,0.84,10,0.84,1.0
846.7560131762875,123617.49352989392,0.8076923076923077,0.9736842105263158,0.7777777777777778,0.84,10,0.84,1.0
846.7560131762875,123617.49352989392,0.8076923076923077,0.9736842105263158,0.7777777777777778,0.84,10,0.84,1.0
846.7560131762875,123617.49352989392,0.8076923076923077,0.9736842105263158,0.7777777777777778,0.84,10,0.84,1.0
846.7560131762875,123617.49352989392,0.8076923076923077,0.9736842105263158,0.7777777777777778,0.84,10,0.84,1.0
846.7560131762875,123617.49352989392,0.8076923076923077,0.9736842105263158,0.7777777777777778,0.84,10,0.84,1.0
846.7560131762875,123617.49352989392,0.8076923076923077,0.9736842105263158,0.7777777777777778,0.84,10,0.84,1.0
846.7560131762875,123617.49352989392,0.8076923076923077,0.9736842105263158,0.7777777777777778,0.84,10,0.84,1.0
846.7560131762875,123617.49352989392,0.8076923076923077,0.9736842105263158,0.7777777777777778,0.84,10,0.84,1.0
846.7560131762875,123617.49352989392,0.8076923076923077,0.9736842105263158,0.7777777777777778,0.84,10,0.84,1.0
846.7560131762875,123617.49352989392,0.8076923076923077,0.9736842105263158,0.7777777777777778,0.84,10,0.84,1.0
846.7560131762875,123617.49352989392,0.8076923076923077,0.9736842105263158,0.7777777777777778,0.84,10,0.84,1.0
846.7560131762875,123617.49352989392,0.8076923076923077,0.9736842105263158,0.7777777777777778,0.84,10,0.84,1.0
846.7560131762875,123617.49352989392,0.8076923076923077,0.9736842105263158,0.7777777777777778,0.84,10,0.84,1.0
846.7560131762875,123617.49352989392,0.8076923076923077,0.9736842105263158,0.7777777777777778,0.84,10,0.84,1.0
846.7560131762875,123617.49352989392,0.8076923076923077,0.9736842105263158,0.7777777777777778,0.84,10,0.84,1.0
846.7560131762875,123617.49352989392,0.8076923076923077,0.9736842105263158,0.7777777777777778,0.84,10,0.84,1.0
846.7560131762875,123617.49352989392,0.8076923076923077,0.9736842105263158,0.7777777777777778,0.84,10,0.84,1.0
846.7560131762875,123617.49352989392,0.8076923076923077,0.9736842105263158,0.7777777777777778,0.84,10,0.84,1.0
846.7560131762875,123617.49352989392,0.8076923076923077,0.9736842105263158,0.7777777777777778,0.84,10,0.84,1.0
846.7560131762875,123617.49352989392,0.8076923076923077,0.9736842105263158,0.7777777777777778,0.84,10,0.84,1.0
846.7560131762875,123617.49352989392,0.8076923076923077,0.9736842105263158,0.7777777777777778,0.84,10,0.84,1.0
846.7560131762875,123617.49352989392,0.8076923076923077,0.9736842105263158,0.7777777777777778,0.84,10,0.84,1.0
846.7560131762875,123617.49352989392,0.8076923076923077,0.9736842105263158,0.7777777777777778,0.84,10,0.84,1.0
846.7560131762875,123617.49352989392,0.8076923076923077,0.9736842105263158,0.7777777777777778,0.84,10,0.84,1.0
846.7560131762875,123617.49352989392,0.8076923076923077,0.9736842105263158,0.7777777777777778,0.84,10,0.84,1.0
846.7560131762875,123617.49352989392,0.8076923076923077,0.9736842105263158,0.7777777777777778,0.84,10,0.84,1.0
846.7560131762875,123617.49352989392,0.8076923076923077,0.9736842105263158,0.7777777777777778,0.84,10,0.84,1.0
846.7560131762875,123617.49352989392,0.8076923076923077,0.9736842105263158,0.7777777777777778,0.84,10,0.84,1.0
846.7560131762875,123617.49352989392,0.8076923076923077,0.9736842105263158,0.7777777777777778,0.84,10,0.84,1.0
846.7560131762875,123617.49352989392,0.8076923076923077,0.9736842105263158,0.7777777777777778,0.84,10,0.84,1.0
846.7560131762875,123617.49352989392,0.8076923076923077,0.9736842105263158,0.7777777777777778,0.84,10,0.84,1.0
846.7560131762875,123617.49352989392,0.8076923076923077,0.9736842105263158,0.7777777777777778,0.84,10,0.84,1.0
846.7560131762875,123617.49352989392,0.8076923076923077,0.9736842105263158,0.7777777777777778,0.84,10,0.84,1.0
846.7560131762875,123617.49352989392,0.8076923076923077,0.9736842105263158,0.7777777777777778,0.84,10,0.84,1.0
846.7560131762875,123617.49352989392,0.8076923076923077,0.9736842105263158,0.7777777777777778,0.84,10,0.84,1.0
846.7560131762875,123617.49352989392,0.8076923076923077,0.9736842105263158,0.7777777777777778,0.84,10,0.84,1.0
846.7560131762875,123617.49352989392,0.8076923076923077,0.9736842105263158,0.7777777777777778,0.84,10,0.84,1.0
846.7560131762875,123617.49352989392,0.8076923076923077,0.9736842105263158,0.7777777777777778,0.84,10,0.84,1.0
846.7560131762875,123617.49352989392,0.8076923076923077,0.9736842105263158,0.7777777777777778,0.84,10,0.84,1.0
846.7560131762875,123617.49352989392,0.8076923076923077,0.9736842105263158,0.7777777777777778,0.84,10,0.84,1.0
846.7560131762875,123617.49352989392,0.8076923076923077,0.9736842105263158,0.7777777777777778,0.84,10,0.84,1.0
846.7560131762875,123617.49352989392,0.8076923076923077,0.9736842105263158,0.7777777777777778,0.84,10,0.84,1.0
846.7560131762875,123617.49352989392,0.8076923076923077,0.9736842105263158,0.7777777777777778,0.84,10,0.84,1.0
846.7560131762875,123617.49352989392,0.8076923076923077,0.9736842105263158,0.7777777777777778,0.84,10,0.84,1.0
846.7560131762875,123617.49352989392,0.8076923076923077,0.9736842105263158,0.7777777777777778,0.84,10,0.84,1.0
846.7560131762875,123617.49352989392,0.8076923076923077,0.9736842105263158,0.7777777777777778,0.84,10,0.84,1.0
846.7560131762875,123617.49352989392,0.8076923076923077,0.9736842105263158,0.7777777777777778,0.84,10,0.84,1.0
846.7560131762875,123617.49352989392,0.8076923076923077,0.9736842105263158,0.7777777777777778,0.84,10,0.84,1.0
846.7560131762875,123617.49352989392,0.8076923076923077,0.9736842105263158,0.7777777777777778,0.84,10,0.84,1.0
846.7560131762875,123617.49352989392,0.8076923076923077,0.9736842105263158,0.7777777777777778,0.84,10,0.84,1.0
846.7560131762875,123617.49352989392,0.8076923076923077,0.9736842105263158,0.7777777777777778,0.84,10,0.84,1.0
846.7560131762875,123617.49352989392,0.8076923076923077,0.9736842105263158,0.7777777777777778,0.84,10,0.84,1.0
846.7560131762875,123617.49352989392,0.8076923076923077,0.9736842105263158,0.7777777777777778,0.84,10,0.84,1.0
846.7560131762875,123617.49352989392,0.8076923076923077,0.9736842105263158,0.7777777777777778,0.84,10,0.84,1.0
846.7560131762875,123617.49352989392,0.8076923076923077,0.9736842105263158,0.7777777777777778,0.84,10,0.84,1.0
846.7560131762875,123617.49352989392,0.8076923076923077,0.9736842105263158,0.7777777777777778,0.84,10,0.84,1.0
846.7560131762875,123617.49352989392,0.8076923076923077,0.9736842105263158,0.7777777777777778,0.84,10,0.84,1.0
846.7560131762875,123617.49352989392,0.8076923076923077,0.9736842105263158,0.7777777777777778,0.84,10,0.84,1.0
846.7560131762875,123617.49352989392,0.8076923076923077,0.9736842105263158,0.7777777777777778,0.84,10,0.84,1.0
846.7560131762875,123617.49352989392,0.8076923076923077,0.9736842105263158,0.7777777777777778,0.84,10,0.84,1.0
846.7560131762875,123617.49352989392,0.8076923076923077,0.9736842105263158,0.7777777777777778,0.84,10,0.84,1.0
846.7560131762875,123617.49352989392,0.8076923076923077,0.9736842105263158,0.7777777777777778,0.84,10,0.84,1.0
846.7560131762875,123617.49352989392,0.8076923076923077,0.9736842105263158,0.7777777777777778,0.84,10,0.84,1.0
846.7560131762875,123617.49352989392,0.8076923076923077,0.9736842105263158,0.7777777777777778,0.84,10,0.84,1.0
846.7560131762875,123617.49352989392,0.8076923076923077,0.9736842105263158,0.7777777777777778,0.84,10,0.84,1.0
846.7560131762875,123617.49352989392,0.8076923076923077,0.9736842105263158,0.7777777777777778,0.84,10,0.84,1.0
846.7560131762875,123617.49352989392,0.8076923076923077,0.9736842105263158,0.7777777777777778,0.84,10,0.84,1.0
846.7560131762875,123617.49352989392,0.8076923076923077,0.9736842105263158,0.7777777777777778,0.84,10,0.84,1.0
846.7560131762875,123617.49352989392,0.8076923076923077,0.9736842105263158,0.7777777777777778,0.84,10,0.84,1.0
846.7560131762875,123617.49352989392,0.8076923076923077,0.9736842105263158,0.7777777777777778,0.84,10,0.84,1.0
846.7560131762875,123617.49352989392,0.8076923076923077,0.9736842105263158,0.7777777777777778,0.84,10,0.84,1.0
846.7560131762875,123617.49352989392,0.8076923076923077,0.9736842105263158,0.7777777777777778,0.84,10,0.84,1.0
846.7560131762875,123617.49352989392,0.8076923076923077,0.9736842105263158,0.7777777777777778,0.84,10,0.84,1.0
846.7560131762875,123617.49352989392,0.8076923076923077,0.9736842105263158,0.7777777777777778,0.84,10,0.84,1.0
846.7560131762875,123617.49352989392,0.8076923076923077,0.9736842105263158,0.7777777777777778,0.84,10,0.84,1.0
846.7560131762875,123617.49352989392,0.8076923076923077,0.9736842105263158,0.7777777777777778,0.84,10,0.84,1.0
846.7560131762875,123617.49352989392,0.8076923076923077,0.9736842105263158,0.7777777777777778,0.84,10,0.84,1.0
846.7560131762875,123617.49352989392,0.8076923076923077,0.9736842105263158,0.7777777777777778,0.84,10,0.84,1.0
846.7560131762875,123617.49352989392,0.8076923076923077,0.9736842105263158,0.7777777777777778,0.84,10,0.84,1.0
846.7560131762875,123617.49352989392,0.8076923076923077,0.9736842105263158,0.7777777777777778,0.84,10,0.84,1.0
846.7560131762875,123617.49352989392,0.8076923076923077,0.9736842105263158,0.7777777777777778,0.84,10,0.84,1.0
846.7560131762875,123617.49352989392,0.8076923076923077,0.9736842105263158,0.7777777777777778,0.84,10,0.84,1.0
846.7560131762875,123617.49352989392,0.8076923076923077,0.9736842105263158,0.7777777777777778,0.84,10,0.84,1.0
846.7560131762875,123617.49352989392,0.8076923076923077,0.9736842105263158,0.7777777777777778,0.84,10,0.84,1.0
846.7560131762875,123617.49352989392,0.8076923076923077,0.9736842105263158,0.7777777777777778,0.84,10,0.84,1.0
846.7560131762875,123617.49352989392,0.8076923076923077,0.9736842105263158,0.7777777777777778,0.84,10,0.84,1.0
846.7560131762875,123617.49352989392,0.8076923076923077,0.9736842105263158,0.7777777777777778,0.84,10,0.84,1.0
846.7560131762875,123617.49352989392,0.8076923076923077,0.9736842105263158,0.7777777777777778,0.84,10,0.84,1.0
846.7560131762875,123617.49352989392,0.8076923076923077,0.9736842105263158,0.7777777777777778,0.84,10,0.84,1.0
846.7560131762875,123617.49352989392,0.8076923076923077,0.9736842105263158,0.7777777777777778,0.84,10,0.84,1.0
846.7560131762875,123617.49352989392,0.8076923076923077,0.9736842105263158,0.7777777777777778,0.84,10,0.84,1.0
846.7560131762875,123617.49352989392,0.8076923076923077,0.9736842105263158,0.7777777777777778,0.84,10,0.84,1.0
846.7560131762875,123617.49352989392,0.8076923076923077,0.9736842105263158,0.7777777777777778,0.84,10,0.84,1.0
846.7560131762875,123617.49352989392,0.8076923076923077,0.9736842105263158,0.7777777777777778,0.84,10,0.84,1.0
846.7560131762875,123617.49352989392,0.8076923076923077,0.9736842105263158,0.7777777777777778,0.84,10,0.84,1.0
846.7560131762875,123617.49352989392,0.8076923076923077,0.9736842105263158,0.7777777777777778,0.84,10,0.84,1.0
846.7560131762875,123617.49352989392,0.8076923076923077,0.9736842105263158,0.7777777777777778,0.84,10,0.84,1.0
846.7560131762875,123617.49352989392,0.8076923076923077,0.9736842105263158,0.7777777777777778,0.84,10,0.84,1.0
846.7560131762875,123617.49352989392,0.8076923076923077,0.9736842105263158,0.7777777777777778,0.84,10,0.84,1.0
846.7560131762875,123617.49352989392,0.8076923076923077,0.9736842105263158,0.7777777777777778,0.84,10,0.84,1.0
846.7560131762875,123617.49352989392,0.8076923076923077,0.9736842105263158,0.7777777777777778,0.84,10,0.84,1.0
846.7560131762875,123617.49352989392,0.8076923076923077,0.9736842105263158,0.7777777777777778,0.84,10,0.84,1.0
846.7560131762875,123617.49352989392,0.8076923076923077,0.9736842105263158,0.7777777777777778,0.84,10,0.84,1.0
846.7560131762875,123617.49352989392,0.8076923076923077,0.9736842105263158,0.7777777777777778,0.84,10,0.84,1.0
846.7560131762875,123617.49352989392,0.8076923076923077,0.9736842105263158,0.7777777777777778,0.84,10,0.84,1.0
846.7560131762875,123617.49352989392,0.8076923076923077,0.9736842105263158,0.7777777777777778,0.84,10,0.84,1.0
846.7560131762875,123617.49352989392,0.8076923076923077,0.9736842105263158,0.7777777777777778,0.84,10,0.84,1.0
846.7560131762875,123617.49352989392,0.8076923076923077,0.9736842105263158,0.7777777777777778,0.84,10,0.84,1.0
846.7560131762875,123617.49352989392,0.8076923076923077,0.9736842105263158,0.7777777777777778,0.84,10,0.84,1.0
846.7560131762875,123617.49352989392,0.8076923076923077,0.9736842105263158,0.7777777777777778,0.84,10,0.84,1.0
846.7560131762875,123617.49352989392,0.8076923076923077,0.9736842105263158,0.7777777777777778,0.84,10,0.84,1.0
846.7560131762875,123617.49352989392,0.8076923076923077,0.9736842105263158,0.7777777777777778,0.84,10,0.84,1.0
846.7560131762875,123617.49352989392,0.8076923076923077,0.9736842105263158,0.7777777777777778,0.84,10,0.84,1.0
846.7560131762875,123617.49352989392,0.8076923076923077,0.9736842105263158,0.7777777777777778,0.84,10,0.84,1.0
846.7560131762875,123617.49352989392,0.8076923076923077,0.9736842105263158,0.7777777777777778,0.84,10,0.84,1.0
846.7560131762875,123617.49352989392,0.8076923076923077,0.9736842105263158,0.7777777777777778,0.84,10,0.84,1.0
846.7560131762875,123617.49352989392,0.8076923076923077,0.9736842105263158,0.7777777777777778,0.84,10,0.84,1.0
846.7560131762875,123617.49352989392,0.8076923076923077,0.9736842105263158,0.7777777777777778,0.84,10,0.84,1.0
846.7560131762875,123617.49352989392,0.8076923076923077,0.9736842105263158,0.7777777777777778,0.84,10,0.84,1.0
846.7560131762875,123617.49352989392,0.8076923076923077,0.9736842105263158,0.7777777777777778,0.84,10,0.84,1.0
846.7560131762875,123617.49352989392,0.8076923076923077,0.9736842105263158,0.7777777777777778,0.84,10,0.84,1.0
846.7560131762875,123617.49352989392,0.8076923076923077,0.9736842105263158,0.7777777777777778,0.84,10,0.84,1.0
846.7560131762875,123617.49352989392,0.8076923076923077,0.9736842105263158,0.7777777777777778,0.84,10,0.84,1.0
846.7560131762875,123617.49352989392,0.8076923076923077,0.9736842105263158,0.7777777777777778,0.84,10,0.84,1.0
846.7560131762875,123617.49352989392,0.8076923076923077,0.9736842105263158,0.7777777777777778,0.84,10,0.84,1.0
846.7560131762875,123617.49352989392,0.8076923076923077,0.9736842105263158,0.7777777777777778,0.84,10,0.84,1.0
846.7560131762875,123617.49352989392,0.8076923076923077,0.9736842105263158,0.7777777777777778,0.84,10,0.84,1.0
846.7560131762875,123617.49352989392,0.8076923076923077,0.9736842105263158,0.7777777777777778,0.84,10,0.84,1.0
846.7560131762875,123617.49352989392,0.8076923076923077,0.9736842105263158,0.7777777777777778,0.84,10,0.84,1.0
846.7560131762875,123617.49352989392,0.8076923076923077,0.9736842105263158,0.7777777777777778,0.84,10,0.84,1.0
846.7560131762875,123617.49352989392,0.8076923076923077,0.9736842105263158,0.7777777777777778,0.84,10,0.84,1.0
846.7560131762875,123617.49352989392,0.8076923076923077,0.9736842105263158,0.7777777777777778,0.84,10,0.84,1.0
846.7560131762875,123617.49352989392,0.8076923076923077,0.9736842105263158,0.7777777777777778,0.84,10,0.84,1.0
846.7560131762875,123617.49352989392,0.8076923076923077,0.9736842105263158,0.7777777777777778,0.84,10,0.84,1.0
846.7560131762875,123617.49352989392,0.8076923076923077,0.9736842105263158,0.7777777777777778,0.84,10,0.84,1.0
846.7560131762875,123617.49352989392,0.8076923076923077,0.9736842105263158,0.7777777777777778,0.84,10,0.84,1.0
846.7560131762875,123617.49352989392,0.8076923076923077,0.9736842105263158,0.7777777777777778,0.84,10,0.84,1.0
846.7560131762875,123617.49352989392,0.8076923076923077,0.9736842105263158,0.7777777777777778,0.84,10,0.84,1.0
846.7560131762875,123617.49352989392,0.8076923076923077,0.9736842105263158,0.7777777777777778,0.84,10,0.84,1.0
846.7560131762875,123617.49352989392,0.8076923076923077,0.9736842105263158,0.7777777777777778,0.84,10,0.84,1.0
846.7560131762875,123617.49352989392,0.8076923076923077,0.9736842105263158,0.7777777777777778,0.84,10,0.84,1.0
846.7560131762875,123617.49352989392,0.8076923076923077,0.9736842105263158,0.7777777777777778,0.84,10,0.84,1.0
846.7560131762875,123617.49352989392,0.8076923076923077,0.9736842105263158,0.7777777777777778,0.84,10,0.84,1.0
846.7560131762875,123617.49352989392,0.8076923076923077,0.9736842105263158,0.7777777777777778,0.84,10,0.84,1.0
846.7560131762875,123617.49352989392,0.8076923076923077,0.9736842105263158,0.7777777777777778,0.84,10,0.84,1.0
846.7560131762875,123617.49352989392,0.8076923076923077,0.9736842105263158,0.7777777777777778,0.84,10,0.84,1.0
846.7560131762875,123617.49352989392,0.8076923076923077,0.9736842105263158,0.7777777777777778,0.84,10,0.84,1.0
846.7560131762875,123617.49352989392,0.8076923076923077,0.9736842105263158,0.7777777777777778,0.84,10,0.84,1.0
846.7560131762875,123617.49352989392,0.8076923076923077,0.9736842105263158,0.7777777777777778,0.84,10,0.84,1.0
846.7560131762875,123617.49352989392,0.8076923076923077,0.9736842105263158,0.7777777777777778,0.84,10,0.84,1.0
846.7560131762875,123617.49352989392,0.8076923076923077,0.9736842105263158,0.7777777777777778,0.84,10,0.84,1.0
846.7560131762875,123617.49352989392,0.8076923076923077,0.9736842105263158,0.7777777777777778,0.84,10,0.84,1.0
846.7560131762875,123617.49352989392,0.8076923076923077,0.9736842105263158,0.7777777777777778,0.84,10,0.84,1.0
846.7560131762875,123617.49352989392,0.8076923076923077,0.9736842105263158,0.7777777777777778,0.84,10,0.84,1.0
846.7560131762875,123617.49352989392,0.8076923076923077,0.9736842105263158,0.7777777777777778,0.84,10,0.84,1.0
846.7560131762875,123617.49352989392,0.8076923076923077,0.9736842105263158,0.7777777777777778,0.84,10,0.84,1.0
846.7560131762875,123617.49352989392,0.8076923076923077,0.9736842105263158,0.7777777777777778,0.84,10,0.84,1.0
846.7560131762875,123617.49352989392,0.8076923076923077,0.9736842105263158,0.7777777777777778,0.84,10,0.84,1.0
846.7560131762875,123617.49352989392,0.8076923076923077,0.9736842105263158,0.7777777777777778,0.84,10,0.84,1.0
846.7560131762875,123617.49352989392,0.8076923076923077,0.9736842105263158,0.7777777777777778,0.84,10,0.84,1.0
846.7560131762875,123617.49352989392,0.8076923076923077,0.9736842105263158,0.7777777777777778,0.84,10,0.84,1.0
846.7560131762875,123617.49352989392,0.8076923076923077,0.9736842105263158,0.7777777777777778,0.84,10,0.84,1.0
846.7560131762875,123617.49352989392,0.8076923076923077,0.9736842105263158,0.7777777777777778,0.84,10,0.84,1.0
846.7560131762875,123617.49352989392,0.8076923076923077,0.9736842105263158,0.7777777777777778,0.84,10,0.84,1.0
846.7560131762875,123617.49352989392,0.8076923076923077,0.9736842105263158,0.7777777777777778,0.84,10,0.84,1.0
846.7560131762875,123617.49352989392,0.8076923076923077,0.9736842105263158,0.7777777777777778,0.84,10,0.84,1.0
846.7560131762875,123617.49352989392,0.8076923076923077,0.9736842105263158,0.7777777777777778,0.84,10,0.84,1.0
846.7560131762875,123617.49352989392,0.8076923076923077,0.9736842105263158,0.7777777777777778,0.84,10,0.84,1.0
846.7560131762875,123617.49352989392,0.8076923076923077,0.9736842105263158,0.7777777777777778,0.84,10,0.84,1.0
846.7560131762875,123617.49352989392,0.8076923076923077,0.9736842105263158,0.7777777777777778,0.84,10,0.84,1.0
846.7560131762875,123617.49352989392,0.8076923076923077,0.9736842105263158,0.7777777777777778,0.84,10,0.84,1.0
846.7560131762875,123617.49352989392,0.8076923076923077,0.9736842105263158,0.7777777777777778,0.84,10,0.84,1.0
846.7560131762875,123617.49352989392,0.8076923076923077,0.9736842105263158,0.7777777777777778,0.84,10,0.84,1.0
846.7560131762875,123617.49352989392,0.8076923076923077,0.9736842105263158,0.7777777777777778,0.84,10,0.84,1.0
846.7560131762875,123617.49352989392,0.8076923076923077,0.9736842105263158,0.7777777777777778,0.84,10,0.84,1.0
846.7560131762875,123617.49352989392,0.8076923076923077,0.9736842105263158,0.7777777777777778,0.84,10,0.84,1.0
846.7560131762875,123617.49352989392,0.8076923076923077,0.9736842105263158,0.7777777777777778,0.84,10,0.84,1.0
846.7560131762875,123617.49352989392,0.8076923076923077,0.9736842105263158,0.7777777777777778,0.84,10,0.84,1.0
846.7560131762875,123617.49352989392,0.8076923076923077,0.9736842105263158,0.7777777777777778,0.84,10,0.84,1.0
846.7560131762875,123617.49352989392,0.8076923076923077,0.9736842105263158,0.7777777777777778,0.84,10,0.84,1.0
846.7560131762875,123617.49352989392,0.8076923076923077,0.9736842105263158,0.7777777777777778,0.84,10,0.84,1.0
846.7560131762875,123617.49352989392,0.8076923076923077,0.9736842105263158,0.7777777777777778,0.84,10,0.84,1.0
846.7560131762875,123617.49352989392,0.8076923076923077,0.9736842105263158,0.7777777777777778,0.84,10,0.84,1.0
846.7560131762875,123617.49352989392,0.8076923076923077,0.9736842105263158,0.7777777777777778,0.84,10,0.84,1.0
846.7560131762875,123617.49352989392,0.8076923076923077,0.9736842105263158,0.7777777777777778,0.84,10,0.84,1.0
846.7560131762875,123617.49352989392,0.8076923076923077,0.9736842105263158,0.7777777777777778,0.84,10,0.84,1.0
846.7560131762875,123617.49352989392,0.8076923076923077,0.9736842105263158,0.7777777777777778,0.84,10,0.84,1.0
846.7560131762875,123617.49352989392,0.8076923076923077,0.9736842105263158,0.7777777777777778,0.84,10,0.84,1.0
846.7560131762875,123617.49352989392,0.8076923076923077,0.9736842105263158,0.7777777777777778,0.84,10,0.84,1.0
846.7560131762875,123617.49352989392,0.8076923076923077,0.9736842105263158,0.7777777777777778,0.84,10,0.84,1.0
846.7560131762875,123617.49352989392,0.8076923076923077,0.9736842105263158,0.7777777777777778,0.84,10,0.84,1.0
846.7560131762875,123617.49352989392,0.8076923076923077,0.9736842105263158,0.7777777777777778,0.84,10,0.84,1.0
846.7560131762875,123617.49352989392,0.8076923076923077,0.9736842105263158,0.7777777777777778,0.84,10,0.84,1.0
846.7560131762875,123617.49352989392,0.8076923076923077,0.9736842105263158,0.7777777777777778,0.84,10,0.84,1.0
846.7560131762875,123617.49352989392,0.8076923076923077,0.9736842105263158,0.7777777777777778,0.84,10,0.84,1.0
846.7560131762875,123617.49352989392,0.8076923076923077,0.9736842105263158,0.7777777777777778,0.84,10,0.84,1.0
846.7560131762875,123617.49352989392,0.8076923076923077,0.9736842105263158,0.7777777777777778,0.84,10,0.84,1.0
846.7560131762875,123617.49352989392,0.8076923076923077,0.9736842105263158,0.7777777777777778,0.84,10,0.84,1.0
846.7560131762875,123617.49352989392,0.8076923076923077,0.9736842105263158,0.7777777777777778,0.84,10,0.84,1.0
846.7560131762875,123617.49352989392,0.8076923076923077,0.9736842105263158,0.7777777777777778,0.84,10,0.84,1.0
846.7560131762875,123617.49352989392,0.8076923076923077,0.9736842105263158,0.7777777777777778,0.84,10,0.84,1.0
846.7560131762875,123617.49352989392,0.8076923076923077,0.9736842105263158,0.7777777777777778,0.84,10,0.84,1.0
846.7560131762875,123617.49352989392,0.8076923076923077,0.9736842105263158,0.7777777777777778,0.84,10,0.84,1.0
846.7560131762875,123617.49352989392,0.8076923076923077,0.9736842105263158,0.7777777777777778,0.84,10,0.84,1.0
846.7560131762875,123617.49352989392,0.8076923076923077,0.9736842105263158,0.7777777777777778,0.84,10,0.84,1.0
846.7560131762875,123617.49352989392,0.8076923076923077,0.9736842105263158,0.7777777777777778,0.84,10,0.84,1.0
846.7560131762875,123617.49352989392,0.8076923076923077,0.9736842105263158,0.7777777777777778,0.84,10,0.84,1.0
846.7560131762875,123617.49352989392,0.8076923076923077,0.9736842105263158,0.7777777777777778,0.84,10,0.84,1.0
846.7560131762875,123617.49352989392,0.8076923076923077,0.9736842105263158,0.7777777777777778,0.84,10,0.84,1.0
846.7560131762875,123617.49352989392,0.8076923076923077,0.9736842105263158,0.7777777777777778,0.84,10,0.84,1.0
846.7560131762875,123617.49352989392,0.8076923076923077,0.9736842105263158,0.7777777777777778,0.84,10,0.84,1.0
846.7560131762875,123617.49352989392,0.8076923076923077,0.9736842105263158,0.7777777777777778,0.84,10,0.84,1.0
846.7560131762875,123617.49352989392,0.8076923076923077,0.9736842105263158,0.7777777777777778,0.84,10,0.84,1.0
846.7560131762875,123617.49352989392,0.8076923076923077,0.9736842105263158,0.7777777777777778,0.84,10,0.84,1.0
846.7560131762875,123617.49352989392,0.8076923076923077,0.9736842105263158,0.7777777777777778,0.84,10,0.84,1.0
846.7560131762875,123617.49352989392,0.8076923076923077,0.9736842105263158,0.7777777777777778,0.84,10,0.84,1.0
846.7560131762875,123617.49352989392,0.8076923076923077,0.9736842105263158,0.7777777777777778,0.84,10,0.84,1.0
846.7560131762875,123617.49352989392,0.8076923076923077,0.9736842105263158,0.7777777777777778,0.84,10,0.84,1.0
846.7560131762875,123617.49352989392,0.8076923076923077,0.9736842105263158,0.7777777777777778,0.84,10,0.84,1.0
846.7560131762875,123617.49352989392,0.8076923076923077,0.9736842105263158,0.7777777777777778,0.84,10,0.84,1.0
846.7560131762875,123617.49352989392,0.8076923076923077,0.9736842105263158,0.7777777777777778,0.84,10,0.84,1.0
846.7560131762875,123617.49352989392,0.8076923076923077,0.9736842105263158,0.7777777777777778,0.84,10,0.84,1.0
846.7560131762875,123617.49352989392,0.8076923076923077,0.9736842105263158,0.7777777777777778,0.84,10,0.84,1.0
846.7560131762875,123617.49352989392,0.8076923076923077,0.9736842105263158,0.7777777777777778,0.84,10,0.84,1.0
846.7560131762875,123617.49352989392,0.8076923076923077,0.9736842105263158,0.7777777777777778,0.84,10,0.84,1.0
846.7560131762875,123617.49352989392,0.8076923076923077,0.9736842105263158,0.7777777777777778,0.84,10,0.84,1.0
846.7560131762875,123617.49352989392,0.8076923076923077,0.9736842105263158,0.7777777777777778,0.84,10,0.84,1.0
777.2970246765908,123548.03454139423,0.8461538461538461,0.9789473684210527,0.8148148148148148,0.88,8,0.88,1.0
777.2970246765908,123548.03454139423,0.8461538461538461,0.9789473684210527,0.8148148148148148,0.88,8,0.88,1.0
777.2970246765908,123548.03454139423,0.8461538461538461,0.9789473684210527,0.8148148148148148,0.88,8,0.88,1.0
777.2970246765908,123548.03454139423,0.8461538461538461,0.9789473684210527,0.8148148148148148,0.88,8,0.88,1.0
777.2970246765908,123548.03454139423,0.8461538461538461,0.9789473684210527,0.8148148148148148,0.88,8,0.88,1.0
777.2970246765908,123548.03454139423,0.8461538461538461,0.9789473684210527,0.8148148148148148,0.88,8,0.88,1.0
777.2970246765908,123548.03454139423,0.8461538461538461,0.9789473684210527,0.8148148148148148,0.88,8,0.88,1.0
777.2970246765908,123548.03454139423,0.8461538461538461,0.9789473684210527,0.8148148148148148,0.88,8,0.88,1.0
777.2970246765908,123548.03454139423,0.8461538461538461,0.9789473684210527,0.8148148148148148,0.88,8,0.88,1.0
777.2970246765908,123548.03454139423,0.8461538461538461,0.9789473684210527,0.8148148148148148,0.88,8,0.88,1.0
777.2970246765908,123548.03454139423,0.8461538461538461,0.9789473684210527,0.8148148148148148,0.88,8,0.88,1.0
777.2970246765908,123548.03454139423,0.8461538461538461,0.9789473684210527,0.8148148148148148,0.88,8,0.88,1.0
777.2970246765908,123548.03454139423,0.8461538461538461,0.9789473684210527,0.8148148148148148,0.88,8,0.88,1.0
777.2970246765908,123548.03454139423,0.8461538461538461,0.9789473684210527,0.8148148148148148,0.88,8,0.88,1.0
777.2970246765908,123548.03454139423,0.8461538461538461,0.9789473684210527,0.8148148148148148,0.88,8,0.88,1.0
777.2970246765908,123548.03454139423,0.8461538461538461,0.9789473684210527,0.8148148148148148,0.88,8,0.88,1.0
777.2970246765908,123548.03454139423,0.8461538461538461,0.9789473684210527,0.8148148148148148,0.88,8,0.88,1.0
777.2970246765908,123548.03454139423,0.8461538461538461,0.9789473684210527,0.8148148148148148,0.88,8,0.88,1.0
777.2970246765908,123548.03454139423,0.8461538461538461,0.9789473684210527,0.8148148148148148,0.88,8,0.88,1.0
777.2970246765908,123548.03454139423,0.8461538461538461,0.9789473684210527,0.8148148148148148,0.88,8,0.88,1.0
777.2970246765908,123548.03454139423,0.8461538461538461,0.9789473684210527,0.8148148148148148,0.88,8,0.88,1.0
777.2970246765908,123548.03454139423,0.8461538461538461,0.9789473684210527,0.8148148148148148,0.88,8,0.88,1.0
777.2970246765908,123548.03454139423,0.8461538461538461,0.9789473684210527,0.8148148148148148,0.88,8,0.88,1.0
777.2970246765908,123548.03454139423,0.8461538461538461,0.9789473684210527,0.8148148148148148,0.88,8,0.88,1.0
742.3276119597431,123513.06512867738,0.8627450980392156,0.9815789473684211,0.8461538461538461,0.88,7,0.88,1.0
742.3276119597431,123513.06512867738,0.8627450980392156,0.9815789473684211,0.8461538461538461,0.88,7,0.88,1.0
742.3276119597431,123513.06512867738,0.8627450980392156,0.9815789473684211,0.8461538461538461,0.88,7,0.88,1.0
742.3276119597431,123513.06512867738,0.8627450980392156,0.9815789473684211,0.8461538461538461,0.88,7,0.88,1.0
742.3276119597431,123513.06512867738,0.8627450980392156,0.9815789473684211,0.8461538461538461,0.88,7,0.88,1.0
742.3276119597431,123513.06512867738,0.8627450980392156,0.9815789473684211,0.8461538461538461,0.88,7,0.88,1.0
742.3276119597431,123513.06512867738,0.8627450980392156,0.9815789473684211,0.8461538461538461,0.88,7,0.88,1.0
742.3276119597431,123513.06512867738,0.8627450980392156,0.9815789473684211,0.8461538461538461,0.88,7,0.88,1.0
742.3276119597431,123513.06512867738,0.8627450980392156,0.9815789473684211,0.8461538461538461,0.88,7,0.88,1.0
742.3276119597285,123513.06512867736,0.9019607843137256,0.9868421052631579,0.8846153846153846,0.92,5,0.92,1.0
742.3276119597285,123513.06512867736,0.9019607843137256,0.9868421052631579,0.8846153846153846,0.92,5,0.92,1.0
742.3276119597285,123513.06512867736,0.9019607843137256,0.9868421052631579,0.8846153846153846,0.92,5,0.92,1.0
742.3276119597285,123513.06512867736,0.9019607843137256,0.9868421052631579,0.8846153846153846,0.92,5,0.92,1.0
742.3276119597285,123513.06512867736,0.9019607843137256,0.9868421052631579,0.8846153846153846,0.92,5,0.92,1.0
742.3276119597285,123513.06512867736,0.9019607843137256,0.9868421052631579,0.8846153846153846,0.92,5,0.92,1.0
742.3276119597285,123513.06512867736,0.9019607843137256,0.9868421052631579,0.8846153846153846,0.92,5,0.92,1.0
742.3276119597285,123513.06512867736,0.9019607843137256,0.9868421052631579,0.8846153846153846,0.92,5,0.92,1.0
742.3276119597285,123513.06512867736,0.9019607843137256,0.9868421052631579,0.8846153846153846,0.92,5,0.92,1.0
742.3276119597285,123513.06512867736,0.9019607843137256,0.9868421052631579,0.8846153846153846,0.92,5,0.92,1.0
742.3276119597285,123513.06512867736,0.9019607843137256,0.9868421052631579,0.8846153846153846,0.92,5,0.92,1.0
742.3276119597285,123513.06512867736,0.9019607843137256,0.9868421052631579,0.8846153846153846,0.92,5,0.92,1.0
742.3276119597285,123513.06512867736,0.9019607843137256,0.9868421052631579,0.8846153846153846,0.92,5,0.92,1.0
742.3276119597285,123513.06512867736,0.9019607843137256,0.9868421052631579,0.8846153846153846,0.92,5,0.92,1.0
742.3276119597285,123513.06512867736,0.9019607843137256,0.9868421052631579,0.8846153846153846,0.92,5,0.92,1.0
742.3276119597285,123513.06512867736,0.9019607843137256,0.9868421052631579,0.8846153846153846,0.92,5,0.92,1.0
742.3276119597285,123513.06512867736,0.9019607843137256,0.9868421052631579,0.8846153846153846,0.92,5,0.92,1.0
742.3276119597285,123513.06512867736,0.9019607843137256,0.9868421052631579,0.8846153846153846,0.92,5,0.92,1.0
742.3276119597285,123513.06512867736,0.9019607843137256,0.9868421052631579,0.8846153846153846,0.92,5,0.92,1.0
742.3276119597285,123513.06512867736,0.9019607843137256,0.9868421052631579,0.8846153846153846,0.92,5,0.92,1.0
742.3276119597285,123513.06512867736,0.9019607843137256,0.9868421052631579,0.8846153846153846,0.92,5,0.92,1.0
742.3276119597285,123513.06512867736,0.9019607843137256,0.9868421052631579,0.8846153846153846,0.92,5,0.92,1.0
742.3276119597285,123513.06512867736,0.9019607843137256,0.9868421052631579,0.8846153846153846,0.92,5,0.92,1.0
742.3276119597285,123513.06512867736,0.9019607843137256,0.9868421052631579,0.8846153846153846,0.92,5,0.92,1.0
742.3276119597285,123513.06512867736,0.9019607843137256,0.9868421052631579,0.8846153846153846,0.92,5,0.92,1.0
742.3276119597285,123513.06512867736,0.9019607843137256,0.9868421052631579,0.8846153846153846,0.92,5,0.92,1.0
742.3276119597285,123513.06512867736,0.9019607843137256,0.9868421052631579,0.8846153846153846,0.92,5,0.92,1.0
742.3276119597285,123513.06512867736,0.9019607843137256,0.9868421052631579,0.8846153846153846,0.92,5,0.92,1.0
742.3276119597285,123513.06512867736,0.9019607843137256,0.9868421052631579,0.8846153846153846,0.92,5,0.92,1.0
742.3276119597285,123513.06512867736,0.9019607843137256,0.9868421052631579,0.8846153846153846,0.92,5,0.92,1.0
742.3276119597285,123513.06512867736,0.9019607843137256,0.9868421052631579,0.8846153846153846,0.92,5,0.92,1.0
742.3276119597285,123513.06512867736,0.9019607843137256,0.9868421052631579,0.8846153846153846,0.92,5,0.92,1.0
742.3276119597285,123513.06512867736,0.9019607843137256,0.9868421052631579,0.8846153846153846,0.92,5,0.92,1.0
742.3276119597285,123513.06512867736,0.9019607843137256,0.9868421052631579,0.8846153846153846,0.92,5,0.92,1.0
742.3276119597285,123513.06512867736,0.9019607843137256,0.9868421052631579,0.8846153846153846,0.92,5,0.92,1.0
742.3276119597285,123513.06512867736,0.9019607843137256,0.9868421052631579,0.8846153846153846,0.92,5,0.92,1.0
742.3276119597285,123513.06512867736,0.9019607843137256,0.9868421052631579,0.8846153846153846,0.92,5,0.92,1.0
742.3276119597285,123513.06512867736,0.9019607843137256,0.9868421052631579,0.8846153846153846,0.92,5,0.92,1.0
742.3276119597285,123513.06512867736,0.9019607843137256,0.9868421052631579,0.8846153846153846,0.92,5,0.92,1.0
742.3276119597285,123513.06512867736,0.9019607843137256,0.9868421052631579,0.8846153846153846,0.92,5,0.92,1.0
742.3276119597285,123513.06512867736,0.9019607843137256,0.9868421052631579,0.8846153846153846,0.92,5,0.92,1.0
742.3276119597285,123513.06512867736,0.9019607843137256,0.9868421052631579,0.8846153846153846,0.92,5,0.92,1.0
742.3276119597285,123513.06512867736,0.9019607843137256,0.9868421052631579,0.8846153846153846,0.92,5,0.92,1.0
742.3276119597285,123513.06512867736,0.9019607843137256,0.9868421052631579,0.8846153846153846,0.92,5,0.92,1.0
742.3276119597285,123513.06512867736,0.9019607843137256,0.9868421052631579,0.8846153846153846,0.92,5,0.92,1.0
742.3276119597285,123513.06512867736,0.9019607843137256,0.9868421052631579,0.8846153846153846,0.92,5,0.92,1.0
742.3276119597285,123513.06512867736,0.9019607843137256,0.9868421052631579,0.8846153846153846,0.92,5,0.92,1.0
742.3276119597285,123513.06512867736,0.9019607843137256,0.9868421052631579,0.8846153846153846,0.92,5,0.92,1.0
742.3276119597285,123513.06512867736,0.9019607843137256,0.9868421052631579,0.8846153846153846,0.92,5,0.92,1.0
742.3276119597285,123513.06512867736,0.9019607843137256,0.9868421052631579,0.8846153846153846,0.92,5,0.92,1.0
742.3276119597285,123513.06512867736,0.9019607843137256,0.9868421052631579,0.8846153846153846,0.92,5,0.92,1.0
742.3276119597285,123513.06512867736,0.9019607843137256,0.9868421052631579,0.8846153846153846,0.92,5,0.92,1.0
742.3276119597285,123513.06512867736,0.9019607843137256,0.9868421052631579,0.8846153846153846,0.92,5,0.92,1.0
742.3276119597285,123513.06512867736,0.9019607843137256,0.9868421052631579,0.8846153846153846,0.92,5,0.92,1.0
742.3276119597285,123513.06512867736,0.9019607843137256,0.9868421052631579,0.8846153846153846,0.92,5,0.92,1.0
742.3276119597285,123513.06512867736,0.9019607843137256,0.9868421052631579,0.8846153846153846,0.92,5,0.92,1.0
742.3276119597285,123513.06512867736,0.9019607843137256,0.9868421052631579,0.8846153846153846,0.92,5,0.92,1.0
742.3276119597285,123513.06512867736,0.9019607843137256,0.9868421052631579,0.8846153846153846,0.92,5,0.92,1.0
742.3276119597285,123513.06512867736,0.9019607843137256,0.9868421052631579,0.8846153846153846,0.92,5,0.92,1.0
742.3276119597285,123513.06512867736,0.9019607843137256,0.9868421052631579,0.8846153846153846,0.92,5,0.92,1.0
742.3276119597285,123513.06512867736,0.9019607843137256,0.9868421052631579,0.8846153846153846,0.92,5,0.92,1.0
742.3276119597285,123513.06512867736,0.9019607843137256,0.9868421052631579,0.8846153846153846,0.92,5,0.92,1.0
742.3276119597285,123513.06512867736,0.9019607843137256,0.9868421052631579,0.8846153846153846,0.92,5,0.92,1.0
742.3276119597285,123513.06512867736,0.9019607843137256,0.9868421052631579,0.8846153846153846,0.92,5,0.92,1.0
742.3276119597285,123513.06512867736,0.9019607843137256,0.9868421052631579,0.8846153846153846,0.92,5,0.92,1.0
742.3276119597285,123513.06512867736,0.9019607843137256,0.9868421052631579,0.8846153846153846,0.92,5,0.92,1.0
742.3276119597285,123513.06512867736,0.9019607843137256,0.9868421052631579,0.8846153846153846,0.92,5,0.92,1.0
742.3276119597285,123513.06512867736,0.9019607843137256,0.9868421052631579,0.8846153846153846,0.92,5,0.92,1.0
742.3276119597285,123513.06512867736,0.9019607843137256,0.9868421052631579,0.8846153846153846,0.92,5,0.92,1.0
742.3276119597285,123513.06512867736,0.9019607843137256,0.9868421052631579,0.8846153846153846,0.92,5,0.92,1.0
742.3276119597285,123513.06512867736,0.9019607843137256,0.9868421052631579,0.8846153846153846,0.92,5,0.92,1.0
742.3276119597285,123513.06512867736,0.9019607843137256,0.9868421052631579,0.8846153846153846,0.92,5,0.92,1.0
742.3276119597285,123513.06512867736,0.9019607843137256,0.9868421052631579,0.8846153846153846,0.92,5,0.92,1.0
742.3276119597285,123513.06512867736,0.9019607843137256,0.9868421052631579,0.8846153846153846,0.92,5,0.92,1.0
742.3276119597285,123513.06512867736,0.9019607843137256,0.9868421052631579,0.8846153846153846,0.92,5,0.92,1.0
742.3276119597285,123513.06512867736,0.9019607843137256,0.9868421052631579,0.8846153846153846,0.92,5,0.92,1.0
742.3276119597285,123513.06512867736,0.9019607843137256,0.9868421052631579,0.8846153846153846,0.92,5,0.92,1.0
742.3276119597285,123513.06512867736,0.9019607843137256,0.9868421052631579,0.8846153846153846,0.92,5,0.92,1.0
742.3276119597285,123513.06512867736,0.9019607843137256,0.9868421052631579,0.8846153846153846,0.92,5,0.92,1.0
742.3276119597285,123513.06512867736,0.9019607843137256,0.9868421052631579,0.8846153846153846,0.92,5,0.92,1.0
742.3276119597285,123513.06512867736,0.9019607843137256,0.9868421052631579,0.8846153846153846,0.92,5,0.92,1.0
742.3276119597285,123513.06512867736,0.9019607843137256,0.9868421052631579,0.8846153846153846,0.92,5,0.92,1.0
742.3276119597285,123513.06512867736,0.9019607843137256,0.9868421052631579,0.8846153846153846,0.92,5,0.92,1.0
742.3276119597285,123513.06512867736,0.9019607843137256,0.9868421052631579,0.8846153846153846,0.92,5,0.92,1.0
742.3276119597285,123513.06512867736,0.9019607843137256,0.9868421052631579,0.8846153846153846,0.92,5,0.92,1.0
742.3276119597285,123513.06512867736,0.9019607843137256,0.9868421052631579,0.8846153846153846,0.92,5,0.92,1.0
742.3276119597285,123513.06512867736,0.9019607843137256,0.9868421052631579,0.8846153846153846,0.92,5,0.92,1.0
742.3276119597285,123513.06512867736,0.9019607843137256,0.9868421052631579,0.8846153846153846,0.92,5,0.92,1.0
742.3276119597285,123513.06512867736,0.9019607843137256,0.9868421052631579,0.8846153846153846,0.92,5,0.92,1.0
742.3276119597285,123513.06512867736,0.9019607843137256,0.9868421052631579,0.8846153846153846,0.92,5,0.92,1.0
742.3276119597285,123513.06512867736,0.9019607843137256,0.9868421052631579,0.8846153846153846,0.92,5,0.92,1.0
742.3276119597285,123513.06512867736,0.9019607843137256,0.9868421052631579,0.8846153846153846,0.92,5,0.92,1.0
742.3276119597285,123513.06512867736,0.9019607843137256,0.9868421052631579,0.8846153846153846,0.92,5,0.92,1.0
742.3276119597285,123513.06512867736,0.9019607843137256,0.9868421052631579,0.8846153846153846,0.92,5,0.92,1.0
742.3276119597285,123513.06512867736,0.9019607843137256,0.9868421052631579,0.8846153846153846,0.92,5,0.92,1.0
742.3276119597285,123513.06512867736,0.9019607843137256,0.9868421052631579,0.8846153846153846,0.92,5,0.92,1.0
742.3276119597285,123513.06512867736,0.9019607843137256,0.9868421052631579,0.8846153846153846,0.92,5,0.92,1.0
742.3276119597285,123513.06512867736,0.9019607843137256,0.9868421052631579,0.8846153846153846,0.92,5,0.92,1.0
742.3276119597285,123513.06512867736,0.9019607843137256,0.9868421052631579,0.8846153846153846,0.92,5,0.92,1.0
742.3276119597285,123513.06512867736,0.9019607843137256,0.9868421052631579,0.8846153846153846,0.92,5,0.92,1.0
742.3276119597285,123513.06512867736,0.9019607843137256,0.9868421052631579,0.8846153846153846,0.92,5,0.92,1.0
742.3276119597285,123513.06512867736,0.9019607843137256,0.9868421052631579,0.8846153846153846,0.92,5,0.92,1.0
742.3276119597285,123513.06512867736,0.9019607843137256,0.9868421052631579,0.8846153846153846,0.92,5,0.92,1.0
742.3276119597285,123513.06512867736,0.9019607843137256,0.9868421052631579,0.8846153846153846,0.92,5,0.92,1.0
742.3276119597285,123513.06512867736,0.9019607843137256,0.9868421052631579,0.8846153846153846,0.92,5,0.92,1.0
742.3276119597285,123513.06512867736,0.9019607843137256,0.9868421052631579,0.8846153846153846,0.92,5,0.92,1.0
742.3276119597285,123513.06512867736,0.9019607843137256,0.9868421052631579,0.8846153846153846,0.92,5,0.92,1.0
742.3276119597285,123513.06512867736,0.9019607843137256,0.9868421052631579,0.8846153846153846,0.92,5,0.92,1.0
742.3276119597285,123513.06512867736,0.9019607843137256,0.9868421052631579,0.8846153846153846,0.92,5,0.92,1.0
742.3276119597285,123513.06512867736,0.9019607843137256,0.9868421052631579,0.8846153846153846,0.92,5,0.92,1.0
742.3276119597285,123513.06512867736,0.9019607843137256,0.9868421052631579,0.8846153846153846,0.92,5,0.92,1.0
742.3276119597285,123513.06512867736,0.9019607843137256,0.9868421052631579,0.8846153846153846,0.92,5,0.92,1.0
742.3276119597285,123513.06512867736,0.9019607843137256,0.9868421052631579,0.8846153846153846,0.92,5,0.92,1.0
742.3276119597285,123513.06512867736,0.9019607843137256,0.9868421052631579,0.8846153846153846,0.92,5,0.92,1.0
742.3276119597285,123513.06512867736,0.9019607843137256,0.9868421052631579,0.8846153846153846,0.92,5,0.92,1.0
742.3276119597285,123513.06512867736,0.9019607843137256,0.9868421052631579,0.8846153846153846,0.92,5,0.92,1.0
742.3276119597285,123513.06512867736,0.9019607843137256,0.9868421052631579,0.8846153846153846,0.92,5,0.92,1.0
742.3276119597285,123513.06512867736,0.9019607843137256,0.9868421052631579,0.8846153846153846,0.92,5,0.92,1.0
742.3276119597285,123513.06512867736,0.9019607843137256,0.9868421052631579,0.8846153846153846,0.92,5,0.92,1.0
742.3276119597285,123513.06512867736,0.9019607843137256,0.9868421052631579,0.8846153846153846,0.92,5,0.92,1.0
742.3276119597285,123513.06512867736,0.9019607843137256,0.9868421052631579,0.8846153846153846,0.92,5,0.92,1.0
742.3276119597285,123513.06512867736,0.9019607843137256,0.9868421052631579,0.8846153846153846,0.92,5,0.92,1.0
742.3276119597285,123513.06512867736,0.9019607843137256,0.9868421052631579,0.8846153846153846,0.92,5,0.92,1.0
742.3276119597285,123513.06512867736,0.9019607843137256,0.9868421052631579,0.8846153846153846,0.92,5,0.92,1.0
742.3276119597285,123513.06512867736,0.9019607843137256,0.9868421052631579,0.8846153846153846,0.92,5,0.92,1.0
742.3276119597285,123513.06512867736,0.9019607843137256,0.9868421052631579,0.8846153846153846,0.92,5,0.92,1.0
742.3276119597285,123513.06512867736,0.9019607843137256,0.9868421052631579,0.8846153846153846,0.92,5,0.92,1.0
742.3276119597285,123513.06512867736,0.9019607843137256,0.9868421052631579,0.8846153846153846,0.92,5,0.92,1.0
742.3276119597285,123513.06512867736,0.9019607843137256,0.9868421052631579,0.8846153846153846,0.92,5,0.92,1.0
742.3276119597285,123513.06512867736,0.9019607843137256,0.9868421052631579,0.8846153846153846,0.92,5,0.92,1.0
742.3276119597285,123513.06512867736,0.9019607843137256,0.9868421052631579,0.8846153846153846,0.92,5,0.92,1.0
742.3276119597285,123513.06512867736,0.9019607843137256,0.9868421052631579,0.8846153846153846,0.92,5,0.92,1.0
742.3276119597285,123513.06512867736,0.9019607843137256,0.9868421052631579,0.8846153846153846,0.92,5,0.92,1.0
742.3276119597285,123513.06512867736,0.9019607843137256,0.9868421052631579,0.8846153846153846,0.92,5,0.92,1.0
742.3276119597285,123513.06512867736,0.9019607843137256,0.9868421052631579,0.8846153846153846,0.92,5,0.92,1.0
742.3276119597285,123513.06512867736,0.9019607843137256,0.9868421052631579,0.8846153846153846,0.92,5,0.92,1.0
742.3276119597285,123513.06512867736,0.9019607843137256,0.9868421052631579,0.8846153846153846,0.92,5,0.92,1.0
742.3276119597285,123513.06512867736,0.9019607843137256,0.9868421052631579,0.8846153846153846,0.92,5,0.92,1.0
742.3276119597285,123513.06512867736,0.9019607843137256,0.9868421052631579,0.8846153846153846,0.92,5,0.92,1.0
742.3276119597285,123513.06512867736,0.9019607843137256,0.9868421052631579,0.8846153846153846,0.92,5,0.92,1.0
742.3276119597285,123513.06512867736,0.9019607843137256,0.9868421052631579,0.8846153846153846,0.92,5,0.92,1.0
742.3276119597285,123513.06512867736,0.9019607843137256,0.9868421052631579,0.8846153846153846,0.92,5,0.92,1.0
742.3276119597285,123513.06512867736,0.9019607843137256,0.9868421052631579,0.8846153846153846,0.92,5,0.92,1.0
742.3276119597285,123513.06512867736,0.9019607843137256,0.9868421052631579,0.8846153846153846,0.92,5,0.92,1.0
742.3276119597285,123513.06512867736,0.9019607843137256,0.9868421052631579,0.8846153846153846,0.92,5,0.92,1.0
742.3276119597285,123513.06512867736,0.9019607843137256,0.9868421052631579,0.8846153846153846,0.92,5,0.92,1.0
742.3276119597285,123513.06512867736,0.9019607843137256,0.9868421052631579,0.8846153846153846,0.92,5,0.92,1.0
742.3276119597285,123513.06512867736,0.9019607843137256,0.9868421052631579,0.8846153846153846,0.92,5,0.92,1.0
742.3276119597285,123513.06512867736,0.9019607843137256,0.9868421052631579,0.8846153846153846,0.92,5,0.92,1.0
742.3276119597285,123513.06512867736,0.9019607843137256,0.9868421052631579,0.8846153846153846,0.92,5,0.92,1.0
742.3276119597285,123513.06512867736,0.9019607843137256,0.9868421052631579,0.8846153846153846,0.92,5,0.92,1.0
742.3276119597285,123513.06512867736,0.9019607843137256,0.9868421052631579,0.8846153846153846,0.92,5,0.92,1.0
742.3276119597285,123513.06512867736,0.9019607843137256,0.9868421052631579,0.8846153846153846,0.92,5,0.92,1.0
742.3276119597285,123513.06512867736,0.9019607843137256,0.9868421052631579,0.8846153846153846,0.92,5,0.92,1.0
742.3276119597285,123513.06512867736,0.9019607843137256,0.9868421052631579,0.8846153846153846,0.92,5,0.92,1.0
742.3276119597285,123513.06512867736,0.9019607843137256,0.9868421052631579,0.8846153846153846,0.92,5,0.92,1.0
742.3276119597285,123513.06512867736,0.9019607843137256,0.9868421052631579,0.8846153846153846,0.92,5,0.92,1.0
742.3276119597285,123513.06512867736,0.9019607843137256,0.9868421052631579,0.8846153846153846,0.92,5,0.92,1.0
742.3276119597285,123513.06512867736,0.9019607843137256,0.9868421052631579,0.8846153846153846,0.92,5,0.92,1.0
742.3276119597285,123513.06512867736,0.9019607843137256,0.9868421052631579,0.8846153846153846,0.92,5,0.92,1.0
742.3276119597285,123513.06512867736,0.9019607843137256,0.9868421052631579,0.8846153846153846,0.92,5,0.92,1.0
742.3276119597285,123513.06512867736,0.9019607843137256,0.9868421052631579,0.8846153846153846,0.92,5,0.92,1.0
742.3276119597285,123513.06512867736,0.9019607843137256,0.9868421052631579,0.8846153846153846,0.92,5,0.92,1.0
742.3276119597285,123513.06512867736,0.9019607843137256,0.9868421052631579,0.8846153846153846,0.92,5,0.92,1.0
742.3276119597285,123513.06512867736,0.9019607843137256,0.9868421052631579,0.8846153846153846,0.92,5,0.92,1.0
742.3276119597285,123513.06512867736,0.9019607843137256,0.9868421052631579,0.8846153846153846,0.92,5,0.92,1.0
742.3276119597285,123513.06512867736,0.9019607843137256,0.9868421052631579,0.8846153846153846,0.92,5,0.92,1.0
742.3276119597285,123513.06512867736,0.9019607843137256,0.9868421052631579,0.8846153846153846,0.92,5,0.92,1.0
742.3276119597285,123513.06512867736,0.9019607843137256,0.9868421052631579,0.8846153846153846,0.92,5,0.92,1.0
742.3276119597285,123513.06512867736,0.9019607843137256,0.9868421052631579,0.8846153846153846,0.92,5,0.92,1.0
742.3276119597285,123513.06512867736,0.9019607843137256,0.9868421052631579,0.8846153846153846,0.92,5,0.92,1.0
742.3276119597285,123513.06512867736,0.9019607843137256,0.9868421052631579,0.8846153846153846,0.92,5,0.92,1.0
742.3276119597285,123513.06512867736,0.9019607843137256,0.9868421052631579,0.8846153846153846,0.92,5,0.92,1.0
742.3276119597285,123513.06512867736,0.9019607843137256,0.9868421052631579,0.8846153846153846,0.92,5,0.92,1.0
742.3276119597285,123513.06512867736,0.9019607843137256,0.9868421052631579,0.8846153846153846,0.92,5,0.92,1.0
742.3276119597285,123513.06512867736,0.9019607843137256,0.9868421052631579,0.8846153846153846,0.92,5,0.92,1.0
742.3276119597285,123513.06512867736,0.9019607843137256,0.9868421052631579,0.8846153846153846,0.92,5,0.92,1.0
742.3276119597285,123513.06512867736,0.9019607843137256,0.9868421052631579,0.8846153846153846,0.92,5,0.92,1.0
742.3276119597285,123513.06512867736,0.9019607843137256,0.9868421052631579,0.8846153846153846,0.92,5,0.92,1.0
742.3276119597285,123513.06512867736,0.9019607843137256,0.9868421052631579,0.8846153846153846,0.92,5,0.92,1.0
742.3276119597285,123513.06512867736,0.9019607843137256,0.9868421052631579,0.8846153846153846,0.92,5,0.92,1.0
742.3276119597285,123513.06512867736,0.9019607843137256,0.9868421052631579,0.8846153846153846,0.92,5,0.92,1.0
742.3276119597285,123513.06512867736,0.9019607843137256,0.9868421052631579,0.8846153846153846,0.92,5,0.92,1.0
742.3276119597285,123513.06512867736,0.9019607843137256,0.9868421052631579,0.8846153846153846,0.92,5,0.92,1.0
742.3276119597285,123513.06512867736,0.9019607843137256,0.9868421052631579,0.8846153846153846,0.92,5,0.92,1.0
742.3276119597285,123513.06512867736,0.9019607843137256,0.9868421052631579,0.8846153846153846,0.92,5,0.92,1.0
742.3276119597285,123513.06512867736,0.9019607843137256,0.9868421052631579,0.8846153846153846,0.92,5,0.92,1.0
742.3276119597285,123513.06512867736,0.9019607843137256,0.9868421052631579,0.8846153846153846,0.92,5,0.92,1.0
742.3276119597285,123513.06512867736,0.9019607843137256,0.9868421052631579,0.8846153846153846,0.92,5,0.92,1.0
742.3276119597285,123513.06512867736,0.9019607843137256,0.9868421052631579,0.8846153846153846,0.92,5,0.92,1.0
742.3276119597285,123513.06512867736,0.9019607843137256,0.9868421052631579,0.8846153846153846,0.92,5,0.92,1.0
742.3276119597285,123513.06512867736,0.9019607843137256,0.9868421052631579,0.8846153846153846,0.92,5,0.92,1.0
742.3276119597285,123513.06512867736,0.9019607843137256,0.9868421052631579,0.8846153846153846,0.92,5,0.92,1.0
742.3276119597285,123513.06512867736,0.9019607843137256,0.9868421052631579,0.8846153846153846,0.92,5,0.92,1.0
742.3276119597285,123513.06512867736,0.9019607843137256,0.9868421052631579,0.8846153846153846,0.92,5,0.92,1.0
742.3276119597285,123513.06512867736,0.9019607843137256,0.9868421052631579,0.8846153846153846,0.92,5,0.92,1.0
742.3276119597285,123513.06512867736,0.9019607843137256,0.9868421052631579,0.8846153846153846,0.92,5,0.92,1.0
742.3276119597285,123513.06512867736,0.9019607843137256,0.9868421052631579,0.8846153846153846,0.92,5,0.92,1.0
742.3276119597285,123513.06512867736,0.9019607843137256,0.9868421052631579,0.8846153846153846,0.92,5,0.92,1.0
742.3276119597285,123513.06512867736,0.9019607843137256,0.9868421052631579,0.8846153846153846,0.92,5,0.92,1.0
742.3276119597285,123513.06512867736,0.9019607843137256,0.9868421052631579,0.8846153846153846,0.92,5,0.92,1.0
742.3276119597285,123513.06512867736,0.9019607843137256,0.9868421052631579,0.8846153846153846,0.92,5,0.92,1.0
742.3276119597285,123513.06512867736,0.9019607843137256,0.9868421052631579,0.8846153846153846,0.92,5,0.92,1.0
742.3276119597285,123513.06512867736,0.9019607843137256,0.9868421052631579,0.8846153846153846,0.92,5,0.92,1.0
742.3276119597285,123513.06512867736,0.9019607843137256,0.9868421052631579,0.8846153846153846,0.92,5,0.92,1.0
742.3276119597285,123513.06512867736,0.9019607843137256,0.9868421052631579,0.8846153846153846,0.92,5,0.92,1.0
742.3276119597285,123513.06512867736,0.9019607843137256,0.9868421052631579,0.8846153846153846,0.92,5,0.92,1.0
742.3276119597285,123513.06512867736,0.9019607843137256,0.9868421052631579,0.8846153846153846,0.92,5,0.92,1.0
742.3276119597285,123513.06512867736,0.9019607843137256,0.9868421052631579,0.8846153846153846,0.92,5,0.92,1.0
742.3276119597285,123513.06512867736,0.9019607843137256,0.9868421052631579,0.8846153846153846,0.92,5,0.92,1.0
742.3276119597285,123513.06512867736,0.9019607843137256,0.9868421052631579,0.8846153846153846,0.92,5,0.92,1.0
742.3276119597285,123513.06512867736,0.9019607843137256,0.9868421052631579,0.8846153846153846,0.92,5,0.92,1.0
742.3276119597285,123513.06512867736,0.9019607843137256,0.9868421052631579,0.8846153846153846,0.92,5,0.92,1.0
742.3276119597285,123513.06512867736,0.9019607843137256,0.9868421052631579,0.8846153846153846,0.92,5,0.92,1.0
742.3276119597285,123513.06512867736,0.9019607843137256,0.9868421052631579,0.8846153846153846,0.92,5,0.92,1.0
742.3276119597285,123513.06512867736,0.9019607843137256,0.9868421052631579,0.8846153846153846,0.92,5,0.92,1.0
742.3276119597285,123513.06512867736,0.9019607843137256,0.9868421052631579,0.8846153846153846,0.92,5,0.92,1.0
742.3276119597285,123513.06512867736,0.9019607843137256,0.9868421052631579,0.8846153846153846,0.92,5,0.92,1.0
742.3276119597285,123513.06512867736,0.9019607843137256,0.9868421052631579,0.8846153846153846,0.92,5,0.92,1.0
742.3276119597285,123513.06512867736,0.9019607843137256,0.9868421052631579,0.8846153846153846,0.92,5,0.92,1.0
742.3276119597285,123513.06512867736,0.9019607843137256,0.9868421052631579,0.8846153846153846,0.92,5,0.92,1.0
742.3276119597285,123513.06512867736,0.9019607843137256,0.9868421052631579,0.8846153846153846,0.92,5,0.92,1.0
742.3276119597285,123513.06512867736,0.9019607843137256,0.9868421052631579,0.8846153846153846,0.92,5,0.92,1.0
742.3276119597285,123513.06512867736,0.9019607843137256,0.9868421052631579,0.8846153846153846,0.92,5,0.92,1.0
826.1110892193537,123596.84860593699,0.8846153846153846,0.9842105263157894,0.8518518518518519,0.92,6,0.92,1.0
742.3276119597285,123513.06512867736,0.9019607843137256,0.9868421052631579,0.8846153846153846,0.92,5,0.92,1.0
-4.3655745685100555e-11,122770.73751671759,0.92,0.9894736842105263,0.92,0.92,4,0.92,1.0
