BIC - Goal,BIC,F1 Score,Accuracy,Precision,Recall,SHD,SLF,TLF
50.3414923923707,1013.7880284345097,0.39999999999999997,0.8392857142857143,0.42857142857142855,0.375,9,0.375,0.5
36.618648038412175,1000.0651840805511,0.6666666666666665,0.8928571428571429,0.6,0.75,6,0.75,0.75
22.114901306634692,985.5614373487737,0.7058823529411765,0.9107142857142857,0.6666666666666666,0.75,5,0.75,0.75
13.718090997050695,977.1646270391897,0.75,0.9285714285714286,0.75,0.75,4,0.75,0.75
10.763384753085575,974.2099207952245,0.7999999999999999,0.9464285714285714,0.8571428571428571,0.75,3,0.75,0.75
2.8031540196861897,966.2496900618252,0.9333333333333333,0.9821428571428571,1.0,0.875,1,0.875,0.875
2.8031540196861897,966.2496900618252,0.9333333333333333,0.9821428571428571,1.0,0.875,1,0.875,0.875
2.8031540196861897,966.2496900618252,0.9333333333333333,0.9821428571428571,1.0,0.875,1,0.875,0.875
-1.1368683772161603e-13,963.4465360421389,1.0,1.0,1.0,1.0,0,1.0,1.0
