BIC - Goal,BIC,F1 Score,Accuracy,Precision,Recall,SHD,SLF,TLF
22.386927860050378,993.1431695581462,0.75,0.9285714285714286,0.75,0.75,4,0.75,0.75
5.407167580568171,976.163409278664,0.625,0.8928571428571429,0.625,0.625,6,0.625,0.875
5.407167580568171,976.163409278664,0.625,0.8928571428571429,0.625,0.625,6,0.625,0.875
-0.09884998975815051,970.6573917083376,0.75,0.9285714285714286,0.75,0.75,4,0.75,0.875
