BIC - Goal,BIC,F1 Score,Accuracy,Precision,Recall,SHD,SLF,TLF
25.264389080450655,1002.0135077534617,0.7058823529411765,0.9107142857142857,0.6666666666666666,0.75,5,0.75,0.75
10.161653249971891,986.9107719229829,0.7058823529411765,0.9107142857142857,0.6666666666666666,0.75,5,0.75,0.875
0.04705575330672218,976.7961744263177,0.75,0.9285714285714286,0.75,0.75,4,0.75,0.875
-1.0741573028878975,975.6749613701231,0.75,0.9285714285714286,0.75,0.75,4,0.75,0.875
