BIC - Goal,BIC,F1 Score,Accuracy,Precision,Recall,SHD,SLF,TLF
29.18154128106005,984.8901406588857,0.5333333333333333,0.875,0.5714285714285714,0.5,7,0.5,0.625
26.928059619281385,982.636658997107,0.625,0.8928571428571429,0.625,0.625,6,0.625,0.625
17.085909764149505,972.7945091419751,0.5882352941176471,0.875,0.5555555555555556,0.625,7,0.625,0.75
11.297638675407939,967.0062380532336,0.625,0.8928571428571429,0.625,0.625,6,0.625,0.75
9.440045720440708,965.1486450982663,0.7058823529411765,0.9107142857142857,0.6666666666666666,0.75,5,0.75,0.875
9.255911233558777,964.9645106113844,0.75,0.9285714285714286,0.75,0.75,4,0.75,0.875
9.255911233558777,964.9645106113844,0.75,0.9285714285714286,0.75,0.75,4,0.75,0.875
6.214612098453927,961.9232114762796,0.75,0.9285714285714286,0.75,0.75,4,0.75,0.75
-0.31535847179941356,955.3932409060262,0.823529411764706,0.9464285714285714,0.7777777777777778,0.875,3,0.875,0.875
