BIC - Goal,BIC,F1 Score,Accuracy,Precision,Recall,SHD,SLF,TLF
23.75537978957061,955.7119960982054,0.5263157894736842,0.8392857142857143,0.45454545454545453,0.625,9,0.625,0.875
8.776781396535512,940.7333977051703,0.5882352941176471,0.875,0.5555555555555556,0.625,7,0.625,0.875
2.7937877233815698,934.7504040320164,0.625,0.8928571428571429,0.625,0.625,6,0.625,0.875
1.3440916411556145,933.3007079497904,0.875,0.9642857142857143,0.875,0.875,2,0.875,0.875
1.3440916411556145,933.3007079497904,0.875,0.9642857142857143,0.875,0.875,2,0.875,0.875
1.3440916411556145,933.3007079497904,0.875,0.9642857142857143,0.875,0.875,2,0.875,0.875
1.3440916411556145,933.3007079497904,0.875,0.9642857142857143,0.875,0.875,2,0.875,0.875
1.1368683772161603e-13,931.9566163086349,0.875,0.9642857142857143,0.875,0.875,2,0.875,1.0
