BIC - Goal,BIC,F1 Score,Accuracy,Precision,Recall,SHD,SLF,TLF
16.979257788825976,926.2932180854434,0.26666666666666666,0.8035714285714286,0.2857142857142857,0.25,11,0.25,0.5
14.913867423246415,924.2278277198639,0.375,0.8214285714285714,0.375,0.375,10,0.375,0.625
7.610229104278801,916.9241894008962,0.5333333333333333,0.875,0.5714285714285714,0.5,7,0.5,0.625
-0.5758321744408477,908.7381281221766,0.625,0.8928571428571429,0.625,0.625,6,0.625,0.75
