BIC - Goal,BIC,F1 Score,Accuracy,Precision,Recall,SHD,SLF,TLF
39.20176389979349,976.2517493901182,0.6666666666666666,0.9107142857142857,0.7142857142857143,0.625,5,0.625,0.625
27.690028677684836,964.7400141680096,0.5555555555555556,0.8571428571428571,0.5,0.625,8,0.625,0.75
5.304612469348626,942.3545979596734,0.823529411764706,0.9464285714285714,0.7777777777777778,0.875,3,0.875,1.0
1.1368683772161603e-13,937.0499854903248,0.875,0.9642857142857143,0.875,0.875,2,0.875,1.0
