BIC - Goal,BIC,F1 Score,Accuracy,Precision,Recall,SHD,SLF,TLF
-5.776330882449088,935.5989286525888,0.375,0.8214285714285714,0.375,0.375,10,0.375,0.625
