BIC - Goal,BIC,F1 Score,Accuracy,Precision,Recall,SHD,SLF,TLF
22.152144965537673,930.8416894981732,0.13333333333333333,0.7678571428571429,0.14285714285714285,0.125,13,0.125,0.5
10.051222889886844,918.7407674225224,0.5333333333333333,0.875,0.5714285714285714,0.5,7,0.5,0.875
10.051222889886844,918.7407674225224,0.5333333333333333,0.875,0.5714285714285714,0.5,7,0.5,0.875
6.8721441233454925,915.561688655981,0.6666666666666666,0.9107142857142857,0.7142857142857143,0.625,5,0.625,0.875
6.183298588530874,914.8728431211664,0.6666666666666666,0.9107142857142857,0.7142857142857143,0.625,5,0.625,0.75
3.336880585008771,912.0264251176443,0.625,0.8928571428571429,0.625,0.625,6,0.625,0.875
-0.0031861198868909923,908.6863584127486,0.75,0.9285714285714286,0.75,0.75,4,0.75,0.875
