BIC - Goal,BIC,F1 Score,Accuracy,Precision,Recall,SHD,SLF,TLF
176.42532621097473,1168.2242517277164,0,0.8392857142857143,0.0,0.0,9,0.0,0.125
103.48201407848785,1095.2809395952295,0,0.8214285714285714,0.0,0.0,10,0.0,0.25
40.91182273634297,1032.7107482530846,0,0.8035714285714286,0.0,0.0,11,0.0,0.375
27.018407635264452,1018.8173331520061,0,0.7857142857142857,0.0,0.0,12,0.0,0.5
19.096783078955127,1010.8957085956968,0,0.7678571428571429,0.0,0.0,13,0.0,0.625
11.922449173974314,1003.721374690716,0,0.75,0.0,0.0,14,0.0,0.75
6.430656809006791,998.2295823257484,0,0.7321428571428571,0.0,0.0,15,0.0,0.75
1.376821879028853,993.1757473957705,0.125,0.75,0.125,0.125,14,0.125,0.875
