BIC - Goal,BIC,F1 Score,Accuracy,Precision,Recall,SHD,SLF,TLF
170.96029364254446,1115.3994051742782,0.2222222222222222,0.875,1.0,0.125,7,0.125,0.125
107.88913239831527,1052.328243930049,0.2,0.8571428571428571,0.5,0.125,8,0.125,0.25
46.93034620117021,991.3694577329039,0.18181818181818182,0.8392857142857143,0.3333333333333333,0.125,9,0.125,0.375
29.70648526312891,974.1455967948626,0.3333333333333333,0.8571428571428571,0.5,0.25,8,0.25,0.5
12.896526069146944,957.3356376008807,0.3076923076923077,0.8392857142857143,0.4,0.25,9,0.25,0.625
3.43641174860511,947.8755232803388,0.28571428571428575,0.8214285714285714,0.3333333333333333,0.25,10,0.25,0.625
-0.292924245884592,944.1461872858491,0.26666666666666666,0.8035714285714286,0.2857142857142857,0.25,11,0.25,0.75
-0.3091496679539887,944.1299618637797,0.375,0.8214285714285714,0.375,0.375,10,0.375,0.875
