BIC - Goal,BIC,F1 Score,Accuracy,Precision,Recall,SHD,SLF,TLF
179.98085814184174,1169.517792972701,0,0.8392857142857143,0.0,0.0,9,0.0,0.125
111.26175764658069,1100.79869247744,0.2,0.8571428571428571,0.5,0.125,8,0.125,0.25
51.83036073027802,1041.3672955611373,0.36363636363636365,0.875,0.6666666666666666,0.25,7,0.25,0.375
22.982872739032928,1012.5198075698922,0.5,0.8928571428571429,0.75,0.375,6,0.375,0.5
11.20008231470274,1000.737017145562,0.4615384615384615,0.875,0.6,0.375,7,0.375,0.625
0.06386606154865149,989.600800892408,0.42857142857142855,0.8571428571428571,0.5,0.375,8,0.375,0.625
-2.637285983420952,986.8996488474384,0.39999999999999997,0.8392857142857143,0.42857142857142855,0.375,9,0.375,0.75
