BIC - Goal,BIC,F1 Score,Accuracy,Precision,Recall,SHD,SLF,TLF
166.44091977767494,1093.2906127877468,0.2222222222222222,0.875,1.0,0.125,7,0.125,0.125
93.41689790794112,1020.266590918013,0.4,0.8928571428571429,1.0,0.25,6,0.25,0.25
41.60512818707866,968.4548211971505,0.5454545454545454,0.9107142857142857,1.0,0.375,5,0.375,0.375
27.456794152646808,954.3064871627187,0.5,0.8928571428571429,0.75,0.375,6,0.375,0.5
15.951349360458835,942.8010423705307,0.6153846153846154,0.9107142857142857,0.8,0.5,5,0.5,0.625
7.1302328951653635,933.9799259052372,0.7142857142857143,0.9285714285714286,0.8333333333333334,0.625,4,0.625,0.75
-0.7734685784613475,926.0762244316105,0.6666666666666666,0.9107142857142857,0.7142857142857143,0.625,5,0.625,0.75
