BIC - Goal,BIC,F1 Score,Accuracy,Precision,Recall,SHD,SLF,TLF
164.18125202370436,1082.3157079701018,0.2222222222222222,0.875,1.0,0.125,7,0.125,0.125
85.40679176037418,1003.5412477067716,0.2,0.8571428571428571,0.5,0.125,8,0.125,0.25
32.610839495903065,950.7452954423005,0.18181818181818182,0.8392857142857143,0.3333333333333333,0.125,9,0.125,0.25
15.363347631811507,933.497803578209,0.16666666666666666,0.8214285714285714,0.25,0.125,10,0.125,0.375
11.519977664588282,929.6544336109857,0.15384615384615385,0.8035714285714286,0.2,0.125,11,0.125,0.375
6.3559188422187844,924.4903747886162,0.3076923076923077,0.8392857142857143,0.4,0.25,9,0.25,0.375
3.0052297213188695,921.1396856677163,0.28571428571428575,0.8214285714285714,0.3333333333333333,0.25,10,0.25,0.5
-1.1368683772161603e-13,918.1344559463973,0.42857142857142855,0.8571428571428571,0.5,0.375,8,0.375,0.5
-0.8592245017755431,917.2752314446219,0.39999999999999997,0.8392857142857143,0.42857142857142855,0.375,9,0.375,0.5
