BIC - Goal,BIC,F1 Score,Accuracy,Precision,Recall,SHD,SLF,TLF
200.88303429664018,1138.3189478255576,0.2222222222222222,0.875,1.0,0.125,7,0.125,0.125
119.45535996542151,1056.891273494339,0.4,0.8928571428571429,1.0,0.25,6,0.25,0.25
44.98627276742923,982.4221862963467,0.5454545454545454,0.9107142857142857,1.0,0.375,5,0.375,0.375
28.847358612141534,966.283272141059,0.6666666666666666,0.9285714285714286,1.0,0.5,4,0.5,0.5
13.222107094221087,950.6580206231386,0.7692307692307693,0.9464285714285714,1.0,0.625,3,0.625,0.625
2.4798366452566825,939.9157501741741,0.8571428571428571,0.9642857142857143,1.0,0.75,2,0.75,0.75
-1.1601999423392044,936.2757135865783,0.9333333333333333,0.9821428571428571,1.0,0.875,1,0.875,0.875
