BIC - Goal,BIC,F1 Score,Accuracy,Precision,Recall,SHD,SLF,TLF
200.60869855598855,1144.4537629326592,0.2222222222222222,0.875,1.0,0.125,7,0.125,0.125
117.04602242298836,1060.891086799659,0.4,0.8928571428571429,1.0,0.25,6,0.25,0.25
50.887074375765565,994.7321387524362,0.5454545454545454,0.9107142857142857,1.0,0.375,5,0.375,0.375
20.0723157783342,963.9173801550048,0.5,0.8928571428571429,0.75,0.375,6,0.375,0.5
8.255726393155442,952.1007907698261,0.6153846153846154,0.9107142857142857,0.8,0.5,5,0.5,0.625
-3.2176751994087454,940.6273891772619,0.7142857142857143,0.9285714285714286,0.8333333333333334,0.625,4,0.625,0.75
-4.49506873623443,939.3499956404362,0.6666666666666666,0.9107142857142857,0.7142857142857143,0.625,5,0.625,0.75
