BIC - Goal,BIC,F1 Score,Accuracy,Precision,Recall,SHD,SLF,TLF
178.1641013044748,1140.492825788853,0,0.8392857142857143,0.0,0.0,9,0.0,0.125
101.16000636143417,1063.4887308458124,0.2,0.8571428571428571,0.5,0.125,8,0.125,0.25
46.56038324409269,1008.8891077284709,0.36363636363636365,0.875,0.6666666666666666,0.25,7,0.25,0.375
25.997889700626956,988.3266141850052,0.5,0.8928571428571429,0.75,0.375,6,0.375,0.5
16.958381986783024,979.2871064711612,0.6153846153846154,0.9107142857142857,0.8,0.5,5,0.5,0.625
9.051090514129328,971.3798149985075,0.5714285714285715,0.8928571428571429,0.6666666666666666,0.5,6,0.5,0.75
4.148976208229897,966.4777006926081,0.7142857142857143,0.9285714285714286,0.8333333333333334,0.625,4,0.625,0.75
-2.9831376419740536,959.3455868424041,0.7999999999999999,0.9464285714285714,0.8571428571428571,0.75,3,0.75,0.875
