BIC - Goal,BIC,F1 Score,Accuracy,Precision,Recall,SHD,SLF,TLF
191.78494863843252,1125.7067025649542,0,0.8392857142857143,0.0,0.0,9,0.0,0.125
97.67495492801208,1031.5967088545337,0.2,0.8571428571428571,0.5,0.125,8,0.125,0.25
50.26737581560678,984.1891297421284,0.36363636363636365,0.875,0.6666666666666666,0.25,7,0.25,0.375
22.004256957643747,955.9260108841654,0.3333333333333333,0.8571428571428571,0.5,0.25,8,0.25,0.5
3.6171941687149456,937.5389480952366,0.4615384615384615,0.875,0.6,0.375,7,0.375,0.625
-1.4091198870598873,932.5126340394618,0.42857142857142855,0.8571428571428571,0.5,0.375,8,0.375,0.75
