BIC - Goal,BIC,F1 Score,Accuracy,Precision,Recall,SHD,SLF,TLF
187.26493107003114,1138.8879765863362,0,0.8392857142857143,0.0,0.0,9,0.0,0.125
105.8372567388127,1057.4603022551178,0.2,0.8571428571428571,0.5,0.125,8,0.125,0.25
41.363141929018184,992.9861874453233,0.36363636363636365,0.875,0.6666666666666666,0.25,7,0.25,0.375
20.949181425283314,972.5722269415884,0.3333333333333333,0.8571428571428571,0.5,0.25,8,0.25,0.5
4.810267269995734,956.4333127863008,0.4615384615384615,0.875,0.6,0.375,7,0.375,0.625
-0.28093353196834414,951.3421119843367,0.5714285714285715,0.8928571428571429,0.6666666666666666,0.5,6,0.5,0.75
-0.9807191383482632,950.6423263779568,0.5333333333333333,0.875,0.5714285714285714,0.5,7,0.5,0.75
