BIC - Goal,BIC,F1 Score,Accuracy,Precision,Recall,SHD,SLF,TLF
191.94458808469608,1169.3781578393575,0,0.8392857142857143,0.0,0.0,9,0.0,0.125
109.32871632624892,1086.7622860809104,0.2,0.8571428571428571,0.5,0.125,8,0.125,0.25
48.322588673155906,1025.7561584278174,0.36363636363636365,0.875,0.6666666666666666,0.25,7,0.25,0.375
23.599896270921818,1001.0334660255833,0.5,0.8928571428571429,0.75,0.375,6,0.375,0.5
13.746512068170205,991.1800818228317,0.4615384615384615,0.875,0.6,0.375,7,0.375,0.625
8.096543348739146,985.5301131034006,0.42857142857142855,0.8571428571428571,0.5,0.375,8,0.375,0.625
6.805429371353853,984.2389991260153,0.5333333333333333,0.875,0.5714285714285714,0.5,7,0.5,0.75
