BIC - Goal,BIC,F1 Score,Accuracy,Precision,Recall,SHD,SLF,TLF
169.77276642523964,1107.510513036438,0,0.8392857142857143,0.0,0.0,9,0.0,0.125
89.03241339763997,1026.7701600088383,0,0.8214285714285714,0.0,0.0,10,0.0,0.25
34.403025626098724,972.140772237297,0,0.8035714285714286,0.0,0.0,11,0.0,0.375
23.965610464206748,961.703357075405,0,0.7857142857142857,0.0,0.0,12,0.0,0.5
15.253755758693956,952.9915023698923,0,0.7678571428571429,0.0,0.0,13,0.0,0.5
11.231983969880616,948.9697305810789,0,0.75,0.0,0.0,14,0.0,0.625
8.687013563656024,946.4247601748543,0,0.7321428571428571,0.0,0.0,15,0.0,0.75
7.462608489854688,945.200355101053,0,0.7142857142857143,0.0,0.0,16,0.0,0.875
6.403149337874652,944.140895949073,0,0.6964285714285714,0.0,0.0,17,0.0,0.875
