BIC - Goal,BIC,F1 Score,Accuracy,Precision,Recall,SHD,SLF,TLF
157.1086274195883,1070.7972415550769,0,0.8392857142857143,0.0,0.0,9,0.0,0.125
86.82221763853534,1000.5108317740239,0.2,0.8571428571428571,0.5,0.125,8,0.125,0.25
38.93684128987695,952.6254554253655,0.36363636363636365,0.875,0.6666666666666666,0.25,7,0.25,0.375
24.134030216962287,937.8226443524509,0.3333333333333333,0.8571428571428571,0.5,0.25,8,0.25,0.5
12.62062781843531,926.3092419539239,0.4615384615384615,0.875,0.6,0.375,7,0.375,0.625
5.3888069344196765,919.0774210699083,0.5714285714285715,0.8928571428571429,0.6666666666666666,0.5,6,0.5,0.75
2.948836149392605,916.6374502848812,0.5333333333333333,0.875,0.5714285714285714,0.5,7,0.5,0.75
