BIC - Goal,BIC,F1 Score,Accuracy,Precision,Recall,SHD,SLF,TLF
161.7119173688303,1109.637644902602,0,0.8392857142857143,0.0,0.0,9,0.0,0.125
93.37477070265675,1041.3004982364284,0.2,0.8571428571428571,0.5,0.125,8,0.125,0.25
39.24414584794533,987.169873381717,0.36363636363636365,0.875,0.6666666666666666,0.25,7,0.25,0.375
23.05182585219734,970.977553385969,0.5,0.8928571428571429,0.75,0.375,6,0.375,0.5
14.731657496165667,962.6573850299374,0.6153846153846154,0.9107142857142857,0.8,0.5,5,0.5,0.625
7.95138604544627,955.877113579218,0.5714285714285715,0.8928571428571429,0.6666666666666666,0.5,6,0.5,0.75
