BIC - Goal,BIC,F1 Score,Accuracy,Precision,Recall,SHD,SLF,TLF
176.2378931054974,1124.1884957586146,0,0.8392857142857143,0.0,0.0,9,0.0,0.125
92.8463672957597,1040.796969948877,0.2,0.8571428571428571,0.5,0.125,8,0.125,0.25
26.344748296712055,974.2953509498293,0.36363636363636365,0.875,0.6666666666666666,0.25,7,0.25,0.375
10.375532295035669,958.3261349481529,0.3333333333333333,0.8571428571428571,0.5,0.25,8,0.25,0.5
2.2967017979177626,950.247304451035,0.3076923076923077,0.8392857142857143,0.4,0.25,9,0.25,0.625
-3.5488965453265564,944.4017061077907,0.42857142857142855,0.8571428571428571,0.5,0.375,8,0.375,0.75
