BIC - Goal,BIC,F1 Score,Accuracy,Precision,Recall,SHD,SLF,TLF
220.42199743392985,1152.607062117623,0.2222222222222222,0.875,1.0,0.125,7,0.125,0.125
146.5883754805352,1078.7734401642283,0.4,0.8928571428571429,1.0,0.25,6,0.25,0.25
83.06687699811425,1015.2519416818074,0.5454545454545454,0.9107142857142857,1.0,0.375,5,0.375,0.375
46.52731844799848,978.7123831316916,0.6666666666666666,0.9285714285714286,1.0,0.5,4,0.5,0.5
13.515909902309545,945.7009745860026,0.6153846153846154,0.9107142857142857,0.8,0.5,5,0.5,0.625
2.0674926427199125,934.252557326413,0.5714285714285715,0.8928571428571429,0.6666666666666666,0.5,6,0.5,0.625
