BIC - Goal,BIC,F1 Score,Accuracy,Precision,Recall,SHD,SLF,TLF
165.64741714299316,1093.897535428201,0.2222222222222222,0.875,1.0,0.125,7,0.125,0.125
102.8350820185185,1031.0852003037264,0.4,0.8928571428571429,1.0,0.25,6,0.25,0.25
49.70256838890782,977.9526866741157,0.5454545454545454,0.9107142857142857,1.0,0.375,5,0.375,0.375
20.008313573206465,948.2584318584144,0.6666666666666666,0.9285714285714286,1.0,0.5,4,0.5,0.5
3.7948293094210612,932.044947594629,0.7692307692307693,0.9464285714285714,1.0,0.625,3,0.625,0.625
-1.5234520917753116,926.7266661934326,0.8571428571428571,0.9642857142857143,1.0,0.75,2,0.75,0.75
-2.9654670553306914,925.2846512298772,0.9333333333333333,0.9821428571428571,1.0,0.875,1,0.875,0.875
