BIC - Goal,BIC,F1 Score,Accuracy,Precision,Recall,SHD,SLF,TLF
241.6683285062726,1189.4180034863089,0,0.8392857142857143,0.0,0.0,9,0.0,0.125
141.12513858665704,1088.8748135666933,0,0.8214285714285714,0.0,0.0,10,0.0,0.25
61.249108835251604,1008.9987838152879,0.18181818181818182,0.8392857142857143,0.3333333333333333,0.125,9,0.125,0.375
44.15556369314095,991.9052386731772,0.16666666666666666,0.8214285714285714,0.25,0.125,10,0.125,0.5
27.217649838908414,974.9673248189447,0.15384615384615385,0.8035714285714286,0.2,0.125,11,0.125,0.625
17.388993489874792,965.1386684699111,0.14285714285714288,0.7857142857142857,0.16666666666666666,0.125,12,0.125,0.75
10.593619248809205,958.3432942288455,0.13333333333333333,0.7678571428571429,0.14285714285714285,0.125,13,0.125,0.75
3.9755765685980577,951.7252515486343,0.125,0.75,0.125,0.125,14,0.125,0.875
