BIC - Goal,BIC,F1 Score,Accuracy,Precision,Recall,SHD,SLF,TLF
249103.82734696195,907461.1850814595,0.08,0.8689458689458689,0.08333333333333333,0.07692307692307693,92,0.07692307692307693,0.19230769230769232
244343.38440315437,902700.7421376519,0.14953271028037382,0.8703703703703703,0.14545454545454545,0.15384615384615385,91,0.15384615384615385,0.21153846153846154
204995.95538861968,863353.3131231172,0.10810810810810811,0.8589743589743589,0.1016949152542373,0.11538461538461539,99,0.11538461538461539,0.28846153846153844
204995.95538861968,863353.3131231172,0.10810810810810811,0.8589743589743589,0.1016949152542373,0.11538461538461539,99,0.11538461538461539,0.28846153846153844
204995.95538861968,863353.3131231172,0.10810810810810811,0.8589743589743589,0.1016949152542373,0.11538461538461539,99,0.11538461538461539,0.28846153846153844
204995.95538861968,863353.3131231172,0.10810810810810811,0.8589743589743589,0.1016949152542373,0.11538461538461539,99,0.11538461538461539,0.28846153846153844
188069.3165091962,846426.6742436937,0.11881188118811882,0.8732193732193733,0.12244897959183673,0.11538461538461539,89,0.11538461538461539,0.25
188069.3165091962,846426.6742436937,0.11881188118811882,0.8732193732193733,0.12244897959183673,0.11538461538461539,89,0.11538461538461539,0.25
179235.26716899988,837592.6249034974,0.18367346938775508,0.886039886039886,0.1956521739130435,0.17307692307692307,80,0.17307692307692307,0.3269230769230769
179235.26716899988,837592.6249034974,0.18367346938775508,0.886039886039886,0.1956521739130435,0.17307692307692307,80,0.17307692307692307,0.3269230769230769
172187.87409615272,830545.2318306502,0.14953271028037382,0.8703703703703703,0.14545454545454545,0.15384615384615385,91,0.15384615384615385,0.36538461538461536
164456.67692954862,822814.0346640461,0.12244897959183673,0.8774928774928775,0.13043478260869565,0.11538461538461539,86,0.11538461538461539,0.28846153846153844
162431.70237883646,820789.060113334,0.18750000000000003,0.8888888888888888,0.20454545454545456,0.17307692307692307,78,0.17307692307692307,0.3269230769230769
146439.63634947012,804796.9940839676,0.1834862385321101,0.8732193732193733,0.17543859649122806,0.19230769230769232,89,0.19230769230769232,0.3076923076923077
145534.69637130923,803892.0541058067,0.18181818181818185,0.8717948717948718,0.1724137931034483,0.19230769230769232,90,0.19230769230769232,0.3076923076923077
137232.4317919584,795589.7895264559,0.24175824175824173,0.9017094017094017,0.28205128205128205,0.21153846153846154,69,0.21153846153846154,0.34615384615384615
129594.52974868985,787951.8874831874,0.15053763440860216,0.8874643874643875,0.17073170731707318,0.1346153846153846,79,0.1346153846153846,0.2692307692307692
117175.86017113796,775533.2179056355,0.2268041237113402,0.8931623931623932,0.24444444444444444,0.21153846153846154,75,0.21153846153846154,0.38461538461538464
113691.7690444712,772049.1267789687,0.24719101123595508,0.9045584045584045,0.2972972972972973,0.21153846153846154,67,0.21153846153846154,0.34615384615384615
105012.19917184091,763369.5569063384,0.2978723404255319,0.905982905982906,0.3333333333333333,0.2692307692307692,66,0.2692307692307692,0.40384615384615385
105012.19917184091,763369.5569063384,0.2978723404255319,0.905982905982906,0.3333333333333333,0.2692307692307692,66,0.2692307692307692,0.40384615384615385
94697.2063857785,753054.564120276,0.24742268041237114,0.896011396011396,0.26666666666666666,0.23076923076923078,73,0.23076923076923078,0.40384615384615385
94697.2063857785,753054.564120276,0.24742268041237114,0.896011396011396,0.26666666666666666,0.23076923076923078,73,0.23076923076923078,0.40384615384615385
94697.2063857785,753054.564120276,0.24742268041237114,0.896011396011396,0.26666666666666666,0.23076923076923078,73,0.23076923076923078,0.40384615384615385
92549.37693947856,750906.7346739761,0.24489795918367346,0.8945868945868946,0.2608695652173913,0.23076923076923078,74,0.23076923076923078,0.4230769230769231
90389.4144946615,748746.772229159,0.24000000000000002,0.8917378917378918,0.25,0.23076923076923078,76,0.23076923076923078,0.40384615384615385
78300.67067685537,736658.0284113529,0.2692307692307692,0.8917378917378918,0.2692307692307692,0.2692307692307692,76,0.2692307692307692,0.46153846153846156
78300.67067685537,736658.0284113529,0.2692307692307692,0.8917378917378918,0.2692307692307692,0.2692307692307692,76,0.2692307692307692,0.46153846153846156
77702.50818506908,736059.8659195666,0.3076923076923077,0.8974358974358975,0.3076923076923077,0.3076923076923077,72,0.3076923076923077,0.5192307692307693
77702.50818506908,736059.8659195666,0.3076923076923077,0.8974358974358975,0.3076923076923077,0.3076923076923077,72,0.3076923076923077,0.5192307692307693
77702.50818506908,736059.8659195666,0.3076923076923077,0.8974358974358975,0.3076923076923077,0.3076923076923077,72,0.3076923076923077,0.5192307692307693
77702.50818506908,736059.8659195666,0.3076923076923077,0.8974358974358975,0.3076923076923077,0.3076923076923077,72,0.3076923076923077,0.5192307692307693
74927.52684883354,733284.8845833311,0.33962264150943394,0.9002849002849003,0.3333333333333333,0.34615384615384615,70,0.34615384615384615,0.5192307692307693
74927.52684883354,733284.8845833311,0.33962264150943394,0.9002849002849003,0.3333333333333333,0.34615384615384615,70,0.34615384615384615,0.5192307692307693
74927.52684883354,733284.8845833311,0.33962264150943394,0.9002849002849003,0.3333333333333333,0.34615384615384615,70,0.34615384615384615,0.5192307692307693
72127.66826165537,730485.0259961529,0.27184466019417475,0.8931623931623932,0.27450980392156865,0.2692307692307692,75,0.2692307692307692,0.4807692307692308
68615.72099953657,726973.0787340341,0.3148148148148148,0.8945868945868946,0.30357142857142855,0.3269230769230769,74,0.3269230769230769,0.5
68615.72099953657,726973.0787340341,0.3148148148148148,0.8945868945868946,0.30357142857142855,0.3269230769230769,74,0.3269230769230769,0.5
66062.18129537127,724419.5390298688,0.28571428571428564,0.8931623931623932,0.2830188679245283,0.28846153846153844,75,0.28846153846153844,0.4807692307692308
66062.18129537127,724419.5390298688,0.28571428571428564,0.8931623931623932,0.2830188679245283,0.28846153846153844,75,0.28846153846153844,0.4807692307692308
64407.09049609036,722764.4482305879,0.3137254901960784,0.9002849002849003,0.32,0.3076923076923077,70,0.3076923076923077,0.5
63531.70880220155,721889.0665366991,0.2935779816513761,0.8903133903133903,0.2807017543859649,0.3076923076923077,77,0.3076923076923077,0.5
63091.68204226694,721449.0397767645,0.3148148148148148,0.8945868945868946,0.30357142857142855,0.3269230769230769,74,0.3269230769230769,0.5192307692307693
62875.301865166635,721232.6595996642,0.33644859813084116,0.8988603988603988,0.32727272727272727,0.34615384615384615,71,0.34615384615384615,0.5384615384615384
59774.31510533497,718131.6728398325,0.31775700934579443,0.896011396011396,0.3090909090909091,0.3269230769230769,73,0.3269230769230769,0.5384615384615384
57320.35057647689,715677.7083109744,0.28571428571428564,0.8931623931623932,0.2830188679245283,0.28846153846153844,75,0.28846153846153844,0.5
57287.95923914085,715645.3169736384,0.32075471698113206,0.8974358974358975,0.3148148148148148,0.3269230769230769,72,0.3269230769230769,0.5384615384615384
56549.65916075301,714907.0168952505,0.29906542056074764,0.8931623931623932,0.2909090909090909,0.3076923076923077,75,0.3076923076923077,0.5192307692307693
56549.65916075301,714907.0168952505,0.29906542056074764,0.8931623931623932,0.2909090909090909,0.3076923076923077,75,0.3076923076923077,0.5192307692307693
54842.769370830385,713200.1271053279,0.32,0.9031339031339032,0.3333333333333333,0.3076923076923077,68,0.3076923076923077,0.5192307692307693
54208.241500396514,712565.599234894,0.2912621359223301,0.896011396011396,0.29411764705882354,0.28846153846153844,73,0.28846153846153844,0.5192307692307693
53101.848405745695,711459.2061402432,0.3018867924528302,0.8945868945868946,0.2962962962962963,0.3076923076923077,74,0.3076923076923077,0.5192307692307693
53029.74652893981,711387.1042634373,0.3148148148148148,0.8945868945868946,0.30357142857142855,0.3269230769230769,74,0.3269230769230769,0.5384615384615384
51182.525382887456,709539.883117385,0.34285714285714286,0.9017094017094017,0.33962264150943394,0.34615384615384615,69,0.34615384615384615,0.5384615384615384
45330.421322120936,703687.7790566185,0.3047619047619048,0.896011396011396,0.3018867924528302,0.3076923076923077,73,0.3076923076923077,0.5192307692307693
45330.421322120936,703687.7790566185,0.3047619047619048,0.896011396011396,0.3018867924528302,0.3076923076923077,73,0.3076923076923077,0.5192307692307693
44240.00743372389,702597.3651682214,0.2912621359223301,0.896011396011396,0.29411764705882354,0.28846153846153844,73,0.28846153846153844,0.5
43413.306415917235,701770.6641504148,0.3047619047619048,0.896011396011396,0.3018867924528302,0.3076923076923077,73,0.3076923076923077,0.5192307692307693
41679.126787565765,700036.4845220633,0.3076923076923077,0.8974358974358975,0.3076923076923077,0.3076923076923077,72,0.3076923076923077,0.5192307692307693
40366.4054463607,698723.7631808582,0.32075471698113206,0.8974358974358975,0.3148148148148148,0.3269230769230769,72,0.3269230769230769,0.5384615384615384
39660.67764790519,698018.0353824027,0.33644859813084116,0.8988603988603988,0.32727272727272727,0.34615384615384615,71,0.34615384615384615,0.5769230769230769
35731.89235278638,694089.2500872839,0.3333333333333333,0.8974358974358975,0.32142857142857145,0.34615384615384615,72,0.34615384615384615,0.5576923076923077
34903.01553711621,693260.3732716137,0.34234234234234234,0.896011396011396,0.3220338983050847,0.36538461538461536,73,0.36538461538461536,0.5769230769230769
32029.200461705797,690386.5581962033,0.35294117647058826,0.905982905982906,0.36,0.34615384615384615,66,0.34615384615384615,0.5576923076923077
32029.200461705797,690386.5581962033,0.35294117647058826,0.905982905982906,0.36,0.34615384615384615,66,0.34615384615384615,0.5576923076923077
30212.736406125943,688570.0941406235,0.34545454545454546,0.8974358974358975,0.3275862068965517,0.36538461538461536,72,0.36538461538461536,0.5769230769230769
29818.132800122956,688175.4905346205,0.3689320388349514,0.9074074074074074,0.37254901960784315,0.36538461538461536,65,0.36538461538461536,0.5769230769230769
29818.132800122956,688175.4905346205,0.3689320388349514,0.9074074074074074,0.37254901960784315,0.36538461538461536,65,0.36538461538461536,0.5769230769230769
29818.132800122956,688175.4905346205,0.3689320388349514,0.9074074074074074,0.37254901960784315,0.36538461538461536,65,0.36538461538461536,0.5769230769230769
29518.719889410073,687876.0776239076,0.3689320388349514,0.9074074074074074,0.37254901960784315,0.36538461538461536,65,0.36538461538461536,0.5769230769230769
29518.719889410073,687876.0776239076,0.3689320388349514,0.9074074074074074,0.37254901960784315,0.36538461538461536,65,0.36538461538461536,0.5769230769230769
29033.20923720312,687390.5669717006,0.3619047619047619,0.9045584045584045,0.3584905660377358,0.36538461538461536,67,0.36538461538461536,0.5769230769230769
29033.20923720312,687390.5669717006,0.3619047619047619,0.9045584045584045,0.3584905660377358,0.36538461538461536,67,0.36538461538461536,0.5769230769230769
28838.142536193947,687195.5002706915,0.3653846153846153,0.905982905982906,0.36538461538461536,0.36538461538461536,66,0.36538461538461536,0.5961538461538461
28783.5675065401,687140.9252410376,0.3689320388349514,0.9074074074074074,0.37254901960784315,0.36538461538461536,65,0.36538461538461536,0.5769230769230769
27048.162656455417,685405.5203909529,0.35514018691588783,0.9017094017094017,0.34545454545454546,0.36538461538461536,69,0.36538461538461536,0.5961538461538461
27048.162656455417,685405.5203909529,0.35514018691588783,0.9017094017094017,0.34545454545454546,0.36538461538461536,69,0.36538461538461536,0.5961538461538461
27048.162656455417,685405.5203909529,0.35514018691588783,0.9017094017094017,0.34545454545454546,0.36538461538461536,69,0.36538461538461536,0.5961538461538461
26334.50282573758,684691.8605602351,0.3584905660377358,0.9031339031339032,0.35185185185185186,0.36538461538461536,68,0.36538461538461536,0.5961538461538461
26334.50282573758,684691.8605602351,0.3584905660377358,0.9031339031339032,0.35185185185185186,0.36538461538461536,68,0.36538461538461536,0.5961538461538461
26196.38321309886,684553.7409475964,0.3619047619047619,0.9045584045584045,0.3584905660377358,0.36538461538461536,67,0.36538461538461536,0.6153846153846154
26030.151917722542,684387.5096522201,0.38095238095238093,0.9074074074074074,0.37735849056603776,0.38461538461538464,65,0.38461538461538464,0.6153846153846154
26030.151917722542,684387.5096522201,0.38095238095238093,0.9074074074074074,0.37735849056603776,0.38461538461538464,65,0.38461538461538464,0.6153846153846154
26026.293176262174,684383.6509107597,0.37383177570093457,0.9045584045584045,0.36363636363636365,0.38461538461538464,67,0.38461538461538464,0.6153846153846154
23186.525303651462,681543.883038149,0.38095238095238093,0.9074074074074074,0.37735849056603776,0.38461538461538464,65,0.38461538461538464,0.6153846153846154
23186.525303651462,681543.883038149,0.38095238095238093,0.9074074074074074,0.37735849056603776,0.38461538461538464,65,0.38461538461538464,0.6153846153846154
22806.791435196763,681164.1491696943,0.38461538461538464,0.9088319088319088,0.38461538461538464,0.38461538461538464,64,0.38461538461538464,0.6346153846153846
22806.791435196763,681164.1491696943,0.38461538461538464,0.9088319088319088,0.38461538461538464,0.38461538461538464,64,0.38461538461538464,0.6346153846153846
22711.58302773186,681068.9407622294,0.3925233644859813,0.9074074074074074,0.38181818181818183,0.40384615384615385,65,0.40384615384615385,0.6346153846153846
22711.58302773186,681068.9407622294,0.3925233644859813,0.9074074074074074,0.38181818181818183,0.40384615384615385,65,0.40384615384615385,0.6346153846153846
22007.00964022521,680364.3673747227,0.3962264150943396,0.9088319088319088,0.3888888888888889,0.40384615384615385,64,0.40384615384615385,0.6538461538461539
22007.00964022521,680364.3673747227,0.3962264150943396,0.9088319088319088,0.3888888888888889,0.40384615384615385,64,0.40384615384615385,0.6538461538461539
21961.455248680315,680318.8129831778,0.3925233644859813,0.9074074074074074,0.38181818181818183,0.40384615384615385,65,0.40384615384615385,0.6538461538461539
21961.455248680315,680318.8129831778,0.3925233644859813,0.9074074074074074,0.38181818181818183,0.40384615384615385,65,0.40384615384615385,0.6538461538461539
21280.46020123316,679637.8179357307,0.4112149532710281,0.9102564102564102,0.4,0.4230769230769231,63,0.4230769230769231,0.6538461538461539
21280.46020123316,679637.8179357307,0.4112149532710281,0.9102564102564102,0.4,0.4230769230769231,63,0.4230769230769231,0.6538461538461539
21280.46020123316,679637.8179357307,0.4112149532710281,0.9102564102564102,0.4,0.4230769230769231,63,0.4230769230769231,0.6538461538461539
21280.46020123316,679637.8179357307,0.4112149532710281,0.9102564102564102,0.4,0.4230769230769231,63,0.4230769230769231,0.6538461538461539
21280.46020123316,679637.8179357307,0.4112149532710281,0.9102564102564102,0.4,0.4230769230769231,63,0.4230769230769231,0.6538461538461539
20518.74011036486,678876.0978448624,0.4036697247706422,0.9074074074074074,0.38596491228070173,0.4230769230769231,65,0.4230769230769231,0.6730769230769231
20428.766654893523,678786.124389391,0.4074074074074074,0.9088319088319088,0.39285714285714285,0.4230769230769231,64,0.4230769230769231,0.6730769230769231
19888.15532945667,678245.5130639542,0.4036697247706422,0.9074074074074074,0.38596491228070173,0.4230769230769231,65,0.4230769230769231,0.6730769230769231
19737.611861676327,678094.9695961738,0.42201834862385323,0.9102564102564102,0.40350877192982454,0.4423076923076923,63,0.4423076923076923,0.6730769230769231
19732.957176584285,678090.3149110818,0.42592592592592593,0.9116809116809117,0.4107142857142857,0.4423076923076923,62,0.4423076923076923,0.6538461538461539
18383.655240795226,676741.0129752927,0.42201834862385323,0.9102564102564102,0.40350877192982454,0.4423076923076923,63,0.4423076923076923,0.6730769230769231
18383.655240795226,676741.0129752927,0.42201834862385323,0.9102564102564102,0.40350877192982454,0.4423076923076923,63,0.4423076923076923,0.6730769230769231
17896.807321226108,676254.1650557236,0.4485981308411215,0.915954415954416,0.43636363636363634,0.46153846153846156,59,0.46153846153846156,0.6730769230769231
17265.236772903823,675622.5945074013,0.45714285714285713,0.9188034188034188,0.4528301886792453,0.46153846153846156,57,0.46153846153846156,0.6730769230769231
16868.320890890784,675225.6786253883,0.4761904761904762,0.9216524216524217,0.4716981132075472,0.4807692307692308,55,0.4807692307692308,0.6730769230769231
16868.320890890784,675225.6786253883,0.4761904761904762,0.9216524216524217,0.4716981132075472,0.4807692307692308,55,0.4807692307692308,0.6730769230769231
16868.320890890784,675225.6786253883,0.4761904761904762,0.9216524216524217,0.4716981132075472,0.4807692307692308,55,0.4807692307692308,0.6730769230769231
16868.320890890784,675225.6786253883,0.4761904761904762,0.9216524216524217,0.4716981132075472,0.4807692307692308,55,0.4807692307692308,0.6730769230769231
16868.320890890784,675225.6786253883,0.4761904761904762,0.9216524216524217,0.4716981132075472,0.4807692307692308,55,0.4807692307692308,0.6730769230769231
16771.310274398536,675128.668008896,0.4716981132075472,0.9202279202279202,0.46296296296296297,0.4807692307692308,56,0.4807692307692308,0.6730769230769231
16751.084659732645,675108.4423942302,0.46296296296296297,0.9173789173789174,0.44642857142857145,0.4807692307692308,58,0.4807692307692308,0.6730769230769231
16733.416328900377,675090.7740633979,0.4672897196261683,0.9188034188034188,0.45454545454545453,0.4807692307692308,57,0.4807692307692308,0.6730769230769231
16733.416328900377,675090.7740633979,0.4672897196261683,0.9188034188034188,0.45454545454545453,0.4807692307692308,57,0.4807692307692308,0.6730769230769231
16293.060000043362,674650.4177345409,0.5,0.9259259259259259,0.5,0.5,52,0.5,0.6730769230769231
16293.060000043362,674650.4177345409,0.5,0.9259259259259259,0.5,0.5,52,0.5,0.6730769230769231
16196.049383551115,674553.4071180486,0.49523809523809526,0.9245014245014245,0.49056603773584906,0.5,53,0.5,0.6730769230769231
16158.15543805284,674515.5131725504,0.49056603773584906,0.9230769230769231,0.48148148148148145,0.5,54,0.5,0.6730769230769231
15796.200453053112,674153.5581875506,0.49523809523809526,0.9245014245014245,0.49056603773584906,0.5,53,0.5,0.6730769230769231
15796.200453053112,674153.5581875506,0.49523809523809526,0.9245014245014245,0.49056603773584906,0.5,53,0.5,0.6730769230769231
15624.811630665674,673982.1693651632,0.5,0.9259259259259259,0.5,0.5,52,0.5,0.6730769230769231
15604.5860159999,673961.9437504974,0.49056603773584906,0.9230769230769231,0.48148148148148145,0.5,54,0.5,0.6730769230769231
15545.247967967181,673902.6057024647,0.49523809523809526,0.9245014245014245,0.49056603773584906,0.5,53,0.5,0.6730769230769231
15545.247967967181,673902.6057024647,0.49523809523809526,0.9245014245014245,0.49056603773584906,0.5,53,0.5,0.6730769230769231
15545.247967967181,673902.6057024647,0.49523809523809526,0.9245014245014245,0.49056603773584906,0.5,53,0.5,0.6730769230769231
15540.442341039656,673897.8000755372,0.509433962264151,0.9259259259259259,0.5,0.5192307692307693,52,0.5192307692307693,0.6923076923076923
15540.442341039656,673897.8000755372,0.509433962264151,0.9259259259259259,0.5,0.5192307692307693,52,0.5192307692307693,0.6923076923076923
14756.577749267919,673113.9354837654,0.49056603773584906,0.9230769230769231,0.48148148148148145,0.5,54,0.5,0.6923076923076923
14756.577749267919,673113.9354837654,0.49056603773584906,0.9230769230769231,0.48148148148148145,0.5,54,0.5,0.6923076923076923
14756.577749267919,673113.9354837654,0.49056603773584906,0.9230769230769231,0.48148148148148145,0.5,54,0.5,0.6923076923076923
14756.577749267919,673113.9354837654,0.49056603773584906,0.9230769230769231,0.48148148148148145,0.5,54,0.5,0.6923076923076923
14756.577749267919,673113.9354837654,0.49056603773584906,0.9230769230769231,0.48148148148148145,0.5,54,0.5,0.6923076923076923
14756.577749267919,673113.9354837654,0.49056603773584906,0.9230769230769231,0.48148148148148145,0.5,54,0.5,0.6923076923076923
14756.577749267919,673113.9354837654,0.49056603773584906,0.9230769230769231,0.48148148148148145,0.5,54,0.5,0.6923076923076923
14706.821056362242,673064.1787908598,0.5,0.9230769230769231,0.48214285714285715,0.5192307692307693,54,0.5192307692307693,0.7115384615384616
14658.172464152798,673015.5301986503,0.5046728971962617,0.9245014245014245,0.4909090909090909,0.5192307692307693,53,0.5192307692307693,0.7115384615384616
14653.366837225272,673010.7245717228,0.5185185185185186,0.9259259259259259,0.5,0.5384615384615384,52,0.5384615384615384,0.7307692307692307
14632.314363574726,672989.6720980722,0.509433962264151,0.9259259259259259,0.5,0.5192307692307693,52,0.5192307692307693,0.7115384615384616
14627.5087366472,672984.8664711447,0.5233644859813084,0.9273504273504274,0.509090909090909,0.5384615384615384,51,0.5384615384615384,0.7307692307692307
14627.5087366472,672984.8664711447,0.5233644859813084,0.9273504273504274,0.509090909090909,0.5384615384615384,51,0.5384615384615384,0.7307692307692307
14627.5087366472,672984.8664711447,0.5233644859813084,0.9273504273504274,0.509090909090909,0.5384615384615384,51,0.5384615384615384,0.7307692307692307
14583.760710578063,672941.1184450756,0.5137614678899082,0.9245014245014245,0.49122807017543857,0.5384615384615384,53,0.5384615384615384,0.7307692307692307
14340.432240924798,672697.7899754223,0.509433962264151,0.9259259259259259,0.5,0.5192307692307693,52,0.5192307692307693,0.7115384615384616
14340.432240924798,672697.7899754223,0.509433962264151,0.9259259259259259,0.5,0.5192307692307693,52,0.5192307692307693,0.7115384615384616
14340.432240924798,672697.7899754223,0.509433962264151,0.9259259259259259,0.5,0.5192307692307693,52,0.5192307692307693,0.7115384615384616
14335.626613997272,672692.9843484948,0.5233644859813084,0.9273504273504274,0.509090909090909,0.5384615384615384,51,0.5384615384615384,0.7307692307692307
11812.062987844809,670169.4207223423,0.5046728971962617,0.9245014245014245,0.4909090909090909,0.5192307692307693,53,0.5192307692307693,0.7115384615384616
11812.062987844809,670169.4207223423,0.5046728971962617,0.9245014245014245,0.4909090909090909,0.5192307692307693,53,0.5192307692307693,0.7115384615384616
11812.062987844809,670169.4207223423,0.5046728971962617,0.9245014245014245,0.4909090909090909,0.5192307692307693,53,0.5192307692307693,0.7115384615384616
11812.062987844809,670169.4207223423,0.5046728971962617,0.9245014245014245,0.4909090909090909,0.5192307692307693,53,0.5192307692307693,0.7115384615384616
11557.393018781557,669914.7507532791,0.509433962264151,0.9259259259259259,0.5,0.5192307692307693,52,0.5192307692307693,0.7115384615384616
11408.762222536025,669766.1199570335,0.5233644859813084,0.9273504273504274,0.509090909090909,0.5384615384615384,51,0.5384615384615384,0.7307692307692307
11408.762222536025,669766.1199570335,0.5233644859813084,0.9273504273504274,0.509090909090909,0.5384615384615384,51,0.5384615384615384,0.7307692307692307
11408.762222536025,669766.1199570335,0.5233644859813084,0.9273504273504274,0.509090909090909,0.5384615384615384,51,0.5384615384615384,0.7307692307692307
11343.961722816457,669701.319457314,0.5046728971962617,0.9245014245014245,0.4909090909090909,0.5192307692307693,53,0.5192307692307693,0.7115384615384616
11248.421618210734,669605.7793527083,0.5233644859813084,0.9273504273504274,0.509090909090909,0.5384615384615384,51,0.5384615384615384,0.7307692307692307
11248.421618210734,669605.7793527083,0.5233644859813084,0.9273504273504274,0.509090909090909,0.5384615384615384,51,0.5384615384615384,0.7307692307692307
11204.866303045652,669562.2240375432,0.509433962264151,0.9259259259259259,0.5,0.5192307692307693,52,0.5192307692307693,0.7115384615384616
11130.454549470916,669487.8122839684,0.5185185185185186,0.9259259259259259,0.5,0.5384615384615384,52,0.5384615384615384,0.7307692307692307
11104.596448892844,669461.9541833904,0.5233644859813084,0.9273504273504274,0.509090909090909,0.5384615384615384,51,0.5384615384615384,0.7307692307692307
11049.474344588583,669406.8320790861,0.5233644859813084,0.9273504273504274,0.509090909090909,0.5384615384615384,51,0.5384615384615384,0.7307692307692307
10942.420876285993,669299.7786107835,0.5283018867924528,0.9287749287749287,0.5185185185185185,0.5384615384615384,50,0.5384615384615384,0.7307692307692307
10359.367401223863,668716.7251357214,0.5137614678899082,0.9245014245014245,0.49122807017543857,0.5384615384615384,53,0.5384615384615384,0.7307692307692307
10359.367401223863,668716.7251357214,0.5137614678899082,0.9245014245014245,0.49122807017543857,0.5384615384615384,53,0.5384615384615384,0.7307692307692307
10359.367401223863,668716.7251357214,0.5137614678899082,0.9245014245014245,0.49122807017543857,0.5384615384615384,53,0.5384615384615384,0.7307692307692307
10197.191828617011,668554.5495631145,0.5185185185185186,0.9259259259259259,0.5,0.5384615384615384,52,0.5384615384615384,0.7307692307692307
10166.528101111413,668523.8858356089,0.537037037037037,0.9287749287749287,0.5178571428571429,0.5576923076923077,50,0.5576923076923077,0.75
10166.528101111413,668523.8858356089,0.537037037037037,0.9287749287749287,0.5178571428571429,0.5576923076923077,50,0.5576923076923077,0.75
10166.528101111413,668523.8858356089,0.537037037037037,0.9287749287749287,0.5178571428571429,0.5576923076923077,50,0.5576923076923077,0.75
10153.810841470142,668511.1685759677,0.537037037037037,0.9287749287749287,0.5178571428571429,0.5576923076923077,50,0.5576923076923077,0.75
10153.810841470142,668511.1685759677,0.537037037037037,0.9287749287749287,0.5178571428571429,0.5576923076923077,50,0.5576923076923077,0.75
10153.810841470142,668511.1685759677,0.537037037037037,0.9287749287749287,0.5178571428571429,0.5576923076923077,50,0.5576923076923077,0.75
10153.810841470142,668511.1685759677,0.537037037037037,0.9287749287749287,0.5178571428571429,0.5576923076923077,50,0.5576923076923077,0.75
10153.810841470142,668511.1685759677,0.537037037037037,0.9287749287749287,0.5178571428571429,0.5576923076923077,50,0.5576923076923077,0.75
10149.005214542616,668506.3629490401,0.5504587155963302,0.9301994301994302,0.5263157894736842,0.5769230769230769,49,0.5769230769230769,0.7692307692307693
10149.005214542616,668506.3629490401,0.5504587155963302,0.9301994301994302,0.5263157894736842,0.5769230769230769,49,0.5769230769230769,0.7692307692307693
10149.005214542616,668506.3629490401,0.5504587155963302,0.9301994301994302,0.5263157894736842,0.5769230769230769,49,0.5769230769230769,0.7692307692307693
10149.005214542616,668506.3629490401,0.5504587155963302,0.9301994301994302,0.5263157894736842,0.5769230769230769,49,0.5769230769230769,0.7692307692307693
10149.005214542616,668506.3629490401,0.5504587155963302,0.9301994301994302,0.5263157894736842,0.5769230769230769,49,0.5769230769230769,0.7692307692307693
10149.005214542616,668506.3629490401,0.5504587155963302,0.9301994301994302,0.5263157894736842,0.5769230769230769,49,0.5769230769230769,0.7692307692307693
10149.005214542616,668506.3629490401,0.5504587155963302,0.9301994301994302,0.5263157894736842,0.5769230769230769,49,0.5769230769230769,0.7692307692307693
7148.684529956197,665506.0422644537,0.5636363636363636,0.9316239316239316,0.5344827586206896,0.5961538461538461,48,0.5961538461538461,0.7884615384615384
7148.684529956197,665506.0422644537,0.5636363636363636,0.9316239316239316,0.5344827586206896,0.5961538461538461,48,0.5961538461538461,0.7884615384615384
7148.684529956197,665506.0422644537,0.5636363636363636,0.9316239316239316,0.5344827586206896,0.5961538461538461,48,0.5961538461538461,0.7884615384615384
7148.684529956197,665506.0422644537,0.5636363636363636,0.9316239316239316,0.5344827586206896,0.5961538461538461,48,0.5961538461538461,0.7884615384615384
7148.684529956197,665506.0422644537,0.5636363636363636,0.9316239316239316,0.5344827586206896,0.5961538461538461,48,0.5961538461538461,0.7884615384615384
7108.099439584999,665465.4571740825,0.5688073394495413,0.9330484330484331,0.543859649122807,0.5961538461538461,47,0.5961538461538461,0.7884615384615384
6731.8688621209,665089.2265966184,0.5688073394495413,0.9330484330484331,0.543859649122807,0.5961538461538461,47,0.5961538461538461,0.7884615384615384
6699.087457086309,665056.4451915838,0.5871559633027522,0.9358974358974359,0.5614035087719298,0.6153846153846154,45,0.6153846153846154,0.7884615384615384
6699.087457086309,665056.4451915838,0.5871559633027522,0.9358974358974359,0.5614035087719298,0.6153846153846154,45,0.6153846153846154,0.7884615384615384
6699.087457086309,665056.4451915838,0.5871559633027522,0.9358974358974359,0.5614035087719298,0.6153846153846154,45,0.6153846153846154,0.7884615384615384
6322.85687962221,664680.2146141197,0.5871559633027522,0.9358974358974359,0.5614035087719298,0.6153846153846154,45,0.6153846153846154,0.7884615384615384
6322.85687962221,664680.2146141197,0.5871559633027522,0.9358974358974359,0.5614035087719298,0.6153846153846154,45,0.6153846153846154,0.7884615384615384
6322.85687962221,664680.2146141197,0.5871559633027522,0.9358974358974359,0.5614035087719298,0.6153846153846154,45,0.6153846153846154,0.7884615384615384
6322.85687962221,664680.2146141197,0.5871559633027522,0.9358974358974359,0.5614035087719298,0.6153846153846154,45,0.6153846153846154,0.7884615384615384
6184.989603527938,664542.3473380255,0.5871559633027522,0.9358974358974359,0.5614035087719298,0.6153846153846154,45,0.6153846153846154,0.7884615384615384
6184.989603527938,664542.3473380255,0.5871559633027522,0.9358974358974359,0.5614035087719298,0.6153846153846154,45,0.6153846153846154,0.7884615384615384
6144.40451315674,664501.7622476543,0.5925925925925927,0.9373219373219374,0.5714285714285714,0.6153846153846154,44,0.6153846153846154,0.7884615384615384
6144.40451315674,664501.7622476543,0.5925925925925927,0.9373219373219374,0.5714285714285714,0.6153846153846154,44,0.6153846153846154,0.7884615384615384
6144.40451315674,664501.7622476543,0.5925925925925927,0.9373219373219374,0.5714285714285714,0.6153846153846154,44,0.6153846153846154,0.7884615384615384
6144.40451315674,664501.7622476543,0.5925925925925927,0.9373219373219374,0.5714285714285714,0.6153846153846154,44,0.6153846153846154,0.7884615384615384
6144.40451315674,664501.7622476543,0.5925925925925927,0.9373219373219374,0.5714285714285714,0.6153846153846154,44,0.6153846153846154,0.7884615384615384
6144.40451315674,664501.7622476543,0.5925925925925927,0.9373219373219374,0.5714285714285714,0.6153846153846154,44,0.6153846153846154,0.7884615384615384
6144.40451315674,664501.7622476543,0.5925925925925927,0.9373219373219374,0.5714285714285714,0.6153846153846154,44,0.6153846153846154,0.7884615384615384
6144.40451315674,664501.7622476543,0.5925925925925927,0.9373219373219374,0.5714285714285714,0.6153846153846154,44,0.6153846153846154,0.7884615384615384
6144.40451315674,664501.7622476543,0.5925925925925927,0.9373219373219374,0.5714285714285714,0.6153846153846154,44,0.6153846153846154,0.7884615384615384
6144.40451315674,664501.7622476543,0.5925925925925927,0.9373219373219374,0.5714285714285714,0.6153846153846154,44,0.6153846153846154,0.7884615384615384
6144.40451315674,664501.7622476543,0.5925925925925927,0.9373219373219374,0.5714285714285714,0.6153846153846154,44,0.6153846153846154,0.7884615384615384
6144.40451315674,664501.7622476543,0.5925925925925927,0.9373219373219374,0.5714285714285714,0.6153846153846154,44,0.6153846153846154,0.7884615384615384
6144.40451315674,664501.7622476543,0.5925925925925927,0.9373219373219374,0.5714285714285714,0.6153846153846154,44,0.6153846153846154,0.7884615384615384
6144.40451315674,664501.7622476543,0.5925925925925927,0.9373219373219374,0.5714285714285714,0.6153846153846154,44,0.6153846153846154,0.7884615384615384
6144.40451315674,664501.7622476543,0.5925925925925927,0.9373219373219374,0.5714285714285714,0.6153846153846154,44,0.6153846153846154,0.7884615384615384
6144.40451315674,664501.7622476543,0.5925925925925927,0.9373219373219374,0.5714285714285714,0.6153846153846154,44,0.6153846153846154,0.7884615384615384
6144.40451315674,664501.7622476543,0.5925925925925927,0.9373219373219374,0.5714285714285714,0.6153846153846154,44,0.6153846153846154,0.7884615384615384
6144.40451315674,664501.7622476543,0.5925925925925927,0.9373219373219374,0.5714285714285714,0.6153846153846154,44,0.6153846153846154,0.7884615384615384
5211.154961557244,663568.5126960548,0.5871559633027522,0.9358974358974359,0.5614035087719298,0.6153846153846154,45,0.6153846153846154,0.7884615384615384
5211.154961557244,663568.5126960548,0.5871559633027522,0.9358974358974359,0.5614035087719298,0.6153846153846154,45,0.6153846153846154,0.7884615384615384
5211.154961557244,663568.5126960548,0.5871559633027522,0.9358974358974359,0.5614035087719298,0.6153846153846154,45,0.6153846153846154,0.7884615384615384
5211.154961557244,663568.5126960548,0.5871559633027522,0.9358974358974359,0.5614035087719298,0.6153846153846154,45,0.6153846153846154,0.7884615384615384
5211.154961557244,663568.5126960548,0.5871559633027522,0.9358974358974359,0.5614035087719298,0.6153846153846154,45,0.6153846153846154,0.7884615384615384
5211.1549615571275,663568.5126960546,0.6055045871559633,0.9387464387464387,0.5789473684210527,0.6346153846153846,43,0.6346153846153846,0.7884615384615384
4343.749764479231,662701.1074989768,0.5818181818181819,0.9344729344729344,0.5517241379310345,0.6153846153846154,46,0.6153846153846154,0.7884615384615384
4343.749764479231,662701.1074989768,0.5818181818181819,0.9344729344729344,0.5517241379310345,0.6153846153846154,46,0.6153846153846154,0.7884615384615384
4343.749764479231,662701.1074989768,0.5818181818181819,0.9344729344729344,0.5517241379310345,0.6153846153846154,46,0.6153846153846154,0.7884615384615384
4343.749764479231,662701.1074989768,0.5818181818181819,0.9344729344729344,0.5517241379310345,0.6153846153846154,46,0.6153846153846154,0.7884615384615384
4343.749764479231,662701.1074989768,0.5818181818181819,0.9344729344729344,0.5517241379310345,0.6153846153846154,46,0.6153846153846154,0.7884615384615384
4343.749764479231,662701.1074989768,0.5818181818181819,0.9344729344729344,0.5517241379310345,0.6153846153846154,46,0.6153846153846154,0.7884615384615384
4343.749764479231,662701.1074989768,0.5818181818181819,0.9344729344729344,0.5517241379310345,0.6153846153846154,46,0.6153846153846154,0.7884615384615384
4343.749764479231,662701.1074989768,0.5818181818181819,0.9344729344729344,0.5517241379310345,0.6153846153846154,46,0.6153846153846154,0.7884615384615384
4343.749764479231,662701.1074989768,0.5818181818181819,0.9344729344729344,0.5517241379310345,0.6153846153846154,46,0.6153846153846154,0.7884615384615384
4343.749764479231,662701.1074989768,0.5818181818181819,0.9344729344729344,0.5517241379310345,0.6153846153846154,46,0.6153846153846154,0.7884615384615384
4343.749764479231,662701.1074989768,0.5818181818181819,0.9344729344729344,0.5517241379310345,0.6153846153846154,46,0.6153846153846154,0.7884615384615384
4343.749764479231,662701.1074989768,0.5818181818181819,0.9344729344729344,0.5517241379310345,0.6153846153846154,46,0.6153846153846154,0.7884615384615384
4343.749764479231,662701.1074989768,0.5818181818181819,0.9344729344729344,0.5517241379310345,0.6153846153846154,46,0.6153846153846154,0.7884615384615384
4343.749764479231,662701.1074989768,0.5818181818181819,0.9344729344729344,0.5517241379310345,0.6153846153846154,46,0.6153846153846154,0.7884615384615384
4343.749764479231,662701.1074989768,0.5818181818181819,0.9344729344729344,0.5517241379310345,0.6153846153846154,46,0.6153846153846154,0.7884615384615384
4343.749764479231,662701.1074989768,0.5818181818181819,0.9344729344729344,0.5517241379310345,0.6153846153846154,46,0.6153846153846154,0.7884615384615384
4343.749764479231,662701.1074989768,0.5818181818181819,0.9344729344729344,0.5517241379310345,0.6153846153846154,46,0.6153846153846154,0.7884615384615384
3906.7837078312878,662264.1414423288,0.5636363636363636,0.9316239316239316,0.5344827586206896,0.5961538461538461,48,0.5961538461538461,0.7884615384615384
3906.7837078312878,662264.1414423288,0.5636363636363636,0.9316239316239316,0.5344827586206896,0.5961538461538461,48,0.5961538461538461,0.7884615384615384
3906.7837078312878,662264.1414423288,0.5636363636363636,0.9316239316239316,0.5344827586206896,0.5961538461538461,48,0.5961538461538461,0.7884615384615384
3906.7837078312878,662264.1414423288,0.5636363636363636,0.9316239316239316,0.5344827586206896,0.5961538461538461,48,0.5961538461538461,0.7884615384615384
3906.7837078312878,662264.1414423288,0.5636363636363636,0.9316239316239316,0.5344827586206896,0.5961538461538461,48,0.5961538461538461,0.7884615384615384
3906.7837078312878,662264.1414423288,0.5636363636363636,0.9316239316239316,0.5344827586206896,0.5961538461538461,48,0.5961538461538461,0.7884615384615384
3465.0264928221004,661822.3842273196,0.5818181818181819,0.9344729344729344,0.5517241379310345,0.6153846153846154,46,0.6153846153846154,0.7884615384615384
3465.0264928221004,661822.3842273196,0.5818181818181819,0.9344729344729344,0.5517241379310345,0.6153846153846154,46,0.6153846153846154,0.7884615384615384
3465.0264928221004,661822.3842273196,0.5818181818181819,0.9344729344729344,0.5517241379310345,0.6153846153846154,46,0.6153846153846154,0.7884615384615384
3461.2286888648523,661818.5864233624,0.5636363636363636,0.9316239316239316,0.5344827586206896,0.5961538461538461,48,0.5961538461538461,0.7884615384615384
3155.396064382163,661512.7537988797,0.5688073394495413,0.9330484330484331,0.543859649122807,0.5961538461538461,47,0.5961538461538461,0.7884615384615384
3155.396064382163,661512.7537988797,0.5688073394495413,0.9330484330484331,0.543859649122807,0.5961538461538461,47,0.5961538461538461,0.7884615384615384
3155.396064382163,661512.7537988797,0.5688073394495413,0.9330484330484331,0.543859649122807,0.5961538461538461,47,0.5961538461538461,0.7884615384615384
3155.396064382163,661512.7537988797,0.5688073394495413,0.9330484330484331,0.543859649122807,0.5961538461538461,47,0.5961538461538461,0.7884615384615384
3155.396064382163,661512.7537988797,0.5688073394495413,0.9330484330484331,0.543859649122807,0.5961538461538461,47,0.5961538461538461,0.7884615384615384
3155.396064382163,661512.7537988797,0.5688073394495413,0.9330484330484331,0.543859649122807,0.5961538461538461,47,0.5961538461538461,0.7884615384615384
3155.396064382163,661512.7537988797,0.5688073394495413,0.9330484330484331,0.543859649122807,0.5961538461538461,47,0.5961538461538461,0.7884615384615384
3155.396064382163,661512.7537988797,0.5688073394495413,0.9330484330484331,0.543859649122807,0.5961538461538461,47,0.5961538461538461,0.7884615384615384
3155.396064382163,661512.7537988797,0.5688073394495413,0.9330484330484331,0.543859649122807,0.5961538461538461,47,0.5961538461538461,0.7884615384615384
3155.396064382163,661512.7537988797,0.5688073394495413,0.9330484330484331,0.543859649122807,0.5961538461538461,47,0.5961538461538461,0.7884615384615384
3155.396064382163,661512.7537988797,0.5688073394495413,0.9330484330484331,0.543859649122807,0.5961538461538461,47,0.5961538461538461,0.7884615384615384
3155.396064382163,661512.7537988797,0.5688073394495413,0.9330484330484331,0.543859649122807,0.5961538461538461,47,0.5961538461538461,0.7884615384615384
3155.396064382163,661512.7537988797,0.5688073394495413,0.9330484330484331,0.543859649122807,0.5961538461538461,47,0.5961538461538461,0.7884615384615384
3155.396064382163,661512.7537988797,0.5688073394495413,0.9330484330484331,0.543859649122807,0.5961538461538461,47,0.5961538461538461,0.7884615384615384
3155.396064382163,661512.7537988797,0.5688073394495413,0.9330484330484331,0.543859649122807,0.5961538461538461,47,0.5961538461538461,0.7884615384615384
3155.396064382163,661512.7537988797,0.5688073394495413,0.9330484330484331,0.543859649122807,0.5961538461538461,47,0.5961538461538461,0.7884615384615384
3155.396064382163,661512.7537988797,0.5688073394495413,0.9330484330484331,0.543859649122807,0.5961538461538461,47,0.5961538461538461,0.7884615384615384
3155.396064382163,661512.7537988797,0.5688073394495413,0.9330484330484331,0.543859649122807,0.5961538461538461,47,0.5961538461538461,0.7884615384615384
3155.396064382163,661512.7537988797,0.5688073394495413,0.9330484330484331,0.543859649122807,0.5961538461538461,47,0.5961538461538461,0.7884615384615384
3155.396064382163,661512.7537988797,0.5688073394495413,0.9330484330484331,0.543859649122807,0.5961538461538461,47,0.5961538461538461,0.7884615384615384
3155.396064382163,661512.7537988797,0.5688073394495413,0.9330484330484331,0.543859649122807,0.5961538461538461,47,0.5961538461538461,0.7884615384615384
3058.679572366411,661416.0373068639,0.5740740740740741,0.9344729344729344,0.5535714285714286,0.5961538461538461,46,0.5961538461538461,0.7884615384615384
3058.679572366411,661416.0373068639,0.5740740740740741,0.9344729344729344,0.5535714285714286,0.5961538461538461,46,0.5961538461538461,0.7884615384615384
3058.679572366411,661416.0373068639,0.5740740740740741,0.9344729344729344,0.5535714285714286,0.5961538461538461,46,0.5961538461538461,0.7884615384615384
3058.679572366411,661416.0373068639,0.5740740740740741,0.9344729344729344,0.5535714285714286,0.5961538461538461,46,0.5961538461538461,0.7884615384615384
3058.679572366411,661416.0373068639,0.5740740740740741,0.9344729344729344,0.5535714285714286,0.5961538461538461,46,0.5961538461538461,0.7884615384615384
3058.679572366411,661416.0373068639,0.5740740740740741,0.9344729344729344,0.5535714285714286,0.5961538461538461,46,0.5961538461538461,0.7884615384615384
3035.7754591237754,661393.1331936213,0.5555555555555555,0.9316239316239316,0.5357142857142857,0.5769230769230769,48,0.5769230769230769,0.7884615384615384
3035.7754591237754,661393.1331936213,0.5555555555555555,0.9316239316239316,0.5357142857142857,0.5769230769230769,48,0.5769230769230769,0.7884615384615384
3035.7754591237754,661393.1331936213,0.5555555555555555,0.9316239316239316,0.5357142857142857,0.5769230769230769,48,0.5769230769230769,0.7884615384615384
3035.7754591237754,661393.1331936213,0.5555555555555555,0.9316239316239316,0.5357142857142857,0.5769230769230769,48,0.5769230769230769,0.7884615384615384
3035.7754591237754,661393.1331936213,0.5555555555555555,0.9316239316239316,0.5357142857142857,0.5769230769230769,48,0.5769230769230769,0.7884615384615384
3035.7754591237754,661393.1331936213,0.5555555555555555,0.9316239316239316,0.5357142857142857,0.5769230769230769,48,0.5769230769230769,0.7884615384615384
3035.7754591237754,661393.1331936213,0.5555555555555555,0.9316239316239316,0.5357142857142857,0.5769230769230769,48,0.5769230769230769,0.7884615384615384
3035.7754591237754,661393.1331936213,0.5555555555555555,0.9316239316239316,0.5357142857142857,0.5769230769230769,48,0.5769230769230769,0.7884615384615384
3035.7754591237754,661393.1331936213,0.5555555555555555,0.9316239316239316,0.5357142857142857,0.5769230769230769,48,0.5769230769230769,0.7884615384615384
3035.7754591237754,661393.1331936213,0.5555555555555555,0.9316239316239316,0.5357142857142857,0.5769230769230769,48,0.5769230769230769,0.7884615384615384
3035.7754591237754,661393.1331936213,0.5555555555555555,0.9316239316239316,0.5357142857142857,0.5769230769230769,48,0.5769230769230769,0.7884615384615384
3035.7754591237754,661393.1331936213,0.5555555555555555,0.9316239316239316,0.5357142857142857,0.5769230769230769,48,0.5769230769230769,0.7884615384615384
2950.694276812719,661308.0520113102,0.5607476635514018,0.9330484330484331,0.5454545454545454,0.5769230769230769,47,0.5769230769230769,0.7884615384615384
2950.694276812719,661308.0520113102,0.5607476635514018,0.9330484330484331,0.5454545454545454,0.5769230769230769,47,0.5769230769230769,0.7884615384615384
2950.694276812719,661308.0520113102,0.5607476635514018,0.9330484330484331,0.5454545454545454,0.5769230769230769,47,0.5769230769230769,0.7884615384615384
2950.694276812719,661308.0520113102,0.5607476635514018,0.9330484330484331,0.5454545454545454,0.5769230769230769,47,0.5769230769230769,0.7884615384615384
2950.694276812719,661308.0520113102,0.5607476635514018,0.9330484330484331,0.5454545454545454,0.5769230769230769,47,0.5769230769230769,0.7884615384615384
2950.694276812719,661308.0520113102,0.5607476635514018,0.9330484330484331,0.5454545454545454,0.5769230769230769,47,0.5769230769230769,0.7884615384615384
2950.694276812719,661308.0520113102,0.5607476635514018,0.9330484330484331,0.5454545454545454,0.5769230769230769,47,0.5769230769230769,0.7884615384615384
2950.694276812719,661308.0520113102,0.5607476635514018,0.9330484330484331,0.5454545454545454,0.5769230769230769,47,0.5769230769230769,0.7884615384615384
2950.694276812719,661308.0520113102,0.5607476635514018,0.9330484330484331,0.5454545454545454,0.5769230769230769,47,0.5769230769230769,0.7884615384615384
2950.694276812719,661308.0520113102,0.5607476635514018,0.9330484330484331,0.5454545454545454,0.5769230769230769,47,0.5769230769230769,0.7884615384615384
2950.694276812719,661308.0520113102,0.5607476635514018,0.9330484330484331,0.5454545454545454,0.5769230769230769,47,0.5769230769230769,0.7884615384615384
2950.694276812719,661308.0520113102,0.5607476635514018,0.9330484330484331,0.5454545454545454,0.5769230769230769,47,0.5769230769230769,0.7884615384615384
2950.694276812719,661308.0520113102,0.5607476635514018,0.9330484330484331,0.5454545454545454,0.5769230769230769,47,0.5769230769230769,0.7884615384615384
2950.694276812719,661308.0520113102,0.5607476635514018,0.9330484330484331,0.5454545454545454,0.5769230769230769,47,0.5769230769230769,0.7884615384615384
2950.6942768126028,661308.0520113101,0.5794392523364486,0.9358974358974359,0.5636363636363636,0.5961538461538461,45,0.5961538461538461,0.7884615384615384
2950.6942768126028,661308.0520113101,0.5794392523364486,0.9358974358974359,0.5636363636363636,0.5961538461538461,45,0.5961538461538461,0.7884615384615384
2950.6942768126028,661308.0520113101,0.5794392523364486,0.9358974358974359,0.5636363636363636,0.5961538461538461,45,0.5961538461538461,0.7884615384615384
2950.6942768126028,661308.0520113101,0.5794392523364486,0.9358974358974359,0.5636363636363636,0.5961538461538461,45,0.5961538461538461,0.7884615384615384
2950.6942768126028,661308.0520113101,0.5794392523364486,0.9358974358974359,0.5636363636363636,0.5961538461538461,45,0.5961538461538461,0.7884615384615384
2950.6942768126028,661308.0520113101,0.5794392523364486,0.9358974358974359,0.5636363636363636,0.5961538461538461,45,0.5961538461538461,0.7884615384615384
2950.6942768126028,661308.0520113101,0.5794392523364486,0.9358974358974359,0.5636363636363636,0.5961538461538461,45,0.5961538461538461,0.7884615384615384
2932.313191372319,661289.6709258698,0.5660377358490566,0.9344729344729344,0.5555555555555556,0.5769230769230769,46,0.5769230769230769,0.7884615384615384
2932.313191372319,661289.6709258698,0.5660377358490566,0.9344729344729344,0.5555555555555556,0.5769230769230769,46,0.5769230769230769,0.7884615384615384
2932.313191372319,661289.6709258698,0.5660377358490566,0.9344729344729344,0.5555555555555556,0.5769230769230769,46,0.5769230769230769,0.7884615384615384
2932.3131913722027,661289.6709258697,0.5849056603773585,0.9373219373219374,0.5740740740740741,0.5961538461538461,44,0.5961538461538461,0.7884615384615384
2932.3131913722027,661289.6709258697,0.5849056603773585,0.9373219373219374,0.5740740740740741,0.5961538461538461,44,0.5961538461538461,0.7884615384615384
2932.3131913722027,661289.6709258697,0.5849056603773585,0.9373219373219374,0.5740740740740741,0.5961538461538461,44,0.5961538461538461,0.7884615384615384
2932.3131913722027,661289.6709258697,0.5849056603773585,0.9373219373219374,0.5740740740740741,0.5961538461538461,44,0.5961538461538461,0.7884615384615384
2932.3131913722027,661289.6709258697,0.5849056603773585,0.9373219373219374,0.5740740740740741,0.5961538461538461,44,0.5961538461538461,0.7884615384615384
2932.3131913722027,661289.6709258697,0.5849056603773585,0.9373219373219374,0.5740740740740741,0.5961538461538461,44,0.5961538461538461,0.7884615384615384
2932.3131913722027,661289.6709258697,0.5849056603773585,0.9373219373219374,0.5740740740740741,0.5961538461538461,44,0.5961538461538461,0.7884615384615384
2932.3131913722027,661289.6709258697,0.5849056603773585,0.9373219373219374,0.5740740740740741,0.5961538461538461,44,0.5961538461538461,0.7884615384615384
2932.3131913722027,661289.6709258697,0.5849056603773585,0.9373219373219374,0.5740740740740741,0.5961538461538461,44,0.5961538461538461,0.7884615384615384
2932.3131913722027,661289.6709258697,0.5849056603773585,0.9373219373219374,0.5740740740740741,0.5961538461538461,44,0.5961538461538461,0.7884615384615384
2773.547783967224,661130.9055184647,0.5904761904761905,0.9387464387464387,0.5849056603773585,0.5961538461538461,43,0.5961538461538461,0.7884615384615384
2773.547783967224,661130.9055184647,0.5904761904761905,0.9387464387464387,0.5849056603773585,0.5961538461538461,43,0.5961538461538461,0.7884615384615384
2773.547783967224,661130.9055184647,0.5904761904761905,0.9387464387464387,0.5849056603773585,0.5961538461538461,43,0.5961538461538461,0.7884615384615384
2773.547783967224,661130.9055184647,0.5904761904761905,0.9387464387464387,0.5849056603773585,0.5961538461538461,43,0.5961538461538461,0.7884615384615384
2773.547783967224,661130.9055184647,0.5904761904761905,0.9387464387464387,0.5849056603773585,0.5961538461538461,43,0.5961538461538461,0.7884615384615384
2773.547783967224,661130.9055184647,0.5904761904761905,0.9387464387464387,0.5849056603773585,0.5961538461538461,43,0.5961538461538461,0.7884615384615384
2709.87248317746,661067.230217675,0.5961538461538461,0.9401709401709402,0.5961538461538461,0.5961538461538461,42,0.5961538461538461,0.7884615384615384
2709.87248317746,661067.230217675,0.5961538461538461,0.9401709401709402,0.5961538461538461,0.5961538461538461,42,0.5961538461538461,0.7884615384615384
2709.87248317746,661067.230217675,0.5961538461538461,0.9401709401709402,0.5961538461538461,0.5961538461538461,42,0.5961538461538461,0.7884615384615384
2709.87248317746,661067.230217675,0.5961538461538461,0.9401709401709402,0.5961538461538461,0.5961538461538461,42,0.5961538461538461,0.7884615384615384
2709.87248317746,661067.230217675,0.5961538461538461,0.9401709401709402,0.5961538461538461,0.5961538461538461,42,0.5961538461538461,0.7884615384615384
2709.87248317746,661067.230217675,0.5961538461538461,0.9401709401709402,0.5961538461538461,0.5961538461538461,42,0.5961538461538461,0.7884615384615384
2709.87248317746,661067.230217675,0.5961538461538461,0.9401709401709402,0.5961538461538461,0.5961538461538461,42,0.5961538461538461,0.7884615384615384
2709.87248317746,661067.230217675,0.5961538461538461,0.9401709401709402,0.5961538461538461,0.5961538461538461,42,0.5961538461538461,0.7884615384615384
2709.87248317746,661067.230217675,0.5961538461538461,0.9401709401709402,0.5961538461538461,0.5961538461538461,42,0.5961538461538461,0.7884615384615384
2709.87248317746,661067.230217675,0.5961538461538461,0.9401709401709402,0.5961538461538461,0.5961538461538461,42,0.5961538461538461,0.7884615384615384
2709.87248317746,661067.230217675,0.5961538461538461,0.9401709401709402,0.5961538461538461,0.5961538461538461,42,0.5961538461538461,0.7884615384615384
2709.87248317746,661067.230217675,0.5961538461538461,0.9401709401709402,0.5961538461538461,0.5961538461538461,42,0.5961538461538461,0.7884615384615384
2709.87248317746,661067.230217675,0.5961538461538461,0.9401709401709402,0.5961538461538461,0.5961538461538461,42,0.5961538461538461,0.7884615384615384
2709.87248317746,661067.230217675,0.5961538461538461,0.9401709401709402,0.5961538461538461,0.5961538461538461,42,0.5961538461538461,0.7884615384615384
2709.87248317746,661067.230217675,0.5961538461538461,0.9401709401709402,0.5961538461538461,0.5961538461538461,42,0.5961538461538461,0.7884615384615384
2709.87248317746,661067.230217675,0.5961538461538461,0.9401709401709402,0.5961538461538461,0.5961538461538461,42,0.5961538461538461,0.7884615384615384
2709.87248317746,661067.230217675,0.5961538461538461,0.9401709401709402,0.5961538461538461,0.5961538461538461,42,0.5961538461538461,0.7884615384615384
2709.87248317746,661067.230217675,0.5961538461538461,0.9401709401709402,0.5961538461538461,0.5961538461538461,42,0.5961538461538461,0.7884615384615384
2709.87248317746,661067.230217675,0.5961538461538461,0.9401709401709402,0.5961538461538461,0.5961538461538461,42,0.5961538461538461,0.7884615384615384
2709.87248317746,661067.230217675,0.5961538461538461,0.9401709401709402,0.5961538461538461,0.5961538461538461,42,0.5961538461538461,0.7884615384615384
2709.87248317746,661067.230217675,0.5961538461538461,0.9401709401709402,0.5961538461538461,0.5961538461538461,42,0.5961538461538461,0.7884615384615384
2709.87248317746,661067.230217675,0.5961538461538461,0.9401709401709402,0.5961538461538461,0.5961538461538461,42,0.5961538461538461,0.7884615384615384
2709.87248317746,661067.230217675,0.5961538461538461,0.9401709401709402,0.5961538461538461,0.5961538461538461,42,0.5961538461538461,0.7884615384615384
2709.87248317746,661067.230217675,0.5961538461538461,0.9401709401709402,0.5961538461538461,0.5961538461538461,42,0.5961538461538461,0.7884615384615384
2709.87248317746,661067.230217675,0.5961538461538461,0.9401709401709402,0.5961538461538461,0.5961538461538461,42,0.5961538461538461,0.7884615384615384
2709.87248317746,661067.230217675,0.5961538461538461,0.9401709401709402,0.5961538461538461,0.5961538461538461,42,0.5961538461538461,0.7884615384615384
2709.87248317746,661067.230217675,0.5961538461538461,0.9401709401709402,0.5961538461538461,0.5961538461538461,42,0.5961538461538461,0.7884615384615384
2709.87248317746,661067.230217675,0.5961538461538461,0.9401709401709402,0.5961538461538461,0.5961538461538461,42,0.5961538461538461,0.7884615384615384
2709.87248317746,661067.230217675,0.5961538461538461,0.9401709401709402,0.5961538461538461,0.5961538461538461,42,0.5961538461538461,0.7884615384615384
2709.87248317746,661067.230217675,0.5961538461538461,0.9401709401709402,0.5961538461538461,0.5961538461538461,42,0.5961538461538461,0.7884615384615384
2709.87248317746,661067.230217675,0.5961538461538461,0.9401709401709402,0.5961538461538461,0.5961538461538461,42,0.5961538461538461,0.7884615384615384
2709.87248317746,661067.230217675,0.5961538461538461,0.9401709401709402,0.5961538461538461,0.5961538461538461,42,0.5961538461538461,0.7884615384615384
2709.87248317746,661067.230217675,0.5961538461538461,0.9401709401709402,0.5961538461538461,0.5961538461538461,42,0.5961538461538461,0.7884615384615384
2709.87248317746,661067.230217675,0.5961538461538461,0.9401709401709402,0.5961538461538461,0.5961538461538461,42,0.5961538461538461,0.7884615384615384
2709.87248317746,661067.230217675,0.5961538461538461,0.9401709401709402,0.5961538461538461,0.5961538461538461,42,0.5961538461538461,0.7884615384615384
2679.011218253756,661036.3689527513,0.5904761904761905,0.9387464387464387,0.5849056603773585,0.5961538461538461,43,0.5961538461538461,0.7884615384615384
2679.011218253756,661036.3689527513,0.5904761904761905,0.9387464387464387,0.5849056603773585,0.5961538461538461,43,0.5961538461538461,0.7884615384615384
2679.011218253756,661036.3689527513,0.5904761904761905,0.9387464387464387,0.5849056603773585,0.5961538461538461,43,0.5961538461538461,0.7884615384615384
2679.011218253756,661036.3689527513,0.5904761904761905,0.9387464387464387,0.5849056603773585,0.5961538461538461,43,0.5961538461538461,0.7884615384615384
2679.011218253756,661036.3689527513,0.5904761904761905,0.9387464387464387,0.5849056603773585,0.5961538461538461,43,0.5961538461538461,0.7884615384615384
2679.011218253756,661036.3689527513,0.5904761904761905,0.9387464387464387,0.5849056603773585,0.5961538461538461,43,0.5961538461538461,0.7884615384615384
2679.011218253756,661036.3689527513,0.5904761904761905,0.9387464387464387,0.5849056603773585,0.5961538461538461,43,0.5961538461538461,0.7884615384615384
2679.011218253756,661036.3689527513,0.5904761904761905,0.9387464387464387,0.5849056603773585,0.5961538461538461,43,0.5961538461538461,0.7884615384615384
2679.011218253756,661036.3689527513,0.5904761904761905,0.9387464387464387,0.5849056603773585,0.5961538461538461,43,0.5961538461538461,0.7884615384615384
2679.011218253756,661036.3689527513,0.5904761904761905,0.9387464387464387,0.5849056603773585,0.5961538461538461,43,0.5961538461538461,0.7884615384615384
2679.011218253756,661036.3689527513,0.5904761904761905,0.9387464387464387,0.5849056603773585,0.5961538461538461,43,0.5961538461538461,0.7884615384615384
2679.011218253756,661036.3689527513,0.5904761904761905,0.9387464387464387,0.5849056603773585,0.5961538461538461,43,0.5961538461538461,0.7884615384615384
2679.011218253756,661036.3689527513,0.5904761904761905,0.9387464387464387,0.5849056603773585,0.5961538461538461,43,0.5961538461538461,0.7884615384615384
2679.011218253756,661036.3689527513,0.5904761904761905,0.9387464387464387,0.5849056603773585,0.5961538461538461,43,0.5961538461538461,0.7884615384615384
2679.011218253756,661036.3689527513,0.5904761904761905,0.9387464387464387,0.5849056603773585,0.5961538461538461,43,0.5961538461538461,0.7884615384615384
2679.011218253756,661036.3689527513,0.5904761904761905,0.9387464387464387,0.5849056603773585,0.5961538461538461,43,0.5961538461538461,0.7884615384615384
2679.011218253756,661036.3689527513,0.5904761904761905,0.9387464387464387,0.5849056603773585,0.5961538461538461,43,0.5961538461538461,0.7884615384615384
2679.011218253756,661036.3689527513,0.5904761904761905,0.9387464387464387,0.5849056603773585,0.5961538461538461,43,0.5961538461538461,0.7884615384615384
2679.011218253756,661036.3689527513,0.5904761904761905,0.9387464387464387,0.5849056603773585,0.5961538461538461,43,0.5961538461538461,0.7884615384615384
2679.011218253756,661036.3689527513,0.5904761904761905,0.9387464387464387,0.5849056603773585,0.5961538461538461,43,0.5961538461538461,0.7884615384615384
2679.011218253756,661036.3689527513,0.5904761904761905,0.9387464387464387,0.5849056603773585,0.5961538461538461,43,0.5961538461538461,0.7884615384615384
2679.011218253756,661036.3689527513,0.5904761904761905,0.9387464387464387,0.5849056603773585,0.5961538461538461,43,0.5961538461538461,0.7884615384615384
2679.011218253756,661036.3689527513,0.5904761904761905,0.9387464387464387,0.5849056603773585,0.5961538461538461,43,0.5961538461538461,0.7884615384615384
2679.011218253756,661036.3689527513,0.5904761904761905,0.9387464387464387,0.5849056603773585,0.5961538461538461,43,0.5961538461538461,0.7884615384615384
2679.011218253756,661036.3689527513,0.5904761904761905,0.9387464387464387,0.5849056603773585,0.5961538461538461,43,0.5961538461538461,0.7884615384615384
2679.011218253756,661036.3689527513,0.5904761904761905,0.9387464387464387,0.5849056603773585,0.5961538461538461,43,0.5961538461538461,0.7884615384615384
2679.011218253756,661036.3689527513,0.5904761904761905,0.9387464387464387,0.5849056603773585,0.5961538461538461,43,0.5961538461538461,0.7884615384615384
2679.011218253756,661036.3689527513,0.5904761904761905,0.9387464387464387,0.5849056603773585,0.5961538461538461,43,0.5961538461538461,0.7884615384615384
2679.011218253756,661036.3689527513,0.5904761904761905,0.9387464387464387,0.5849056603773585,0.5961538461538461,43,0.5961538461538461,0.7884615384615384
2679.011218253756,661036.3689527513,0.5904761904761905,0.9387464387464387,0.5849056603773585,0.5961538461538461,43,0.5961538461538461,0.7884615384615384
2679.011218253756,661036.3689527513,0.5904761904761905,0.9387464387464387,0.5849056603773585,0.5961538461538461,43,0.5961538461538461,0.7884615384615384
2679.011218253756,661036.3689527513,0.5904761904761905,0.9387464387464387,0.5849056603773585,0.5961538461538461,43,0.5961538461538461,0.7884615384615384
2679.011218253756,661036.3689527513,0.5904761904761905,0.9387464387464387,0.5849056603773585,0.5961538461538461,43,0.5961538461538461,0.7884615384615384
2679.011218253756,661036.3689527513,0.5904761904761905,0.9387464387464387,0.5849056603773585,0.5961538461538461,43,0.5961538461538461,0.7884615384615384
2679.011218253756,661036.3689527513,0.5904761904761905,0.9387464387464387,0.5849056603773585,0.5961538461538461,43,0.5961538461538461,0.7884615384615384
2679.011218253756,661036.3689527513,0.5904761904761905,0.9387464387464387,0.5849056603773585,0.5961538461538461,43,0.5961538461538461,0.7884615384615384
2679.011218253756,661036.3689527513,0.5904761904761905,0.9387464387464387,0.5849056603773585,0.5961538461538461,43,0.5961538461538461,0.7884615384615384
2679.011218253756,661036.3689527513,0.5904761904761905,0.9387464387464387,0.5849056603773585,0.5961538461538461,43,0.5961538461538461,0.7884615384615384
2679.011218253756,661036.3689527513,0.5904761904761905,0.9387464387464387,0.5849056603773585,0.5961538461538461,43,0.5961538461538461,0.7884615384615384
2679.011218253756,661036.3689527513,0.5904761904761905,0.9387464387464387,0.5849056603773585,0.5961538461538461,43,0.5961538461538461,0.7884615384615384
2679.011218253756,661036.3689527513,0.5904761904761905,0.9387464387464387,0.5849056603773585,0.5961538461538461,43,0.5961538461538461,0.7884615384615384
2679.011218253756,661036.3689527513,0.5904761904761905,0.9387464387464387,0.5849056603773585,0.5961538461538461,43,0.5961538461538461,0.7884615384615384
2679.011218253756,661036.3689527513,0.5904761904761905,0.9387464387464387,0.5849056603773585,0.5961538461538461,43,0.5961538461538461,0.7884615384615384
2679.011218253756,661036.3689527513,0.5904761904761905,0.9387464387464387,0.5849056603773585,0.5961538461538461,43,0.5961538461538461,0.7884615384615384
2679.011218253756,661036.3689527513,0.5904761904761905,0.9387464387464387,0.5849056603773585,0.5961538461538461,43,0.5961538461538461,0.7884615384615384
2679.011218253756,661036.3689527513,0.5904761904761905,0.9387464387464387,0.5849056603773585,0.5961538461538461,43,0.5961538461538461,0.7884615384615384
2679.011218253756,661036.3689527513,0.5904761904761905,0.9387464387464387,0.5849056603773585,0.5961538461538461,43,0.5961538461538461,0.7884615384615384
2679.011218253756,661036.3689527513,0.5904761904761905,0.9387464387464387,0.5849056603773585,0.5961538461538461,43,0.5961538461538461,0.7884615384615384
2679.011218253756,661036.3689527513,0.5904761904761905,0.9387464387464387,0.5849056603773585,0.5961538461538461,43,0.5961538461538461,0.7884615384615384
2679.011218253756,661036.3689527513,0.5904761904761905,0.9387464387464387,0.5849056603773585,0.5961538461538461,43,0.5961538461538461,0.7884615384615384
2679.011218253756,661036.3689527513,0.5904761904761905,0.9387464387464387,0.5849056603773585,0.5961538461538461,43,0.5961538461538461,0.7884615384615384
2679.011218253756,661036.3689527513,0.5904761904761905,0.9387464387464387,0.5849056603773585,0.5961538461538461,43,0.5961538461538461,0.7884615384615384
2679.011218253756,661036.3689527513,0.5904761904761905,0.9387464387464387,0.5849056603773585,0.5961538461538461,43,0.5961538461538461,0.7884615384615384
2679.011218253756,661036.3689527513,0.5904761904761905,0.9387464387464387,0.5849056603773585,0.5961538461538461,43,0.5961538461538461,0.7884615384615384
2679.011218253756,661036.3689527513,0.5904761904761905,0.9387464387464387,0.5849056603773585,0.5961538461538461,43,0.5961538461538461,0.7884615384615384
2679.011218253756,661036.3689527513,0.5904761904761905,0.9387464387464387,0.5849056603773585,0.5961538461538461,43,0.5961538461538461,0.7884615384615384
2679.011218253756,661036.3689527513,0.5904761904761905,0.9387464387464387,0.5849056603773585,0.5961538461538461,43,0.5961538461538461,0.7884615384615384
2679.011218253756,661036.3689527513,0.5904761904761905,0.9387464387464387,0.5849056603773585,0.5961538461538461,43,0.5961538461538461,0.7884615384615384
2679.011218253756,661036.3689527513,0.5904761904761905,0.9387464387464387,0.5849056603773585,0.5961538461538461,43,0.5961538461538461,0.7884615384615384
2679.011218253756,661036.3689527513,0.5904761904761905,0.9387464387464387,0.5849056603773585,0.5961538461538461,43,0.5961538461538461,0.7884615384615384
2679.011218253756,661036.3689527513,0.5904761904761905,0.9387464387464387,0.5849056603773585,0.5961538461538461,43,0.5961538461538461,0.7884615384615384
2679.011218253756,661036.3689527513,0.5904761904761905,0.9387464387464387,0.5849056603773585,0.5961538461538461,43,0.5961538461538461,0.7884615384615384
2679.011218253756,661036.3689527513,0.5904761904761905,0.9387464387464387,0.5849056603773585,0.5961538461538461,43,0.5961538461538461,0.7884615384615384
2679.011218253756,661036.3689527513,0.5904761904761905,0.9387464387464387,0.5849056603773585,0.5961538461538461,43,0.5961538461538461,0.7884615384615384
2679.011218253756,661036.3689527513,0.5904761904761905,0.9387464387464387,0.5849056603773585,0.5961538461538461,43,0.5961538461538461,0.7884615384615384
2679.011218253756,661036.3689527513,0.5904761904761905,0.9387464387464387,0.5849056603773585,0.5961538461538461,43,0.5961538461538461,0.7884615384615384
2679.011218253756,661036.3689527513,0.5904761904761905,0.9387464387464387,0.5849056603773585,0.5961538461538461,43,0.5961538461538461,0.7884615384615384
2679.011218253756,661036.3689527513,0.5904761904761905,0.9387464387464387,0.5849056603773585,0.5961538461538461,43,0.5961538461538461,0.7884615384615384
2679.011218253756,661036.3689527513,0.5904761904761905,0.9387464387464387,0.5849056603773585,0.5961538461538461,43,0.5961538461538461,0.7884615384615384
2679.011218253756,661036.3689527513,0.5904761904761905,0.9387464387464387,0.5849056603773585,0.5961538461538461,43,0.5961538461538461,0.7884615384615384
2679.011218253756,661036.3689527513,0.5904761904761905,0.9387464387464387,0.5849056603773585,0.5961538461538461,43,0.5961538461538461,0.7884615384615384
2679.011218253756,661036.3689527513,0.5904761904761905,0.9387464387464387,0.5849056603773585,0.5961538461538461,43,0.5961538461538461,0.7884615384615384
2679.011218253756,661036.3689527513,0.5904761904761905,0.9387464387464387,0.5849056603773585,0.5961538461538461,43,0.5961538461538461,0.7884615384615384
2679.011218253756,661036.3689527513,0.5904761904761905,0.9387464387464387,0.5849056603773585,0.5961538461538461,43,0.5961538461538461,0.7884615384615384
2679.011218253756,661036.3689527513,0.5904761904761905,0.9387464387464387,0.5849056603773585,0.5961538461538461,43,0.5961538461538461,0.7884615384615384
2679.011218253756,661036.3689527513,0.5904761904761905,0.9387464387464387,0.5849056603773585,0.5961538461538461,43,0.5961538461538461,0.7884615384615384
2679.011218253756,661036.3689527513,0.5904761904761905,0.9387464387464387,0.5849056603773585,0.5961538461538461,43,0.5961538461538461,0.7884615384615384
2679.011218253756,661036.3689527513,0.5904761904761905,0.9387464387464387,0.5849056603773585,0.5961538461538461,43,0.5961538461538461,0.7884615384615384
2679.011218253756,661036.3689527513,0.5904761904761905,0.9387464387464387,0.5849056603773585,0.5961538461538461,43,0.5961538461538461,0.7884615384615384
2679.011218253756,661036.3689527513,0.5904761904761905,0.9387464387464387,0.5849056603773585,0.5961538461538461,43,0.5961538461538461,0.7884615384615384
2679.011218253756,661036.3689527513,0.5904761904761905,0.9387464387464387,0.5849056603773585,0.5961538461538461,43,0.5961538461538461,0.7884615384615384
2679.011218253756,661036.3689527513,0.5904761904761905,0.9387464387464387,0.5849056603773585,0.5961538461538461,43,0.5961538461538461,0.7884615384615384
2679.011218253756,661036.3689527513,0.5904761904761905,0.9387464387464387,0.5849056603773585,0.5961538461538461,43,0.5961538461538461,0.7884615384615384
2679.011218253756,661036.3689527513,0.5904761904761905,0.9387464387464387,0.5849056603773585,0.5961538461538461,43,0.5961538461538461,0.7884615384615384
2679.011218253756,661036.3689527513,0.5904761904761905,0.9387464387464387,0.5849056603773585,0.5961538461538461,43,0.5961538461538461,0.7884615384615384
2679.011218253756,661036.3689527513,0.5904761904761905,0.9387464387464387,0.5849056603773585,0.5961538461538461,43,0.5961538461538461,0.7884615384615384
2679.011218253756,661036.3689527513,0.5904761904761905,0.9387464387464387,0.5849056603773585,0.5961538461538461,43,0.5961538461538461,0.7884615384615384
2679.011218253756,661036.3689527513,0.5904761904761905,0.9387464387464387,0.5849056603773585,0.5961538461538461,43,0.5961538461538461,0.7884615384615384
2679.011218253756,661036.3689527513,0.5904761904761905,0.9387464387464387,0.5849056603773585,0.5961538461538461,43,0.5961538461538461,0.7884615384615384
2679.011218253756,661036.3689527513,0.5904761904761905,0.9387464387464387,0.5849056603773585,0.5961538461538461,43,0.5961538461538461,0.7884615384615384
2679.011218253756,661036.3689527513,0.5904761904761905,0.9387464387464387,0.5849056603773585,0.5961538461538461,43,0.5961538461538461,0.7884615384615384
2679.011218253756,661036.3689527513,0.5904761904761905,0.9387464387464387,0.5849056603773585,0.5961538461538461,43,0.5961538461538461,0.7884615384615384
2679.011218253756,661036.3689527513,0.5904761904761905,0.9387464387464387,0.5849056603773585,0.5961538461538461,43,0.5961538461538461,0.7884615384615384
2679.011218253756,661036.3689527513,0.5904761904761905,0.9387464387464387,0.5849056603773585,0.5961538461538461,43,0.5961538461538461,0.7884615384615384
2679.011218253756,661036.3689527513,0.5904761904761905,0.9387464387464387,0.5849056603773585,0.5961538461538461,43,0.5961538461538461,0.7884615384615384
2679.011218253756,661036.3689527513,0.5904761904761905,0.9387464387464387,0.5849056603773585,0.5961538461538461,43,0.5961538461538461,0.7884615384615384
2679.011218253756,661036.3689527513,0.5904761904761905,0.9387464387464387,0.5849056603773585,0.5961538461538461,43,0.5961538461538461,0.7884615384615384
2679.011218253756,661036.3689527513,0.5904761904761905,0.9387464387464387,0.5849056603773585,0.5961538461538461,43,0.5961538461538461,0.7884615384615384
2679.011218253756,661036.3689527513,0.5904761904761905,0.9387464387464387,0.5849056603773585,0.5961538461538461,43,0.5961538461538461,0.7884615384615384
2679.011218253756,661036.3689527513,0.5904761904761905,0.9387464387464387,0.5849056603773585,0.5961538461538461,43,0.5961538461538461,0.7884615384615384
2679.011218253756,661036.3689527513,0.5904761904761905,0.9387464387464387,0.5849056603773585,0.5961538461538461,43,0.5961538461538461,0.7884615384615384
2679.011218253756,661036.3689527513,0.5904761904761905,0.9387464387464387,0.5849056603773585,0.5961538461538461,43,0.5961538461538461,0.7884615384615384
2679.011218253756,661036.3689527513,0.5904761904761905,0.9387464387464387,0.5849056603773585,0.5961538461538461,43,0.5961538461538461,0.7884615384615384
2679.011218253756,661036.3689527513,0.5904761904761905,0.9387464387464387,0.5849056603773585,0.5961538461538461,43,0.5961538461538461,0.7884615384615384
2679.011218253756,661036.3689527513,0.5904761904761905,0.9387464387464387,0.5849056603773585,0.5961538461538461,43,0.5961538461538461,0.7884615384615384
2679.011218253756,661036.3689527513,0.5904761904761905,0.9387464387464387,0.5849056603773585,0.5961538461538461,43,0.5961538461538461,0.7884615384615384
2679.011218253756,661036.3689527513,0.5904761904761905,0.9387464387464387,0.5849056603773585,0.5961538461538461,43,0.5961538461538461,0.7884615384615384
2679.011218253756,661036.3689527513,0.5904761904761905,0.9387464387464387,0.5849056603773585,0.5961538461538461,43,0.5961538461538461,0.7884615384615384
2679.011218253756,661036.3689527513,0.5904761904761905,0.9387464387464387,0.5849056603773585,0.5961538461538461,43,0.5961538461538461,0.7884615384615384
2679.011218253756,661036.3689527513,0.5904761904761905,0.9387464387464387,0.5849056603773585,0.5961538461538461,43,0.5961538461538461,0.7884615384615384
2679.011218253756,661036.3689527513,0.5904761904761905,0.9387464387464387,0.5849056603773585,0.5961538461538461,43,0.5961538461538461,0.7884615384615384
2679.011218253756,661036.3689527513,0.5904761904761905,0.9387464387464387,0.5849056603773585,0.5961538461538461,43,0.5961538461538461,0.7884615384615384
2679.011218253756,661036.3689527513,0.5904761904761905,0.9387464387464387,0.5849056603773585,0.5961538461538461,43,0.5961538461538461,0.7884615384615384
2679.011218253756,661036.3689527513,0.5904761904761905,0.9387464387464387,0.5849056603773585,0.5961538461538461,43,0.5961538461538461,0.7884615384615384
2679.011218253756,661036.3689527513,0.5904761904761905,0.9387464387464387,0.5849056603773585,0.5961538461538461,43,0.5961538461538461,0.7884615384615384
2679.011218253756,661036.3689527513,0.5904761904761905,0.9387464387464387,0.5849056603773585,0.5961538461538461,43,0.5961538461538461,0.7884615384615384
2679.011218253756,661036.3689527513,0.5904761904761905,0.9387464387464387,0.5849056603773585,0.5961538461538461,43,0.5961538461538461,0.7884615384615384
2679.011218253756,661036.3689527513,0.5904761904761905,0.9387464387464387,0.5849056603773585,0.5961538461538461,43,0.5961538461538461,0.7884615384615384
2679.011218253756,661036.3689527513,0.5904761904761905,0.9387464387464387,0.5849056603773585,0.5961538461538461,43,0.5961538461538461,0.7884615384615384
2679.011218253756,661036.3689527513,0.5904761904761905,0.9387464387464387,0.5849056603773585,0.5961538461538461,43,0.5961538461538461,0.7884615384615384
2679.011218253756,661036.3689527513,0.5904761904761905,0.9387464387464387,0.5849056603773585,0.5961538461538461,43,0.5961538461538461,0.7884615384615384
2679.011218253756,661036.3689527513,0.5904761904761905,0.9387464387464387,0.5849056603773585,0.5961538461538461,43,0.5961538461538461,0.7884615384615384
2679.011218253756,661036.3689527513,0.5904761904761905,0.9387464387464387,0.5849056603773585,0.5961538461538461,43,0.5961538461538461,0.7884615384615384
2679.011218253756,661036.3689527513,0.5904761904761905,0.9387464387464387,0.5849056603773585,0.5961538461538461,43,0.5961538461538461,0.7884615384615384
2679.011218253756,661036.3689527513,0.5904761904761905,0.9387464387464387,0.5849056603773585,0.5961538461538461,43,0.5961538461538461,0.7884615384615384
2679.011218253756,661036.3689527513,0.5904761904761905,0.9387464387464387,0.5849056603773585,0.5961538461538461,43,0.5961538461538461,0.7884615384615384
2679.011218253756,661036.3689527513,0.5904761904761905,0.9387464387464387,0.5849056603773585,0.5961538461538461,43,0.5961538461538461,0.7884615384615384
2679.011218253756,661036.3689527513,0.5904761904761905,0.9387464387464387,0.5849056603773585,0.5961538461538461,43,0.5961538461538461,0.7884615384615384
2679.011218253756,661036.3689527513,0.5904761904761905,0.9387464387464387,0.5849056603773585,0.5961538461538461,43,0.5961538461538461,0.7884615384615384
2679.011218253756,661036.3689527513,0.5904761904761905,0.9387464387464387,0.5849056603773585,0.5961538461538461,43,0.5961538461538461,0.7884615384615384
2679.011218253756,661036.3689527513,0.5904761904761905,0.9387464387464387,0.5849056603773585,0.5961538461538461,43,0.5961538461538461,0.7884615384615384
2679.011218253756,661036.3689527513,0.5904761904761905,0.9387464387464387,0.5849056603773585,0.5961538461538461,43,0.5961538461538461,0.7884615384615384
2679.011218253756,661036.3689527513,0.5904761904761905,0.9387464387464387,0.5849056603773585,0.5961538461538461,43,0.5961538461538461,0.7884615384615384
2679.011218253756,661036.3689527513,0.5904761904761905,0.9387464387464387,0.5849056603773585,0.5961538461538461,43,0.5961538461538461,0.7884615384615384
2679.011218253756,661036.3689527513,0.5904761904761905,0.9387464387464387,0.5849056603773585,0.5961538461538461,43,0.5961538461538461,0.7884615384615384
2679.011218253756,661036.3689527513,0.5904761904761905,0.9387464387464387,0.5849056603773585,0.5961538461538461,43,0.5961538461538461,0.7884615384615384
2679.011218253756,661036.3689527513,0.5904761904761905,0.9387464387464387,0.5849056603773585,0.5961538461538461,43,0.5961538461538461,0.7884615384615384
2679.011218253756,661036.3689527513,0.5904761904761905,0.9387464387464387,0.5849056603773585,0.5961538461538461,43,0.5961538461538461,0.7884615384615384
2679.011218253756,661036.3689527513,0.5904761904761905,0.9387464387464387,0.5849056603773585,0.5961538461538461,43,0.5961538461538461,0.7884615384615384
2679.011218253756,661036.3689527513,0.5904761904761905,0.9387464387464387,0.5849056603773585,0.5961538461538461,43,0.5961538461538461,0.7884615384615384
2679.011218253756,661036.3689527513,0.5904761904761905,0.9387464387464387,0.5849056603773585,0.5961538461538461,43,0.5961538461538461,0.7884615384615384
2679.011218253756,661036.3689527513,0.5904761904761905,0.9387464387464387,0.5849056603773585,0.5961538461538461,43,0.5961538461538461,0.7884615384615384
2679.011218253756,661036.3689527513,0.5904761904761905,0.9387464387464387,0.5849056603773585,0.5961538461538461,43,0.5961538461538461,0.7884615384615384
2679.011218253756,661036.3689527513,0.5904761904761905,0.9387464387464387,0.5849056603773585,0.5961538461538461,43,0.5961538461538461,0.7884615384615384
2679.011218253756,661036.3689527513,0.5904761904761905,0.9387464387464387,0.5849056603773585,0.5961538461538461,43,0.5961538461538461,0.7884615384615384
2679.011218253756,661036.3689527513,0.5904761904761905,0.9387464387464387,0.5849056603773585,0.5961538461538461,43,0.5961538461538461,0.7884615384615384
2679.011218253756,661036.3689527513,0.5904761904761905,0.9387464387464387,0.5849056603773585,0.5961538461538461,43,0.5961538461538461,0.7884615384615384
2679.011218253756,661036.3689527513,0.5904761904761905,0.9387464387464387,0.5849056603773585,0.5961538461538461,43,0.5961538461538461,0.7884615384615384
2679.011218253756,661036.3689527513,0.5904761904761905,0.9387464387464387,0.5849056603773585,0.5961538461538461,43,0.5961538461538461,0.7884615384615384
2679.011218253756,661036.3689527513,0.5904761904761905,0.9387464387464387,0.5849056603773585,0.5961538461538461,43,0.5961538461538461,0.7884615384615384
2679.011218253756,661036.3689527513,0.5904761904761905,0.9387464387464387,0.5849056603773585,0.5961538461538461,43,0.5961538461538461,0.7884615384615384
2679.011218253756,661036.3689527513,0.5904761904761905,0.9387464387464387,0.5849056603773585,0.5961538461538461,43,0.5961538461538461,0.7884615384615384
2679.011218253756,661036.3689527513,0.5904761904761905,0.9387464387464387,0.5849056603773585,0.5961538461538461,43,0.5961538461538461,0.7884615384615384
2679.011218253756,661036.3689527513,0.5904761904761905,0.9387464387464387,0.5849056603773585,0.5961538461538461,43,0.5961538461538461,0.7884615384615384
2679.011218253756,661036.3689527513,0.5904761904761905,0.9387464387464387,0.5849056603773585,0.5961538461538461,43,0.5961538461538461,0.7884615384615384
2679.011218253756,661036.3689527513,0.5904761904761905,0.9387464387464387,0.5849056603773585,0.5961538461538461,43,0.5961538461538461,0.7884615384615384
2679.011218253756,661036.3689527513,0.5904761904761905,0.9387464387464387,0.5849056603773585,0.5961538461538461,43,0.5961538461538461,0.7884615384615384
2679.011218253756,661036.3689527513,0.5904761904761905,0.9387464387464387,0.5849056603773585,0.5961538461538461,43,0.5961538461538461,0.7884615384615384
2679.011218253756,661036.3689527513,0.5904761904761905,0.9387464387464387,0.5849056603773585,0.5961538461538461,43,0.5961538461538461,0.7884615384615384
2679.011218253756,661036.3689527513,0.5904761904761905,0.9387464387464387,0.5849056603773585,0.5961538461538461,43,0.5961538461538461,0.7884615384615384
2679.011218253756,661036.3689527513,0.5904761904761905,0.9387464387464387,0.5849056603773585,0.5961538461538461,43,0.5961538461538461,0.7884615384615384
2679.011218253756,661036.3689527513,0.5904761904761905,0.9387464387464387,0.5849056603773585,0.5961538461538461,43,0.5961538461538461,0.7884615384615384
2679.011218253756,661036.3689527513,0.5904761904761905,0.9387464387464387,0.5849056603773585,0.5961538461538461,43,0.5961538461538461,0.7884615384615384
2679.011218253756,661036.3689527513,0.5904761904761905,0.9387464387464387,0.5849056603773585,0.5961538461538461,43,0.5961538461538461,0.7884615384615384
2679.011218253756,661036.3689527513,0.5904761904761905,0.9387464387464387,0.5849056603773585,0.5961538461538461,43,0.5961538461538461,0.7884615384615384
2679.011218253756,661036.3689527513,0.5904761904761905,0.9387464387464387,0.5849056603773585,0.5961538461538461,43,0.5961538461538461,0.7884615384615384
2679.011218253756,661036.3689527513,0.5904761904761905,0.9387464387464387,0.5849056603773585,0.5961538461538461,43,0.5961538461538461,0.7884615384615384
2679.011218253756,661036.3689527513,0.5904761904761905,0.9387464387464387,0.5849056603773585,0.5961538461538461,43,0.5961538461538461,0.7884615384615384
2679.011218253756,661036.3689527513,0.5904761904761905,0.9387464387464387,0.5849056603773585,0.5961538461538461,43,0.5961538461538461,0.7884615384615384
2679.011218253756,661036.3689527513,0.5904761904761905,0.9387464387464387,0.5849056603773585,0.5961538461538461,43,0.5961538461538461,0.7884615384615384
2679.011218253756,661036.3689527513,0.5904761904761905,0.9387464387464387,0.5849056603773585,0.5961538461538461,43,0.5961538461538461,0.7884615384615384
2679.011218253756,661036.3689527513,0.5904761904761905,0.9387464387464387,0.5849056603773585,0.5961538461538461,43,0.5961538461538461,0.7884615384615384
2679.011218253756,661036.3689527513,0.5904761904761905,0.9387464387464387,0.5849056603773585,0.5961538461538461,43,0.5961538461538461,0.7884615384615384
2679.011218253756,661036.3689527513,0.5904761904761905,0.9387464387464387,0.5849056603773585,0.5961538461538461,43,0.5961538461538461,0.7884615384615384
2679.011218253756,661036.3689527513,0.5904761904761905,0.9387464387464387,0.5849056603773585,0.5961538461538461,43,0.5961538461538461,0.7884615384615384
2679.011218253756,661036.3689527513,0.5904761904761905,0.9387464387464387,0.5849056603773585,0.5961538461538461,43,0.5961538461538461,0.7884615384615384
2679.011218253756,661036.3689527513,0.5904761904761905,0.9387464387464387,0.5849056603773585,0.5961538461538461,43,0.5961538461538461,0.7884615384615384
2679.011218253756,661036.3689527513,0.5904761904761905,0.9387464387464387,0.5849056603773585,0.5961538461538461,43,0.5961538461538461,0.7884615384615384
2679.011218253756,661036.3689527513,0.5904761904761905,0.9387464387464387,0.5849056603773585,0.5961538461538461,43,0.5961538461538461,0.7884615384615384
2679.011218253756,661036.3689527513,0.5904761904761905,0.9387464387464387,0.5849056603773585,0.5961538461538461,43,0.5961538461538461,0.7884615384615384
2679.011218253756,661036.3689527513,0.5904761904761905,0.9387464387464387,0.5849056603773585,0.5961538461538461,43,0.5961538461538461,0.7884615384615384
2679.011218253756,661036.3689527513,0.5904761904761905,0.9387464387464387,0.5849056603773585,0.5961538461538461,43,0.5961538461538461,0.7884615384615384
2679.011218253756,661036.3689527513,0.5904761904761905,0.9387464387464387,0.5849056603773585,0.5961538461538461,43,0.5961538461538461,0.7884615384615384
2679.011218253756,661036.3689527513,0.5904761904761905,0.9387464387464387,0.5849056603773585,0.5961538461538461,43,0.5961538461538461,0.7884615384615384
2679.011218253756,661036.3689527513,0.5904761904761905,0.9387464387464387,0.5849056603773585,0.5961538461538461,43,0.5961538461538461,0.7884615384615384
2679.011218253756,661036.3689527513,0.5904761904761905,0.9387464387464387,0.5849056603773585,0.5961538461538461,43,0.5961538461538461,0.7884615384615384
2679.011218253756,661036.3689527513,0.5904761904761905,0.9387464387464387,0.5849056603773585,0.5961538461538461,43,0.5961538461538461,0.7884615384615384
2679.011218253756,661036.3689527513,0.5904761904761905,0.9387464387464387,0.5849056603773585,0.5961538461538461,43,0.5961538461538461,0.7884615384615384
2679.011218253756,661036.3689527513,0.5904761904761905,0.9387464387464387,0.5849056603773585,0.5961538461538461,43,0.5961538461538461,0.7884615384615384
2679.011218253756,661036.3689527513,0.5904761904761905,0.9387464387464387,0.5849056603773585,0.5961538461538461,43,0.5961538461538461,0.7884615384615384
2679.011218253756,661036.3689527513,0.5904761904761905,0.9387464387464387,0.5849056603773585,0.5961538461538461,43,0.5961538461538461,0.7884615384615384
2679.011218253756,661036.3689527513,0.5904761904761905,0.9387464387464387,0.5849056603773585,0.5961538461538461,43,0.5961538461538461,0.7884615384615384
2679.011218253756,661036.3689527513,0.5904761904761905,0.9387464387464387,0.5849056603773585,0.5961538461538461,43,0.5961538461538461,0.7884615384615384
2679.011218253756,661036.3689527513,0.5904761904761905,0.9387464387464387,0.5849056603773585,0.5961538461538461,43,0.5961538461538461,0.7884615384615384
2679.011218253756,661036.3689527513,0.5904761904761905,0.9387464387464387,0.5849056603773585,0.5961538461538461,43,0.5961538461538461,0.7884615384615384
2679.011218253756,661036.3689527513,0.5904761904761905,0.9387464387464387,0.5849056603773585,0.5961538461538461,43,0.5961538461538461,0.7884615384615384
2679.011218253756,661036.3689527513,0.5904761904761905,0.9387464387464387,0.5849056603773585,0.5961538461538461,43,0.5961538461538461,0.7884615384615384
2679.011218253756,661036.3689527513,0.5904761904761905,0.9387464387464387,0.5849056603773585,0.5961538461538461,43,0.5961538461538461,0.7884615384615384
2679.011218253756,661036.3689527513,0.5904761904761905,0.9387464387464387,0.5849056603773585,0.5961538461538461,43,0.5961538461538461,0.7884615384615384
2679.011218253756,661036.3689527513,0.5904761904761905,0.9387464387464387,0.5849056603773585,0.5961538461538461,43,0.5961538461538461,0.7884615384615384
2679.011218253756,661036.3689527513,0.5904761904761905,0.9387464387464387,0.5849056603773585,0.5961538461538461,43,0.5961538461538461,0.7884615384615384
2679.011218253756,661036.3689527513,0.5904761904761905,0.9387464387464387,0.5849056603773585,0.5961538461538461,43,0.5961538461538461,0.7884615384615384
2679.011218253756,661036.3689527513,0.5904761904761905,0.9387464387464387,0.5849056603773585,0.5961538461538461,43,0.5961538461538461,0.7884615384615384
2679.011218253756,661036.3689527513,0.5904761904761905,0.9387464387464387,0.5849056603773585,0.5961538461538461,43,0.5961538461538461,0.7884615384615384
2679.011218253756,661036.3689527513,0.5904761904761905,0.9387464387464387,0.5849056603773585,0.5961538461538461,43,0.5961538461538461,0.7884615384615384
2679.011218253756,661036.3689527513,0.5904761904761905,0.9387464387464387,0.5849056603773585,0.5961538461538461,43,0.5961538461538461,0.7884615384615384
2679.011218253756,661036.3689527513,0.5904761904761905,0.9387464387464387,0.5849056603773585,0.5961538461538461,43,0.5961538461538461,0.7884615384615384
2679.011218253756,661036.3689527513,0.5904761904761905,0.9387464387464387,0.5849056603773585,0.5961538461538461,43,0.5961538461538461,0.7884615384615384
2679.011218253756,661036.3689527513,0.5904761904761905,0.9387464387464387,0.5849056603773585,0.5961538461538461,43,0.5961538461538461,0.7884615384615384
2679.011218253756,661036.3689527513,0.5904761904761905,0.9387464387464387,0.5849056603773585,0.5961538461538461,43,0.5961538461538461,0.7884615384615384
2679.011218253756,661036.3689527513,0.5904761904761905,0.9387464387464387,0.5849056603773585,0.5961538461538461,43,0.5961538461538461,0.7884615384615384
2679.011218253756,661036.3689527513,0.5904761904761905,0.9387464387464387,0.5849056603773585,0.5961538461538461,43,0.5961538461538461,0.7884615384615384
2679.011218253756,661036.3689527513,0.5904761904761905,0.9387464387464387,0.5849056603773585,0.5961538461538461,43,0.5961538461538461,0.7884615384615384
2679.011218253756,661036.3689527513,0.5904761904761905,0.9387464387464387,0.5849056603773585,0.5961538461538461,43,0.5961538461538461,0.7884615384615384
2679.011218253756,661036.3689527513,0.5904761904761905,0.9387464387464387,0.5849056603773585,0.5961538461538461,43,0.5961538461538461,0.7884615384615384
2679.011218253756,661036.3689527513,0.5904761904761905,0.9387464387464387,0.5849056603773585,0.5961538461538461,43,0.5961538461538461,0.7884615384615384
2679.011218253756,661036.3689527513,0.5904761904761905,0.9387464387464387,0.5849056603773585,0.5961538461538461,43,0.5961538461538461,0.7884615384615384
2679.011218253756,661036.3689527513,0.5904761904761905,0.9387464387464387,0.5849056603773585,0.5961538461538461,43,0.5961538461538461,0.7884615384615384
2679.011218253756,661036.3689527513,0.5904761904761905,0.9387464387464387,0.5849056603773585,0.5961538461538461,43,0.5961538461538461,0.7884615384615384
2679.011218253756,661036.3689527513,0.5904761904761905,0.9387464387464387,0.5849056603773585,0.5961538461538461,43,0.5961538461538461,0.7884615384615384
2679.011218253756,661036.3689527513,0.5904761904761905,0.9387464387464387,0.5849056603773585,0.5961538461538461,43,0.5961538461538461,0.7884615384615384
2546.459740953287,660903.8174754508,0.6095238095238096,0.9415954415954416,0.6037735849056604,0.6153846153846154,41,0.6153846153846154,0.8076923076923077
2546.459740953287,660903.8174754508,0.6095238095238096,0.9415954415954416,0.6037735849056604,0.6153846153846154,41,0.6153846153846154,0.8076923076923077
2546.459740953287,660903.8174754508,0.6095238095238096,0.9415954415954416,0.6037735849056604,0.6153846153846154,41,0.6153846153846154,0.8076923076923077
2546.459740953287,660903.8174754508,0.6095238095238096,0.9415954415954416,0.6037735849056604,0.6153846153846154,41,0.6153846153846154,0.8076923076923077
2546.459740953287,660903.8174754508,0.6095238095238096,0.9415954415954416,0.6037735849056604,0.6153846153846154,41,0.6153846153846154,0.8076923076923077
2546.459740953287,660903.8174754508,0.6095238095238096,0.9415954415954416,0.6037735849056604,0.6153846153846154,41,0.6153846153846154,0.8076923076923077
2546.459740953287,660903.8174754508,0.6095238095238096,0.9415954415954416,0.6037735849056604,0.6153846153846154,41,0.6153846153846154,0.8076923076923077
2546.459740953287,660903.8174754508,0.6095238095238096,0.9415954415954416,0.6037735849056604,0.6153846153846154,41,0.6153846153846154,0.8076923076923077
2546.459740953287,660903.8174754508,0.6095238095238096,0.9415954415954416,0.6037735849056604,0.6153846153846154,41,0.6153846153846154,0.8076923076923077
2546.459740953287,660903.8174754508,0.6095238095238096,0.9415954415954416,0.6037735849056604,0.6153846153846154,41,0.6153846153846154,0.8076923076923077
2546.459740953287,660903.8174754508,0.6095238095238096,0.9415954415954416,0.6037735849056604,0.6153846153846154,41,0.6153846153846154,0.8076923076923077
2546.459740953287,660903.8174754508,0.6095238095238096,0.9415954415954416,0.6037735849056604,0.6153846153846154,41,0.6153846153846154,0.8076923076923077
2546.459740953287,660903.8174754508,0.6095238095238096,0.9415954415954416,0.6037735849056604,0.6153846153846154,41,0.6153846153846154,0.8076923076923077
2546.459740953287,660903.8174754508,0.6095238095238096,0.9415954415954416,0.6037735849056604,0.6153846153846154,41,0.6153846153846154,0.8076923076923077
2546.459740953287,660903.8174754508,0.6095238095238096,0.9415954415954416,0.6037735849056604,0.6153846153846154,41,0.6153846153846154,0.8076923076923077
2546.459740953287,660903.8174754508,0.6095238095238096,0.9415954415954416,0.6037735849056604,0.6153846153846154,41,0.6153846153846154,0.8076923076923077
2546.459740953287,660903.8174754508,0.6095238095238096,0.9415954415954416,0.6037735849056604,0.6153846153846154,41,0.6153846153846154,0.8076923076923077
2546.459740953287,660903.8174754508,0.6095238095238096,0.9415954415954416,0.6037735849056604,0.6153846153846154,41,0.6153846153846154,0.8076923076923077
2546.459740953287,660903.8174754508,0.6095238095238096,0.9415954415954416,0.6037735849056604,0.6153846153846154,41,0.6153846153846154,0.8076923076923077
2546.459740953287,660903.8174754508,0.6095238095238096,0.9415954415954416,0.6037735849056604,0.6153846153846154,41,0.6153846153846154,0.8076923076923077
2546.459740953287,660903.8174754508,0.6095238095238096,0.9415954415954416,0.6037735849056604,0.6153846153846154,41,0.6153846153846154,0.8076923076923077
2546.459740953287,660903.8174754508,0.6095238095238096,0.9415954415954416,0.6037735849056604,0.6153846153846154,41,0.6153846153846154,0.8076923076923077
2546.459740953287,660903.8174754508,0.6095238095238096,0.9415954415954416,0.6037735849056604,0.6153846153846154,41,0.6153846153846154,0.8076923076923077
2546.459740953287,660903.8174754508,0.6095238095238096,0.9415954415954416,0.6037735849056604,0.6153846153846154,41,0.6153846153846154,0.8076923076923077
2546.459740953287,660903.8174754508,0.6095238095238096,0.9415954415954416,0.6037735849056604,0.6153846153846154,41,0.6153846153846154,0.8076923076923077
2546.459740953287,660903.8174754508,0.6095238095238096,0.9415954415954416,0.6037735849056604,0.6153846153846154,41,0.6153846153846154,0.8076923076923077
2546.459740953287,660903.8174754508,0.6095238095238096,0.9415954415954416,0.6037735849056604,0.6153846153846154,41,0.6153846153846154,0.8076923076923077
2546.459740953287,660903.8174754508,0.6095238095238096,0.9415954415954416,0.6037735849056604,0.6153846153846154,41,0.6153846153846154,0.8076923076923077
2546.459740953287,660903.8174754508,0.6095238095238096,0.9415954415954416,0.6037735849056604,0.6153846153846154,41,0.6153846153846154,0.8076923076923077
2546.459740953287,660903.8174754508,0.6095238095238096,0.9415954415954416,0.6037735849056604,0.6153846153846154,41,0.6153846153846154,0.8076923076923077
2546.459740953287,660903.8174754508,0.6095238095238096,0.9415954415954416,0.6037735849056604,0.6153846153846154,41,0.6153846153846154,0.8076923076923077
2546.459740953287,660903.8174754508,0.6095238095238096,0.9415954415954416,0.6037735849056604,0.6153846153846154,41,0.6153846153846154,0.8076923076923077
2546.459740953287,660903.8174754508,0.6095238095238096,0.9415954415954416,0.6037735849056604,0.6153846153846154,41,0.6153846153846154,0.8076923076923077
2546.459740953287,660903.8174754508,0.6095238095238096,0.9415954415954416,0.6037735849056604,0.6153846153846154,41,0.6153846153846154,0.8076923076923077
2546.459740953287,660903.8174754508,0.6095238095238096,0.9415954415954416,0.6037735849056604,0.6153846153846154,41,0.6153846153846154,0.8076923076923077
2546.459740953287,660903.8174754508,0.6095238095238096,0.9415954415954416,0.6037735849056604,0.6153846153846154,41,0.6153846153846154,0.8076923076923077
2546.459740953287,660903.8174754508,0.6095238095238096,0.9415954415954416,0.6037735849056604,0.6153846153846154,41,0.6153846153846154,0.8076923076923077
2546.459740953287,660903.8174754508,0.6095238095238096,0.9415954415954416,0.6037735849056604,0.6153846153846154,41,0.6153846153846154,0.8076923076923077
2546.459740953287,660903.8174754508,0.6095238095238096,0.9415954415954416,0.6037735849056604,0.6153846153846154,41,0.6153846153846154,0.8076923076923077
2546.459740953287,660903.8174754508,0.6095238095238096,0.9415954415954416,0.6037735849056604,0.6153846153846154,41,0.6153846153846154,0.8076923076923077
2546.459740953287,660903.8174754508,0.6095238095238096,0.9415954415954416,0.6037735849056604,0.6153846153846154,41,0.6153846153846154,0.8076923076923077
2546.459740953287,660903.8174754508,0.6095238095238096,0.9415954415954416,0.6037735849056604,0.6153846153846154,41,0.6153846153846154,0.8076923076923077
2546.459740953287,660903.8174754508,0.6095238095238096,0.9415954415954416,0.6037735849056604,0.6153846153846154,41,0.6153846153846154,0.8076923076923077
2546.459740953287,660903.8174754508,0.6095238095238096,0.9415954415954416,0.6037735849056604,0.6153846153846154,41,0.6153846153846154,0.8076923076923077
2546.459740953287,660903.8174754508,0.6095238095238096,0.9415954415954416,0.6037735849056604,0.6153846153846154,41,0.6153846153846154,0.8076923076923077
2546.459740953287,660903.8174754508,0.6095238095238096,0.9415954415954416,0.6037735849056604,0.6153846153846154,41,0.6153846153846154,0.8076923076923077
2546.459740953287,660903.8174754508,0.6095238095238096,0.9415954415954416,0.6037735849056604,0.6153846153846154,41,0.6153846153846154,0.8076923076923077
2546.459740953287,660903.8174754508,0.6095238095238096,0.9415954415954416,0.6037735849056604,0.6153846153846154,41,0.6153846153846154,0.8076923076923077
2546.459740953287,660903.8174754508,0.6095238095238096,0.9415954415954416,0.6037735849056604,0.6153846153846154,41,0.6153846153846154,0.8076923076923077
2546.459740953287,660903.8174754508,0.6095238095238096,0.9415954415954416,0.6037735849056604,0.6153846153846154,41,0.6153846153846154,0.8076923076923077
2546.459740953287,660903.8174754508,0.6095238095238096,0.9415954415954416,0.6037735849056604,0.6153846153846154,41,0.6153846153846154,0.8076923076923077
2546.459740953287,660903.8174754508,0.6095238095238096,0.9415954415954416,0.6037735849056604,0.6153846153846154,41,0.6153846153846154,0.8076923076923077
2546.459740953287,660903.8174754508,0.6095238095238096,0.9415954415954416,0.6037735849056604,0.6153846153846154,41,0.6153846153846154,0.8076923076923077
2546.459740953287,660903.8174754508,0.6095238095238096,0.9415954415954416,0.6037735849056604,0.6153846153846154,41,0.6153846153846154,0.8076923076923077
2546.459740953287,660903.8174754508,0.6095238095238096,0.9415954415954416,0.6037735849056604,0.6153846153846154,41,0.6153846153846154,0.8076923076923077
2546.459740953287,660903.8174754508,0.6095238095238096,0.9415954415954416,0.6037735849056604,0.6153846153846154,41,0.6153846153846154,0.8076923076923077
2546.459740953287,660903.8174754508,0.6095238095238096,0.9415954415954416,0.6037735849056604,0.6153846153846154,41,0.6153846153846154,0.8076923076923077
2546.459740953287,660903.8174754508,0.6095238095238096,0.9415954415954416,0.6037735849056604,0.6153846153846154,41,0.6153846153846154,0.8076923076923077
2546.459740953287,660903.8174754508,0.6095238095238096,0.9415954415954416,0.6037735849056604,0.6153846153846154,41,0.6153846153846154,0.8076923076923077
2546.459740953287,660903.8174754508,0.6095238095238096,0.9415954415954416,0.6037735849056604,0.6153846153846154,41,0.6153846153846154,0.8076923076923077
2546.459740953287,660903.8174754508,0.6095238095238096,0.9415954415954416,0.6037735849056604,0.6153846153846154,41,0.6153846153846154,0.8076923076923077
2546.459740953287,660903.8174754508,0.6095238095238096,0.9415954415954416,0.6037735849056604,0.6153846153846154,41,0.6153846153846154,0.8076923076923077
2546.459740953287,660903.8174754508,0.6095238095238096,0.9415954415954416,0.6037735849056604,0.6153846153846154,41,0.6153846153846154,0.8076923076923077
2546.459740953287,660903.8174754508,0.6095238095238096,0.9415954415954416,0.6037735849056604,0.6153846153846154,41,0.6153846153846154,0.8076923076923077
2546.459740953287,660903.8174754508,0.6095238095238096,0.9415954415954416,0.6037735849056604,0.6153846153846154,41,0.6153846153846154,0.8076923076923077
2546.459740953287,660903.8174754508,0.6095238095238096,0.9415954415954416,0.6037735849056604,0.6153846153846154,41,0.6153846153846154,0.8076923076923077
2546.459740953287,660903.8174754508,0.6095238095238096,0.9415954415954416,0.6037735849056604,0.6153846153846154,41,0.6153846153846154,0.8076923076923077
2546.459740953287,660903.8174754508,0.6095238095238096,0.9415954415954416,0.6037735849056604,0.6153846153846154,41,0.6153846153846154,0.8076923076923077
2546.459740953287,660903.8174754508,0.6095238095238096,0.9415954415954416,0.6037735849056604,0.6153846153846154,41,0.6153846153846154,0.8076923076923077
2546.459740953287,660903.8174754508,0.6095238095238096,0.9415954415954416,0.6037735849056604,0.6153846153846154,41,0.6153846153846154,0.8076923076923077
2546.459740953287,660903.8174754508,0.6095238095238096,0.9415954415954416,0.6037735849056604,0.6153846153846154,41,0.6153846153846154,0.8076923076923077
2546.459740953287,660903.8174754508,0.6095238095238096,0.9415954415954416,0.6037735849056604,0.6153846153846154,41,0.6153846153846154,0.8076923076923077
2538.1475208420306,660895.5052553396,0.5961538461538461,0.9401709401709402,0.5961538461538461,0.5961538461538461,42,0.5961538461538461,0.7884615384615384
2538.1475208420306,660895.5052553396,0.5961538461538461,0.9401709401709402,0.5961538461538461,0.5961538461538461,42,0.5961538461538461,0.7884615384615384
2538.1475208420306,660895.5052553396,0.5961538461538461,0.9401709401709402,0.5961538461538461,0.5961538461538461,42,0.5961538461538461,0.7884615384615384
2538.1475208420306,660895.5052553396,0.5961538461538461,0.9401709401709402,0.5961538461538461,0.5961538461538461,42,0.5961538461538461,0.7884615384615384
2538.1475208420306,660895.5052553396,0.5961538461538461,0.9401709401709402,0.5961538461538461,0.5961538461538461,42,0.5961538461538461,0.7884615384615384
2538.1475208420306,660895.5052553396,0.5961538461538461,0.9401709401709402,0.5961538461538461,0.5961538461538461,42,0.5961538461538461,0.7884615384615384
2538.1475208420306,660895.5052553396,0.5961538461538461,0.9401709401709402,0.5961538461538461,0.5961538461538461,42,0.5961538461538461,0.7884615384615384
2538.1475208420306,660895.5052553396,0.5961538461538461,0.9401709401709402,0.5961538461538461,0.5961538461538461,42,0.5961538461538461,0.7884615384615384
2538.1475208420306,660895.5052553396,0.5961538461538461,0.9401709401709402,0.5961538461538461,0.5961538461538461,42,0.5961538461538461,0.7884615384615384
2538.1475208420306,660895.5052553396,0.5961538461538461,0.9401709401709402,0.5961538461538461,0.5961538461538461,42,0.5961538461538461,0.7884615384615384
2538.1475208420306,660895.5052553396,0.5961538461538461,0.9401709401709402,0.5961538461538461,0.5961538461538461,42,0.5961538461538461,0.7884615384615384
2538.1475208420306,660895.5052553396,0.5961538461538461,0.9401709401709402,0.5961538461538461,0.5961538461538461,42,0.5961538461538461,0.7884615384615384
2538.1475208420306,660895.5052553396,0.5961538461538461,0.9401709401709402,0.5961538461538461,0.5961538461538461,42,0.5961538461538461,0.7884615384615384
2538.1475208420306,660895.5052553396,0.5961538461538461,0.9401709401709402,0.5961538461538461,0.5961538461538461,42,0.5961538461538461,0.7884615384615384
2538.1475208420306,660895.5052553396,0.5961538461538461,0.9401709401709402,0.5961538461538461,0.5961538461538461,42,0.5961538461538461,0.7884615384615384
2538.1475208420306,660895.5052553396,0.5961538461538461,0.9401709401709402,0.5961538461538461,0.5961538461538461,42,0.5961538461538461,0.7884615384615384
2538.1475208420306,660895.5052553396,0.5961538461538461,0.9401709401709402,0.5961538461538461,0.5961538461538461,42,0.5961538461538461,0.7884615384615384
2538.1475208420306,660895.5052553396,0.5961538461538461,0.9401709401709402,0.5961538461538461,0.5961538461538461,42,0.5961538461538461,0.7884615384615384
2538.1475208420306,660895.5052553396,0.5961538461538461,0.9401709401709402,0.5961538461538461,0.5961538461538461,42,0.5961538461538461,0.7884615384615384
2354.960042515071,660712.3177770126,0.5904761904761905,0.9387464387464387,0.5849056603773585,0.5961538461538461,43,0.5961538461538461,0.7884615384615384
2354.960042515071,660712.3177770126,0.5904761904761905,0.9387464387464387,0.5849056603773585,0.5961538461538461,43,0.5961538461538461,0.7884615384615384
2354.960042515071,660712.3177770126,0.5904761904761905,0.9387464387464387,0.5849056603773585,0.5961538461538461,43,0.5961538461538461,0.7884615384615384
2354.960042515071,660712.3177770126,0.5904761904761905,0.9387464387464387,0.5849056603773585,0.5961538461538461,43,0.5961538461538461,0.7884615384615384
2354.960042515071,660712.3177770126,0.5904761904761905,0.9387464387464387,0.5849056603773585,0.5961538461538461,43,0.5961538461538461,0.7884615384615384
2354.960042515071,660712.3177770126,0.5904761904761905,0.9387464387464387,0.5849056603773585,0.5961538461538461,43,0.5961538461538461,0.7884615384615384
2354.960042515071,660712.3177770126,0.5904761904761905,0.9387464387464387,0.5849056603773585,0.5961538461538461,43,0.5961538461538461,0.7884615384615384
2354.960042515071,660712.3177770126,0.5904761904761905,0.9387464387464387,0.5849056603773585,0.5961538461538461,43,0.5961538461538461,0.7884615384615384
2354.960042515071,660712.3177770126,0.5904761904761905,0.9387464387464387,0.5849056603773585,0.5961538461538461,43,0.5961538461538461,0.7884615384615384
2354.960042515071,660712.3177770126,0.5904761904761905,0.9387464387464387,0.5849056603773585,0.5961538461538461,43,0.5961538461538461,0.7884615384615384
2354.960042515071,660712.3177770126,0.5904761904761905,0.9387464387464387,0.5849056603773585,0.5961538461538461,43,0.5961538461538461,0.7884615384615384
2354.960042515071,660712.3177770126,0.5904761904761905,0.9387464387464387,0.5849056603773585,0.5961538461538461,43,0.5961538461538461,0.7884615384615384
2354.960042515071,660712.3177770126,0.5904761904761905,0.9387464387464387,0.5849056603773585,0.5961538461538461,43,0.5961538461538461,0.7884615384615384
2354.960042515071,660712.3177770126,0.5904761904761905,0.9387464387464387,0.5849056603773585,0.5961538461538461,43,0.5961538461538461,0.7884615384615384
2354.960042515071,660712.3177770126,0.5904761904761905,0.9387464387464387,0.5849056603773585,0.5961538461538461,43,0.5961538461538461,0.7884615384615384
2354.960042515071,660712.3177770126,0.5904761904761905,0.9387464387464387,0.5849056603773585,0.5961538461538461,43,0.5961538461538461,0.7884615384615384
2354.960042515071,660712.3177770126,0.5904761904761905,0.9387464387464387,0.5849056603773585,0.5961538461538461,43,0.5961538461538461,0.7884615384615384
2354.960042515071,660712.3177770126,0.5904761904761905,0.9387464387464387,0.5849056603773585,0.5961538461538461,43,0.5961538461538461,0.7884615384615384
2354.960042515071,660712.3177770126,0.5904761904761905,0.9387464387464387,0.5849056603773585,0.5961538461538461,43,0.5961538461538461,0.7884615384615384
2354.960042515071,660712.3177770126,0.5904761904761905,0.9387464387464387,0.5849056603773585,0.5961538461538461,43,0.5961538461538461,0.7884615384615384
2354.960042515071,660712.3177770126,0.5904761904761905,0.9387464387464387,0.5849056603773585,0.5961538461538461,43,0.5961538461538461,0.7884615384615384
2354.960042515071,660712.3177770126,0.5904761904761905,0.9387464387464387,0.5849056603773585,0.5961538461538461,43,0.5961538461538461,0.7884615384615384
2354.960042515071,660712.3177770126,0.5904761904761905,0.9387464387464387,0.5849056603773585,0.5961538461538461,43,0.5961538461538461,0.7884615384615384
2354.960042515071,660712.3177770126,0.5904761904761905,0.9387464387464387,0.5849056603773585,0.5961538461538461,43,0.5961538461538461,0.7884615384615384
2354.960042515071,660712.3177770126,0.5904761904761905,0.9387464387464387,0.5849056603773585,0.5961538461538461,43,0.5961538461538461,0.7884615384615384
2354.9600425149547,660712.3177770125,0.6095238095238096,0.9415954415954416,0.6037735849056604,0.6153846153846154,41,0.6153846153846154,0.7884615384615384
2354.9600425149547,660712.3177770125,0.6095238095238096,0.9415954415954416,0.6037735849056604,0.6153846153846154,41,0.6153846153846154,0.7884615384615384
2354.9600425149547,660712.3177770125,0.6095238095238096,0.9415954415954416,0.6037735849056604,0.6153846153846154,41,0.6153846153846154,0.7884615384615384
2354.9600425149547,660712.3177770125,0.6095238095238096,0.9415954415954416,0.6037735849056604,0.6153846153846154,41,0.6153846153846154,0.7884615384615384
2354.9600425149547,660712.3177770125,0.6095238095238096,0.9415954415954416,0.6037735849056604,0.6153846153846154,41,0.6153846153846154,0.7884615384615384
2354.9600425149547,660712.3177770125,0.6095238095238096,0.9415954415954416,0.6037735849056604,0.6153846153846154,41,0.6153846153846154,0.7884615384615384
2354.9600425149547,660712.3177770125,0.6095238095238096,0.9415954415954416,0.6037735849056604,0.6153846153846154,41,0.6153846153846154,0.7884615384615384
2354.9600425149547,660712.3177770125,0.6095238095238096,0.9415954415954416,0.6037735849056604,0.6153846153846154,41,0.6153846153846154,0.7884615384615384
2354.9600425149547,660712.3177770125,0.6095238095238096,0.9415954415954416,0.6037735849056604,0.6153846153846154,41,0.6153846153846154,0.7884615384615384
2354.9600425149547,660712.3177770125,0.6095238095238096,0.9415954415954416,0.6037735849056604,0.6153846153846154,41,0.6153846153846154,0.7884615384615384
2354.9600425149547,660712.3177770125,0.6095238095238096,0.9415954415954416,0.6037735849056604,0.6153846153846154,41,0.6153846153846154,0.7884615384615384
2354.9600425149547,660712.3177770125,0.6095238095238096,0.9415954415954416,0.6037735849056604,0.6153846153846154,41,0.6153846153846154,0.7884615384615384
2354.9600425149547,660712.3177770125,0.6095238095238096,0.9415954415954416,0.6037735849056604,0.6153846153846154,41,0.6153846153846154,0.7884615384615384
2354.9600425149547,660712.3177770125,0.6095238095238096,0.9415954415954416,0.6037735849056604,0.6153846153846154,41,0.6153846153846154,0.7884615384615384
2354.9600425149547,660712.3177770125,0.6095238095238096,0.9415954415954416,0.6037735849056604,0.6153846153846154,41,0.6153846153846154,0.7884615384615384
2354.9600425149547,660712.3177770125,0.6095238095238096,0.9415954415954416,0.6037735849056604,0.6153846153846154,41,0.6153846153846154,0.7884615384615384
2354.9600425149547,660712.3177770125,0.6095238095238096,0.9415954415954416,0.6037735849056604,0.6153846153846154,41,0.6153846153846154,0.7884615384615384
2354.9600425149547,660712.3177770125,0.6095238095238096,0.9415954415954416,0.6037735849056604,0.6153846153846154,41,0.6153846153846154,0.7884615384615384
2280.930407847045,660638.2881423446,0.6153846153846154,0.9430199430199431,0.6153846153846154,0.6153846153846154,40,0.6153846153846154,0.7884615384615384
2280.930407847045,660638.2881423446,0.6153846153846154,0.9430199430199431,0.6153846153846154,0.6153846153846154,40,0.6153846153846154,0.7884615384615384
2280.930407847045,660638.2881423446,0.6153846153846154,0.9430199430199431,0.6153846153846154,0.6153846153846154,40,0.6153846153846154,0.7884615384615384
2280.930407847045,660638.2881423446,0.6153846153846154,0.9430199430199431,0.6153846153846154,0.6153846153846154,40,0.6153846153846154,0.7884615384615384
2280.930407847045,660638.2881423446,0.6153846153846154,0.9430199430199431,0.6153846153846154,0.6153846153846154,40,0.6153846153846154,0.7884615384615384
2280.930407847045,660638.2881423446,0.6153846153846154,0.9430199430199431,0.6153846153846154,0.6153846153846154,40,0.6153846153846154,0.7884615384615384
2280.930407847045,660638.2881423446,0.6153846153846154,0.9430199430199431,0.6153846153846154,0.6153846153846154,40,0.6153846153846154,0.7884615384615384
2280.930407847045,660638.2881423446,0.6153846153846154,0.9430199430199431,0.6153846153846154,0.6153846153846154,40,0.6153846153846154,0.7884615384615384
2280.930407847045,660638.2881423446,0.6153846153846154,0.9430199430199431,0.6153846153846154,0.6153846153846154,40,0.6153846153846154,0.7884615384615384
2280.930407847045,660638.2881423446,0.6153846153846154,0.9430199430199431,0.6153846153846154,0.6153846153846154,40,0.6153846153846154,0.7884615384615384
2280.930407847045,660638.2881423446,0.6153846153846154,0.9430199430199431,0.6153846153846154,0.6153846153846154,40,0.6153846153846154,0.7884615384615384
2280.930407847045,660638.2881423446,0.6153846153846154,0.9430199430199431,0.6153846153846154,0.6153846153846154,40,0.6153846153846154,0.7884615384615384
2280.930407847045,660638.2881423446,0.6153846153846154,0.9430199430199431,0.6153846153846154,0.6153846153846154,40,0.6153846153846154,0.7884615384615384
2280.930407847045,660638.2881423446,0.6153846153846154,0.9430199430199431,0.6153846153846154,0.6153846153846154,40,0.6153846153846154,0.7884615384615384
2280.930407847045,660638.2881423446,0.6153846153846154,0.9430199430199431,0.6153846153846154,0.6153846153846154,40,0.6153846153846154,0.7884615384615384
2280.930407847045,660638.2881423446,0.6153846153846154,0.9430199430199431,0.6153846153846154,0.6153846153846154,40,0.6153846153846154,0.7884615384615384
2280.930407847045,660638.2881423446,0.6153846153846154,0.9430199430199431,0.6153846153846154,0.6153846153846154,40,0.6153846153846154,0.7884615384615384
2280.930407847045,660638.2881423446,0.6153846153846154,0.9430199430199431,0.6153846153846154,0.6153846153846154,40,0.6153846153846154,0.7884615384615384
2280.930407847045,660638.2881423446,0.6153846153846154,0.9430199430199431,0.6153846153846154,0.6153846153846154,40,0.6153846153846154,0.7884615384615384
2280.930407847045,660638.2881423446,0.6153846153846154,0.9430199430199431,0.6153846153846154,0.6153846153846154,40,0.6153846153846154,0.7884615384615384
2280.930407847045,660638.2881423446,0.6153846153846154,0.9430199430199431,0.6153846153846154,0.6153846153846154,40,0.6153846153846154,0.7884615384615384
2280.930407847045,660638.2881423446,0.6153846153846154,0.9430199430199431,0.6153846153846154,0.6153846153846154,40,0.6153846153846154,0.7884615384615384
2280.930407847045,660638.2881423446,0.6153846153846154,0.9430199430199431,0.6153846153846154,0.6153846153846154,40,0.6153846153846154,0.7884615384615384
2280.930407847045,660638.2881423446,0.6153846153846154,0.9430199430199431,0.6153846153846154,0.6153846153846154,40,0.6153846153846154,0.7884615384615384
2280.930407847045,660638.2881423446,0.6153846153846154,0.9430199430199431,0.6153846153846154,0.6153846153846154,40,0.6153846153846154,0.7884615384615384
2280.930407847045,660638.2881423446,0.6153846153846154,0.9430199430199431,0.6153846153846154,0.6153846153846154,40,0.6153846153846154,0.7884615384615384
2280.930407847045,660638.2881423446,0.6153846153846154,0.9430199430199431,0.6153846153846154,0.6153846153846154,40,0.6153846153846154,0.7884615384615384
2280.930407847045,660638.2881423446,0.6153846153846154,0.9430199430199431,0.6153846153846154,0.6153846153846154,40,0.6153846153846154,0.7884615384615384
2280.930407847045,660638.2881423446,0.6153846153846154,0.9430199430199431,0.6153846153846154,0.6153846153846154,40,0.6153846153846154,0.7884615384615384
2280.930407847045,660638.2881423446,0.6153846153846154,0.9430199430199431,0.6153846153846154,0.6153846153846154,40,0.6153846153846154,0.7884615384615384
2280.930407847045,660638.2881423446,0.6153846153846154,0.9430199430199431,0.6153846153846154,0.6153846153846154,40,0.6153846153846154,0.7884615384615384
2280.930407847045,660638.2881423446,0.6153846153846154,0.9430199430199431,0.6153846153846154,0.6153846153846154,40,0.6153846153846154,0.7884615384615384
2280.930407847045,660638.2881423446,0.6153846153846154,0.9430199430199431,0.6153846153846154,0.6153846153846154,40,0.6153846153846154,0.7884615384615384
2280.930407847045,660638.2881423446,0.6153846153846154,0.9430199430199431,0.6153846153846154,0.6153846153846154,40,0.6153846153846154,0.7884615384615384
2280.930407847045,660638.2881423446,0.6153846153846154,0.9430199430199431,0.6153846153846154,0.6153846153846154,40,0.6153846153846154,0.7884615384615384
2280.930407847045,660638.2881423446,0.6153846153846154,0.9430199430199431,0.6153846153846154,0.6153846153846154,40,0.6153846153846154,0.7884615384615384
2280.930407847045,660638.2881423446,0.6153846153846154,0.9430199430199431,0.6153846153846154,0.6153846153846154,40,0.6153846153846154,0.7884615384615384
2221.2024018447846,660578.5601363423,0.6213592233009709,0.9444444444444444,0.6274509803921569,0.6153846153846154,39,0.6153846153846154,0.7884615384615384
2221.2024018447846,660578.5601363423,0.6213592233009709,0.9444444444444444,0.6274509803921569,0.6153846153846154,39,0.6153846153846154,0.7884615384615384
2221.2024018447846,660578.5601363423,0.6213592233009709,0.9444444444444444,0.6274509803921569,0.6153846153846154,39,0.6153846153846154,0.7884615384615384
2221.2024018447846,660578.5601363423,0.6213592233009709,0.9444444444444444,0.6274509803921569,0.6153846153846154,39,0.6153846153846154,0.7884615384615384
2221.2024018447846,660578.5601363423,0.6213592233009709,0.9444444444444444,0.6274509803921569,0.6153846153846154,39,0.6153846153846154,0.7884615384615384
2221.2024018447846,660578.5601363423,0.6213592233009709,0.9444444444444444,0.6274509803921569,0.6153846153846154,39,0.6153846153846154,0.7884615384615384
2221.2024018447846,660578.5601363423,0.6213592233009709,0.9444444444444444,0.6274509803921569,0.6153846153846154,39,0.6153846153846154,0.7884615384615384
2221.2024018447846,660578.5601363423,0.6213592233009709,0.9444444444444444,0.6274509803921569,0.6153846153846154,39,0.6153846153846154,0.7884615384615384
2221.2024018447846,660578.5601363423,0.6213592233009709,0.9444444444444444,0.6274509803921569,0.6153846153846154,39,0.6153846153846154,0.7884615384615384
2221.2024018447846,660578.5601363423,0.6213592233009709,0.9444444444444444,0.6274509803921569,0.6153846153846154,39,0.6153846153846154,0.7884615384615384
2221.2024018447846,660578.5601363423,0.6213592233009709,0.9444444444444444,0.6274509803921569,0.6153846153846154,39,0.6153846153846154,0.7884615384615384
2221.2024018447846,660578.5601363423,0.6213592233009709,0.9444444444444444,0.6274509803921569,0.6153846153846154,39,0.6153846153846154,0.7884615384615384
2221.2024018447846,660578.5601363423,0.6213592233009709,0.9444444444444444,0.6274509803921569,0.6153846153846154,39,0.6153846153846154,0.7884615384615384
2221.2024018447846,660578.5601363423,0.6213592233009709,0.9444444444444444,0.6274509803921569,0.6153846153846154,39,0.6153846153846154,0.7884615384615384
2221.2024018447846,660578.5601363423,0.6213592233009709,0.9444444444444444,0.6274509803921569,0.6153846153846154,39,0.6153846153846154,0.7884615384615384
2221.2024018447846,660578.5601363423,0.6213592233009709,0.9444444444444444,0.6274509803921569,0.6153846153846154,39,0.6153846153846154,0.7884615384615384
2221.2024018447846,660578.5601363423,0.6213592233009709,0.9444444444444444,0.6274509803921569,0.6153846153846154,39,0.6153846153846154,0.7884615384615384
2221.2024018447846,660578.5601363423,0.6213592233009709,0.9444444444444444,0.6274509803921569,0.6153846153846154,39,0.6153846153846154,0.7884615384615384
2221.2024018447846,660578.5601363423,0.6213592233009709,0.9444444444444444,0.6274509803921569,0.6153846153846154,39,0.6153846153846154,0.7884615384615384
2221.2024018447846,660578.5601363423,0.6213592233009709,0.9444444444444444,0.6274509803921569,0.6153846153846154,39,0.6153846153846154,0.7884615384615384
2221.2024018447846,660578.5601363423,0.6213592233009709,0.9444444444444444,0.6274509803921569,0.6153846153846154,39,0.6153846153846154,0.7884615384615384
2221.2024018447846,660578.5601363423,0.6213592233009709,0.9444444444444444,0.6274509803921569,0.6153846153846154,39,0.6153846153846154,0.7884615384615384
2221.2024018447846,660578.5601363423,0.6213592233009709,0.9444444444444444,0.6274509803921569,0.6153846153846154,39,0.6153846153846154,0.7884615384615384
2221.2024018447846,660578.5601363423,0.6213592233009709,0.9444444444444444,0.6274509803921569,0.6153846153846154,39,0.6153846153846154,0.7884615384615384
2221.2024018447846,660578.5601363423,0.6213592233009709,0.9444444444444444,0.6274509803921569,0.6153846153846154,39,0.6153846153846154,0.7884615384615384
2221.2024018447846,660578.5601363423,0.6213592233009709,0.9444444444444444,0.6274509803921569,0.6153846153846154,39,0.6153846153846154,0.7884615384615384
2221.2024018447846,660578.5601363423,0.6213592233009709,0.9444444444444444,0.6274509803921569,0.6153846153846154,39,0.6153846153846154,0.7884615384615384
2221.2024018447846,660578.5601363423,0.6213592233009709,0.9444444444444444,0.6274509803921569,0.6153846153846154,39,0.6153846153846154,0.7884615384615384
2221.2024018447846,660578.5601363423,0.6213592233009709,0.9444444444444444,0.6274509803921569,0.6153846153846154,39,0.6153846153846154,0.7884615384615384
2221.2024018447846,660578.5601363423,0.6213592233009709,0.9444444444444444,0.6274509803921569,0.6153846153846154,39,0.6153846153846154,0.7884615384615384
2221.2024018447846,660578.5601363423,0.6213592233009709,0.9444444444444444,0.6274509803921569,0.6153846153846154,39,0.6153846153846154,0.7884615384615384
2221.2024018447846,660578.5601363423,0.6213592233009709,0.9444444444444444,0.6274509803921569,0.6153846153846154,39,0.6153846153846154,0.7884615384615384
2221.2024018447846,660578.5601363423,0.6213592233009709,0.9444444444444444,0.6274509803921569,0.6153846153846154,39,0.6153846153846154,0.7884615384615384
2221.2024018447846,660578.5601363423,0.6213592233009709,0.9444444444444444,0.6274509803921569,0.6153846153846154,39,0.6153846153846154,0.7884615384615384
2221.2024018447846,660578.5601363423,0.6213592233009709,0.9444444444444444,0.6274509803921569,0.6153846153846154,39,0.6153846153846154,0.7884615384615384
2221.2024018447846,660578.5601363423,0.6213592233009709,0.9444444444444444,0.6274509803921569,0.6153846153846154,39,0.6153846153846154,0.7884615384615384
2221.2024018447846,660578.5601363423,0.6213592233009709,0.9444444444444444,0.6274509803921569,0.6153846153846154,39,0.6153846153846154,0.7884615384615384
2221.2024018447846,660578.5601363423,0.6213592233009709,0.9444444444444444,0.6274509803921569,0.6153846153846154,39,0.6153846153846154,0.7884615384615384
2221.2024018447846,660578.5601363423,0.6213592233009709,0.9444444444444444,0.6274509803921569,0.6153846153846154,39,0.6153846153846154,0.7884615384615384
2221.2024018447846,660578.5601363423,0.6213592233009709,0.9444444444444444,0.6274509803921569,0.6153846153846154,39,0.6153846153846154,0.7884615384615384
2221.2024018447846,660578.5601363423,0.6213592233009709,0.9444444444444444,0.6274509803921569,0.6153846153846154,39,0.6153846153846154,0.7884615384615384
2221.2024018447846,660578.5601363423,0.6213592233009709,0.9444444444444444,0.6274509803921569,0.6153846153846154,39,0.6153846153846154,0.7884615384615384
2221.2024018447846,660578.5601363423,0.6213592233009709,0.9444444444444444,0.6274509803921569,0.6153846153846154,39,0.6153846153846154,0.7884615384615384
2221.2024018447846,660578.5601363423,0.6213592233009709,0.9444444444444444,0.6274509803921569,0.6153846153846154,39,0.6153846153846154,0.7884615384615384
2221.2024018447846,660578.5601363423,0.6213592233009709,0.9444444444444444,0.6274509803921569,0.6153846153846154,39,0.6153846153846154,0.7884615384615384
2221.2024018447846,660578.5601363423,0.6213592233009709,0.9444444444444444,0.6274509803921569,0.6153846153846154,39,0.6153846153846154,0.7884615384615384
2221.2024018447846,660578.5601363423,0.6213592233009709,0.9444444444444444,0.6274509803921569,0.6153846153846154,39,0.6153846153846154,0.7884615384615384
2221.2024018447846,660578.5601363423,0.6213592233009709,0.9444444444444444,0.6274509803921569,0.6153846153846154,39,0.6153846153846154,0.7884615384615384
2221.2024018447846,660578.5601363423,0.6213592233009709,0.9444444444444444,0.6274509803921569,0.6153846153846154,39,0.6153846153846154,0.7884615384615384
2221.2024018447846,660578.5601363423,0.6213592233009709,0.9444444444444444,0.6274509803921569,0.6153846153846154,39,0.6153846153846154,0.7884615384615384
2221.2024018447846,660578.5601363423,0.6213592233009709,0.9444444444444444,0.6274509803921569,0.6153846153846154,39,0.6153846153846154,0.7884615384615384
2221.2024018447846,660578.5601363423,0.6213592233009709,0.9444444444444444,0.6274509803921569,0.6153846153846154,39,0.6153846153846154,0.7884615384615384
2221.2024018447846,660578.5601363423,0.6213592233009709,0.9444444444444444,0.6274509803921569,0.6153846153846154,39,0.6153846153846154,0.7884615384615384
2221.2024018447846,660578.5601363423,0.6213592233009709,0.9444444444444444,0.6274509803921569,0.6153846153846154,39,0.6153846153846154,0.7884615384615384
2221.2024018447846,660578.5601363423,0.6213592233009709,0.9444444444444444,0.6274509803921569,0.6153846153846154,39,0.6153846153846154,0.7884615384615384
2221.2024018447846,660578.5601363423,0.6213592233009709,0.9444444444444444,0.6274509803921569,0.6153846153846154,39,0.6153846153846154,0.7884615384615384
2221.2024018447846,660578.5601363423,0.6213592233009709,0.9444444444444444,0.6274509803921569,0.6153846153846154,39,0.6153846153846154,0.7884615384615384
2221.2024018447846,660578.5601363423,0.6213592233009709,0.9444444444444444,0.6274509803921569,0.6153846153846154,39,0.6153846153846154,0.7884615384615384
2221.2024018447846,660578.5601363423,0.6213592233009709,0.9444444444444444,0.6274509803921569,0.6153846153846154,39,0.6153846153846154,0.7884615384615384
2221.2024018447846,660578.5601363423,0.6213592233009709,0.9444444444444444,0.6274509803921569,0.6153846153846154,39,0.6153846153846154,0.7884615384615384
2221.2024018447846,660578.5601363423,0.6213592233009709,0.9444444444444444,0.6274509803921569,0.6153846153846154,39,0.6153846153846154,0.7884615384615384
2221.2024018447846,660578.5601363423,0.6213592233009709,0.9444444444444444,0.6274509803921569,0.6153846153846154,39,0.6153846153846154,0.7884615384615384
2221.2024018447846,660578.5601363423,0.6213592233009709,0.9444444444444444,0.6274509803921569,0.6153846153846154,39,0.6153846153846154,0.7884615384615384
2221.2024018447846,660578.5601363423,0.6213592233009709,0.9444444444444444,0.6274509803921569,0.6153846153846154,39,0.6153846153846154,0.7884615384615384
2221.2024018447846,660578.5601363423,0.6213592233009709,0.9444444444444444,0.6274509803921569,0.6153846153846154,39,0.6153846153846154,0.7884615384615384
2221.2024018447846,660578.5601363423,0.6213592233009709,0.9444444444444444,0.6274509803921569,0.6153846153846154,39,0.6153846153846154,0.7884615384615384
2221.2024018447846,660578.5601363423,0.6213592233009709,0.9444444444444444,0.6274509803921569,0.6153846153846154,39,0.6153846153846154,0.7884615384615384
2221.2024018447846,660578.5601363423,0.6213592233009709,0.9444444444444444,0.6274509803921569,0.6153846153846154,39,0.6153846153846154,0.7884615384615384
2221.2024018447846,660578.5601363423,0.6213592233009709,0.9444444444444444,0.6274509803921569,0.6153846153846154,39,0.6153846153846154,0.7884615384615384
2221.2024018447846,660578.5601363423,0.6213592233009709,0.9444444444444444,0.6274509803921569,0.6153846153846154,39,0.6153846153846154,0.7884615384615384
2221.2024018447846,660578.5601363423,0.6213592233009709,0.9444444444444444,0.6274509803921569,0.6153846153846154,39,0.6153846153846154,0.7884615384615384
2221.2024018447846,660578.5601363423,0.6213592233009709,0.9444444444444444,0.6274509803921569,0.6153846153846154,39,0.6153846153846154,0.7884615384615384
2221.2024018447846,660578.5601363423,0.6213592233009709,0.9444444444444444,0.6274509803921569,0.6153846153846154,39,0.6153846153846154,0.7884615384615384
2221.2024018447846,660578.5601363423,0.6213592233009709,0.9444444444444444,0.6274509803921569,0.6153846153846154,39,0.6153846153846154,0.7884615384615384
2221.2024018447846,660578.5601363423,0.6213592233009709,0.9444444444444444,0.6274509803921569,0.6153846153846154,39,0.6153846153846154,0.7884615384615384
2221.2024018447846,660578.5601363423,0.6213592233009709,0.9444444444444444,0.6274509803921569,0.6153846153846154,39,0.6153846153846154,0.7884615384615384
2221.2024018447846,660578.5601363423,0.6213592233009709,0.9444444444444444,0.6274509803921569,0.6153846153846154,39,0.6153846153846154,0.7884615384615384
2221.2024018447846,660578.5601363423,0.6213592233009709,0.9444444444444444,0.6274509803921569,0.6153846153846154,39,0.6153846153846154,0.7884615384615384
2221.2024018447846,660578.5601363423,0.6213592233009709,0.9444444444444444,0.6274509803921569,0.6153846153846154,39,0.6153846153846154,0.7884615384615384
2221.2024018447846,660578.5601363423,0.6213592233009709,0.9444444444444444,0.6274509803921569,0.6153846153846154,39,0.6153846153846154,0.7884615384615384
2221.2024018447846,660578.5601363423,0.6213592233009709,0.9444444444444444,0.6274509803921569,0.6153846153846154,39,0.6153846153846154,0.7884615384615384
2221.2024018447846,660578.5601363423,0.6213592233009709,0.9444444444444444,0.6274509803921569,0.6153846153846154,39,0.6153846153846154,0.7884615384615384
2221.2024018447846,660578.5601363423,0.6213592233009709,0.9444444444444444,0.6274509803921569,0.6153846153846154,39,0.6153846153846154,0.7884615384615384
2221.2024018447846,660578.5601363423,0.6213592233009709,0.9444444444444444,0.6274509803921569,0.6153846153846154,39,0.6153846153846154,0.7884615384615384
2221.2024018447846,660578.5601363423,0.6213592233009709,0.9444444444444444,0.6274509803921569,0.6153846153846154,39,0.6153846153846154,0.7884615384615384
2221.2024018447846,660578.5601363423,0.6213592233009709,0.9444444444444444,0.6274509803921569,0.6153846153846154,39,0.6153846153846154,0.7884615384615384
2221.2024018447846,660578.5601363423,0.6213592233009709,0.9444444444444444,0.6274509803921569,0.6153846153846154,39,0.6153846153846154,0.7884615384615384
2221.2024018447846,660578.5601363423,0.6213592233009709,0.9444444444444444,0.6274509803921569,0.6153846153846154,39,0.6153846153846154,0.7884615384615384
2221.2024018447846,660578.5601363423,0.6213592233009709,0.9444444444444444,0.6274509803921569,0.6153846153846154,39,0.6153846153846154,0.7884615384615384
2221.2024018447846,660578.5601363423,0.6213592233009709,0.9444444444444444,0.6274509803921569,0.6153846153846154,39,0.6153846153846154,0.7884615384615384
2221.2024018447846,660578.5601363423,0.6213592233009709,0.9444444444444444,0.6274509803921569,0.6153846153846154,39,0.6153846153846154,0.7884615384615384
2221.2024018447846,660578.5601363423,0.6213592233009709,0.9444444444444444,0.6274509803921569,0.6153846153846154,39,0.6153846153846154,0.7884615384615384
2221.2024018447846,660578.5601363423,0.6213592233009709,0.9444444444444444,0.6274509803921569,0.6153846153846154,39,0.6153846153846154,0.7884615384615384
2221.2024018447846,660578.5601363423,0.6213592233009709,0.9444444444444444,0.6274509803921569,0.6153846153846154,39,0.6153846153846154,0.7884615384615384
2221.2024018447846,660578.5601363423,0.6213592233009709,0.9444444444444444,0.6274509803921569,0.6153846153846154,39,0.6153846153846154,0.7884615384615384
2221.2024018447846,660578.5601363423,0.6213592233009709,0.9444444444444444,0.6274509803921569,0.6153846153846154,39,0.6153846153846154,0.7884615384615384
2221.2024018447846,660578.5601363423,0.6213592233009709,0.9444444444444444,0.6274509803921569,0.6153846153846154,39,0.6153846153846154,0.7884615384615384
2221.2024018447846,660578.5601363423,0.6213592233009709,0.9444444444444444,0.6274509803921569,0.6153846153846154,39,0.6153846153846154,0.7884615384615384
2221.2024018447846,660578.5601363423,0.6213592233009709,0.9444444444444444,0.6274509803921569,0.6153846153846154,39,0.6153846153846154,0.7884615384615384
2221.2024018447846,660578.5601363423,0.6213592233009709,0.9444444444444444,0.6274509803921569,0.6153846153846154,39,0.6153846153846154,0.7884615384615384
2221.2024018447846,660578.5601363423,0.6213592233009709,0.9444444444444444,0.6274509803921569,0.6153846153846154,39,0.6153846153846154,0.7884615384615384
2221.2024018447846,660578.5601363423,0.6213592233009709,0.9444444444444444,0.6274509803921569,0.6153846153846154,39,0.6153846153846154,0.7884615384615384
2221.2024018447846,660578.5601363423,0.6213592233009709,0.9444444444444444,0.6274509803921569,0.6153846153846154,39,0.6153846153846154,0.7884615384615384
2221.2024018447846,660578.5601363423,0.6213592233009709,0.9444444444444444,0.6274509803921569,0.6153846153846154,39,0.6153846153846154,0.7884615384615384
2221.2024018447846,660578.5601363423,0.6213592233009709,0.9444444444444444,0.6274509803921569,0.6153846153846154,39,0.6153846153846154,0.7884615384615384
2221.2024018447846,660578.5601363423,0.6213592233009709,0.9444444444444444,0.6274509803921569,0.6153846153846154,39,0.6153846153846154,0.7884615384615384
2221.2024018447846,660578.5601363423,0.6213592233009709,0.9444444444444444,0.6274509803921569,0.6153846153846154,39,0.6153846153846154,0.7884615384615384
2221.2024018447846,660578.5601363423,0.6213592233009709,0.9444444444444444,0.6274509803921569,0.6153846153846154,39,0.6153846153846154,0.7884615384615384
2221.2024018447846,660578.5601363423,0.6213592233009709,0.9444444444444444,0.6274509803921569,0.6153846153846154,39,0.6153846153846154,0.7884615384615384
2221.2024018447846,660578.5601363423,0.6213592233009709,0.9444444444444444,0.6274509803921569,0.6153846153846154,39,0.6153846153846154,0.7884615384615384
2221.2024018447846,660578.5601363423,0.6213592233009709,0.9444444444444444,0.6274509803921569,0.6153846153846154,39,0.6153846153846154,0.7884615384615384
2221.2024018447846,660578.5601363423,0.6213592233009709,0.9444444444444444,0.6274509803921569,0.6153846153846154,39,0.6153846153846154,0.7884615384615384
2221.2024018447846,660578.5601363423,0.6213592233009709,0.9444444444444444,0.6274509803921569,0.6153846153846154,39,0.6153846153846154,0.7884615384615384
2221.2024018447846,660578.5601363423,0.6213592233009709,0.9444444444444444,0.6274509803921569,0.6153846153846154,39,0.6153846153846154,0.7884615384615384
2221.2024018447846,660578.5601363423,0.6213592233009709,0.9444444444444444,0.6274509803921569,0.6153846153846154,39,0.6153846153846154,0.7884615384615384
2221.2024018447846,660578.5601363423,0.6213592233009709,0.9444444444444444,0.6274509803921569,0.6153846153846154,39,0.6153846153846154,0.7884615384615384
2221.2024018447846,660578.5601363423,0.6213592233009709,0.9444444444444444,0.6274509803921569,0.6153846153846154,39,0.6153846153846154,0.7884615384615384
2221.2024018447846,660578.5601363423,0.6213592233009709,0.9444444444444444,0.6274509803921569,0.6153846153846154,39,0.6153846153846154,0.7884615384615384
2221.2024018447846,660578.5601363423,0.6213592233009709,0.9444444444444444,0.6274509803921569,0.6153846153846154,39,0.6153846153846154,0.7884615384615384
2221.2024018447846,660578.5601363423,0.6213592233009709,0.9444444444444444,0.6274509803921569,0.6153846153846154,39,0.6153846153846154,0.7884615384615384
2221.2024018447846,660578.5601363423,0.6213592233009709,0.9444444444444444,0.6274509803921569,0.6153846153846154,39,0.6153846153846154,0.7884615384615384
2221.2024018447846,660578.5601363423,0.6213592233009709,0.9444444444444444,0.6274509803921569,0.6153846153846154,39,0.6153846153846154,0.7884615384615384
2221.2024018447846,660578.5601363423,0.6213592233009709,0.9444444444444444,0.6274509803921569,0.6153846153846154,39,0.6153846153846154,0.7884615384615384
2221.2024018447846,660578.5601363423,0.6213592233009709,0.9444444444444444,0.6274509803921569,0.6153846153846154,39,0.6153846153846154,0.7884615384615384
2221.2024018447846,660578.5601363423,0.6213592233009709,0.9444444444444444,0.6274509803921569,0.6153846153846154,39,0.6153846153846154,0.7884615384615384
2221.2024018447846,660578.5601363423,0.6213592233009709,0.9444444444444444,0.6274509803921569,0.6153846153846154,39,0.6153846153846154,0.7884615384615384
2221.2024018447846,660578.5601363423,0.6213592233009709,0.9444444444444444,0.6274509803921569,0.6153846153846154,39,0.6153846153846154,0.7884615384615384
2221.2024018447846,660578.5601363423,0.6213592233009709,0.9444444444444444,0.6274509803921569,0.6153846153846154,39,0.6153846153846154,0.7884615384615384
2221.2024018447846,660578.5601363423,0.6213592233009709,0.9444444444444444,0.6274509803921569,0.6153846153846154,39,0.6153846153846154,0.7884615384615384
2221.2024018447846,660578.5601363423,0.6213592233009709,0.9444444444444444,0.6274509803921569,0.6153846153846154,39,0.6153846153846154,0.7884615384615384
2221.2024018447846,660578.5601363423,0.6213592233009709,0.9444444444444444,0.6274509803921569,0.6153846153846154,39,0.6153846153846154,0.7884615384615384
2221.2024018447846,660578.5601363423,0.6213592233009709,0.9444444444444444,0.6274509803921569,0.6153846153846154,39,0.6153846153846154,0.7884615384615384
2221.2024018447846,660578.5601363423,0.6213592233009709,0.9444444444444444,0.6274509803921569,0.6153846153846154,39,0.6153846153846154,0.7884615384615384
2221.2024018447846,660578.5601363423,0.6213592233009709,0.9444444444444444,0.6274509803921569,0.6153846153846154,39,0.6153846153846154,0.7884615384615384
2221.2024018447846,660578.5601363423,0.6213592233009709,0.9444444444444444,0.6274509803921569,0.6153846153846154,39,0.6153846153846154,0.7884615384615384
2221.2024018447846,660578.5601363423,0.6213592233009709,0.9444444444444444,0.6274509803921569,0.6153846153846154,39,0.6153846153846154,0.7884615384615384
2221.2024018447846,660578.5601363423,0.6213592233009709,0.9444444444444444,0.6274509803921569,0.6153846153846154,39,0.6153846153846154,0.7884615384615384
2221.2024018447846,660578.5601363423,0.6213592233009709,0.9444444444444444,0.6274509803921569,0.6153846153846154,39,0.6153846153846154,0.7884615384615384
2221.2024018447846,660578.5601363423,0.6213592233009709,0.9444444444444444,0.6274509803921569,0.6153846153846154,39,0.6153846153846154,0.7884615384615384
2221.2024018447846,660578.5601363423,0.6213592233009709,0.9444444444444444,0.6274509803921569,0.6153846153846154,39,0.6153846153846154,0.7884615384615384
2221.2024018447846,660578.5601363423,0.6213592233009709,0.9444444444444444,0.6274509803921569,0.6153846153846154,39,0.6153846153846154,0.7884615384615384
2221.2024018447846,660578.5601363423,0.6213592233009709,0.9444444444444444,0.6274509803921569,0.6153846153846154,39,0.6153846153846154,0.7884615384615384
2221.2024018447846,660578.5601363423,0.6213592233009709,0.9444444444444444,0.6274509803921569,0.6153846153846154,39,0.6153846153846154,0.7884615384615384
2221.2024018447846,660578.5601363423,0.6213592233009709,0.9444444444444444,0.6274509803921569,0.6153846153846154,39,0.6153846153846154,0.7884615384615384
2221.2024018447846,660578.5601363423,0.6213592233009709,0.9444444444444444,0.6274509803921569,0.6153846153846154,39,0.6153846153846154,0.7884615384615384
2221.2024018447846,660578.5601363423,0.6213592233009709,0.9444444444444444,0.6274509803921569,0.6153846153846154,39,0.6153846153846154,0.7884615384615384
2221.2024018447846,660578.5601363423,0.6213592233009709,0.9444444444444444,0.6274509803921569,0.6153846153846154,39,0.6153846153846154,0.7884615384615384
2221.2024018447846,660578.5601363423,0.6213592233009709,0.9444444444444444,0.6274509803921569,0.6153846153846154,39,0.6153846153846154,0.7884615384615384
2221.2024018447846,660578.5601363423,0.6213592233009709,0.9444444444444444,0.6274509803921569,0.6153846153846154,39,0.6153846153846154,0.7884615384615384
2221.2024018447846,660578.5601363423,0.6213592233009709,0.9444444444444444,0.6274509803921569,0.6153846153846154,39,0.6153846153846154,0.7884615384615384
2221.2024018447846,660578.5601363423,0.6213592233009709,0.9444444444444444,0.6274509803921569,0.6153846153846154,39,0.6153846153846154,0.7884615384615384
2221.2024018447846,660578.5601363423,0.6213592233009709,0.9444444444444444,0.6274509803921569,0.6153846153846154,39,0.6153846153846154,0.7884615384615384
2221.2024018447846,660578.5601363423,0.6213592233009709,0.9444444444444444,0.6274509803921569,0.6153846153846154,39,0.6153846153846154,0.7884615384615384
2221.2024018447846,660578.5601363423,0.6213592233009709,0.9444444444444444,0.6274509803921569,0.6153846153846154,39,0.6153846153846154,0.7884615384615384
2221.2024018447846,660578.5601363423,0.6213592233009709,0.9444444444444444,0.6274509803921569,0.6153846153846154,39,0.6153846153846154,0.7884615384615384
2221.2024018447846,660578.5601363423,0.6213592233009709,0.9444444444444444,0.6274509803921569,0.6153846153846154,39,0.6153846153846154,0.7884615384615384
2221.2024018447846,660578.5601363423,0.6213592233009709,0.9444444444444444,0.6274509803921569,0.6153846153846154,39,0.6153846153846154,0.7884615384615384
2221.2024018447846,660578.5601363423,0.6213592233009709,0.9444444444444444,0.6274509803921569,0.6153846153846154,39,0.6153846153846154,0.7884615384615384
2221.2024018447846,660578.5601363423,0.6213592233009709,0.9444444444444444,0.6274509803921569,0.6153846153846154,39,0.6153846153846154,0.7884615384615384
2221.2024018447846,660578.5601363423,0.6213592233009709,0.9444444444444444,0.6274509803921569,0.6153846153846154,39,0.6153846153846154,0.7884615384615384
2221.2024018447846,660578.5601363423,0.6213592233009709,0.9444444444444444,0.6274509803921569,0.6153846153846154,39,0.6153846153846154,0.7884615384615384
2221.2024018447846,660578.5601363423,0.6213592233009709,0.9444444444444444,0.6274509803921569,0.6153846153846154,39,0.6153846153846154,0.7884615384615384
2221.2024018447846,660578.5601363423,0.6213592233009709,0.9444444444444444,0.6274509803921569,0.6153846153846154,39,0.6153846153846154,0.7884615384615384
2221.2024018447846,660578.5601363423,0.6213592233009709,0.9444444444444444,0.6274509803921569,0.6153846153846154,39,0.6153846153846154,0.7884615384615384
2221.2024018447846,660578.5601363423,0.6213592233009709,0.9444444444444444,0.6274509803921569,0.6153846153846154,39,0.6153846153846154,0.7884615384615384
2221.2024018447846,660578.5601363423,0.6213592233009709,0.9444444444444444,0.6274509803921569,0.6153846153846154,39,0.6153846153846154,0.7884615384615384
2221.2024018447846,660578.5601363423,0.6213592233009709,0.9444444444444444,0.6274509803921569,0.6153846153846154,39,0.6153846153846154,0.7884615384615384
2221.2024018447846,660578.5601363423,0.6213592233009709,0.9444444444444444,0.6274509803921569,0.6153846153846154,39,0.6153846153846154,0.7884615384615384
2221.2024018447846,660578.5601363423,0.6213592233009709,0.9444444444444444,0.6274509803921569,0.6153846153846154,39,0.6153846153846154,0.7884615384615384
2221.2024018447846,660578.5601363423,0.6213592233009709,0.9444444444444444,0.6274509803921569,0.6153846153846154,39,0.6153846153846154,0.7884615384615384
2221.2024018447846,660578.5601363423,0.6213592233009709,0.9444444444444444,0.6274509803921569,0.6153846153846154,39,0.6153846153846154,0.7884615384615384
2221.2024018447846,660578.5601363423,0.6213592233009709,0.9444444444444444,0.6274509803921569,0.6153846153846154,39,0.6153846153846154,0.7884615384615384
2221.2024018447846,660578.5601363423,0.6213592233009709,0.9444444444444444,0.6274509803921569,0.6153846153846154,39,0.6153846153846154,0.7884615384615384
2221.2024018447846,660578.5601363423,0.6213592233009709,0.9444444444444444,0.6274509803921569,0.6153846153846154,39,0.6153846153846154,0.7884615384615384
2221.2024018447846,660578.5601363423,0.6213592233009709,0.9444444444444444,0.6274509803921569,0.6153846153846154,39,0.6153846153846154,0.7884615384615384
2221.2024018447846,660578.5601363423,0.6213592233009709,0.9444444444444444,0.6274509803921569,0.6153846153846154,39,0.6153846153846154,0.7884615384615384
2221.2024018447846,660578.5601363423,0.6213592233009709,0.9444444444444444,0.6274509803921569,0.6153846153846154,39,0.6153846153846154,0.7884615384615384
2221.2024018447846,660578.5601363423,0.6213592233009709,0.9444444444444444,0.6274509803921569,0.6153846153846154,39,0.6153846153846154,0.7884615384615384
2221.2024018447846,660578.5601363423,0.6213592233009709,0.9444444444444444,0.6274509803921569,0.6153846153846154,39,0.6153846153846154,0.7884615384615384
2221.2024018447846,660578.5601363423,0.6213592233009709,0.9444444444444444,0.6274509803921569,0.6153846153846154,39,0.6153846153846154,0.7884615384615384
2221.2024018447846,660578.5601363423,0.6213592233009709,0.9444444444444444,0.6274509803921569,0.6153846153846154,39,0.6153846153846154,0.7884615384615384
2221.2024018447846,660578.5601363423,0.6213592233009709,0.9444444444444444,0.6274509803921569,0.6153846153846154,39,0.6153846153846154,0.7884615384615384
2221.2024018447846,660578.5601363423,0.6213592233009709,0.9444444444444444,0.6274509803921569,0.6153846153846154,39,0.6153846153846154,0.7884615384615384
2221.2024018447846,660578.5601363423,0.6213592233009709,0.9444444444444444,0.6274509803921569,0.6153846153846154,39,0.6153846153846154,0.7884615384615384
2221.2024018447846,660578.5601363423,0.6213592233009709,0.9444444444444444,0.6274509803921569,0.6153846153846154,39,0.6153846153846154,0.7884615384615384
2221.2024018447846,660578.5601363423,0.6213592233009709,0.9444444444444444,0.6274509803921569,0.6153846153846154,39,0.6153846153846154,0.7884615384615384
2221.2024018447846,660578.5601363423,0.6213592233009709,0.9444444444444444,0.6274509803921569,0.6153846153846154,39,0.6153846153846154,0.7884615384615384
2221.2024018447846,660578.5601363423,0.6213592233009709,0.9444444444444444,0.6274509803921569,0.6153846153846154,39,0.6153846153846154,0.7884615384615384
2221.2024018447846,660578.5601363423,0.6213592233009709,0.9444444444444444,0.6274509803921569,0.6153846153846154,39,0.6153846153846154,0.7884615384615384
2221.2024018447846,660578.5601363423,0.6213592233009709,0.9444444444444444,0.6274509803921569,0.6153846153846154,39,0.6153846153846154,0.7884615384615384
2221.2024018447846,660578.5601363423,0.6213592233009709,0.9444444444444444,0.6274509803921569,0.6153846153846154,39,0.6153846153846154,0.7884615384615384
2221.2024018447846,660578.5601363423,0.6213592233009709,0.9444444444444444,0.6274509803921569,0.6153846153846154,39,0.6153846153846154,0.7884615384615384
2221.2024018447846,660578.5601363423,0.6213592233009709,0.9444444444444444,0.6274509803921569,0.6153846153846154,39,0.6153846153846154,0.7884615384615384
2221.2024018447846,660578.5601363423,0.6213592233009709,0.9444444444444444,0.6274509803921569,0.6153846153846154,39,0.6153846153846154,0.7884615384615384
2221.2024018447846,660578.5601363423,0.6213592233009709,0.9444444444444444,0.6274509803921569,0.6153846153846154,39,0.6153846153846154,0.7884615384615384
2221.2024018447846,660578.5601363423,0.6213592233009709,0.9444444444444444,0.6274509803921569,0.6153846153846154,39,0.6153846153846154,0.7884615384615384
2221.2024018447846,660578.5601363423,0.6213592233009709,0.9444444444444444,0.6274509803921569,0.6153846153846154,39,0.6153846153846154,0.7884615384615384
2221.2024018447846,660578.5601363423,0.6213592233009709,0.9444444444444444,0.6274509803921569,0.6153846153846154,39,0.6153846153846154,0.7884615384615384
2221.2024018447846,660578.5601363423,0.6213592233009709,0.9444444444444444,0.6274509803921569,0.6153846153846154,39,0.6153846153846154,0.7884615384615384
2221.2024018447846,660578.5601363423,0.6213592233009709,0.9444444444444444,0.6274509803921569,0.6153846153846154,39,0.6153846153846154,0.7884615384615384
2221.2024018447846,660578.5601363423,0.6213592233009709,0.9444444444444444,0.6274509803921569,0.6153846153846154,39,0.6153846153846154,0.7884615384615384
2221.2024018447846,660578.5601363423,0.6213592233009709,0.9444444444444444,0.6274509803921569,0.6153846153846154,39,0.6153846153846154,0.7884615384615384
2221.2024018447846,660578.5601363423,0.6213592233009709,0.9444444444444444,0.6274509803921569,0.6153846153846154,39,0.6153846153846154,0.7884615384615384
2221.2024018447846,660578.5601363423,0.6213592233009709,0.9444444444444444,0.6274509803921569,0.6153846153846154,39,0.6153846153846154,0.7884615384615384
2221.2024018447846,660578.5601363423,0.6213592233009709,0.9444444444444444,0.6274509803921569,0.6153846153846154,39,0.6153846153846154,0.7884615384615384
2221.2024018447846,660578.5601363423,0.6213592233009709,0.9444444444444444,0.6274509803921569,0.6153846153846154,39,0.6153846153846154,0.7884615384615384
2221.2024018447846,660578.5601363423,0.6213592233009709,0.9444444444444444,0.6274509803921569,0.6153846153846154,39,0.6153846153846154,0.7884615384615384
2221.2024018447846,660578.5601363423,0.6213592233009709,0.9444444444444444,0.6274509803921569,0.6153846153846154,39,0.6153846153846154,0.7884615384615384
2221.2024018447846,660578.5601363423,0.6213592233009709,0.9444444444444444,0.6274509803921569,0.6153846153846154,39,0.6153846153846154,0.7884615384615384
2221.2024018447846,660578.5601363423,0.6213592233009709,0.9444444444444444,0.6274509803921569,0.6153846153846154,39,0.6153846153846154,0.7884615384615384
2221.2024018447846,660578.5601363423,0.6213592233009709,0.9444444444444444,0.6274509803921569,0.6153846153846154,39,0.6153846153846154,0.7884615384615384
2221.2024018447846,660578.5601363423,0.6213592233009709,0.9444444444444444,0.6274509803921569,0.6153846153846154,39,0.6153846153846154,0.7884615384615384
2221.2024018447846,660578.5601363423,0.6213592233009709,0.9444444444444444,0.6274509803921569,0.6153846153846154,39,0.6153846153846154,0.7884615384615384
2221.2024018447846,660578.5601363423,0.6213592233009709,0.9444444444444444,0.6274509803921569,0.6153846153846154,39,0.6153846153846154,0.7884615384615384
2221.2024018447846,660578.5601363423,0.6213592233009709,0.9444444444444444,0.6274509803921569,0.6153846153846154,39,0.6153846153846154,0.7884615384615384
2221.2024018447846,660578.5601363423,0.6213592233009709,0.9444444444444444,0.6274509803921569,0.6153846153846154,39,0.6153846153846154,0.7884615384615384
2221.2024018447846,660578.5601363423,0.6213592233009709,0.9444444444444444,0.6274509803921569,0.6153846153846154,39,0.6153846153846154,0.7884615384615384
2221.2024018447846,660578.5601363423,0.6213592233009709,0.9444444444444444,0.6274509803921569,0.6153846153846154,39,0.6153846153846154,0.7884615384615384
2221.2024018447846,660578.5601363423,0.6213592233009709,0.9444444444444444,0.6274509803921569,0.6153846153846154,39,0.6153846153846154,0.7884615384615384
2221.2024018447846,660578.5601363423,0.6213592233009709,0.9444444444444444,0.6274509803921569,0.6153846153846154,39,0.6153846153846154,0.7884615384615384
2221.2024018447846,660578.5601363423,0.6213592233009709,0.9444444444444444,0.6274509803921569,0.6153846153846154,39,0.6153846153846154,0.7884615384615384
2221.2024018447846,660578.5601363423,0.6213592233009709,0.9444444444444444,0.6274509803921569,0.6153846153846154,39,0.6153846153846154,0.7884615384615384
2221.2024018447846,660578.5601363423,0.6213592233009709,0.9444444444444444,0.6274509803921569,0.6153846153846154,39,0.6153846153846154,0.7884615384615384
2221.2024018447846,660578.5601363423,0.6213592233009709,0.9444444444444444,0.6274509803921569,0.6153846153846154,39,0.6153846153846154,0.7884615384615384
2221.2024018447846,660578.5601363423,0.6213592233009709,0.9444444444444444,0.6274509803921569,0.6153846153846154,39,0.6153846153846154,0.7884615384615384
2221.2024018447846,660578.5601363423,0.6213592233009709,0.9444444444444444,0.6274509803921569,0.6153846153846154,39,0.6153846153846154,0.7884615384615384
2221.2024018447846,660578.5601363423,0.6213592233009709,0.9444444444444444,0.6274509803921569,0.6153846153846154,39,0.6153846153846154,0.7884615384615384
2221.2024018447846,660578.5601363423,0.6213592233009709,0.9444444444444444,0.6274509803921569,0.6153846153846154,39,0.6153846153846154,0.7884615384615384
2221.2024018447846,660578.5601363423,0.6213592233009709,0.9444444444444444,0.6274509803921569,0.6153846153846154,39,0.6153846153846154,0.7884615384615384
2221.2024018447846,660578.5601363423,0.6213592233009709,0.9444444444444444,0.6274509803921569,0.6153846153846154,39,0.6153846153846154,0.7884615384615384
2221.2024018447846,660578.5601363423,0.6213592233009709,0.9444444444444444,0.6274509803921569,0.6153846153846154,39,0.6153846153846154,0.7884615384615384
2221.2024018447846,660578.5601363423,0.6213592233009709,0.9444444444444444,0.6274509803921569,0.6153846153846154,39,0.6153846153846154,0.7884615384615384
2221.2024018447846,660578.5601363423,0.6213592233009709,0.9444444444444444,0.6274509803921569,0.6153846153846154,39,0.6153846153846154,0.7884615384615384
2221.2024018447846,660578.5601363423,0.6213592233009709,0.9444444444444444,0.6274509803921569,0.6153846153846154,39,0.6153846153846154,0.7884615384615384
2221.2024018447846,660578.5601363423,0.6213592233009709,0.9444444444444444,0.6274509803921569,0.6153846153846154,39,0.6153846153846154,0.7884615384615384
2221.2024018447846,660578.5601363423,0.6213592233009709,0.9444444444444444,0.6274509803921569,0.6153846153846154,39,0.6153846153846154,0.7884615384615384
2221.2024018447846,660578.5601363423,0.6213592233009709,0.9444444444444444,0.6274509803921569,0.6153846153846154,39,0.6153846153846154,0.7884615384615384
2221.2024018447846,660578.5601363423,0.6213592233009709,0.9444444444444444,0.6274509803921569,0.6153846153846154,39,0.6153846153846154,0.7884615384615384
2221.2024018447846,660578.5601363423,0.6213592233009709,0.9444444444444444,0.6274509803921569,0.6153846153846154,39,0.6153846153846154,0.7884615384615384
2221.2024018447846,660578.5601363423,0.6213592233009709,0.9444444444444444,0.6274509803921569,0.6153846153846154,39,0.6153846153846154,0.7884615384615384
2221.2024018447846,660578.5601363423,0.6213592233009709,0.9444444444444444,0.6274509803921569,0.6153846153846154,39,0.6153846153846154,0.7884615384615384
2221.2024018447846,660578.5601363423,0.6213592233009709,0.9444444444444444,0.6274509803921569,0.6153846153846154,39,0.6153846153846154,0.7884615384615384
2221.2024018447846,660578.5601363423,0.6213592233009709,0.9444444444444444,0.6274509803921569,0.6153846153846154,39,0.6153846153846154,0.7884615384615384
2221.2024018447846,660578.5601363423,0.6213592233009709,0.9444444444444444,0.6274509803921569,0.6153846153846154,39,0.6153846153846154,0.7884615384615384
2221.2024018447846,660578.5601363423,0.6213592233009709,0.9444444444444444,0.6274509803921569,0.6153846153846154,39,0.6153846153846154,0.7884615384615384
2221.2024018447846,660578.5601363423,0.6213592233009709,0.9444444444444444,0.6274509803921569,0.6153846153846154,39,0.6153846153846154,0.7884615384615384
2221.2024018447846,660578.5601363423,0.6213592233009709,0.9444444444444444,0.6274509803921569,0.6153846153846154,39,0.6153846153846154,0.7884615384615384
2221.2024018447846,660578.5601363423,0.6213592233009709,0.9444444444444444,0.6274509803921569,0.6153846153846154,39,0.6153846153846154,0.7884615384615384
2221.2024018447846,660578.5601363423,0.6213592233009709,0.9444444444444444,0.6274509803921569,0.6153846153846154,39,0.6153846153846154,0.7884615384615384
2221.2024018447846,660578.5601363423,0.6213592233009709,0.9444444444444444,0.6274509803921569,0.6153846153846154,39,0.6153846153846154,0.7884615384615384
2221.2024018447846,660578.5601363423,0.6213592233009709,0.9444444444444444,0.6274509803921569,0.6153846153846154,39,0.6153846153846154,0.7884615384615384
2221.2024018447846,660578.5601363423,0.6213592233009709,0.9444444444444444,0.6274509803921569,0.6153846153846154,39,0.6153846153846154,0.7884615384615384
2221.2024018447846,660578.5601363423,0.6213592233009709,0.9444444444444444,0.6274509803921569,0.6153846153846154,39,0.6153846153846154,0.7884615384615384
2221.2024018447846,660578.5601363423,0.6213592233009709,0.9444444444444444,0.6274509803921569,0.6153846153846154,39,0.6153846153846154,0.7884615384615384
2221.2024018447846,660578.5601363423,0.6213592233009709,0.9444444444444444,0.6274509803921569,0.6153846153846154,39,0.6153846153846154,0.7884615384615384
2221.2024018447846,660578.5601363423,0.6213592233009709,0.9444444444444444,0.6274509803921569,0.6153846153846154,39,0.6153846153846154,0.7884615384615384
2221.2024018447846,660578.5601363423,0.6213592233009709,0.9444444444444444,0.6274509803921569,0.6153846153846154,39,0.6153846153846154,0.7884615384615384
2221.2024018447846,660578.5601363423,0.6213592233009709,0.9444444444444444,0.6274509803921569,0.6153846153846154,39,0.6153846153846154,0.7884615384615384
2221.2024018447846,660578.5601363423,0.6213592233009709,0.9444444444444444,0.6274509803921569,0.6153846153846154,39,0.6153846153846154,0.7884615384615384
2221.2024018447846,660578.5601363423,0.6213592233009709,0.9444444444444444,0.6274509803921569,0.6153846153846154,39,0.6153846153846154,0.7884615384615384
2221.2024018447846,660578.5601363423,0.6213592233009709,0.9444444444444444,0.6274509803921569,0.6153846153846154,39,0.6153846153846154,0.7884615384615384
2221.2024018447846,660578.5601363423,0.6213592233009709,0.9444444444444444,0.6274509803921569,0.6153846153846154,39,0.6153846153846154,0.7884615384615384
2221.2024018447846,660578.5601363423,0.6213592233009709,0.9444444444444444,0.6274509803921569,0.6153846153846154,39,0.6153846153846154,0.7884615384615384
2221.2024018447846,660578.5601363423,0.6213592233009709,0.9444444444444444,0.6274509803921569,0.6153846153846154,39,0.6153846153846154,0.7884615384615384
2221.2024018447846,660578.5601363423,0.6213592233009709,0.9444444444444444,0.6274509803921569,0.6153846153846154,39,0.6153846153846154,0.7884615384615384
2221.2024018447846,660578.5601363423,0.6213592233009709,0.9444444444444444,0.6274509803921569,0.6153846153846154,39,0.6153846153846154,0.7884615384615384
2221.2024018447846,660578.5601363423,0.6213592233009709,0.9444444444444444,0.6274509803921569,0.6153846153846154,39,0.6153846153846154,0.7884615384615384
2221.2024018447846,660578.5601363423,0.6213592233009709,0.9444444444444444,0.6274509803921569,0.6153846153846154,39,0.6153846153846154,0.7884615384615384
2221.2024018447846,660578.5601363423,0.6213592233009709,0.9444444444444444,0.6274509803921569,0.6153846153846154,39,0.6153846153846154,0.7884615384615384
2221.2024018447846,660578.5601363423,0.6213592233009709,0.9444444444444444,0.6274509803921569,0.6153846153846154,39,0.6153846153846154,0.7884615384615384
2221.2024018447846,660578.5601363423,0.6213592233009709,0.9444444444444444,0.6274509803921569,0.6153846153846154,39,0.6153846153846154,0.7884615384615384
2221.2024018447846,660578.5601363423,0.6213592233009709,0.9444444444444444,0.6274509803921569,0.6153846153846154,39,0.6153846153846154,0.7884615384615384
2221.2024018447846,660578.5601363423,0.6213592233009709,0.9444444444444444,0.6274509803921569,0.6153846153846154,39,0.6153846153846154,0.7884615384615384
2221.2024018447846,660578.5601363423,0.6213592233009709,0.9444444444444444,0.6274509803921569,0.6153846153846154,39,0.6153846153846154,0.7884615384615384
2221.2024018447846,660578.5601363423,0.6213592233009709,0.9444444444444444,0.6274509803921569,0.6153846153846154,39,0.6153846153846154,0.7884615384615384
2221.2024018447846,660578.5601363423,0.6213592233009709,0.9444444444444444,0.6274509803921569,0.6153846153846154,39,0.6153846153846154,0.7884615384615384
2221.2024018447846,660578.5601363423,0.6213592233009709,0.9444444444444444,0.6274509803921569,0.6153846153846154,39,0.6153846153846154,0.7884615384615384
2221.2024018447846,660578.5601363423,0.6213592233009709,0.9444444444444444,0.6274509803921569,0.6153846153846154,39,0.6153846153846154,0.7884615384615384
2221.2024018447846,660578.5601363423,0.6213592233009709,0.9444444444444444,0.6274509803921569,0.6153846153846154,39,0.6153846153846154,0.7884615384615384
2221.2024018447846,660578.5601363423,0.6213592233009709,0.9444444444444444,0.6274509803921569,0.6153846153846154,39,0.6153846153846154,0.7884615384615384
2221.2024018447846,660578.5601363423,0.6213592233009709,0.9444444444444444,0.6274509803921569,0.6153846153846154,39,0.6153846153846154,0.7884615384615384
2221.2024018447846,660578.5601363423,0.6213592233009709,0.9444444444444444,0.6274509803921569,0.6153846153846154,39,0.6153846153846154,0.7884615384615384
2221.2024018447846,660578.5601363423,0.6213592233009709,0.9444444444444444,0.6274509803921569,0.6153846153846154,39,0.6153846153846154,0.7884615384615384
2221.2024018447846,660578.5601363423,0.6213592233009709,0.9444444444444444,0.6274509803921569,0.6153846153846154,39,0.6153846153846154,0.7884615384615384
2221.2024018447846,660578.5601363423,0.6213592233009709,0.9444444444444444,0.6274509803921569,0.6153846153846154,39,0.6153846153846154,0.7884615384615384
2221.2024018447846,660578.5601363423,0.6213592233009709,0.9444444444444444,0.6274509803921569,0.6153846153846154,39,0.6153846153846154,0.7884615384615384
2221.2024018447846,660578.5601363423,0.6213592233009709,0.9444444444444444,0.6274509803921569,0.6153846153846154,39,0.6153846153846154,0.7884615384615384
2221.2024018447846,660578.5601363423,0.6213592233009709,0.9444444444444444,0.6274509803921569,0.6153846153846154,39,0.6153846153846154,0.7884615384615384
2221.2024018447846,660578.5601363423,0.6213592233009709,0.9444444444444444,0.6274509803921569,0.6153846153846154,39,0.6153846153846154,0.7884615384615384
2221.2024018447846,660578.5601363423,0.6213592233009709,0.9444444444444444,0.6274509803921569,0.6153846153846154,39,0.6153846153846154,0.7884615384615384
2221.2024018447846,660578.5601363423,0.6213592233009709,0.9444444444444444,0.6274509803921569,0.6153846153846154,39,0.6153846153846154,0.7884615384615384
2221.2024018447846,660578.5601363423,0.6213592233009709,0.9444444444444444,0.6274509803921569,0.6153846153846154,39,0.6153846153846154,0.7884615384615384
2221.2024018447846,660578.5601363423,0.6213592233009709,0.9444444444444444,0.6274509803921569,0.6153846153846154,39,0.6153846153846154,0.7884615384615384
2221.2024018447846,660578.5601363423,0.6213592233009709,0.9444444444444444,0.6274509803921569,0.6153846153846154,39,0.6153846153846154,0.7884615384615384
2221.2024018447846,660578.5601363423,0.6213592233009709,0.9444444444444444,0.6274509803921569,0.6153846153846154,39,0.6153846153846154,0.7884615384615384
2221.2024018447846,660578.5601363423,0.6213592233009709,0.9444444444444444,0.6274509803921569,0.6153846153846154,39,0.6153846153846154,0.7884615384615384
2221.2024018447846,660578.5601363423,0.6213592233009709,0.9444444444444444,0.6274509803921569,0.6153846153846154,39,0.6153846153846154,0.7884615384615384
2221.2024018447846,660578.5601363423,0.6213592233009709,0.9444444444444444,0.6274509803921569,0.6153846153846154,39,0.6153846153846154,0.7884615384615384
2221.2024018447846,660578.5601363423,0.6213592233009709,0.9444444444444444,0.6274509803921569,0.6153846153846154,39,0.6153846153846154,0.7884615384615384
2221.2024018447846,660578.5601363423,0.6213592233009709,0.9444444444444444,0.6274509803921569,0.6153846153846154,39,0.6153846153846154,0.7884615384615384
2221.2024018447846,660578.5601363423,0.6213592233009709,0.9444444444444444,0.6274509803921569,0.6153846153846154,39,0.6153846153846154,0.7884615384615384
2221.2024018447846,660578.5601363423,0.6213592233009709,0.9444444444444444,0.6274509803921569,0.6153846153846154,39,0.6153846153846154,0.7884615384615384
2221.2024018447846,660578.5601363423,0.6213592233009709,0.9444444444444444,0.6274509803921569,0.6153846153846154,39,0.6153846153846154,0.7884615384615384
2221.2024018447846,660578.5601363423,0.6213592233009709,0.9444444444444444,0.6274509803921569,0.6153846153846154,39,0.6153846153846154,0.7884615384615384
2221.2024018447846,660578.5601363423,0.6213592233009709,0.9444444444444444,0.6274509803921569,0.6153846153846154,39,0.6153846153846154,0.7884615384615384
2221.2024018447846,660578.5601363423,0.6213592233009709,0.9444444444444444,0.6274509803921569,0.6153846153846154,39,0.6153846153846154,0.7884615384615384
2221.2024018447846,660578.5601363423,0.6213592233009709,0.9444444444444444,0.6274509803921569,0.6153846153846154,39,0.6153846153846154,0.7884615384615384
2221.2024018447846,660578.5601363423,0.6213592233009709,0.9444444444444444,0.6274509803921569,0.6153846153846154,39,0.6153846153846154,0.7884615384615384
2221.2024018447846,660578.5601363423,0.6213592233009709,0.9444444444444444,0.6274509803921569,0.6153846153846154,39,0.6153846153846154,0.7884615384615384
2221.2024018447846,660578.5601363423,0.6213592233009709,0.9444444444444444,0.6274509803921569,0.6153846153846154,39,0.6153846153846154,0.7884615384615384
2221.2024018447846,660578.5601363423,0.6213592233009709,0.9444444444444444,0.6274509803921569,0.6153846153846154,39,0.6153846153846154,0.7884615384615384
2221.2024018447846,660578.5601363423,0.6213592233009709,0.9444444444444444,0.6274509803921569,0.6153846153846154,39,0.6153846153846154,0.7884615384615384
2221.2024018447846,660578.5601363423,0.6213592233009709,0.9444444444444444,0.6274509803921569,0.6153846153846154,39,0.6153846153846154,0.7884615384615384
2221.2024018447846,660578.5601363423,0.6213592233009709,0.9444444444444444,0.6274509803921569,0.6153846153846154,39,0.6153846153846154,0.7884615384615384
2221.2024018447846,660578.5601363423,0.6213592233009709,0.9444444444444444,0.6274509803921569,0.6153846153846154,39,0.6153846153846154,0.7884615384615384
2221.2024018447846,660578.5601363423,0.6213592233009709,0.9444444444444444,0.6274509803921569,0.6153846153846154,39,0.6153846153846154,0.7884615384615384
2221.2024018447846,660578.5601363423,0.6213592233009709,0.9444444444444444,0.6274509803921569,0.6153846153846154,39,0.6153846153846154,0.7884615384615384
2221.2024018447846,660578.5601363423,0.6213592233009709,0.9444444444444444,0.6274509803921569,0.6153846153846154,39,0.6153846153846154,0.7884615384615384
2221.2024018447846,660578.5601363423,0.6213592233009709,0.9444444444444444,0.6274509803921569,0.6153846153846154,39,0.6153846153846154,0.7884615384615384
2221.2024018447846,660578.5601363423,0.6213592233009709,0.9444444444444444,0.6274509803921569,0.6153846153846154,39,0.6153846153846154,0.7884615384615384
2221.2024018447846,660578.5601363423,0.6213592233009709,0.9444444444444444,0.6274509803921569,0.6153846153846154,39,0.6153846153846154,0.7884615384615384
2221.2024018447846,660578.5601363423,0.6213592233009709,0.9444444444444444,0.6274509803921569,0.6153846153846154,39,0.6153846153846154,0.7884615384615384
2221.2024018447846,660578.5601363423,0.6213592233009709,0.9444444444444444,0.6274509803921569,0.6153846153846154,39,0.6153846153846154,0.7884615384615384
2221.2024018447846,660578.5601363423,0.6213592233009709,0.9444444444444444,0.6274509803921569,0.6153846153846154,39,0.6153846153846154,0.7884615384615384
2221.2024018447846,660578.5601363423,0.6213592233009709,0.9444444444444444,0.6274509803921569,0.6153846153846154,39,0.6153846153846154,0.7884615384615384
2221.2024018447846,660578.5601363423,0.6213592233009709,0.9444444444444444,0.6274509803921569,0.6153846153846154,39,0.6153846153846154,0.7884615384615384
2221.2024018447846,660578.5601363423,0.6213592233009709,0.9444444444444444,0.6274509803921569,0.6153846153846154,39,0.6153846153846154,0.7884615384615384
2221.2024018447846,660578.5601363423,0.6213592233009709,0.9444444444444444,0.6274509803921569,0.6153846153846154,39,0.6153846153846154,0.7884615384615384
2221.2024018447846,660578.5601363423,0.6213592233009709,0.9444444444444444,0.6274509803921569,0.6153846153846154,39,0.6153846153846154,0.7884615384615384
2221.2024018447846,660578.5601363423,0.6213592233009709,0.9444444444444444,0.6274509803921569,0.6153846153846154,39,0.6153846153846154,0.7884615384615384
2221.2024018447846,660578.5601363423,0.6213592233009709,0.9444444444444444,0.6274509803921569,0.6153846153846154,39,0.6153846153846154,0.7884615384615384
2221.2024018447846,660578.5601363423,0.6213592233009709,0.9444444444444444,0.6274509803921569,0.6153846153846154,39,0.6153846153846154,0.7884615384615384
2221.2024018447846,660578.5601363423,0.6213592233009709,0.9444444444444444,0.6274509803921569,0.6153846153846154,39,0.6153846153846154,0.7884615384615384
2221.2024018447846,660578.5601363423,0.6213592233009709,0.9444444444444444,0.6274509803921569,0.6153846153846154,39,0.6153846153846154,0.7884615384615384
2221.2024018447846,660578.5601363423,0.6213592233009709,0.9444444444444444,0.6274509803921569,0.6153846153846154,39,0.6153846153846154,0.7884615384615384
2221.2024018447846,660578.5601363423,0.6213592233009709,0.9444444444444444,0.6274509803921569,0.6153846153846154,39,0.6153846153846154,0.7884615384615384
2221.2024018447846,660578.5601363423,0.6213592233009709,0.9444444444444444,0.6274509803921569,0.6153846153846154,39,0.6153846153846154,0.7884615384615384
2221.2024018447846,660578.5601363423,0.6213592233009709,0.9444444444444444,0.6274509803921569,0.6153846153846154,39,0.6153846153846154,0.7884615384615384
2221.2024018447846,660578.5601363423,0.6213592233009709,0.9444444444444444,0.6274509803921569,0.6153846153846154,39,0.6153846153846154,0.7884615384615384
2221.2024018447846,660578.5601363423,0.6213592233009709,0.9444444444444444,0.6274509803921569,0.6153846153846154,39,0.6153846153846154,0.7884615384615384
2221.2024018447846,660578.5601363423,0.6213592233009709,0.9444444444444444,0.6274509803921569,0.6153846153846154,39,0.6153846153846154,0.7884615384615384
2221.2024018447846,660578.5601363423,0.6213592233009709,0.9444444444444444,0.6274509803921569,0.6153846153846154,39,0.6153846153846154,0.7884615384615384
2221.2024018447846,660578.5601363423,0.6213592233009709,0.9444444444444444,0.6274509803921569,0.6153846153846154,39,0.6153846153846154,0.7884615384615384
2221.2024018447846,660578.5601363423,0.6213592233009709,0.9444444444444444,0.6274509803921569,0.6153846153846154,39,0.6153846153846154,0.7884615384615384
2221.2024018447846,660578.5601363423,0.6213592233009709,0.9444444444444444,0.6274509803921569,0.6153846153846154,39,0.6153846153846154,0.7884615384615384
2221.2024018447846,660578.5601363423,0.6213592233009709,0.9444444444444444,0.6274509803921569,0.6153846153846154,39,0.6153846153846154,0.7884615384615384
2221.2024018447846,660578.5601363423,0.6213592233009709,0.9444444444444444,0.6274509803921569,0.6153846153846154,39,0.6153846153846154,0.7884615384615384
2221.2024018447846,660578.5601363423,0.6213592233009709,0.9444444444444444,0.6274509803921569,0.6153846153846154,39,0.6153846153846154,0.7884615384615384
2221.2024018447846,660578.5601363423,0.6213592233009709,0.9444444444444444,0.6274509803921569,0.6153846153846154,39,0.6153846153846154,0.7884615384615384
2221.2024018447846,660578.5601363423,0.6213592233009709,0.9444444444444444,0.6274509803921569,0.6153846153846154,39,0.6153846153846154,0.7884615384615384
2221.2024018447846,660578.5601363423,0.6213592233009709,0.9444444444444444,0.6274509803921569,0.6153846153846154,39,0.6153846153846154,0.7884615384615384
2221.2024018447846,660578.5601363423,0.6213592233009709,0.9444444444444444,0.6274509803921569,0.6153846153846154,39,0.6153846153846154,0.7884615384615384
2221.2024018447846,660578.5601363423,0.6213592233009709,0.9444444444444444,0.6274509803921569,0.6153846153846154,39,0.6153846153846154,0.7884615384615384
2221.2024018447846,660578.5601363423,0.6213592233009709,0.9444444444444444,0.6274509803921569,0.6153846153846154,39,0.6153846153846154,0.7884615384615384
2221.2024018447846,660578.5601363423,0.6213592233009709,0.9444444444444444,0.6274509803921569,0.6153846153846154,39,0.6153846153846154,0.7884615384615384
2221.2024018447846,660578.5601363423,0.6213592233009709,0.9444444444444444,0.6274509803921569,0.6153846153846154,39,0.6153846153846154,0.7884615384615384
2221.2024018447846,660578.5601363423,0.6213592233009709,0.9444444444444444,0.6274509803921569,0.6153846153846154,39,0.6153846153846154,0.7884615384615384
2221.2024018447846,660578.5601363423,0.6213592233009709,0.9444444444444444,0.6274509803921569,0.6153846153846154,39,0.6153846153846154,0.7884615384615384
2221.2024018447846,660578.5601363423,0.6213592233009709,0.9444444444444444,0.6274509803921569,0.6153846153846154,39,0.6153846153846154,0.7884615384615384
2221.2024018447846,660578.5601363423,0.6213592233009709,0.9444444444444444,0.6274509803921569,0.6153846153846154,39,0.6153846153846154,0.7884615384615384
2221.2024018447846,660578.5601363423,0.6213592233009709,0.9444444444444444,0.6274509803921569,0.6153846153846154,39,0.6153846153846154,0.7884615384615384
2221.2024018447846,660578.5601363423,0.6213592233009709,0.9444444444444444,0.6274509803921569,0.6153846153846154,39,0.6153846153846154,0.7884615384615384
2221.2024018447846,660578.5601363423,0.6213592233009709,0.9444444444444444,0.6274509803921569,0.6153846153846154,39,0.6153846153846154,0.7884615384615384
2221.2024018447846,660578.5601363423,0.6213592233009709,0.9444444444444444,0.6274509803921569,0.6153846153846154,39,0.6153846153846154,0.7884615384615384
2221.2024018447846,660578.5601363423,0.6213592233009709,0.9444444444444444,0.6274509803921569,0.6153846153846154,39,0.6153846153846154,0.7884615384615384
2221.2024018447846,660578.5601363423,0.6213592233009709,0.9444444444444444,0.6274509803921569,0.6153846153846154,39,0.6153846153846154,0.7884615384615384
2221.2024018447846,660578.5601363423,0.6213592233009709,0.9444444444444444,0.6274509803921569,0.6153846153846154,39,0.6153846153846154,0.7884615384615384
2221.2024018447846,660578.5601363423,0.6213592233009709,0.9444444444444444,0.6274509803921569,0.6153846153846154,39,0.6153846153846154,0.7884615384615384
2221.2024018447846,660578.5601363423,0.6213592233009709,0.9444444444444444,0.6274509803921569,0.6153846153846154,39,0.6153846153846154,0.7884615384615384
2221.2024018447846,660578.5601363423,0.6213592233009709,0.9444444444444444,0.6274509803921569,0.6153846153846154,39,0.6153846153846154,0.7884615384615384
2221.2024018447846,660578.5601363423,0.6213592233009709,0.9444444444444444,0.6274509803921569,0.6153846153846154,39,0.6153846153846154,0.7884615384615384
2221.2024018447846,660578.5601363423,0.6213592233009709,0.9444444444444444,0.6274509803921569,0.6153846153846154,39,0.6153846153846154,0.7884615384615384
2221.2024018447846,660578.5601363423,0.6213592233009709,0.9444444444444444,0.6274509803921569,0.6153846153846154,39,0.6153846153846154,0.7884615384615384
2221.2024018447846,660578.5601363423,0.6213592233009709,0.9444444444444444,0.6274509803921569,0.6153846153846154,39,0.6153846153846154,0.7884615384615384
2221.2024018447846,660578.5601363423,0.6213592233009709,0.9444444444444444,0.6274509803921569,0.6153846153846154,39,0.6153846153846154,0.7884615384615384
2221.2024018447846,660578.5601363423,0.6213592233009709,0.9444444444444444,0.6274509803921569,0.6153846153846154,39,0.6153846153846154,0.7884615384615384
2221.2024018447846,660578.5601363423,0.6213592233009709,0.9444444444444444,0.6274509803921569,0.6153846153846154,39,0.6153846153846154,0.7884615384615384
2221.2024018447846,660578.5601363423,0.6213592233009709,0.9444444444444444,0.6274509803921569,0.6153846153846154,39,0.6153846153846154,0.7884615384615384
2221.2024018447846,660578.5601363423,0.6213592233009709,0.9444444444444444,0.6274509803921569,0.6153846153846154,39,0.6153846153846154,0.7884615384615384
2221.2024018447846,660578.5601363423,0.6213592233009709,0.9444444444444444,0.6274509803921569,0.6153846153846154,39,0.6153846153846154,0.7884615384615384
2221.2024018447846,660578.5601363423,0.6213592233009709,0.9444444444444444,0.6274509803921569,0.6153846153846154,39,0.6153846153846154,0.7884615384615384
2221.2024018447846,660578.5601363423,0.6213592233009709,0.9444444444444444,0.6274509803921569,0.6153846153846154,39,0.6153846153846154,0.7884615384615384
2221.2024018447846,660578.5601363423,0.6213592233009709,0.9444444444444444,0.6274509803921569,0.6153846153846154,39,0.6153846153846154,0.7884615384615384
2221.2024018447846,660578.5601363423,0.6213592233009709,0.9444444444444444,0.6274509803921569,0.6153846153846154,39,0.6153846153846154,0.7884615384615384
2221.2024018447846,660578.5601363423,0.6213592233009709,0.9444444444444444,0.6274509803921569,0.6153846153846154,39,0.6153846153846154,0.7884615384615384
2221.2024018447846,660578.5601363423,0.6213592233009709,0.9444444444444444,0.6274509803921569,0.6153846153846154,39,0.6153846153846154,0.7884615384615384
2221.2024018447846,660578.5601363423,0.6213592233009709,0.9444444444444444,0.6274509803921569,0.6153846153846154,39,0.6153846153846154,0.7884615384615384
2221.2024018447846,660578.5601363423,0.6213592233009709,0.9444444444444444,0.6274509803921569,0.6153846153846154,39,0.6153846153846154,0.7884615384615384
2221.2024018447846,660578.5601363423,0.6213592233009709,0.9444444444444444,0.6274509803921569,0.6153846153846154,39,0.6153846153846154,0.7884615384615384
2221.2024018447846,660578.5601363423,0.6213592233009709,0.9444444444444444,0.6274509803921569,0.6153846153846154,39,0.6153846153846154,0.7884615384615384
2221.2024018447846,660578.5601363423,0.6213592233009709,0.9444444444444444,0.6274509803921569,0.6153846153846154,39,0.6153846153846154,0.7884615384615384
2221.2024018447846,660578.5601363423,0.6213592233009709,0.9444444444444444,0.6274509803921569,0.6153846153846154,39,0.6153846153846154,0.7884615384615384
2221.2024018447846,660578.5601363423,0.6213592233009709,0.9444444444444444,0.6274509803921569,0.6153846153846154,39,0.6153846153846154,0.7884615384615384
2221.2024018447846,660578.5601363423,0.6213592233009709,0.9444444444444444,0.6274509803921569,0.6153846153846154,39,0.6153846153846154,0.7884615384615384
2221.2024018447846,660578.5601363423,0.6213592233009709,0.9444444444444444,0.6274509803921569,0.6153846153846154,39,0.6153846153846154,0.7884615384615384
2221.2024018447846,660578.5601363423,0.6213592233009709,0.9444444444444444,0.6274509803921569,0.6153846153846154,39,0.6153846153846154,0.7884615384615384
2221.2024018447846,660578.5601363423,0.6213592233009709,0.9444444444444444,0.6274509803921569,0.6153846153846154,39,0.6153846153846154,0.7884615384615384
2221.2024018447846,660578.5601363423,0.6213592233009709,0.9444444444444444,0.6274509803921569,0.6153846153846154,39,0.6153846153846154,0.7884615384615384
2221.2024018447846,660578.5601363423,0.6213592233009709,0.9444444444444444,0.6274509803921569,0.6153846153846154,39,0.6153846153846154,0.7884615384615384
2221.2024018447846,660578.5601363423,0.6213592233009709,0.9444444444444444,0.6274509803921569,0.6153846153846154,39,0.6153846153846154,0.7884615384615384
2221.2024018447846,660578.5601363423,0.6213592233009709,0.9444444444444444,0.6274509803921569,0.6153846153846154,39,0.6153846153846154,0.7884615384615384
2221.2024018447846,660578.5601363423,0.6213592233009709,0.9444444444444444,0.6274509803921569,0.6153846153846154,39,0.6153846153846154,0.7884615384615384
2221.2024018447846,660578.5601363423,0.6213592233009709,0.9444444444444444,0.6274509803921569,0.6153846153846154,39,0.6153846153846154,0.7884615384615384
2221.2024018447846,660578.5601363423,0.6213592233009709,0.9444444444444444,0.6274509803921569,0.6153846153846154,39,0.6153846153846154,0.7884615384615384
2221.2024018447846,660578.5601363423,0.6213592233009709,0.9444444444444444,0.6274509803921569,0.6153846153846154,39,0.6153846153846154,0.7884615384615384
2221.2024018447846,660578.5601363423,0.6213592233009709,0.9444444444444444,0.6274509803921569,0.6153846153846154,39,0.6153846153846154,0.7884615384615384
2221.2024018447846,660578.5601363423,0.6213592233009709,0.9444444444444444,0.6274509803921569,0.6153846153846154,39,0.6153846153846154,0.7884615384615384
2221.2024018447846,660578.5601363423,0.6213592233009709,0.9444444444444444,0.6274509803921569,0.6153846153846154,39,0.6153846153846154,0.7884615384615384
2221.2024018447846,660578.5601363423,0.6213592233009709,0.9444444444444444,0.6274509803921569,0.6153846153846154,39,0.6153846153846154,0.7884615384615384
2221.2024018447846,660578.5601363423,0.6213592233009709,0.9444444444444444,0.6274509803921569,0.6153846153846154,39,0.6153846153846154,0.7884615384615384
2221.2024018447846,660578.5601363423,0.6213592233009709,0.9444444444444444,0.6274509803921569,0.6153846153846154,39,0.6153846153846154,0.7884615384615384
2221.2024018447846,660578.5601363423,0.6213592233009709,0.9444444444444444,0.6274509803921569,0.6153846153846154,39,0.6153846153846154,0.7884615384615384
2221.2024018447846,660578.5601363423,0.6213592233009709,0.9444444444444444,0.6274509803921569,0.6153846153846154,39,0.6153846153846154,0.7884615384615384
2221.2024018447846,660578.5601363423,0.6213592233009709,0.9444444444444444,0.6274509803921569,0.6153846153846154,39,0.6153846153846154,0.7884615384615384
2221.2024018447846,660578.5601363423,0.6213592233009709,0.9444444444444444,0.6274509803921569,0.6153846153846154,39,0.6153846153846154,0.7884615384615384
2221.2024018447846,660578.5601363423,0.6213592233009709,0.9444444444444444,0.6274509803921569,0.6153846153846154,39,0.6153846153846154,0.7884615384615384
2221.2024018447846,660578.5601363423,0.6213592233009709,0.9444444444444444,0.6274509803921569,0.6153846153846154,39,0.6153846153846154,0.7884615384615384
2221.2024018447846,660578.5601363423,0.6213592233009709,0.9444444444444444,0.6274509803921569,0.6153846153846154,39,0.6153846153846154,0.7884615384615384
2221.2024018447846,660578.5601363423,0.6213592233009709,0.9444444444444444,0.6274509803921569,0.6153846153846154,39,0.6153846153846154,0.7884615384615384
2221.2024018447846,660578.5601363423,0.6213592233009709,0.9444444444444444,0.6274509803921569,0.6153846153846154,39,0.6153846153846154,0.7884615384615384
2221.2024018447846,660578.5601363423,0.6213592233009709,0.9444444444444444,0.6274509803921569,0.6153846153846154,39,0.6153846153846154,0.7884615384615384
2221.2024018447846,660578.5601363423,0.6213592233009709,0.9444444444444444,0.6274509803921569,0.6153846153846154,39,0.6153846153846154,0.7884615384615384
2221.2024018447846,660578.5601363423,0.6213592233009709,0.9444444444444444,0.6274509803921569,0.6153846153846154,39,0.6153846153846154,0.7884615384615384
2221.2024018447846,660578.5601363423,0.6213592233009709,0.9444444444444444,0.6274509803921569,0.6153846153846154,39,0.6153846153846154,0.7884615384615384
2221.2024018447846,660578.5601363423,0.6213592233009709,0.9444444444444444,0.6274509803921569,0.6153846153846154,39,0.6153846153846154,0.7884615384615384
2221.2024018447846,660578.5601363423,0.6213592233009709,0.9444444444444444,0.6274509803921569,0.6153846153846154,39,0.6153846153846154,0.7884615384615384
2221.2024018447846,660578.5601363423,0.6213592233009709,0.9444444444444444,0.6274509803921569,0.6153846153846154,39,0.6153846153846154,0.7884615384615384
2221.2024018447846,660578.5601363423,0.6213592233009709,0.9444444444444444,0.6274509803921569,0.6153846153846154,39,0.6153846153846154,0.7884615384615384
2221.2024018447846,660578.5601363423,0.6213592233009709,0.9444444444444444,0.6274509803921569,0.6153846153846154,39,0.6153846153846154,0.7884615384615384
2221.2024018447846,660578.5601363423,0.6213592233009709,0.9444444444444444,0.6274509803921569,0.6153846153846154,39,0.6153846153846154,0.7884615384615384
2221.2024018447846,660578.5601363423,0.6213592233009709,0.9444444444444444,0.6274509803921569,0.6153846153846154,39,0.6153846153846154,0.7884615384615384
2221.2024018447846,660578.5601363423,0.6213592233009709,0.9444444444444444,0.6274509803921569,0.6153846153846154,39,0.6153846153846154,0.7884615384615384
2221.2024018447846,660578.5601363423,0.6213592233009709,0.9444444444444444,0.6274509803921569,0.6153846153846154,39,0.6153846153846154,0.7884615384615384
2221.2024018447846,660578.5601363423,0.6213592233009709,0.9444444444444444,0.6274509803921569,0.6153846153846154,39,0.6153846153846154,0.7884615384615384
2221.2024018447846,660578.5601363423,0.6213592233009709,0.9444444444444444,0.6274509803921569,0.6153846153846154,39,0.6153846153846154,0.7884615384615384
2221.2024018447846,660578.5601363423,0.6213592233009709,0.9444444444444444,0.6274509803921569,0.6153846153846154,39,0.6153846153846154,0.7884615384615384
2221.2024018447846,660578.5601363423,0.6213592233009709,0.9444444444444444,0.6274509803921569,0.6153846153846154,39,0.6153846153846154,0.7884615384615384
2221.2024018447846,660578.5601363423,0.6213592233009709,0.9444444444444444,0.6274509803921569,0.6153846153846154,39,0.6153846153846154,0.7884615384615384
2221.2024018447846,660578.5601363423,0.6213592233009709,0.9444444444444444,0.6274509803921569,0.6153846153846154,39,0.6153846153846154,0.7884615384615384
2221.2024018447846,660578.5601363423,0.6213592233009709,0.9444444444444444,0.6274509803921569,0.6153846153846154,39,0.6153846153846154,0.7884615384615384
2221.2024018447846,660578.5601363423,0.6213592233009709,0.9444444444444444,0.6274509803921569,0.6153846153846154,39,0.6153846153846154,0.7884615384615384
2221.2024018447846,660578.5601363423,0.6213592233009709,0.9444444444444444,0.6274509803921569,0.6153846153846154,39,0.6153846153846154,0.7884615384615384
2221.2024018447846,660578.5601363423,0.6213592233009709,0.9444444444444444,0.6274509803921569,0.6153846153846154,39,0.6153846153846154,0.7884615384615384
2221.2024018447846,660578.5601363423,0.6213592233009709,0.9444444444444444,0.6274509803921569,0.6153846153846154,39,0.6153846153846154,0.7884615384615384
2221.2024018447846,660578.5601363423,0.6213592233009709,0.9444444444444444,0.6274509803921569,0.6153846153846154,39,0.6153846153846154,0.7884615384615384
2221.2024018447846,660578.5601363423,0.6213592233009709,0.9444444444444444,0.6274509803921569,0.6153846153846154,39,0.6153846153846154,0.7884615384615384
2221.2024018447846,660578.5601363423,0.6213592233009709,0.9444444444444444,0.6274509803921569,0.6153846153846154,39,0.6153846153846154,0.7884615384615384
2221.2024018447846,660578.5601363423,0.6213592233009709,0.9444444444444444,0.6274509803921569,0.6153846153846154,39,0.6153846153846154,0.7884615384615384
2221.2024018447846,660578.5601363423,0.6213592233009709,0.9444444444444444,0.6274509803921569,0.6153846153846154,39,0.6153846153846154,0.7884615384615384
2221.2024018447846,660578.5601363423,0.6213592233009709,0.9444444444444444,0.6274509803921569,0.6153846153846154,39,0.6153846153846154,0.7884615384615384
2221.2024018447846,660578.5601363423,0.6213592233009709,0.9444444444444444,0.6274509803921569,0.6153846153846154,39,0.6153846153846154,0.7884615384615384
2221.2024018447846,660578.5601363423,0.6213592233009709,0.9444444444444444,0.6274509803921569,0.6153846153846154,39,0.6153846153846154,0.7884615384615384
2221.2024018447846,660578.5601363423,0.6213592233009709,0.9444444444444444,0.6274509803921569,0.6153846153846154,39,0.6153846153846154,0.7884615384615384
2221.2024018447846,660578.5601363423,0.6213592233009709,0.9444444444444444,0.6274509803921569,0.6153846153846154,39,0.6153846153846154,0.7884615384615384
2221.2024018447846,660578.5601363423,0.6213592233009709,0.9444444444444444,0.6274509803921569,0.6153846153846154,39,0.6153846153846154,0.7884615384615384
2221.2024018447846,660578.5601363423,0.6213592233009709,0.9444444444444444,0.6274509803921569,0.6153846153846154,39,0.6153846153846154,0.7884615384615384
2221.2024018447846,660578.5601363423,0.6213592233009709,0.9444444444444444,0.6274509803921569,0.6153846153846154,39,0.6153846153846154,0.7884615384615384
2221.2024018447846,660578.5601363423,0.6213592233009709,0.9444444444444444,0.6274509803921569,0.6153846153846154,39,0.6153846153846154,0.7884615384615384
2221.2024018447846,660578.5601363423,0.6213592233009709,0.9444444444444444,0.6274509803921569,0.6153846153846154,39,0.6153846153846154,0.7884615384615384
2221.2024018447846,660578.5601363423,0.6213592233009709,0.9444444444444444,0.6274509803921569,0.6153846153846154,39,0.6153846153846154,0.7884615384615384
2221.2024018447846,660578.5601363423,0.6213592233009709,0.9444444444444444,0.6274509803921569,0.6153846153846154,39,0.6153846153846154,0.7884615384615384
2221.2024018447846,660578.5601363423,0.6213592233009709,0.9444444444444444,0.6274509803921569,0.6153846153846154,39,0.6153846153846154,0.7884615384615384
2221.2024018447846,660578.5601363423,0.6213592233009709,0.9444444444444444,0.6274509803921569,0.6153846153846154,39,0.6153846153846154,0.7884615384615384
2221.2024018447846,660578.5601363423,0.6213592233009709,0.9444444444444444,0.6274509803921569,0.6153846153846154,39,0.6153846153846154,0.7884615384615384
2221.2024018447846,660578.5601363423,0.6213592233009709,0.9444444444444444,0.6274509803921569,0.6153846153846154,39,0.6153846153846154,0.7884615384615384
2221.2024018447846,660578.5601363423,0.6213592233009709,0.9444444444444444,0.6274509803921569,0.6153846153846154,39,0.6153846153846154,0.7884615384615384
2221.2024018447846,660578.5601363423,0.6213592233009709,0.9444444444444444,0.6274509803921569,0.6153846153846154,39,0.6153846153846154,0.7884615384615384
2221.2024018447846,660578.5601363423,0.6213592233009709,0.9444444444444444,0.6274509803921569,0.6153846153846154,39,0.6153846153846154,0.7884615384615384
2221.2024018447846,660578.5601363423,0.6213592233009709,0.9444444444444444,0.6274509803921569,0.6153846153846154,39,0.6153846153846154,0.7884615384615384
2221.2024018447846,660578.5601363423,0.6213592233009709,0.9444444444444444,0.6274509803921569,0.6153846153846154,39,0.6153846153846154,0.7884615384615384
2221.2024018447846,660578.5601363423,0.6213592233009709,0.9444444444444444,0.6274509803921569,0.6153846153846154,39,0.6153846153846154,0.7884615384615384
2221.2024018447846,660578.5601363423,0.6213592233009709,0.9444444444444444,0.6274509803921569,0.6153846153846154,39,0.6153846153846154,0.7884615384615384
2221.2024018447846,660578.5601363423,0.6213592233009709,0.9444444444444444,0.6274509803921569,0.6153846153846154,39,0.6153846153846154,0.7884615384615384
2221.2024018447846,660578.5601363423,0.6213592233009709,0.9444444444444444,0.6274509803921569,0.6153846153846154,39,0.6153846153846154,0.7884615384615384
2221.2024018447846,660578.5601363423,0.6213592233009709,0.9444444444444444,0.6274509803921569,0.6153846153846154,39,0.6153846153846154,0.7884615384615384
2221.2024018447846,660578.5601363423,0.6213592233009709,0.9444444444444444,0.6274509803921569,0.6153846153846154,39,0.6153846153846154,0.7884615384615384
2221.2024018447846,660578.5601363423,0.6213592233009709,0.9444444444444444,0.6274509803921569,0.6153846153846154,39,0.6153846153846154,0.7884615384615384
2221.2024018447846,660578.5601363423,0.6213592233009709,0.9444444444444444,0.6274509803921569,0.6153846153846154,39,0.6153846153846154,0.7884615384615384
2221.2024018447846,660578.5601363423,0.6213592233009709,0.9444444444444444,0.6274509803921569,0.6153846153846154,39,0.6153846153846154,0.7884615384615384
2221.2024018447846,660578.5601363423,0.6213592233009709,0.9444444444444444,0.6274509803921569,0.6153846153846154,39,0.6153846153846154,0.7884615384615384
2221.2024018447846,660578.5601363423,0.6213592233009709,0.9444444444444444,0.6274509803921569,0.6153846153846154,39,0.6153846153846154,0.7884615384615384
2221.2024018447846,660578.5601363423,0.6213592233009709,0.9444444444444444,0.6274509803921569,0.6153846153846154,39,0.6153846153846154,0.7884615384615384
2221.2024018447846,660578.5601363423,0.6213592233009709,0.9444444444444444,0.6274509803921569,0.6153846153846154,39,0.6153846153846154,0.7884615384615384
2221.2024018447846,660578.5601363423,0.6213592233009709,0.9444444444444444,0.6274509803921569,0.6153846153846154,39,0.6153846153846154,0.7884615384615384
2221.2024018447846,660578.5601363423,0.6213592233009709,0.9444444444444444,0.6274509803921569,0.6153846153846154,39,0.6153846153846154,0.7884615384615384
2221.2024018447846,660578.5601363423,0.6213592233009709,0.9444444444444444,0.6274509803921569,0.6153846153846154,39,0.6153846153846154,0.7884615384615384
2221.2024018447846,660578.5601363423,0.6213592233009709,0.9444444444444444,0.6274509803921569,0.6153846153846154,39,0.6153846153846154,0.7884615384615384
2221.2024018447846,660578.5601363423,0.6213592233009709,0.9444444444444444,0.6274509803921569,0.6153846153846154,39,0.6153846153846154,0.7884615384615384
2221.2024018447846,660578.5601363423,0.6213592233009709,0.9444444444444444,0.6274509803921569,0.6153846153846154,39,0.6153846153846154,0.7884615384615384
2221.2024018447846,660578.5601363423,0.6213592233009709,0.9444444444444444,0.6274509803921569,0.6153846153846154,39,0.6153846153846154,0.7884615384615384
2221.2024018447846,660578.5601363423,0.6213592233009709,0.9444444444444444,0.6274509803921569,0.6153846153846154,39,0.6153846153846154,0.7884615384615384
2221.2024018447846,660578.5601363423,0.6213592233009709,0.9444444444444444,0.6274509803921569,0.6153846153846154,39,0.6153846153846154,0.7884615384615384
2221.2024018447846,660578.5601363423,0.6213592233009709,0.9444444444444444,0.6274509803921569,0.6153846153846154,39,0.6153846153846154,0.7884615384615384
2221.2024018447846,660578.5601363423,0.6213592233009709,0.9444444444444444,0.6274509803921569,0.6153846153846154,39,0.6153846153846154,0.7884615384615384
2221.2024018447846,660578.5601363423,0.6213592233009709,0.9444444444444444,0.6274509803921569,0.6153846153846154,39,0.6153846153846154,0.7884615384615384
2221.2024018447846,660578.5601363423,0.6213592233009709,0.9444444444444444,0.6274509803921569,0.6153846153846154,39,0.6153846153846154,0.7884615384615384
2221.2024018447846,660578.5601363423,0.6213592233009709,0.9444444444444444,0.6274509803921569,0.6153846153846154,39,0.6153846153846154,0.7884615384615384
2221.2024018447846,660578.5601363423,0.6213592233009709,0.9444444444444444,0.6274509803921569,0.6153846153846154,39,0.6153846153846154,0.7884615384615384
2221.2024018447846,660578.5601363423,0.6213592233009709,0.9444444444444444,0.6274509803921569,0.6153846153846154,39,0.6153846153846154,0.7884615384615384
2221.2024018447846,660578.5601363423,0.6213592233009709,0.9444444444444444,0.6274509803921569,0.6153846153846154,39,0.6153846153846154,0.7884615384615384
2221.2024018447846,660578.5601363423,0.6213592233009709,0.9444444444444444,0.6274509803921569,0.6153846153846154,39,0.6153846153846154,0.7884615384615384
2221.2024018447846,660578.5601363423,0.6213592233009709,0.9444444444444444,0.6274509803921569,0.6153846153846154,39,0.6153846153846154,0.7884615384615384
2221.2024018447846,660578.5601363423,0.6213592233009709,0.9444444444444444,0.6274509803921569,0.6153846153846154,39,0.6153846153846154,0.7884615384615384
2221.2024018447846,660578.5601363423,0.6213592233009709,0.9444444444444444,0.6274509803921569,0.6153846153846154,39,0.6153846153846154,0.7884615384615384
2221.2024018447846,660578.5601363423,0.6213592233009709,0.9444444444444444,0.6274509803921569,0.6153846153846154,39,0.6153846153846154,0.7884615384615384
2221.2024018447846,660578.5601363423,0.6213592233009709,0.9444444444444444,0.6274509803921569,0.6153846153846154,39,0.6153846153846154,0.7884615384615384
2221.2024018447846,660578.5601363423,0.6213592233009709,0.9444444444444444,0.6274509803921569,0.6153846153846154,39,0.6153846153846154,0.7884615384615384
2221.2024018447846,660578.5601363423,0.6213592233009709,0.9444444444444444,0.6274509803921569,0.6153846153846154,39,0.6153846153846154,0.7884615384615384
2221.2024018447846,660578.5601363423,0.6213592233009709,0.9444444444444444,0.6274509803921569,0.6153846153846154,39,0.6153846153846154,0.7884615384615384
2221.2024018447846,660578.5601363423,0.6213592233009709,0.9444444444444444,0.6274509803921569,0.6153846153846154,39,0.6153846153846154,0.7884615384615384
2221.2024018447846,660578.5601363423,0.6213592233009709,0.9444444444444444,0.6274509803921569,0.6153846153846154,39,0.6153846153846154,0.7884615384615384
2221.2024018447846,660578.5601363423,0.6213592233009709,0.9444444444444444,0.6274509803921569,0.6153846153846154,39,0.6153846153846154,0.7884615384615384
2221.2024018447846,660578.5601363423,0.6213592233009709,0.9444444444444444,0.6274509803921569,0.6153846153846154,39,0.6153846153846154,0.7884615384615384
2221.2024018447846,660578.5601363423,0.6213592233009709,0.9444444444444444,0.6274509803921569,0.6153846153846154,39,0.6153846153846154,0.7884615384615384
2221.2024018447846,660578.5601363423,0.6213592233009709,0.9444444444444444,0.6274509803921569,0.6153846153846154,39,0.6153846153846154,0.7884615384615384
2221.2024018447846,660578.5601363423,0.6213592233009709,0.9444444444444444,0.6274509803921569,0.6153846153846154,39,0.6153846153846154,0.7884615384615384
2221.2024018447846,660578.5601363423,0.6213592233009709,0.9444444444444444,0.6274509803921569,0.6153846153846154,39,0.6153846153846154,0.7884615384615384
2221.2024018447846,660578.5601363423,0.6213592233009709,0.9444444444444444,0.6274509803921569,0.6153846153846154,39,0.6153846153846154,0.7884615384615384
2221.2024018447846,660578.5601363423,0.6213592233009709,0.9444444444444444,0.6274509803921569,0.6153846153846154,39,0.6153846153846154,0.7884615384615384
2221.2024018447846,660578.5601363423,0.6213592233009709,0.9444444444444444,0.6274509803921569,0.6153846153846154,39,0.6153846153846154,0.7884615384615384
2221.2024018447846,660578.5601363423,0.6213592233009709,0.9444444444444444,0.6274509803921569,0.6153846153846154,39,0.6153846153846154,0.7884615384615384
2221.2024018447846,660578.5601363423,0.6213592233009709,0.9444444444444444,0.6274509803921569,0.6153846153846154,39,0.6153846153846154,0.7884615384615384
2221.2024018447846,660578.5601363423,0.6213592233009709,0.9444444444444444,0.6274509803921569,0.6153846153846154,39,0.6153846153846154,0.7884615384615384
2221.2024018447846,660578.5601363423,0.6213592233009709,0.9444444444444444,0.6274509803921569,0.6153846153846154,39,0.6153846153846154,0.7884615384615384
2221.2024018447846,660578.5601363423,0.6213592233009709,0.9444444444444444,0.6274509803921569,0.6153846153846154,39,0.6153846153846154,0.7884615384615384
2221.2024018447846,660578.5601363423,0.6213592233009709,0.9444444444444444,0.6274509803921569,0.6153846153846154,39,0.6153846153846154,0.7884615384615384
2221.2024018447846,660578.5601363423,0.6213592233009709,0.9444444444444444,0.6274509803921569,0.6153846153846154,39,0.6153846153846154,0.7884615384615384
2221.2024018447846,660578.5601363423,0.6213592233009709,0.9444444444444444,0.6274509803921569,0.6153846153846154,39,0.6153846153846154,0.7884615384615384
2221.2024018447846,660578.5601363423,0.6213592233009709,0.9444444444444444,0.6274509803921569,0.6153846153846154,39,0.6153846153846154,0.7884615384615384
2221.2024018447846,660578.5601363423,0.6213592233009709,0.9444444444444444,0.6274509803921569,0.6153846153846154,39,0.6153846153846154,0.7884615384615384
2221.2024018447846,660578.5601363423,0.6213592233009709,0.9444444444444444,0.6274509803921569,0.6153846153846154,39,0.6153846153846154,0.7884615384615384
2221.2024018447846,660578.5601363423,0.6213592233009709,0.9444444444444444,0.6274509803921569,0.6153846153846154,39,0.6153846153846154,0.7884615384615384
2221.2024018447846,660578.5601363423,0.6213592233009709,0.9444444444444444,0.6274509803921569,0.6153846153846154,39,0.6153846153846154,0.7884615384615384
2221.2024018447846,660578.5601363423,0.6213592233009709,0.9444444444444444,0.6274509803921569,0.6153846153846154,39,0.6153846153846154,0.7884615384615384
2221.2024018447846,660578.5601363423,0.6213592233009709,0.9444444444444444,0.6274509803921569,0.6153846153846154,39,0.6153846153846154,0.7884615384615384
2221.2024018447846,660578.5601363423,0.6213592233009709,0.9444444444444444,0.6274509803921569,0.6153846153846154,39,0.6153846153846154,0.7884615384615384
2221.2024018447846,660578.5601363423,0.6213592233009709,0.9444444444444444,0.6274509803921569,0.6153846153846154,39,0.6153846153846154,0.7884615384615384
2221.2024018447846,660578.5601363423,0.6213592233009709,0.9444444444444444,0.6274509803921569,0.6153846153846154,39,0.6153846153846154,0.7884615384615384
2221.2024018447846,660578.5601363423,0.6213592233009709,0.9444444444444444,0.6274509803921569,0.6153846153846154,39,0.6153846153846154,0.7884615384615384
2221.2024018447846,660578.5601363423,0.6213592233009709,0.9444444444444444,0.6274509803921569,0.6153846153846154,39,0.6153846153846154,0.7884615384615384
2221.2024018447846,660578.5601363423,0.6213592233009709,0.9444444444444444,0.6274509803921569,0.6153846153846154,39,0.6153846153846154,0.7884615384615384
2221.2024018447846,660578.5601363423,0.6213592233009709,0.9444444444444444,0.6274509803921569,0.6153846153846154,39,0.6153846153846154,0.7884615384615384
2221.2024018447846,660578.5601363423,0.6213592233009709,0.9444444444444444,0.6274509803921569,0.6153846153846154,39,0.6153846153846154,0.7884615384615384
2221.2024018447846,660578.5601363423,0.6213592233009709,0.9444444444444444,0.6274509803921569,0.6153846153846154,39,0.6153846153846154,0.7884615384615384
2221.2024018447846,660578.5601363423,0.6213592233009709,0.9444444444444444,0.6274509803921569,0.6153846153846154,39,0.6153846153846154,0.7884615384615384
2221.2024018447846,660578.5601363423,0.6213592233009709,0.9444444444444444,0.6274509803921569,0.6153846153846154,39,0.6153846153846154,0.7884615384615384
2221.2024018447846,660578.5601363423,0.6213592233009709,0.9444444444444444,0.6274509803921569,0.6153846153846154,39,0.6153846153846154,0.7884615384615384
2221.2024018447846,660578.5601363423,0.6213592233009709,0.9444444444444444,0.6274509803921569,0.6153846153846154,39,0.6153846153846154,0.7884615384615384
2221.2024018447846,660578.5601363423,0.6213592233009709,0.9444444444444444,0.6274509803921569,0.6153846153846154,39,0.6153846153846154,0.7884615384615384
2221.2024018447846,660578.5601363423,0.6213592233009709,0.9444444444444444,0.6274509803921569,0.6153846153846154,39,0.6153846153846154,0.7884615384615384
2221.2024018447846,660578.5601363423,0.6213592233009709,0.9444444444444444,0.6274509803921569,0.6153846153846154,39,0.6153846153846154,0.7884615384615384
2221.2024018447846,660578.5601363423,0.6213592233009709,0.9444444444444444,0.6274509803921569,0.6153846153846154,39,0.6153846153846154,0.7884615384615384
2221.2024018447846,660578.5601363423,0.6213592233009709,0.9444444444444444,0.6274509803921569,0.6153846153846154,39,0.6153846153846154,0.7884615384615384
2221.2024018447846,660578.5601363423,0.6213592233009709,0.9444444444444444,0.6274509803921569,0.6153846153846154,39,0.6153846153846154,0.7884615384615384
2221.2024018447846,660578.5601363423,0.6213592233009709,0.9444444444444444,0.6274509803921569,0.6153846153846154,39,0.6153846153846154,0.7884615384615384
2221.2024018447846,660578.5601363423,0.6213592233009709,0.9444444444444444,0.6274509803921569,0.6153846153846154,39,0.6153846153846154,0.7884615384615384
2221.2024018447846,660578.5601363423,0.6213592233009709,0.9444444444444444,0.6274509803921569,0.6153846153846154,39,0.6153846153846154,0.7884615384615384
2221.2024018447846,660578.5601363423,0.6213592233009709,0.9444444444444444,0.6274509803921569,0.6153846153846154,39,0.6153846153846154,0.7884615384615384
2221.2024018447846,660578.5601363423,0.6213592233009709,0.9444444444444444,0.6274509803921569,0.6153846153846154,39,0.6153846153846154,0.7884615384615384
2221.2024018447846,660578.5601363423,0.6213592233009709,0.9444444444444444,0.6274509803921569,0.6153846153846154,39,0.6153846153846154,0.7884615384615384
2221.2024018447846,660578.5601363423,0.6213592233009709,0.9444444444444444,0.6274509803921569,0.6153846153846154,39,0.6153846153846154,0.7884615384615384
2221.2024018447846,660578.5601363423,0.6213592233009709,0.9444444444444444,0.6274509803921569,0.6153846153846154,39,0.6153846153846154,0.7884615384615384
2221.2024018447846,660578.5601363423,0.6213592233009709,0.9444444444444444,0.6274509803921569,0.6153846153846154,39,0.6153846153846154,0.7884615384615384
2221.2024018447846,660578.5601363423,0.6213592233009709,0.9444444444444444,0.6274509803921569,0.6153846153846154,39,0.6153846153846154,0.7884615384615384
2221.2024018447846,660578.5601363423,0.6213592233009709,0.9444444444444444,0.6274509803921569,0.6153846153846154,39,0.6153846153846154,0.7884615384615384
2221.2024018447846,660578.5601363423,0.6213592233009709,0.9444444444444444,0.6274509803921569,0.6153846153846154,39,0.6153846153846154,0.7884615384615384
2221.2024018447846,660578.5601363423,0.6213592233009709,0.9444444444444444,0.6274509803921569,0.6153846153846154,39,0.6153846153846154,0.7884615384615384
2221.2024018447846,660578.5601363423,0.6213592233009709,0.9444444444444444,0.6274509803921569,0.6153846153846154,39,0.6153846153846154,0.7884615384615384
2221.2024018447846,660578.5601363423,0.6213592233009709,0.9444444444444444,0.6274509803921569,0.6153846153846154,39,0.6153846153846154,0.7884615384615384
2221.2024018447846,660578.5601363423,0.6213592233009709,0.9444444444444444,0.6274509803921569,0.6153846153846154,39,0.6153846153846154,0.7884615384615384
2221.2024018447846,660578.5601363423,0.6213592233009709,0.9444444444444444,0.6274509803921569,0.6153846153846154,39,0.6153846153846154,0.7884615384615384
2221.2024018447846,660578.5601363423,0.6213592233009709,0.9444444444444444,0.6274509803921569,0.6153846153846154,39,0.6153846153846154,0.7884615384615384
2221.2024018447846,660578.5601363423,0.6213592233009709,0.9444444444444444,0.6274509803921569,0.6153846153846154,39,0.6153846153846154,0.7884615384615384
2221.2024018447846,660578.5601363423,0.6213592233009709,0.9444444444444444,0.6274509803921569,0.6153846153846154,39,0.6153846153846154,0.7884615384615384
2221.2024018447846,660578.5601363423,0.6213592233009709,0.9444444444444444,0.6274509803921569,0.6153846153846154,39,0.6153846153846154,0.7884615384615384
2221.2024018447846,660578.5601363423,0.6213592233009709,0.9444444444444444,0.6274509803921569,0.6153846153846154,39,0.6153846153846154,0.7884615384615384
2221.2024018447846,660578.5601363423,0.6213592233009709,0.9444444444444444,0.6274509803921569,0.6153846153846154,39,0.6153846153846154,0.7884615384615384
2221.2024018447846,660578.5601363423,0.6213592233009709,0.9444444444444444,0.6274509803921569,0.6153846153846154,39,0.6153846153846154,0.7884615384615384
2221.2024018447846,660578.5601363423,0.6213592233009709,0.9444444444444444,0.6274509803921569,0.6153846153846154,39,0.6153846153846154,0.7884615384615384
2221.2024018447846,660578.5601363423,0.6213592233009709,0.9444444444444444,0.6274509803921569,0.6153846153846154,39,0.6153846153846154,0.7884615384615384
2221.2024018447846,660578.5601363423,0.6213592233009709,0.9444444444444444,0.6274509803921569,0.6153846153846154,39,0.6153846153846154,0.7884615384615384
2221.2024018447846,660578.5601363423,0.6213592233009709,0.9444444444444444,0.6274509803921569,0.6153846153846154,39,0.6153846153846154,0.7884615384615384
2221.2024018447846,660578.5601363423,0.6213592233009709,0.9444444444444444,0.6274509803921569,0.6153846153846154,39,0.6153846153846154,0.7884615384615384
2221.2024018447846,660578.5601363423,0.6213592233009709,0.9444444444444444,0.6274509803921569,0.6153846153846154,39,0.6153846153846154,0.7884615384615384
2221.2024018447846,660578.5601363423,0.6213592233009709,0.9444444444444444,0.6274509803921569,0.6153846153846154,39,0.6153846153846154,0.7884615384615384
2221.2024018447846,660578.5601363423,0.6213592233009709,0.9444444444444444,0.6274509803921569,0.6153846153846154,39,0.6153846153846154,0.7884615384615384
2221.2024018447846,660578.5601363423,0.6213592233009709,0.9444444444444444,0.6274509803921569,0.6153846153846154,39,0.6153846153846154,0.7884615384615384
2221.2024018447846,660578.5601363423,0.6213592233009709,0.9444444444444444,0.6274509803921569,0.6153846153846154,39,0.6153846153846154,0.7884615384615384
2221.2024018447846,660578.5601363423,0.6213592233009709,0.9444444444444444,0.6274509803921569,0.6153846153846154,39,0.6153846153846154,0.7884615384615384
2221.2024018447846,660578.5601363423,0.6213592233009709,0.9444444444444444,0.6274509803921569,0.6153846153846154,39,0.6153846153846154,0.7884615384615384
2221.2024018447846,660578.5601363423,0.6213592233009709,0.9444444444444444,0.6274509803921569,0.6153846153846154,39,0.6153846153846154,0.7884615384615384
2221.2024018447846,660578.5601363423,0.6213592233009709,0.9444444444444444,0.6274509803921569,0.6153846153846154,39,0.6153846153846154,0.7884615384615384
2221.2024018447846,660578.5601363423,0.6213592233009709,0.9444444444444444,0.6274509803921569,0.6153846153846154,39,0.6153846153846154,0.7884615384615384
2221.2024018447846,660578.5601363423,0.6213592233009709,0.9444444444444444,0.6274509803921569,0.6153846153846154,39,0.6153846153846154,0.7884615384615384
2221.2024018447846,660578.5601363423,0.6213592233009709,0.9444444444444444,0.6274509803921569,0.6153846153846154,39,0.6153846153846154,0.7884615384615384
2221.2024018447846,660578.5601363423,0.6213592233009709,0.9444444444444444,0.6274509803921569,0.6153846153846154,39,0.6153846153846154,0.7884615384615384
2221.2024018447846,660578.5601363423,0.6213592233009709,0.9444444444444444,0.6274509803921569,0.6153846153846154,39,0.6153846153846154,0.7884615384615384
2221.2024018447846,660578.5601363423,0.6213592233009709,0.9444444444444444,0.6274509803921569,0.6153846153846154,39,0.6153846153846154,0.7884615384615384
2221.2024018447846,660578.5601363423,0.6213592233009709,0.9444444444444444,0.6274509803921569,0.6153846153846154,39,0.6153846153846154,0.7884615384615384
2221.2024018447846,660578.5601363423,0.6213592233009709,0.9444444444444444,0.6274509803921569,0.6153846153846154,39,0.6153846153846154,0.7884615384615384
2221.2024018447846,660578.5601363423,0.6213592233009709,0.9444444444444444,0.6274509803921569,0.6153846153846154,39,0.6153846153846154,0.7884615384615384
2221.2024018447846,660578.5601363423,0.6213592233009709,0.9444444444444444,0.6274509803921569,0.6153846153846154,39,0.6153846153846154,0.7884615384615384
2221.2024018447846,660578.5601363423,0.6213592233009709,0.9444444444444444,0.6274509803921569,0.6153846153846154,39,0.6153846153846154,0.7884615384615384
2221.2024018447846,660578.5601363423,0.6213592233009709,0.9444444444444444,0.6274509803921569,0.6153846153846154,39,0.6153846153846154,0.7884615384615384
2221.2024018447846,660578.5601363423,0.6213592233009709,0.9444444444444444,0.6274509803921569,0.6153846153846154,39,0.6153846153846154,0.7884615384615384
2221.2024018447846,660578.5601363423,0.6213592233009709,0.9444444444444444,0.6274509803921569,0.6153846153846154,39,0.6153846153846154,0.7884615384615384
2221.2024018447846,660578.5601363423,0.6213592233009709,0.9444444444444444,0.6274509803921569,0.6153846153846154,39,0.6153846153846154,0.7884615384615384
2221.2024018447846,660578.5601363423,0.6213592233009709,0.9444444444444444,0.6274509803921569,0.6153846153846154,39,0.6153846153846154,0.7884615384615384
2221.2024018447846,660578.5601363423,0.6213592233009709,0.9444444444444444,0.6274509803921569,0.6153846153846154,39,0.6153846153846154,0.7884615384615384
2221.2024018447846,660578.5601363423,0.6213592233009709,0.9444444444444444,0.6274509803921569,0.6153846153846154,39,0.6153846153846154,0.7884615384615384
2221.2024018447846,660578.5601363423,0.6213592233009709,0.9444444444444444,0.6274509803921569,0.6153846153846154,39,0.6153846153846154,0.7884615384615384
2221.2024018447846,660578.5601363423,0.6213592233009709,0.9444444444444444,0.6274509803921569,0.6153846153846154,39,0.6153846153846154,0.7884615384615384
2221.2024018447846,660578.5601363423,0.6213592233009709,0.9444444444444444,0.6274509803921569,0.6153846153846154,39,0.6153846153846154,0.7884615384615384
2221.2024018447846,660578.5601363423,0.6213592233009709,0.9444444444444444,0.6274509803921569,0.6153846153846154,39,0.6153846153846154,0.7884615384615384
2221.2024018447846,660578.5601363423,0.6213592233009709,0.9444444444444444,0.6274509803921569,0.6153846153846154,39,0.6153846153846154,0.7884615384615384
2221.2024018447846,660578.5601363423,0.6213592233009709,0.9444444444444444,0.6274509803921569,0.6153846153846154,39,0.6153846153846154,0.7884615384615384
2221.2024018447846,660578.5601363423,0.6213592233009709,0.9444444444444444,0.6274509803921569,0.6153846153846154,39,0.6153846153846154,0.7884615384615384
2221.2024018447846,660578.5601363423,0.6213592233009709,0.9444444444444444,0.6274509803921569,0.6153846153846154,39,0.6153846153846154,0.7884615384615384
2221.2024018447846,660578.5601363423,0.6213592233009709,0.9444444444444444,0.6274509803921569,0.6153846153846154,39,0.6153846153846154,0.7884615384615384
2221.2024018447846,660578.5601363423,0.6213592233009709,0.9444444444444444,0.6274509803921569,0.6153846153846154,39,0.6153846153846154,0.7884615384615384
2221.2024018447846,660578.5601363423,0.6213592233009709,0.9444444444444444,0.6274509803921569,0.6153846153846154,39,0.6153846153846154,0.7884615384615384
2221.2024018447846,660578.5601363423,0.6213592233009709,0.9444444444444444,0.6274509803921569,0.6153846153846154,39,0.6153846153846154,0.7884615384615384
2221.2024018447846,660578.5601363423,0.6213592233009709,0.9444444444444444,0.6274509803921569,0.6153846153846154,39,0.6153846153846154,0.7884615384615384
2221.2024018447846,660578.5601363423,0.6213592233009709,0.9444444444444444,0.6274509803921569,0.6153846153846154,39,0.6153846153846154,0.7884615384615384
2221.2024018447846,660578.5601363423,0.6213592233009709,0.9444444444444444,0.6274509803921569,0.6153846153846154,39,0.6153846153846154,0.7884615384615384
2221.2024018447846,660578.5601363423,0.6213592233009709,0.9444444444444444,0.6274509803921569,0.6153846153846154,39,0.6153846153846154,0.7884615384615384
2221.2024018447846,660578.5601363423,0.6213592233009709,0.9444444444444444,0.6274509803921569,0.6153846153846154,39,0.6153846153846154,0.7884615384615384
2221.2024018447846,660578.5601363423,0.6213592233009709,0.9444444444444444,0.6274509803921569,0.6153846153846154,39,0.6153846153846154,0.7884615384615384
2221.2024018447846,660578.5601363423,0.6213592233009709,0.9444444444444444,0.6274509803921569,0.6153846153846154,39,0.6153846153846154,0.7884615384615384
2221.2024018447846,660578.5601363423,0.6213592233009709,0.9444444444444444,0.6274509803921569,0.6153846153846154,39,0.6153846153846154,0.7884615384615384
2221.2024018447846,660578.5601363423,0.6213592233009709,0.9444444444444444,0.6274509803921569,0.6153846153846154,39,0.6153846153846154,0.7884615384615384
2221.2024018447846,660578.5601363423,0.6213592233009709,0.9444444444444444,0.6274509803921569,0.6153846153846154,39,0.6153846153846154,0.7884615384615384
2221.2024018447846,660578.5601363423,0.6213592233009709,0.9444444444444444,0.6274509803921569,0.6153846153846154,39,0.6153846153846154,0.7884615384615384
2221.2024018447846,660578.5601363423,0.6213592233009709,0.9444444444444444,0.6274509803921569,0.6153846153846154,39,0.6153846153846154,0.7884615384615384
2221.2024018447846,660578.5601363423,0.6213592233009709,0.9444444444444444,0.6274509803921569,0.6153846153846154,39,0.6153846153846154,0.7884615384615384
2221.2024018447846,660578.5601363423,0.6213592233009709,0.9444444444444444,0.6274509803921569,0.6153846153846154,39,0.6153846153846154,0.7884615384615384
2221.2024018447846,660578.5601363423,0.6213592233009709,0.9444444444444444,0.6274509803921569,0.6153846153846154,39,0.6153846153846154,0.7884615384615384
2221.2024018447846,660578.5601363423,0.6213592233009709,0.9444444444444444,0.6274509803921569,0.6153846153846154,39,0.6153846153846154,0.7884615384615384
2221.2024018447846,660578.5601363423,0.6213592233009709,0.9444444444444444,0.6274509803921569,0.6153846153846154,39,0.6153846153846154,0.7884615384615384
2221.2024018447846,660578.5601363423,0.6213592233009709,0.9444444444444444,0.6274509803921569,0.6153846153846154,39,0.6153846153846154,0.7884615384615384
2221.2024018447846,660578.5601363423,0.6213592233009709,0.9444444444444444,0.6274509803921569,0.6153846153846154,39,0.6153846153846154,0.7884615384615384
2221.2024018447846,660578.5601363423,0.6213592233009709,0.9444444444444444,0.6274509803921569,0.6153846153846154,39,0.6153846153846154,0.7884615384615384
2221.2024018447846,660578.5601363423,0.6213592233009709,0.9444444444444444,0.6274509803921569,0.6153846153846154,39,0.6153846153846154,0.7884615384615384
2221.2024018447846,660578.5601363423,0.6213592233009709,0.9444444444444444,0.6274509803921569,0.6153846153846154,39,0.6153846153846154,0.7884615384615384
2221.2024018447846,660578.5601363423,0.6213592233009709,0.9444444444444444,0.6274509803921569,0.6153846153846154,39,0.6153846153846154,0.7884615384615384
2221.2024018447846,660578.5601363423,0.6213592233009709,0.9444444444444444,0.6274509803921569,0.6153846153846154,39,0.6153846153846154,0.7884615384615384
2221.2024018447846,660578.5601363423,0.6213592233009709,0.9444444444444444,0.6274509803921569,0.6153846153846154,39,0.6153846153846154,0.7884615384615384
2221.2024018447846,660578.5601363423,0.6213592233009709,0.9444444444444444,0.6274509803921569,0.6153846153846154,39,0.6153846153846154,0.7884615384615384
2221.2024018447846,660578.5601363423,0.6213592233009709,0.9444444444444444,0.6274509803921569,0.6153846153846154,39,0.6153846153846154,0.7884615384615384
2221.2024018447846,660578.5601363423,0.6213592233009709,0.9444444444444444,0.6274509803921569,0.6153846153846154,39,0.6153846153846154,0.7884615384615384
2221.2024018447846,660578.5601363423,0.6213592233009709,0.9444444444444444,0.6274509803921569,0.6153846153846154,39,0.6153846153846154,0.7884615384615384
2221.2024018447846,660578.5601363423,0.6213592233009709,0.9444444444444444,0.6274509803921569,0.6153846153846154,39,0.6153846153846154,0.7884615384615384
2221.2024018447846,660578.5601363423,0.6213592233009709,0.9444444444444444,0.6274509803921569,0.6153846153846154,39,0.6153846153846154,0.7884615384615384
2221.2024018447846,660578.5601363423,0.6213592233009709,0.9444444444444444,0.6274509803921569,0.6153846153846154,39,0.6153846153846154,0.7884615384615384
2221.2024018447846,660578.5601363423,0.6213592233009709,0.9444444444444444,0.6274509803921569,0.6153846153846154,39,0.6153846153846154,0.7884615384615384
2221.2024018447846,660578.5601363423,0.6213592233009709,0.9444444444444444,0.6274509803921569,0.6153846153846154,39,0.6153846153846154,0.7884615384615384
2221.2024018447846,660578.5601363423,0.6213592233009709,0.9444444444444444,0.6274509803921569,0.6153846153846154,39,0.6153846153846154,0.7884615384615384
2221.2024018447846,660578.5601363423,0.6213592233009709,0.9444444444444444,0.6274509803921569,0.6153846153846154,39,0.6153846153846154,0.7884615384615384
2221.2024018447846,660578.5601363423,0.6213592233009709,0.9444444444444444,0.6274509803921569,0.6153846153846154,39,0.6153846153846154,0.7884615384615384
2221.2024018447846,660578.5601363423,0.6213592233009709,0.9444444444444444,0.6274509803921569,0.6153846153846154,39,0.6153846153846154,0.7884615384615384
2221.2024018447846,660578.5601363423,0.6213592233009709,0.9444444444444444,0.6274509803921569,0.6153846153846154,39,0.6153846153846154,0.7884615384615384
2221.2024018447846,660578.5601363423,0.6213592233009709,0.9444444444444444,0.6274509803921569,0.6153846153846154,39,0.6153846153846154,0.7884615384615384
2221.2024018447846,660578.5601363423,0.6213592233009709,0.9444444444444444,0.6274509803921569,0.6153846153846154,39,0.6153846153846154,0.7884615384615384
2221.2024018447846,660578.5601363423,0.6213592233009709,0.9444444444444444,0.6274509803921569,0.6153846153846154,39,0.6153846153846154,0.7884615384615384
2221.2024018447846,660578.5601363423,0.6213592233009709,0.9444444444444444,0.6274509803921569,0.6153846153846154,39,0.6153846153846154,0.7884615384615384
2221.2024018447846,660578.5601363423,0.6213592233009709,0.9444444444444444,0.6274509803921569,0.6153846153846154,39,0.6153846153846154,0.7884615384615384
2221.2024018447846,660578.5601363423,0.6213592233009709,0.9444444444444444,0.6274509803921569,0.6153846153846154,39,0.6153846153846154,0.7884615384615384
2221.2024018447846,660578.5601363423,0.6213592233009709,0.9444444444444444,0.6274509803921569,0.6153846153846154,39,0.6153846153846154,0.7884615384615384
2221.2024018447846,660578.5601363423,0.6213592233009709,0.9444444444444444,0.6274509803921569,0.6153846153846154,39,0.6153846153846154,0.7884615384615384
2221.2024018447846,660578.5601363423,0.6213592233009709,0.9444444444444444,0.6274509803921569,0.6153846153846154,39,0.6153846153846154,0.7884615384615384
2221.2024018447846,660578.5601363423,0.6213592233009709,0.9444444444444444,0.6274509803921569,0.6153846153846154,39,0.6153846153846154,0.7884615384615384
2221.2024018447846,660578.5601363423,0.6213592233009709,0.9444444444444444,0.6274509803921569,0.6153846153846154,39,0.6153846153846154,0.7884615384615384
2221.2024018447846,660578.5601363423,0.6213592233009709,0.9444444444444444,0.6274509803921569,0.6153846153846154,39,0.6153846153846154,0.7884615384615384
2221.2024018447846,660578.5601363423,0.6213592233009709,0.9444444444444444,0.6274509803921569,0.6153846153846154,39,0.6153846153846154,0.7884615384615384
2221.2024018447846,660578.5601363423,0.6213592233009709,0.9444444444444444,0.6274509803921569,0.6153846153846154,39,0.6153846153846154,0.7884615384615384
2221.2024018447846,660578.5601363423,0.6213592233009709,0.9444444444444444,0.6274509803921569,0.6153846153846154,39,0.6153846153846154,0.7884615384615384
2221.2024018447846,660578.5601363423,0.6213592233009709,0.9444444444444444,0.6274509803921569,0.6153846153846154,39,0.6153846153846154,0.7884615384615384
2221.2024018447846,660578.5601363423,0.6213592233009709,0.9444444444444444,0.6274509803921569,0.6153846153846154,39,0.6153846153846154,0.7884615384615384
2221.2024018447846,660578.5601363423,0.6213592233009709,0.9444444444444444,0.6274509803921569,0.6153846153846154,39,0.6153846153846154,0.7884615384615384
2221.2024018447846,660578.5601363423,0.6213592233009709,0.9444444444444444,0.6274509803921569,0.6153846153846154,39,0.6153846153846154,0.7884615384615384
2221.2024018447846,660578.5601363423,0.6213592233009709,0.9444444444444444,0.6274509803921569,0.6153846153846154,39,0.6153846153846154,0.7884615384615384
2221.2024018447846,660578.5601363423,0.6213592233009709,0.9444444444444444,0.6274509803921569,0.6153846153846154,39,0.6153846153846154,0.7884615384615384
2221.2024018447846,660578.5601363423,0.6213592233009709,0.9444444444444444,0.6274509803921569,0.6153846153846154,39,0.6153846153846154,0.7884615384615384
2221.2024018447846,660578.5601363423,0.6213592233009709,0.9444444444444444,0.6274509803921569,0.6153846153846154,39,0.6153846153846154,0.7884615384615384
2221.2024018447846,660578.5601363423,0.6213592233009709,0.9444444444444444,0.6274509803921569,0.6153846153846154,39,0.6153846153846154,0.7884615384615384
2221.2024018447846,660578.5601363423,0.6213592233009709,0.9444444444444444,0.6274509803921569,0.6153846153846154,39,0.6153846153846154,0.7884615384615384
2221.2024018447846,660578.5601363423,0.6213592233009709,0.9444444444444444,0.6274509803921569,0.6153846153846154,39,0.6153846153846154,0.7884615384615384
2221.2024018447846,660578.5601363423,0.6213592233009709,0.9444444444444444,0.6274509803921569,0.6153846153846154,39,0.6153846153846154,0.7884615384615384
2221.2024018447846,660578.5601363423,0.6213592233009709,0.9444444444444444,0.6274509803921569,0.6153846153846154,39,0.6153846153846154,0.7884615384615384
2221.2024018447846,660578.5601363423,0.6213592233009709,0.9444444444444444,0.6274509803921569,0.6153846153846154,39,0.6153846153846154,0.7884615384615384
2221.2024018447846,660578.5601363423,0.6213592233009709,0.9444444444444444,0.6274509803921569,0.6153846153846154,39,0.6153846153846154,0.7884615384615384
2221.2024018447846,660578.5601363423,0.6213592233009709,0.9444444444444444,0.6274509803921569,0.6153846153846154,39,0.6153846153846154,0.7884615384615384
2221.2024018447846,660578.5601363423,0.6213592233009709,0.9444444444444444,0.6274509803921569,0.6153846153846154,39,0.6153846153846154,0.7884615384615384
2221.2024018447846,660578.5601363423,0.6213592233009709,0.9444444444444444,0.6274509803921569,0.6153846153846154,39,0.6153846153846154,0.7884615384615384
2221.2024018447846,660578.5601363423,0.6213592233009709,0.9444444444444444,0.6274509803921569,0.6153846153846154,39,0.6153846153846154,0.7884615384615384
2221.2024018447846,660578.5601363423,0.6213592233009709,0.9444444444444444,0.6274509803921569,0.6153846153846154,39,0.6153846153846154,0.7884615384615384
2221.2024018447846,660578.5601363423,0.6213592233009709,0.9444444444444444,0.6274509803921569,0.6153846153846154,39,0.6153846153846154,0.7884615384615384
2221.2024018447846,660578.5601363423,0.6213592233009709,0.9444444444444444,0.6274509803921569,0.6153846153846154,39,0.6153846153846154,0.7884615384615384
2221.2024018447846,660578.5601363423,0.6213592233009709,0.9444444444444444,0.6274509803921569,0.6153846153846154,39,0.6153846153846154,0.7884615384615384
2221.2024018447846,660578.5601363423,0.6213592233009709,0.9444444444444444,0.6274509803921569,0.6153846153846154,39,0.6153846153846154,0.7884615384615384
2221.2024018447846,660578.5601363423,0.6213592233009709,0.9444444444444444,0.6274509803921569,0.6153846153846154,39,0.6153846153846154,0.7884615384615384
2221.2024018447846,660578.5601363423,0.6213592233009709,0.9444444444444444,0.6274509803921569,0.6153846153846154,39,0.6153846153846154,0.7884615384615384
2221.2024018447846,660578.5601363423,0.6213592233009709,0.9444444444444444,0.6274509803921569,0.6153846153846154,39,0.6153846153846154,0.7884615384615384
2221.2024018447846,660578.5601363423,0.6213592233009709,0.9444444444444444,0.6274509803921569,0.6153846153846154,39,0.6153846153846154,0.7884615384615384
2221.2024018447846,660578.5601363423,0.6213592233009709,0.9444444444444444,0.6274509803921569,0.6153846153846154,39,0.6153846153846154,0.7884615384615384
2221.2024018447846,660578.5601363423,0.6213592233009709,0.9444444444444444,0.6274509803921569,0.6153846153846154,39,0.6153846153846154,0.7884615384615384
2221.2024018447846,660578.5601363423,0.6213592233009709,0.9444444444444444,0.6274509803921569,0.6153846153846154,39,0.6153846153846154,0.7884615384615384
2221.2024018447846,660578.5601363423,0.6213592233009709,0.9444444444444444,0.6274509803921569,0.6153846153846154,39,0.6153846153846154,0.7884615384615384
2221.2024018447846,660578.5601363423,0.6213592233009709,0.9444444444444444,0.6274509803921569,0.6153846153846154,39,0.6153846153846154,0.7884615384615384
2221.2024018447846,660578.5601363423,0.6213592233009709,0.9444444444444444,0.6274509803921569,0.6153846153846154,39,0.6153846153846154,0.7884615384615384
2221.2024018447846,660578.5601363423,0.6213592233009709,0.9444444444444444,0.6274509803921569,0.6153846153846154,39,0.6153846153846154,0.7884615384615384
2221.2024018447846,660578.5601363423,0.6213592233009709,0.9444444444444444,0.6274509803921569,0.6153846153846154,39,0.6153846153846154,0.7884615384615384
2221.2024018447846,660578.5601363423,0.6213592233009709,0.9444444444444444,0.6274509803921569,0.6153846153846154,39,0.6153846153846154,0.7884615384615384
2221.2024018447846,660578.5601363423,0.6213592233009709,0.9444444444444444,0.6274509803921569,0.6153846153846154,39,0.6153846153846154,0.7884615384615384
2221.2024018447846,660578.5601363423,0.6213592233009709,0.9444444444444444,0.6274509803921569,0.6153846153846154,39,0.6153846153846154,0.7884615384615384
2221.2024018447846,660578.5601363423,0.6213592233009709,0.9444444444444444,0.6274509803921569,0.6153846153846154,39,0.6153846153846154,0.7884615384615384
2221.2024018447846,660578.5601363423,0.6213592233009709,0.9444444444444444,0.6274509803921569,0.6153846153846154,39,0.6153846153846154,0.7884615384615384
2221.2024018447846,660578.5601363423,0.6213592233009709,0.9444444444444444,0.6274509803921569,0.6153846153846154,39,0.6153846153846154,0.7884615384615384
2221.2024018447846,660578.5601363423,0.6213592233009709,0.9444444444444444,0.6274509803921569,0.6153846153846154,39,0.6153846153846154,0.7884615384615384
2221.2024018447846,660578.5601363423,0.6213592233009709,0.9444444444444444,0.6274509803921569,0.6153846153846154,39,0.6153846153846154,0.7884615384615384
2221.2024018447846,660578.5601363423,0.6213592233009709,0.9444444444444444,0.6274509803921569,0.6153846153846154,39,0.6153846153846154,0.7884615384615384
2221.2024018447846,660578.5601363423,0.6213592233009709,0.9444444444444444,0.6274509803921569,0.6153846153846154,39,0.6153846153846154,0.7884615384615384
2221.2024018447846,660578.5601363423,0.6213592233009709,0.9444444444444444,0.6274509803921569,0.6153846153846154,39,0.6153846153846154,0.7884615384615384
2221.2024018447846,660578.5601363423,0.6213592233009709,0.9444444444444444,0.6274509803921569,0.6153846153846154,39,0.6153846153846154,0.7884615384615384
2221.2024018447846,660578.5601363423,0.6213592233009709,0.9444444444444444,0.6274509803921569,0.6153846153846154,39,0.6153846153846154,0.7884615384615384
2221.2024018447846,660578.5601363423,0.6213592233009709,0.9444444444444444,0.6274509803921569,0.6153846153846154,39,0.6153846153846154,0.7884615384615384
2221.2024018447846,660578.5601363423,0.6213592233009709,0.9444444444444444,0.6274509803921569,0.6153846153846154,39,0.6153846153846154,0.7884615384615384
2221.2024018447846,660578.5601363423,0.6213592233009709,0.9444444444444444,0.6274509803921569,0.6153846153846154,39,0.6153846153846154,0.7884615384615384
2221.2024018447846,660578.5601363423,0.6213592233009709,0.9444444444444444,0.6274509803921569,0.6153846153846154,39,0.6153846153846154,0.7884615384615384
2221.2024018447846,660578.5601363423,0.6213592233009709,0.9444444444444444,0.6274509803921569,0.6153846153846154,39,0.6153846153846154,0.7884615384615384
2221.2024018447846,660578.5601363423,0.6213592233009709,0.9444444444444444,0.6274509803921569,0.6153846153846154,39,0.6153846153846154,0.7884615384615384
2221.2024018447846,660578.5601363423,0.6213592233009709,0.9444444444444444,0.6274509803921569,0.6153846153846154,39,0.6153846153846154,0.7884615384615384
2221.2024018447846,660578.5601363423,0.6213592233009709,0.9444444444444444,0.6274509803921569,0.6153846153846154,39,0.6153846153846154,0.7884615384615384
2221.2024018447846,660578.5601363423,0.6213592233009709,0.9444444444444444,0.6274509803921569,0.6153846153846154,39,0.6153846153846154,0.7884615384615384
2221.2024018447846,660578.5601363423,0.6213592233009709,0.9444444444444444,0.6274509803921569,0.6153846153846154,39,0.6153846153846154,0.7884615384615384
2221.2024018447846,660578.5601363423,0.6213592233009709,0.9444444444444444,0.6274509803921569,0.6153846153846154,39,0.6153846153846154,0.7884615384615384
2221.2024018447846,660578.5601363423,0.6213592233009709,0.9444444444444444,0.6274509803921569,0.6153846153846154,39,0.6153846153846154,0.7884615384615384
2221.2024018447846,660578.5601363423,0.6213592233009709,0.9444444444444444,0.6274509803921569,0.6153846153846154,39,0.6153846153846154,0.7884615384615384
2221.2024018447846,660578.5601363423,0.6213592233009709,0.9444444444444444,0.6274509803921569,0.6153846153846154,39,0.6153846153846154,0.7884615384615384
2221.2024018447846,660578.5601363423,0.6213592233009709,0.9444444444444444,0.6274509803921569,0.6153846153846154,39,0.6153846153846154,0.7884615384615384
2221.2024018447846,660578.5601363423,0.6213592233009709,0.9444444444444444,0.6274509803921569,0.6153846153846154,39,0.6153846153846154,0.7884615384615384
2221.2024018447846,660578.5601363423,0.6213592233009709,0.9444444444444444,0.6274509803921569,0.6153846153846154,39,0.6153846153846154,0.7884615384615384
2221.2024018447846,660578.5601363423,0.6213592233009709,0.9444444444444444,0.6274509803921569,0.6153846153846154,39,0.6153846153846154,0.7884615384615384
2221.2024018447846,660578.5601363423,0.6213592233009709,0.9444444444444444,0.6274509803921569,0.6153846153846154,39,0.6153846153846154,0.7884615384615384
2221.2024018447846,660578.5601363423,0.6213592233009709,0.9444444444444444,0.6274509803921569,0.6153846153846154,39,0.6153846153846154,0.7884615384615384
2221.2024018447846,660578.5601363423,0.6213592233009709,0.9444444444444444,0.6274509803921569,0.6153846153846154,39,0.6153846153846154,0.7884615384615384
2221.2024018447846,660578.5601363423,0.6213592233009709,0.9444444444444444,0.6274509803921569,0.6153846153846154,39,0.6153846153846154,0.7884615384615384
2221.2024018447846,660578.5601363423,0.6213592233009709,0.9444444444444444,0.6274509803921569,0.6153846153846154,39,0.6153846153846154,0.7884615384615384
2221.2024018447846,660578.5601363423,0.6213592233009709,0.9444444444444444,0.6274509803921569,0.6153846153846154,39,0.6153846153846154,0.7884615384615384
2221.2024018447846,660578.5601363423,0.6213592233009709,0.9444444444444444,0.6274509803921569,0.6153846153846154,39,0.6153846153846154,0.7884615384615384
2221.2024018447846,660578.5601363423,0.6213592233009709,0.9444444444444444,0.6274509803921569,0.6153846153846154,39,0.6153846153846154,0.7884615384615384
2221.2024018447846,660578.5601363423,0.6213592233009709,0.9444444444444444,0.6274509803921569,0.6153846153846154,39,0.6153846153846154,0.7884615384615384
2221.2024018447846,660578.5601363423,0.6213592233009709,0.9444444444444444,0.6274509803921569,0.6153846153846154,39,0.6153846153846154,0.7884615384615384
2221.2024018447846,660578.5601363423,0.6213592233009709,0.9444444444444444,0.6274509803921569,0.6153846153846154,39,0.6153846153846154,0.7884615384615384
2221.2024018447846,660578.5601363423,0.6213592233009709,0.9444444444444444,0.6274509803921569,0.6153846153846154,39,0.6153846153846154,0.7884615384615384
2221.2024018447846,660578.5601363423,0.6213592233009709,0.9444444444444444,0.6274509803921569,0.6153846153846154,39,0.6153846153846154,0.7884615384615384
2221.2024018447846,660578.5601363423,0.6213592233009709,0.9444444444444444,0.6274509803921569,0.6153846153846154,39,0.6153846153846154,0.7884615384615384
2221.2024018447846,660578.5601363423,0.6213592233009709,0.9444444444444444,0.6274509803921569,0.6153846153846154,39,0.6153846153846154,0.7884615384615384
2221.2024018447846,660578.5601363423,0.6213592233009709,0.9444444444444444,0.6274509803921569,0.6153846153846154,39,0.6153846153846154,0.7884615384615384
2221.2024018447846,660578.5601363423,0.6213592233009709,0.9444444444444444,0.6274509803921569,0.6153846153846154,39,0.6153846153846154,0.7884615384615384
2221.2024018447846,660578.5601363423,0.6213592233009709,0.9444444444444444,0.6274509803921569,0.6153846153846154,39,0.6153846153846154,0.7884615384615384
2221.2024018447846,660578.5601363423,0.6213592233009709,0.9444444444444444,0.6274509803921569,0.6153846153846154,39,0.6153846153846154,0.7884615384615384
2221.2024018447846,660578.5601363423,0.6213592233009709,0.9444444444444444,0.6274509803921569,0.6153846153846154,39,0.6153846153846154,0.7884615384615384
2221.2024018447846,660578.5601363423,0.6213592233009709,0.9444444444444444,0.6274509803921569,0.6153846153846154,39,0.6153846153846154,0.7884615384615384
2221.2024018447846,660578.5601363423,0.6213592233009709,0.9444444444444444,0.6274509803921569,0.6153846153846154,39,0.6153846153846154,0.7884615384615384
2221.2024018447846,660578.5601363423,0.6213592233009709,0.9444444444444444,0.6274509803921569,0.6153846153846154,39,0.6153846153846154,0.7884615384615384
2221.2024018447846,660578.5601363423,0.6213592233009709,0.9444444444444444,0.6274509803921569,0.6153846153846154,39,0.6153846153846154,0.7884615384615384
2221.2024018447846,660578.5601363423,0.6213592233009709,0.9444444444444444,0.6274509803921569,0.6153846153846154,39,0.6153846153846154,0.7884615384615384
2221.2024018447846,660578.5601363423,0.6213592233009709,0.9444444444444444,0.6274509803921569,0.6153846153846154,39,0.6153846153846154,0.7884615384615384
2221.2024018447846,660578.5601363423,0.6213592233009709,0.9444444444444444,0.6274509803921569,0.6153846153846154,39,0.6153846153846154,0.7884615384615384
2221.2024018447846,660578.5601363423,0.6213592233009709,0.9444444444444444,0.6274509803921569,0.6153846153846154,39,0.6153846153846154,0.7884615384615384
2221.2024018447846,660578.5601363423,0.6213592233009709,0.9444444444444444,0.6274509803921569,0.6153846153846154,39,0.6153846153846154,0.7884615384615384
2221.2024018447846,660578.5601363423,0.6213592233009709,0.9444444444444444,0.6274509803921569,0.6153846153846154,39,0.6153846153846154,0.7884615384615384
2221.2024018447846,660578.5601363423,0.6213592233009709,0.9444444444444444,0.6274509803921569,0.6153846153846154,39,0.6153846153846154,0.7884615384615384
2221.2024018447846,660578.5601363423,0.6213592233009709,0.9444444444444444,0.6274509803921569,0.6153846153846154,39,0.6153846153846154,0.7884615384615384
2221.2024018447846,660578.5601363423,0.6213592233009709,0.9444444444444444,0.6274509803921569,0.6153846153846154,39,0.6153846153846154,0.7884615384615384
2221.2024018447846,660578.5601363423,0.6213592233009709,0.9444444444444444,0.6274509803921569,0.6153846153846154,39,0.6153846153846154,0.7884615384615384
2221.2024018447846,660578.5601363423,0.6213592233009709,0.9444444444444444,0.6274509803921569,0.6153846153846154,39,0.6153846153846154,0.7884615384615384
2221.2024018447846,660578.5601363423,0.6213592233009709,0.9444444444444444,0.6274509803921569,0.6153846153846154,39,0.6153846153846154,0.7884615384615384
2221.2024018447846,660578.5601363423,0.6213592233009709,0.9444444444444444,0.6274509803921569,0.6153846153846154,39,0.6153846153846154,0.7884615384615384
2221.2024018447846,660578.5601363423,0.6213592233009709,0.9444444444444444,0.6274509803921569,0.6153846153846154,39,0.6153846153846154,0.7884615384615384
2221.2024018447846,660578.5601363423,0.6213592233009709,0.9444444444444444,0.6274509803921569,0.6153846153846154,39,0.6153846153846154,0.7884615384615384
2221.2024018447846,660578.5601363423,0.6213592233009709,0.9444444444444444,0.6274509803921569,0.6153846153846154,39,0.6153846153846154,0.7884615384615384
2221.2024018447846,660578.5601363423,0.6213592233009709,0.9444444444444444,0.6274509803921569,0.6153846153846154,39,0.6153846153846154,0.7884615384615384
2221.2024018447846,660578.5601363423,0.6213592233009709,0.9444444444444444,0.6274509803921569,0.6153846153846154,39,0.6153846153846154,0.7884615384615384
2221.2024018447846,660578.5601363423,0.6213592233009709,0.9444444444444444,0.6274509803921569,0.6153846153846154,39,0.6153846153846154,0.7884615384615384
2221.2024018447846,660578.5601363423,0.6213592233009709,0.9444444444444444,0.6274509803921569,0.6153846153846154,39,0.6153846153846154,0.7884615384615384
2221.2024018447846,660578.5601363423,0.6213592233009709,0.9444444444444444,0.6274509803921569,0.6153846153846154,39,0.6153846153846154,0.7884615384615384
2221.2024018447846,660578.5601363423,0.6213592233009709,0.9444444444444444,0.6274509803921569,0.6153846153846154,39,0.6153846153846154,0.7884615384615384
2221.2024018447846,660578.5601363423,0.6213592233009709,0.9444444444444444,0.6274509803921569,0.6153846153846154,39,0.6153846153846154,0.7884615384615384
2221.2024018447846,660578.5601363423,0.6213592233009709,0.9444444444444444,0.6274509803921569,0.6153846153846154,39,0.6153846153846154,0.7884615384615384
2221.2024018447846,660578.5601363423,0.6213592233009709,0.9444444444444444,0.6274509803921569,0.6153846153846154,39,0.6153846153846154,0.7884615384615384
2221.2024018447846,660578.5601363423,0.6213592233009709,0.9444444444444444,0.6274509803921569,0.6153846153846154,39,0.6153846153846154,0.7884615384615384
2221.2024018447846,660578.5601363423,0.6213592233009709,0.9444444444444444,0.6274509803921569,0.6153846153846154,39,0.6153846153846154,0.7884615384615384
2221.2024018447846,660578.5601363423,0.6213592233009709,0.9444444444444444,0.6274509803921569,0.6153846153846154,39,0.6153846153846154,0.7884615384615384
2221.2024018447846,660578.5601363423,0.6213592233009709,0.9444444444444444,0.6274509803921569,0.6153846153846154,39,0.6153846153846154,0.7884615384615384
2221.2024018447846,660578.5601363423,0.6213592233009709,0.9444444444444444,0.6274509803921569,0.6153846153846154,39,0.6153846153846154,0.7884615384615384
2221.2024018447846,660578.5601363423,0.6213592233009709,0.9444444444444444,0.6274509803921569,0.6153846153846154,39,0.6153846153846154,0.7884615384615384
2221.2024018447846,660578.5601363423,0.6213592233009709,0.9444444444444444,0.6274509803921569,0.6153846153846154,39,0.6153846153846154,0.7884615384615384
2221.2024018447846,660578.5601363423,0.6213592233009709,0.9444444444444444,0.6274509803921569,0.6153846153846154,39,0.6153846153846154,0.7884615384615384
2221.2024018447846,660578.5601363423,0.6213592233009709,0.9444444444444444,0.6274509803921569,0.6153846153846154,39,0.6153846153846154,0.7884615384615384
2221.2024018447846,660578.5601363423,0.6213592233009709,0.9444444444444444,0.6274509803921569,0.6153846153846154,39,0.6153846153846154,0.7884615384615384
2221.2024018447846,660578.5601363423,0.6213592233009709,0.9444444444444444,0.6274509803921569,0.6153846153846154,39,0.6153846153846154,0.7884615384615384
2221.2024018447846,660578.5601363423,0.6213592233009709,0.9444444444444444,0.6274509803921569,0.6153846153846154,39,0.6153846153846154,0.7884615384615384
2221.2024018447846,660578.5601363423,0.6213592233009709,0.9444444444444444,0.6274509803921569,0.6153846153846154,39,0.6153846153846154,0.7884615384615384
2221.2024018447846,660578.5601363423,0.6213592233009709,0.9444444444444444,0.6274509803921569,0.6153846153846154,39,0.6153846153846154,0.7884615384615384
2221.2024018447846,660578.5601363423,0.6213592233009709,0.9444444444444444,0.6274509803921569,0.6153846153846154,39,0.6153846153846154,0.7884615384615384
2221.2024018447846,660578.5601363423,0.6213592233009709,0.9444444444444444,0.6274509803921569,0.6153846153846154,39,0.6153846153846154,0.7884615384615384
2221.2024018447846,660578.5601363423,0.6213592233009709,0.9444444444444444,0.6274509803921569,0.6153846153846154,39,0.6153846153846154,0.7884615384615384
2221.2024018447846,660578.5601363423,0.6213592233009709,0.9444444444444444,0.6274509803921569,0.6153846153846154,39,0.6153846153846154,0.7884615384615384
2221.2024018447846,660578.5601363423,0.6213592233009709,0.9444444444444444,0.6274509803921569,0.6153846153846154,39,0.6153846153846154,0.7884615384615384
2221.2024018447846,660578.5601363423,0.6213592233009709,0.9444444444444444,0.6274509803921569,0.6153846153846154,39,0.6153846153846154,0.7884615384615384
2221.2024018447846,660578.5601363423,0.6213592233009709,0.9444444444444444,0.6274509803921569,0.6153846153846154,39,0.6153846153846154,0.7884615384615384
2221.2024018447846,660578.5601363423,0.6213592233009709,0.9444444444444444,0.6274509803921569,0.6153846153846154,39,0.6153846153846154,0.7884615384615384
2221.2024018447846,660578.5601363423,0.6213592233009709,0.9444444444444444,0.6274509803921569,0.6153846153846154,39,0.6153846153846154,0.7884615384615384
2221.2024018447846,660578.5601363423,0.6213592233009709,0.9444444444444444,0.6274509803921569,0.6153846153846154,39,0.6153846153846154,0.7884615384615384
2221.2024018447846,660578.5601363423,0.6213592233009709,0.9444444444444444,0.6274509803921569,0.6153846153846154,39,0.6153846153846154,0.7884615384615384
2221.2024018447846,660578.5601363423,0.6213592233009709,0.9444444444444444,0.6274509803921569,0.6153846153846154,39,0.6153846153846154,0.7884615384615384
2221.2024018447846,660578.5601363423,0.6213592233009709,0.9444444444444444,0.6274509803921569,0.6153846153846154,39,0.6153846153846154,0.7884615384615384
2221.2024018447846,660578.5601363423,0.6213592233009709,0.9444444444444444,0.6274509803921569,0.6153846153846154,39,0.6153846153846154,0.7884615384615384
2221.2024018447846,660578.5601363423,0.6213592233009709,0.9444444444444444,0.6274509803921569,0.6153846153846154,39,0.6153846153846154,0.7884615384615384
2221.2024018447846,660578.5601363423,0.6213592233009709,0.9444444444444444,0.6274509803921569,0.6153846153846154,39,0.6153846153846154,0.7884615384615384
2221.2024018447846,660578.5601363423,0.6213592233009709,0.9444444444444444,0.6274509803921569,0.6153846153846154,39,0.6153846153846154,0.7884615384615384
2221.2024018447846,660578.5601363423,0.6213592233009709,0.9444444444444444,0.6274509803921569,0.6153846153846154,39,0.6153846153846154,0.7884615384615384
2221.2024018447846,660578.5601363423,0.6213592233009709,0.9444444444444444,0.6274509803921569,0.6153846153846154,39,0.6153846153846154,0.7884615384615384
2221.2024018447846,660578.5601363423,0.6213592233009709,0.9444444444444444,0.6274509803921569,0.6153846153846154,39,0.6153846153846154,0.7884615384615384
2221.2024018447846,660578.5601363423,0.6213592233009709,0.9444444444444444,0.6274509803921569,0.6153846153846154,39,0.6153846153846154,0.7884615384615384
2221.2024018447846,660578.5601363423,0.6213592233009709,0.9444444444444444,0.6274509803921569,0.6153846153846154,39,0.6153846153846154,0.7884615384615384
2221.2024018447846,660578.5601363423,0.6213592233009709,0.9444444444444444,0.6274509803921569,0.6153846153846154,39,0.6153846153846154,0.7884615384615384
2221.2024018447846,660578.5601363423,0.6213592233009709,0.9444444444444444,0.6274509803921569,0.6153846153846154,39,0.6153846153846154,0.7884615384615384
2221.2024018447846,660578.5601363423,0.6213592233009709,0.9444444444444444,0.6274509803921569,0.6153846153846154,39,0.6153846153846154,0.7884615384615384
2221.2024018447846,660578.5601363423,0.6213592233009709,0.9444444444444444,0.6274509803921569,0.6153846153846154,39,0.6153846153846154,0.7884615384615384
2221.2024018447846,660578.5601363423,0.6213592233009709,0.9444444444444444,0.6274509803921569,0.6153846153846154,39,0.6153846153846154,0.7884615384615384
2221.2024018447846,660578.5601363423,0.6213592233009709,0.9444444444444444,0.6274509803921569,0.6153846153846154,39,0.6153846153846154,0.7884615384615384
2221.2024018447846,660578.5601363423,0.6213592233009709,0.9444444444444444,0.6274509803921569,0.6153846153846154,39,0.6153846153846154,0.7884615384615384
2221.2024018447846,660578.5601363423,0.6213592233009709,0.9444444444444444,0.6274509803921569,0.6153846153846154,39,0.6153846153846154,0.7884615384615384
2221.2024018447846,660578.5601363423,0.6213592233009709,0.9444444444444444,0.6274509803921569,0.6153846153846154,39,0.6153846153846154,0.7884615384615384
2221.2024018447846,660578.5601363423,0.6213592233009709,0.9444444444444444,0.6274509803921569,0.6153846153846154,39,0.6153846153846154,0.7884615384615384
2221.2024018447846,660578.5601363423,0.6213592233009709,0.9444444444444444,0.6274509803921569,0.6153846153846154,39,0.6153846153846154,0.7884615384615384
2221.2024018447846,660578.5601363423,0.6213592233009709,0.9444444444444444,0.6274509803921569,0.6153846153846154,39,0.6153846153846154,0.7884615384615384
2221.2024018447846,660578.5601363423,0.6213592233009709,0.9444444444444444,0.6274509803921569,0.6153846153846154,39,0.6153846153846154,0.7884615384615384
2221.2024018447846,660578.5601363423,0.6213592233009709,0.9444444444444444,0.6274509803921569,0.6153846153846154,39,0.6153846153846154,0.7884615384615384
2221.2024018447846,660578.5601363423,0.6213592233009709,0.9444444444444444,0.6274509803921569,0.6153846153846154,39,0.6153846153846154,0.7884615384615384
2221.2024018447846,660578.5601363423,0.6213592233009709,0.9444444444444444,0.6274509803921569,0.6153846153846154,39,0.6153846153846154,0.7884615384615384
2221.2024018447846,660578.5601363423,0.6213592233009709,0.9444444444444444,0.6274509803921569,0.6153846153846154,39,0.6153846153846154,0.7884615384615384
2221.2024018447846,660578.5601363423,0.6213592233009709,0.9444444444444444,0.6274509803921569,0.6153846153846154,39,0.6153846153846154,0.7884615384615384
2221.2024018447846,660578.5601363423,0.6213592233009709,0.9444444444444444,0.6274509803921569,0.6153846153846154,39,0.6153846153846154,0.7884615384615384
2221.2024018447846,660578.5601363423,0.6213592233009709,0.9444444444444444,0.6274509803921569,0.6153846153846154,39,0.6153846153846154,0.7884615384615384
2221.2024018447846,660578.5601363423,0.6213592233009709,0.9444444444444444,0.6274509803921569,0.6153846153846154,39,0.6153846153846154,0.7884615384615384
2221.2024018447846,660578.5601363423,0.6213592233009709,0.9444444444444444,0.6274509803921569,0.6153846153846154,39,0.6153846153846154,0.7884615384615384
2221.2024018447846,660578.5601363423,0.6213592233009709,0.9444444444444444,0.6274509803921569,0.6153846153846154,39,0.6153846153846154,0.7884615384615384
2221.2024018447846,660578.5601363423,0.6213592233009709,0.9444444444444444,0.6274509803921569,0.6153846153846154,39,0.6153846153846154,0.7884615384615384
2221.2024018447846,660578.5601363423,0.6213592233009709,0.9444444444444444,0.6274509803921569,0.6153846153846154,39,0.6153846153846154,0.7884615384615384
2221.2024018447846,660578.5601363423,0.6213592233009709,0.9444444444444444,0.6274509803921569,0.6153846153846154,39,0.6153846153846154,0.7884615384615384
2221.2024018447846,660578.5601363423,0.6213592233009709,0.9444444444444444,0.6274509803921569,0.6153846153846154,39,0.6153846153846154,0.7884615384615384
2221.2024018447846,660578.5601363423,0.6213592233009709,0.9444444444444444,0.6274509803921569,0.6153846153846154,39,0.6153846153846154,0.7884615384615384
2221.2024018447846,660578.5601363423,0.6213592233009709,0.9444444444444444,0.6274509803921569,0.6153846153846154,39,0.6153846153846154,0.7884615384615384
2221.2024018447846,660578.5601363423,0.6213592233009709,0.9444444444444444,0.6274509803921569,0.6153846153846154,39,0.6153846153846154,0.7884615384615384
2221.2024018447846,660578.5601363423,0.6213592233009709,0.9444444444444444,0.6274509803921569,0.6153846153846154,39,0.6153846153846154,0.7884615384615384
2221.2024018447846,660578.5601363423,0.6213592233009709,0.9444444444444444,0.6274509803921569,0.6153846153846154,39,0.6153846153846154,0.7884615384615384
2221.2024018447846,660578.5601363423,0.6213592233009709,0.9444444444444444,0.6274509803921569,0.6153846153846154,39,0.6153846153846154,0.7884615384615384
2221.2024018447846,660578.5601363423,0.6213592233009709,0.9444444444444444,0.6274509803921569,0.6153846153846154,39,0.6153846153846154,0.7884615384615384
2221.2024018447846,660578.5601363423,0.6213592233009709,0.9444444444444444,0.6274509803921569,0.6153846153846154,39,0.6153846153846154,0.7884615384615384
2221.2024018447846,660578.5601363423,0.6213592233009709,0.9444444444444444,0.6274509803921569,0.6153846153846154,39,0.6153846153846154,0.7884615384615384
2221.2024018447846,660578.5601363423,0.6213592233009709,0.9444444444444444,0.6274509803921569,0.6153846153846154,39,0.6153846153846154,0.7884615384615384
2221.2024018447846,660578.5601363423,0.6213592233009709,0.9444444444444444,0.6274509803921569,0.6153846153846154,39,0.6153846153846154,0.7884615384615384
2221.2024018447846,660578.5601363423,0.6213592233009709,0.9444444444444444,0.6274509803921569,0.6153846153846154,39,0.6153846153846154,0.7884615384615384
2221.2024018447846,660578.5601363423,0.6213592233009709,0.9444444444444444,0.6274509803921569,0.6153846153846154,39,0.6153846153846154,0.7884615384615384
2221.2024018447846,660578.5601363423,0.6213592233009709,0.9444444444444444,0.6274509803921569,0.6153846153846154,39,0.6153846153846154,0.7884615384615384
2221.2024018447846,660578.5601363423,0.6213592233009709,0.9444444444444444,0.6274509803921569,0.6153846153846154,39,0.6153846153846154,0.7884615384615384
2221.2024018447846,660578.5601363423,0.6213592233009709,0.9444444444444444,0.6274509803921569,0.6153846153846154,39,0.6153846153846154,0.7884615384615384
2221.2024018447846,660578.5601363423,0.6213592233009709,0.9444444444444444,0.6274509803921569,0.6153846153846154,39,0.6153846153846154,0.7884615384615384
2221.2024018447846,660578.5601363423,0.6213592233009709,0.9444444444444444,0.6274509803921569,0.6153846153846154,39,0.6153846153846154,0.7884615384615384
2221.2024018447846,660578.5601363423,0.6213592233009709,0.9444444444444444,0.6274509803921569,0.6153846153846154,39,0.6153846153846154,0.7884615384615384
2221.2024018447846,660578.5601363423,0.6213592233009709,0.9444444444444444,0.6274509803921569,0.6153846153846154,39,0.6153846153846154,0.7884615384615384
2221.2024018447846,660578.5601363423,0.6213592233009709,0.9444444444444444,0.6274509803921569,0.6153846153846154,39,0.6153846153846154,0.7884615384615384
2221.2024018447846,660578.5601363423,0.6213592233009709,0.9444444444444444,0.6274509803921569,0.6153846153846154,39,0.6153846153846154,0.7884615384615384
2221.2024018447846,660578.5601363423,0.6213592233009709,0.9444444444444444,0.6274509803921569,0.6153846153846154,39,0.6153846153846154,0.7884615384615384
2221.2024018447846,660578.5601363423,0.6213592233009709,0.9444444444444444,0.6274509803921569,0.6153846153846154,39,0.6153846153846154,0.7884615384615384
2221.2024018447846,660578.5601363423,0.6213592233009709,0.9444444444444444,0.6274509803921569,0.6153846153846154,39,0.6153846153846154,0.7884615384615384
2221.2024018447846,660578.5601363423,0.6213592233009709,0.9444444444444444,0.6274509803921569,0.6153846153846154,39,0.6153846153846154,0.7884615384615384
2221.2024018447846,660578.5601363423,0.6213592233009709,0.9444444444444444,0.6274509803921569,0.6153846153846154,39,0.6153846153846154,0.7884615384615384
2221.2024018447846,660578.5601363423,0.6213592233009709,0.9444444444444444,0.6274509803921569,0.6153846153846154,39,0.6153846153846154,0.7884615384615384
2221.2024018447846,660578.5601363423,0.6213592233009709,0.9444444444444444,0.6274509803921569,0.6153846153846154,39,0.6153846153846154,0.7884615384615384
2221.2024018447846,660578.5601363423,0.6213592233009709,0.9444444444444444,0.6274509803921569,0.6153846153846154,39,0.6153846153846154,0.7884615384615384
2221.2024018447846,660578.5601363423,0.6213592233009709,0.9444444444444444,0.6274509803921569,0.6153846153846154,39,0.6153846153846154,0.7884615384615384
2221.2024018447846,660578.5601363423,0.6213592233009709,0.9444444444444444,0.6274509803921569,0.6153846153846154,39,0.6153846153846154,0.7884615384615384
2221.2024018447846,660578.5601363423,0.6213592233009709,0.9444444444444444,0.6274509803921569,0.6153846153846154,39,0.6153846153846154,0.7884615384615384
2221.2024018447846,660578.5601363423,0.6213592233009709,0.9444444444444444,0.6274509803921569,0.6153846153846154,39,0.6153846153846154,0.7884615384615384
2221.2024018447846,660578.5601363423,0.6213592233009709,0.9444444444444444,0.6274509803921569,0.6153846153846154,39,0.6153846153846154,0.7884615384615384
2221.2024018447846,660578.5601363423,0.6213592233009709,0.9444444444444444,0.6274509803921569,0.6153846153846154,39,0.6153846153846154,0.7884615384615384
2221.2024018447846,660578.5601363423,0.6213592233009709,0.9444444444444444,0.6274509803921569,0.6153846153846154,39,0.6153846153846154,0.7884615384615384
2221.2024018447846,660578.5601363423,0.6213592233009709,0.9444444444444444,0.6274509803921569,0.6153846153846154,39,0.6153846153846154,0.7884615384615384
2221.2024018447846,660578.5601363423,0.6213592233009709,0.9444444444444444,0.6274509803921569,0.6153846153846154,39,0.6153846153846154,0.7884615384615384
2221.2024018447846,660578.5601363423,0.6213592233009709,0.9444444444444444,0.6274509803921569,0.6153846153846154,39,0.6153846153846154,0.7884615384615384
2221.2024018447846,660578.5601363423,0.6213592233009709,0.9444444444444444,0.6274509803921569,0.6153846153846154,39,0.6153846153846154,0.7884615384615384
2221.2024018447846,660578.5601363423,0.6213592233009709,0.9444444444444444,0.6274509803921569,0.6153846153846154,39,0.6153846153846154,0.7884615384615384
2221.2024018447846,660578.5601363423,0.6213592233009709,0.9444444444444444,0.6274509803921569,0.6153846153846154,39,0.6153846153846154,0.7884615384615384
2221.2024018447846,660578.5601363423,0.6213592233009709,0.9444444444444444,0.6274509803921569,0.6153846153846154,39,0.6153846153846154,0.7884615384615384
2221.2024018447846,660578.5601363423,0.6213592233009709,0.9444444444444444,0.6274509803921569,0.6153846153846154,39,0.6153846153846154,0.7884615384615384
2221.2024018447846,660578.5601363423,0.6213592233009709,0.9444444444444444,0.6274509803921569,0.6153846153846154,39,0.6153846153846154,0.7884615384615384
2221.2024018447846,660578.5601363423,0.6213592233009709,0.9444444444444444,0.6274509803921569,0.6153846153846154,39,0.6153846153846154,0.7884615384615384
2221.2024018447846,660578.5601363423,0.6213592233009709,0.9444444444444444,0.6274509803921569,0.6153846153846154,39,0.6153846153846154,0.7884615384615384
2221.2024018447846,660578.5601363423,0.6213592233009709,0.9444444444444444,0.6274509803921569,0.6153846153846154,39,0.6153846153846154,0.7884615384615384
2221.2024018447846,660578.5601363423,0.6213592233009709,0.9444444444444444,0.6274509803921569,0.6153846153846154,39,0.6153846153846154,0.7884615384615384
2221.2024018447846,660578.5601363423,0.6213592233009709,0.9444444444444444,0.6274509803921569,0.6153846153846154,39,0.6153846153846154,0.7884615384615384
2221.2024018447846,660578.5601363423,0.6213592233009709,0.9444444444444444,0.6274509803921569,0.6153846153846154,39,0.6153846153846154,0.7884615384615384
2221.2024018447846,660578.5601363423,0.6213592233009709,0.9444444444444444,0.6274509803921569,0.6153846153846154,39,0.6153846153846154,0.7884615384615384
2221.2024018447846,660578.5601363423,0.6213592233009709,0.9444444444444444,0.6274509803921569,0.6153846153846154,39,0.6153846153846154,0.7884615384615384
2221.2024018447846,660578.5601363423,0.6213592233009709,0.9444444444444444,0.6274509803921569,0.6153846153846154,39,0.6153846153846154,0.7884615384615384
2221.2024018447846,660578.5601363423,0.6213592233009709,0.9444444444444444,0.6274509803921569,0.6153846153846154,39,0.6153846153846154,0.7884615384615384
2221.2024018447846,660578.5601363423,0.6213592233009709,0.9444444444444444,0.6274509803921569,0.6153846153846154,39,0.6153846153846154,0.7884615384615384
2221.2024018447846,660578.5601363423,0.6213592233009709,0.9444444444444444,0.6274509803921569,0.6153846153846154,39,0.6153846153846154,0.7884615384615384
2221.2024018447846,660578.5601363423,0.6213592233009709,0.9444444444444444,0.6274509803921569,0.6153846153846154,39,0.6153846153846154,0.7884615384615384
2221.2024018447846,660578.5601363423,0.6213592233009709,0.9444444444444444,0.6274509803921569,0.6153846153846154,39,0.6153846153846154,0.7884615384615384
2221.2024018447846,660578.5601363423,0.6213592233009709,0.9444444444444444,0.6274509803921569,0.6153846153846154,39,0.6153846153846154,0.7884615384615384
2221.2024018447846,660578.5601363423,0.6213592233009709,0.9444444444444444,0.6274509803921569,0.6153846153846154,39,0.6153846153846154,0.7884615384615384
2221.2024018447846,660578.5601363423,0.6213592233009709,0.9444444444444444,0.6274509803921569,0.6153846153846154,39,0.6153846153846154,0.7884615384615384
2221.2024018447846,660578.5601363423,0.6213592233009709,0.9444444444444444,0.6274509803921569,0.6153846153846154,39,0.6153846153846154,0.7884615384615384
2221.2024018447846,660578.5601363423,0.6213592233009709,0.9444444444444444,0.6274509803921569,0.6153846153846154,39,0.6153846153846154,0.7884615384615384
2221.2024018447846,660578.5601363423,0.6213592233009709,0.9444444444444444,0.6274509803921569,0.6153846153846154,39,0.6153846153846154,0.7884615384615384
2221.2024018447846,660578.5601363423,0.6213592233009709,0.9444444444444444,0.6274509803921569,0.6153846153846154,39,0.6153846153846154,0.7884615384615384
2221.2024018447846,660578.5601363423,0.6213592233009709,0.9444444444444444,0.6274509803921569,0.6153846153846154,39,0.6153846153846154,0.7884615384615384
2221.2024018447846,660578.5601363423,0.6213592233009709,0.9444444444444444,0.6274509803921569,0.6153846153846154,39,0.6153846153846154,0.7884615384615384
2221.2024018447846,660578.5601363423,0.6213592233009709,0.9444444444444444,0.6274509803921569,0.6153846153846154,39,0.6153846153846154,0.7884615384615384
2221.2024018447846,660578.5601363423,0.6213592233009709,0.9444444444444444,0.6274509803921569,0.6153846153846154,39,0.6153846153846154,0.7884615384615384
2221.2024018447846,660578.5601363423,0.6213592233009709,0.9444444444444444,0.6274509803921569,0.6153846153846154,39,0.6153846153846154,0.7884615384615384
2221.2024018447846,660578.5601363423,0.6213592233009709,0.9444444444444444,0.6274509803921569,0.6153846153846154,39,0.6153846153846154,0.7884615384615384
2221.2024018447846,660578.5601363423,0.6213592233009709,0.9444444444444444,0.6274509803921569,0.6153846153846154,39,0.6153846153846154,0.7884615384615384
2221.2024018447846,660578.5601363423,0.6213592233009709,0.9444444444444444,0.6274509803921569,0.6153846153846154,39,0.6153846153846154,0.7884615384615384
2221.2024018447846,660578.5601363423,0.6213592233009709,0.9444444444444444,0.6274509803921569,0.6153846153846154,39,0.6153846153846154,0.7884615384615384
2221.2024018447846,660578.5601363423,0.6213592233009709,0.9444444444444444,0.6274509803921569,0.6153846153846154,39,0.6153846153846154,0.7884615384615384
2221.2024018447846,660578.5601363423,0.6213592233009709,0.9444444444444444,0.6274509803921569,0.6153846153846154,39,0.6153846153846154,0.7884615384615384
2221.2024018447846,660578.5601363423,0.6213592233009709,0.9444444444444444,0.6274509803921569,0.6153846153846154,39,0.6153846153846154,0.7884615384615384
2221.2024018447846,660578.5601363423,0.6213592233009709,0.9444444444444444,0.6274509803921569,0.6153846153846154,39,0.6153846153846154,0.7884615384615384
2221.2024018447846,660578.5601363423,0.6213592233009709,0.9444444444444444,0.6274509803921569,0.6153846153846154,39,0.6153846153846154,0.7884615384615384
2221.2024018447846,660578.5601363423,0.6213592233009709,0.9444444444444444,0.6274509803921569,0.6153846153846154,39,0.6153846153846154,0.7884615384615384
2221.2024018447846,660578.5601363423,0.6213592233009709,0.9444444444444444,0.6274509803921569,0.6153846153846154,39,0.6153846153846154,0.7884615384615384
2221.2024018447846,660578.5601363423,0.6213592233009709,0.9444444444444444,0.6274509803921569,0.6153846153846154,39,0.6153846153846154,0.7884615384615384
2221.2024018447846,660578.5601363423,0.6213592233009709,0.9444444444444444,0.6274509803921569,0.6153846153846154,39,0.6153846153846154,0.7884615384615384
2221.2024018447846,660578.5601363423,0.6213592233009709,0.9444444444444444,0.6274509803921569,0.6153846153846154,39,0.6153846153846154,0.7884615384615384
2221.2024018447846,660578.5601363423,0.6213592233009709,0.9444444444444444,0.6274509803921569,0.6153846153846154,39,0.6153846153846154,0.7884615384615384
2221.2024018447846,660578.5601363423,0.6213592233009709,0.9444444444444444,0.6274509803921569,0.6153846153846154,39,0.6153846153846154,0.7884615384615384
2221.2024018447846,660578.5601363423,0.6213592233009709,0.9444444444444444,0.6274509803921569,0.6153846153846154,39,0.6153846153846154,0.7884615384615384
2221.2024018447846,660578.5601363423,0.6213592233009709,0.9444444444444444,0.6274509803921569,0.6153846153846154,39,0.6153846153846154,0.7884615384615384
2221.2024018447846,660578.5601363423,0.6213592233009709,0.9444444444444444,0.6274509803921569,0.6153846153846154,39,0.6153846153846154,0.7884615384615384
2221.2024018447846,660578.5601363423,0.6213592233009709,0.9444444444444444,0.6274509803921569,0.6153846153846154,39,0.6153846153846154,0.7884615384615384
2221.2024018447846,660578.5601363423,0.6213592233009709,0.9444444444444444,0.6274509803921569,0.6153846153846154,39,0.6153846153846154,0.7884615384615384
2221.2024018447846,660578.5601363423,0.6213592233009709,0.9444444444444444,0.6274509803921569,0.6153846153846154,39,0.6153846153846154,0.7884615384615384
2221.2024018447846,660578.5601363423,0.6213592233009709,0.9444444444444444,0.6274509803921569,0.6153846153846154,39,0.6153846153846154,0.7884615384615384
2221.2024018447846,660578.5601363423,0.6213592233009709,0.9444444444444444,0.6274509803921569,0.6153846153846154,39,0.6153846153846154,0.7884615384615384
2221.2024018447846,660578.5601363423,0.6213592233009709,0.9444444444444444,0.6274509803921569,0.6153846153846154,39,0.6153846153846154,0.7884615384615384
2221.2024018447846,660578.5601363423,0.6213592233009709,0.9444444444444444,0.6274509803921569,0.6153846153846154,39,0.6153846153846154,0.7884615384615384
2221.2024018447846,660578.5601363423,0.6213592233009709,0.9444444444444444,0.6274509803921569,0.6153846153846154,39,0.6153846153846154,0.7884615384615384
2221.2024018447846,660578.5601363423,0.6213592233009709,0.9444444444444444,0.6274509803921569,0.6153846153846154,39,0.6153846153846154,0.7884615384615384
2221.2024018447846,660578.5601363423,0.6213592233009709,0.9444444444444444,0.6274509803921569,0.6153846153846154,39,0.6153846153846154,0.7884615384615384
2221.2024018447846,660578.5601363423,0.6213592233009709,0.9444444444444444,0.6274509803921569,0.6153846153846154,39,0.6153846153846154,0.7884615384615384
2221.2024018447846,660578.5601363423,0.6213592233009709,0.9444444444444444,0.6274509803921569,0.6153846153846154,39,0.6153846153846154,0.7884615384615384
2221.2024018447846,660578.5601363423,0.6213592233009709,0.9444444444444444,0.6274509803921569,0.6153846153846154,39,0.6153846153846154,0.7884615384615384
2221.2024018447846,660578.5601363423,0.6213592233009709,0.9444444444444444,0.6274509803921569,0.6153846153846154,39,0.6153846153846154,0.7884615384615384
2221.2024018447846,660578.5601363423,0.6213592233009709,0.9444444444444444,0.6274509803921569,0.6153846153846154,39,0.6153846153846154,0.7884615384615384
2221.2024018447846,660578.5601363423,0.6213592233009709,0.9444444444444444,0.6274509803921569,0.6153846153846154,39,0.6153846153846154,0.7884615384615384
2221.2024018447846,660578.5601363423,0.6213592233009709,0.9444444444444444,0.6274509803921569,0.6153846153846154,39,0.6153846153846154,0.7884615384615384
2221.2024018447846,660578.5601363423,0.6213592233009709,0.9444444444444444,0.6274509803921569,0.6153846153846154,39,0.6153846153846154,0.7884615384615384
2221.2024018447846,660578.5601363423,0.6213592233009709,0.9444444444444444,0.6274509803921569,0.6153846153846154,39,0.6153846153846154,0.7884615384615384
2221.2024018447846,660578.5601363423,0.6213592233009709,0.9444444444444444,0.6274509803921569,0.6153846153846154,39,0.6153846153846154,0.7884615384615384
2221.2024018447846,660578.5601363423,0.6213592233009709,0.9444444444444444,0.6274509803921569,0.6153846153846154,39,0.6153846153846154,0.7884615384615384
2221.2024018447846,660578.5601363423,0.6213592233009709,0.9444444444444444,0.6274509803921569,0.6153846153846154,39,0.6153846153846154,0.7884615384615384
2221.2024018447846,660578.5601363423,0.6213592233009709,0.9444444444444444,0.6274509803921569,0.6153846153846154,39,0.6153846153846154,0.7884615384615384
2221.2024018447846,660578.5601363423,0.6213592233009709,0.9444444444444444,0.6274509803921569,0.6153846153846154,39,0.6153846153846154,0.7884615384615384
2221.2024018447846,660578.5601363423,0.6213592233009709,0.9444444444444444,0.6274509803921569,0.6153846153846154,39,0.6153846153846154,0.7884615384615384
2221.2024018447846,660578.5601363423,0.6213592233009709,0.9444444444444444,0.6274509803921569,0.6153846153846154,39,0.6153846153846154,0.7884615384615384
2221.2024018447846,660578.5601363423,0.6213592233009709,0.9444444444444444,0.6274509803921569,0.6153846153846154,39,0.6153846153846154,0.7884615384615384
2221.2024018447846,660578.5601363423,0.6213592233009709,0.9444444444444444,0.6274509803921569,0.6153846153846154,39,0.6153846153846154,0.7884615384615384
2221.2024018447846,660578.5601363423,0.6213592233009709,0.9444444444444444,0.6274509803921569,0.6153846153846154,39,0.6153846153846154,0.7884615384615384
2221.2024018447846,660578.5601363423,0.6213592233009709,0.9444444444444444,0.6274509803921569,0.6153846153846154,39,0.6153846153846154,0.7884615384615384
2221.2024018447846,660578.5601363423,0.6213592233009709,0.9444444444444444,0.6274509803921569,0.6153846153846154,39,0.6153846153846154,0.7884615384615384
2221.2024018447846,660578.5601363423,0.6213592233009709,0.9444444444444444,0.6274509803921569,0.6153846153846154,39,0.6153846153846154,0.7884615384615384
2221.2024018447846,660578.5601363423,0.6213592233009709,0.9444444444444444,0.6274509803921569,0.6153846153846154,39,0.6153846153846154,0.7884615384615384
2221.2024018447846,660578.5601363423,0.6213592233009709,0.9444444444444444,0.6274509803921569,0.6153846153846154,39,0.6153846153846154,0.7884615384615384
2221.2024018447846,660578.5601363423,0.6213592233009709,0.9444444444444444,0.6274509803921569,0.6153846153846154,39,0.6153846153846154,0.7884615384615384
2221.2024018447846,660578.5601363423,0.6213592233009709,0.9444444444444444,0.6274509803921569,0.6153846153846154,39,0.6153846153846154,0.7884615384615384
2221.2024018447846,660578.5601363423,0.6213592233009709,0.9444444444444444,0.6274509803921569,0.6153846153846154,39,0.6153846153846154,0.7884615384615384
2221.2024018447846,660578.5601363423,0.6213592233009709,0.9444444444444444,0.6274509803921569,0.6153846153846154,39,0.6153846153846154,0.7884615384615384
2221.2024018447846,660578.5601363423,0.6213592233009709,0.9444444444444444,0.6274509803921569,0.6153846153846154,39,0.6153846153846154,0.7884615384615384
2221.2024018447846,660578.5601363423,0.6213592233009709,0.9444444444444444,0.6274509803921569,0.6153846153846154,39,0.6153846153846154,0.7884615384615384
2221.2024018447846,660578.5601363423,0.6213592233009709,0.9444444444444444,0.6274509803921569,0.6153846153846154,39,0.6153846153846154,0.7884615384615384
2221.2024018447846,660578.5601363423,0.6213592233009709,0.9444444444444444,0.6274509803921569,0.6153846153846154,39,0.6153846153846154,0.7884615384615384
2221.2024018447846,660578.5601363423,0.6213592233009709,0.9444444444444444,0.6274509803921569,0.6153846153846154,39,0.6153846153846154,0.7884615384615384
2221.2024018447846,660578.5601363423,0.6213592233009709,0.9444444444444444,0.6274509803921569,0.6153846153846154,39,0.6153846153846154,0.7884615384615384
2221.2024018447846,660578.5601363423,0.6213592233009709,0.9444444444444444,0.6274509803921569,0.6153846153846154,39,0.6153846153846154,0.7884615384615384
2221.2024018447846,660578.5601363423,0.6213592233009709,0.9444444444444444,0.6274509803921569,0.6153846153846154,39,0.6153846153846154,0.7884615384615384
2221.2024018447846,660578.5601363423,0.6213592233009709,0.9444444444444444,0.6274509803921569,0.6153846153846154,39,0.6153846153846154,0.7884615384615384
2221.2024018447846,660578.5601363423,0.6213592233009709,0.9444444444444444,0.6274509803921569,0.6153846153846154,39,0.6153846153846154,0.7884615384615384
2221.2024018447846,660578.5601363423,0.6213592233009709,0.9444444444444444,0.6274509803921569,0.6153846153846154,39,0.6153846153846154,0.7884615384615384
2221.2024018447846,660578.5601363423,0.6213592233009709,0.9444444444444444,0.6274509803921569,0.6153846153846154,39,0.6153846153846154,0.7884615384615384
2221.2024018447846,660578.5601363423,0.6213592233009709,0.9444444444444444,0.6274509803921569,0.6153846153846154,39,0.6153846153846154,0.7884615384615384
2221.2024018447846,660578.5601363423,0.6213592233009709,0.9444444444444444,0.6274509803921569,0.6153846153846154,39,0.6153846153846154,0.7884615384615384
2221.2024018447846,660578.5601363423,0.6213592233009709,0.9444444444444444,0.6274509803921569,0.6153846153846154,39,0.6153846153846154,0.7884615384615384
2221.2024018447846,660578.5601363423,0.6213592233009709,0.9444444444444444,0.6274509803921569,0.6153846153846154,39,0.6153846153846154,0.7884615384615384
2221.2024018447846,660578.5601363423,0.6213592233009709,0.9444444444444444,0.6274509803921569,0.6153846153846154,39,0.6153846153846154,0.7884615384615384
2221.2024018447846,660578.5601363423,0.6213592233009709,0.9444444444444444,0.6274509803921569,0.6153846153846154,39,0.6153846153846154,0.7884615384615384
2221.2024018447846,660578.5601363423,0.6213592233009709,0.9444444444444444,0.6274509803921569,0.6153846153846154,39,0.6153846153846154,0.7884615384615384
2221.2024018447846,660578.5601363423,0.6213592233009709,0.9444444444444444,0.6274509803921569,0.6153846153846154,39,0.6153846153846154,0.7884615384615384
2221.2024018447846,660578.5601363423,0.6213592233009709,0.9444444444444444,0.6274509803921569,0.6153846153846154,39,0.6153846153846154,0.7884615384615384
2221.2024018447846,660578.5601363423,0.6213592233009709,0.9444444444444444,0.6274509803921569,0.6153846153846154,39,0.6153846153846154,0.7884615384615384
2221.2024018447846,660578.5601363423,0.6213592233009709,0.9444444444444444,0.6274509803921569,0.6153846153846154,39,0.6153846153846154,0.7884615384615384
2221.2024018447846,660578.5601363423,0.6213592233009709,0.9444444444444444,0.6274509803921569,0.6153846153846154,39,0.6153846153846154,0.7884615384615384
2221.2024018447846,660578.5601363423,0.6213592233009709,0.9444444444444444,0.6274509803921569,0.6153846153846154,39,0.6153846153846154,0.7884615384615384
2221.2024018447846,660578.5601363423,0.6213592233009709,0.9444444444444444,0.6274509803921569,0.6153846153846154,39,0.6153846153846154,0.7884615384615384
2221.2024018447846,660578.5601363423,0.6213592233009709,0.9444444444444444,0.6274509803921569,0.6153846153846154,39,0.6153846153846154,0.7884615384615384
2221.2024018447846,660578.5601363423,0.6213592233009709,0.9444444444444444,0.6274509803921569,0.6153846153846154,39,0.6153846153846154,0.7884615384615384
2221.2024018447846,660578.5601363423,0.6213592233009709,0.9444444444444444,0.6274509803921569,0.6153846153846154,39,0.6153846153846154,0.7884615384615384
2221.2024018447846,660578.5601363423,0.6213592233009709,0.9444444444444444,0.6274509803921569,0.6153846153846154,39,0.6153846153846154,0.7884615384615384
2221.2024018447846,660578.5601363423,0.6213592233009709,0.9444444444444444,0.6274509803921569,0.6153846153846154,39,0.6153846153846154,0.7884615384615384
2221.2024018447846,660578.5601363423,0.6213592233009709,0.9444444444444444,0.6274509803921569,0.6153846153846154,39,0.6153846153846154,0.7884615384615384
2221.2024018447846,660578.5601363423,0.6213592233009709,0.9444444444444444,0.6274509803921569,0.6153846153846154,39,0.6153846153846154,0.7884615384615384
2221.2024018447846,660578.5601363423,0.6213592233009709,0.9444444444444444,0.6274509803921569,0.6153846153846154,39,0.6153846153846154,0.7884615384615384
2221.2024018447846,660578.5601363423,0.6213592233009709,0.9444444444444444,0.6274509803921569,0.6153846153846154,39,0.6153846153846154,0.7884615384615384
2221.2024018447846,660578.5601363423,0.6213592233009709,0.9444444444444444,0.6274509803921569,0.6153846153846154,39,0.6153846153846154,0.7884615384615384
2221.2024018447846,660578.5601363423,0.6213592233009709,0.9444444444444444,0.6274509803921569,0.6153846153846154,39,0.6153846153846154,0.7884615384615384
2221.2024018447846,660578.5601363423,0.6213592233009709,0.9444444444444444,0.6274509803921569,0.6153846153846154,39,0.6153846153846154,0.7884615384615384
2221.2024018447846,660578.5601363423,0.6213592233009709,0.9444444444444444,0.6274509803921569,0.6153846153846154,39,0.6153846153846154,0.7884615384615384
2221.2024018447846,660578.5601363423,0.6213592233009709,0.9444444444444444,0.6274509803921569,0.6153846153846154,39,0.6153846153846154,0.7884615384615384
2221.2024018447846,660578.5601363423,0.6213592233009709,0.9444444444444444,0.6274509803921569,0.6153846153846154,39,0.6153846153846154,0.7884615384615384
2221.2024018447846,660578.5601363423,0.6213592233009709,0.9444444444444444,0.6274509803921569,0.6153846153846154,39,0.6153846153846154,0.7884615384615384
2221.2024018447846,660578.5601363423,0.6213592233009709,0.9444444444444444,0.6274509803921569,0.6153846153846154,39,0.6153846153846154,0.7884615384615384
2221.2024018447846,660578.5601363423,0.6213592233009709,0.9444444444444444,0.6274509803921569,0.6153846153846154,39,0.6153846153846154,0.7884615384615384
2221.2024018447846,660578.5601363423,0.6213592233009709,0.9444444444444444,0.6274509803921569,0.6153846153846154,39,0.6153846153846154,0.7884615384615384
2221.2024018447846,660578.5601363423,0.6213592233009709,0.9444444444444444,0.6274509803921569,0.6153846153846154,39,0.6153846153846154,0.7884615384615384
2221.2024018447846,660578.5601363423,0.6213592233009709,0.9444444444444444,0.6274509803921569,0.6153846153846154,39,0.6153846153846154,0.7884615384615384
2221.2024018447846,660578.5601363423,0.6213592233009709,0.9444444444444444,0.6274509803921569,0.6153846153846154,39,0.6153846153846154,0.7884615384615384
2221.2024018447846,660578.5601363423,0.6213592233009709,0.9444444444444444,0.6274509803921569,0.6153846153846154,39,0.6153846153846154,0.7884615384615384
2221.2024018447846,660578.5601363423,0.6213592233009709,0.9444444444444444,0.6274509803921569,0.6153846153846154,39,0.6153846153846154,0.7884615384615384
2221.2024018447846,660578.5601363423,0.6213592233009709,0.9444444444444444,0.6274509803921569,0.6153846153846154,39,0.6153846153846154,0.7884615384615384
2221.2024018447846,660578.5601363423,0.6213592233009709,0.9444444444444444,0.6274509803921569,0.6153846153846154,39,0.6153846153846154,0.7884615384615384
2221.2024018447846,660578.5601363423,0.6213592233009709,0.9444444444444444,0.6274509803921569,0.6153846153846154,39,0.6153846153846154,0.7884615384615384
2221.2024018447846,660578.5601363423,0.6213592233009709,0.9444444444444444,0.6274509803921569,0.6153846153846154,39,0.6153846153846154,0.7884615384615384
2221.2024018447846,660578.5601363423,0.6213592233009709,0.9444444444444444,0.6274509803921569,0.6153846153846154,39,0.6153846153846154,0.7884615384615384
2221.2024018447846,660578.5601363423,0.6213592233009709,0.9444444444444444,0.6274509803921569,0.6153846153846154,39,0.6153846153846154,0.7884615384615384
2221.2024018447846,660578.5601363423,0.6213592233009709,0.9444444444444444,0.6274509803921569,0.6153846153846154,39,0.6153846153846154,0.7884615384615384
2221.2024018447846,660578.5601363423,0.6213592233009709,0.9444444444444444,0.6274509803921569,0.6153846153846154,39,0.6153846153846154,0.7884615384615384
2221.2024018447846,660578.5601363423,0.6213592233009709,0.9444444444444444,0.6274509803921569,0.6153846153846154,39,0.6153846153846154,0.7884615384615384
2221.2024018447846,660578.5601363423,0.6213592233009709,0.9444444444444444,0.6274509803921569,0.6153846153846154,39,0.6153846153846154,0.7884615384615384
2221.2024018447846,660578.5601363423,0.6213592233009709,0.9444444444444444,0.6274509803921569,0.6153846153846154,39,0.6153846153846154,0.7884615384615384
2221.2024018447846,660578.5601363423,0.6213592233009709,0.9444444444444444,0.6274509803921569,0.6153846153846154,39,0.6153846153846154,0.7884615384615384
2221.2024018447846,660578.5601363423,0.6213592233009709,0.9444444444444444,0.6274509803921569,0.6153846153846154,39,0.6153846153846154,0.7884615384615384
2221.2024018447846,660578.5601363423,0.6213592233009709,0.9444444444444444,0.6274509803921569,0.6153846153846154,39,0.6153846153846154,0.7884615384615384
2221.2024018447846,660578.5601363423,0.6213592233009709,0.9444444444444444,0.6274509803921569,0.6153846153846154,39,0.6153846153846154,0.7884615384615384
2221.2024018447846,660578.5601363423,0.6213592233009709,0.9444444444444444,0.6274509803921569,0.6153846153846154,39,0.6153846153846154,0.7884615384615384
2221.2024018447846,660578.5601363423,0.6213592233009709,0.9444444444444444,0.6274509803921569,0.6153846153846154,39,0.6153846153846154,0.7884615384615384
2221.2024018447846,660578.5601363423,0.6213592233009709,0.9444444444444444,0.6274509803921569,0.6153846153846154,39,0.6153846153846154,0.7884615384615384
2221.2024018447846,660578.5601363423,0.6213592233009709,0.9444444444444444,0.6274509803921569,0.6153846153846154,39,0.6153846153846154,0.7884615384615384
2221.2024018447846,660578.5601363423,0.6213592233009709,0.9444444444444444,0.6274509803921569,0.6153846153846154,39,0.6153846153846154,0.7884615384615384
2221.2024018447846,660578.5601363423,0.6213592233009709,0.9444444444444444,0.6274509803921569,0.6153846153846154,39,0.6153846153846154,0.7884615384615384
2221.2024018447846,660578.5601363423,0.6213592233009709,0.9444444444444444,0.6274509803921569,0.6153846153846154,39,0.6153846153846154,0.7884615384615384
2221.2024018447846,660578.5601363423,0.6213592233009709,0.9444444444444444,0.6274509803921569,0.6153846153846154,39,0.6153846153846154,0.7884615384615384
2221.2024018447846,660578.5601363423,0.6213592233009709,0.9444444444444444,0.6274509803921569,0.6153846153846154,39,0.6153846153846154,0.7884615384615384
2221.2024018447846,660578.5601363423,0.6213592233009709,0.9444444444444444,0.6274509803921569,0.6153846153846154,39,0.6153846153846154,0.7884615384615384
2221.2024018447846,660578.5601363423,0.6213592233009709,0.9444444444444444,0.6274509803921569,0.6153846153846154,39,0.6153846153846154,0.7884615384615384
2221.2024018447846,660578.5601363423,0.6213592233009709,0.9444444444444444,0.6274509803921569,0.6153846153846154,39,0.6153846153846154,0.7884615384615384
2221.2024018447846,660578.5601363423,0.6213592233009709,0.9444444444444444,0.6274509803921569,0.6153846153846154,39,0.6153846153846154,0.7884615384615384
2221.2024018447846,660578.5601363423,0.6213592233009709,0.9444444444444444,0.6274509803921569,0.6153846153846154,39,0.6153846153846154,0.7884615384615384
2221.2024018447846,660578.5601363423,0.6213592233009709,0.9444444444444444,0.6274509803921569,0.6153846153846154,39,0.6153846153846154,0.7884615384615384
2221.2024018447846,660578.5601363423,0.6213592233009709,0.9444444444444444,0.6274509803921569,0.6153846153846154,39,0.6153846153846154,0.7884615384615384
2221.2024018447846,660578.5601363423,0.6213592233009709,0.9444444444444444,0.6274509803921569,0.6153846153846154,39,0.6153846153846154,0.7884615384615384
2221.2024018447846,660578.5601363423,0.6213592233009709,0.9444444444444444,0.6274509803921569,0.6153846153846154,39,0.6153846153846154,0.7884615384615384
2221.2024018447846,660578.5601363423,0.6213592233009709,0.9444444444444444,0.6274509803921569,0.6153846153846154,39,0.6153846153846154,0.7884615384615384
2221.2024018447846,660578.5601363423,0.6213592233009709,0.9444444444444444,0.6274509803921569,0.6153846153846154,39,0.6153846153846154,0.7884615384615384
2221.2024018447846,660578.5601363423,0.6213592233009709,0.9444444444444444,0.6274509803921569,0.6153846153846154,39,0.6153846153846154,0.7884615384615384
2221.2024018447846,660578.5601363423,0.6213592233009709,0.9444444444444444,0.6274509803921569,0.6153846153846154,39,0.6153846153846154,0.7884615384615384
2221.2024018447846,660578.5601363423,0.6213592233009709,0.9444444444444444,0.6274509803921569,0.6153846153846154,39,0.6153846153846154,0.7884615384615384
2221.2024018447846,660578.5601363423,0.6213592233009709,0.9444444444444444,0.6274509803921569,0.6153846153846154,39,0.6153846153846154,0.7884615384615384
2221.2024018447846,660578.5601363423,0.6213592233009709,0.9444444444444444,0.6274509803921569,0.6153846153846154,39,0.6153846153846154,0.7884615384615384
2221.2024018447846,660578.5601363423,0.6213592233009709,0.9444444444444444,0.6274509803921569,0.6153846153846154,39,0.6153846153846154,0.7884615384615384
2221.2024018447846,660578.5601363423,0.6213592233009709,0.9444444444444444,0.6274509803921569,0.6153846153846154,39,0.6153846153846154,0.7884615384615384
2221.2024018447846,660578.5601363423,0.6213592233009709,0.9444444444444444,0.6274509803921569,0.6153846153846154,39,0.6153846153846154,0.7884615384615384
2221.2024018447846,660578.5601363423,0.6213592233009709,0.9444444444444444,0.6274509803921569,0.6153846153846154,39,0.6153846153846154,0.7884615384615384
2221.2024018447846,660578.5601363423,0.6213592233009709,0.9444444444444444,0.6274509803921569,0.6153846153846154,39,0.6153846153846154,0.7884615384615384
2221.2024018447846,660578.5601363423,0.6213592233009709,0.9444444444444444,0.6274509803921569,0.6153846153846154,39,0.6153846153846154,0.7884615384615384
2221.2024018447846,660578.5601363423,0.6213592233009709,0.9444444444444444,0.6274509803921569,0.6153846153846154,39,0.6153846153846154,0.7884615384615384
2221.2024018447846,660578.5601363423,0.6213592233009709,0.9444444444444444,0.6274509803921569,0.6153846153846154,39,0.6153846153846154,0.7884615384615384
2221.2024018447846,660578.5601363423,0.6213592233009709,0.9444444444444444,0.6274509803921569,0.6153846153846154,39,0.6153846153846154,0.7884615384615384
2221.2024018447846,660578.5601363423,0.6213592233009709,0.9444444444444444,0.6274509803921569,0.6153846153846154,39,0.6153846153846154,0.7884615384615384
2221.2024018447846,660578.5601363423,0.6213592233009709,0.9444444444444444,0.6274509803921569,0.6153846153846154,39,0.6153846153846154,0.7884615384615384
2221.2024018447846,660578.5601363423,0.6213592233009709,0.9444444444444444,0.6274509803921569,0.6153846153846154,39,0.6153846153846154,0.7884615384615384
2221.2024018447846,660578.5601363423,0.6213592233009709,0.9444444444444444,0.6274509803921569,0.6153846153846154,39,0.6153846153846154,0.7884615384615384
2221.2024018447846,660578.5601363423,0.6213592233009709,0.9444444444444444,0.6274509803921569,0.6153846153846154,39,0.6153846153846154,0.7884615384615384
2221.2024018447846,660578.5601363423,0.6213592233009709,0.9444444444444444,0.6274509803921569,0.6153846153846154,39,0.6153846153846154,0.7884615384615384
2221.2024018447846,660578.5601363423,0.6213592233009709,0.9444444444444444,0.6274509803921569,0.6153846153846154,39,0.6153846153846154,0.7884615384615384
2221.2024018447846,660578.5601363423,0.6213592233009709,0.9444444444444444,0.6274509803921569,0.6153846153846154,39,0.6153846153846154,0.7884615384615384
2221.2024018447846,660578.5601363423,0.6213592233009709,0.9444444444444444,0.6274509803921569,0.6153846153846154,39,0.6153846153846154,0.7884615384615384
2221.2024018447846,660578.5601363423,0.6213592233009709,0.9444444444444444,0.6274509803921569,0.6153846153846154,39,0.6153846153846154,0.7884615384615384
2221.2024018447846,660578.5601363423,0.6213592233009709,0.9444444444444444,0.6274509803921569,0.6153846153846154,39,0.6153846153846154,0.7884615384615384
2221.2024018447846,660578.5601363423,0.6213592233009709,0.9444444444444444,0.6274509803921569,0.6153846153846154,39,0.6153846153846154,0.7884615384615384
2221.2024018447846,660578.5601363423,0.6213592233009709,0.9444444444444444,0.6274509803921569,0.6153846153846154,39,0.6153846153846154,0.7884615384615384
2221.2024018447846,660578.5601363423,0.6213592233009709,0.9444444444444444,0.6274509803921569,0.6153846153846154,39,0.6153846153846154,0.7884615384615384
2221.2024018447846,660578.5601363423,0.6213592233009709,0.9444444444444444,0.6274509803921569,0.6153846153846154,39,0.6153846153846154,0.7884615384615384
2221.2024018447846,660578.5601363423,0.6213592233009709,0.9444444444444444,0.6274509803921569,0.6153846153846154,39,0.6153846153846154,0.7884615384615384
2221.2024018447846,660578.5601363423,0.6213592233009709,0.9444444444444444,0.6274509803921569,0.6153846153846154,39,0.6153846153846154,0.7884615384615384
2221.2024018447846,660578.5601363423,0.6213592233009709,0.9444444444444444,0.6274509803921569,0.6153846153846154,39,0.6153846153846154,0.7884615384615384
2221.2024018447846,660578.5601363423,0.6213592233009709,0.9444444444444444,0.6274509803921569,0.6153846153846154,39,0.6153846153846154,0.7884615384615384
2221.2024018447846,660578.5601363423,0.6213592233009709,0.9444444444444444,0.6274509803921569,0.6153846153846154,39,0.6153846153846154,0.7884615384615384
2221.2024018447846,660578.5601363423,0.6213592233009709,0.9444444444444444,0.6274509803921569,0.6153846153846154,39,0.6153846153846154,0.7884615384615384
2221.2024018447846,660578.5601363423,0.6213592233009709,0.9444444444444444,0.6274509803921569,0.6153846153846154,39,0.6153846153846154,0.7884615384615384
2221.2024018447846,660578.5601363423,0.6213592233009709,0.9444444444444444,0.6274509803921569,0.6153846153846154,39,0.6153846153846154,0.7884615384615384
2221.2024018447846,660578.5601363423,0.6213592233009709,0.9444444444444444,0.6274509803921569,0.6153846153846154,39,0.6153846153846154,0.7884615384615384
2221.2024018447846,660578.5601363423,0.6213592233009709,0.9444444444444444,0.6274509803921569,0.6153846153846154,39,0.6153846153846154,0.7884615384615384
2221.2024018447846,660578.5601363423,0.6213592233009709,0.9444444444444444,0.6274509803921569,0.6153846153846154,39,0.6153846153846154,0.7884615384615384
2221.2024018447846,660578.5601363423,0.6213592233009709,0.9444444444444444,0.6274509803921569,0.6153846153846154,39,0.6153846153846154,0.7884615384615384
2221.2024018447846,660578.5601363423,0.6213592233009709,0.9444444444444444,0.6274509803921569,0.6153846153846154,39,0.6153846153846154,0.7884615384615384
2221.2024018447846,660578.5601363423,0.6213592233009709,0.9444444444444444,0.6274509803921569,0.6153846153846154,39,0.6153846153846154,0.7884615384615384
2221.2024018447846,660578.5601363423,0.6213592233009709,0.9444444444444444,0.6274509803921569,0.6153846153846154,39,0.6153846153846154,0.7884615384615384
2221.2024018447846,660578.5601363423,0.6213592233009709,0.9444444444444444,0.6274509803921569,0.6153846153846154,39,0.6153846153846154,0.7884615384615384
2221.2024018447846,660578.5601363423,0.6213592233009709,0.9444444444444444,0.6274509803921569,0.6153846153846154,39,0.6153846153846154,0.7884615384615384
2221.2024018447846,660578.5601363423,0.6213592233009709,0.9444444444444444,0.6274509803921569,0.6153846153846154,39,0.6153846153846154,0.7884615384615384
2221.2024018447846,660578.5601363423,0.6213592233009709,0.9444444444444444,0.6274509803921569,0.6153846153846154,39,0.6153846153846154,0.7884615384615384
2221.2024018447846,660578.5601363423,0.6213592233009709,0.9444444444444444,0.6274509803921569,0.6153846153846154,39,0.6153846153846154,0.7884615384615384
2221.2024018447846,660578.5601363423,0.6213592233009709,0.9444444444444444,0.6274509803921569,0.6153846153846154,39,0.6153846153846154,0.7884615384615384
2221.2024018447846,660578.5601363423,0.6213592233009709,0.9444444444444444,0.6274509803921569,0.6153846153846154,39,0.6153846153846154,0.7884615384615384
2221.2024018447846,660578.5601363423,0.6213592233009709,0.9444444444444444,0.6274509803921569,0.6153846153846154,39,0.6153846153846154,0.7884615384615384
2221.2024018447846,660578.5601363423,0.6213592233009709,0.9444444444444444,0.6274509803921569,0.6153846153846154,39,0.6153846153846154,0.7884615384615384
2221.2024018447846,660578.5601363423,0.6213592233009709,0.9444444444444444,0.6274509803921569,0.6153846153846154,39,0.6153846153846154,0.7884615384615384
2221.2024018447846,660578.5601363423,0.6213592233009709,0.9444444444444444,0.6274509803921569,0.6153846153846154,39,0.6153846153846154,0.7884615384615384
2221.2024018447846,660578.5601363423,0.6213592233009709,0.9444444444444444,0.6274509803921569,0.6153846153846154,39,0.6153846153846154,0.7884615384615384
2221.2024018447846,660578.5601363423,0.6213592233009709,0.9444444444444444,0.6274509803921569,0.6153846153846154,39,0.6153846153846154,0.7884615384615384
2221.2024018447846,660578.5601363423,0.6213592233009709,0.9444444444444444,0.6274509803921569,0.6153846153846154,39,0.6153846153846154,0.7884615384615384
2221.2024018447846,660578.5601363423,0.6213592233009709,0.9444444444444444,0.6274509803921569,0.6153846153846154,39,0.6153846153846154,0.7884615384615384
2221.2024018447846,660578.5601363423,0.6213592233009709,0.9444444444444444,0.6274509803921569,0.6153846153846154,39,0.6153846153846154,0.7884615384615384
2221.2024018447846,660578.5601363423,0.6213592233009709,0.9444444444444444,0.6274509803921569,0.6153846153846154,39,0.6153846153846154,0.7884615384615384
2221.2024018447846,660578.5601363423,0.6213592233009709,0.9444444444444444,0.6274509803921569,0.6153846153846154,39,0.6153846153846154,0.7884615384615384
2221.2024018447846,660578.5601363423,0.6213592233009709,0.9444444444444444,0.6274509803921569,0.6153846153846154,39,0.6153846153846154,0.7884615384615384
2221.2024018447846,660578.5601363423,0.6213592233009709,0.9444444444444444,0.6274509803921569,0.6153846153846154,39,0.6153846153846154,0.7884615384615384
2221.2024018447846,660578.5601363423,0.6213592233009709,0.9444444444444444,0.6274509803921569,0.6153846153846154,39,0.6153846153846154,0.7884615384615384
2221.2024018447846,660578.5601363423,0.6213592233009709,0.9444444444444444,0.6274509803921569,0.6153846153846154,39,0.6153846153846154,0.7884615384615384
2221.2024018447846,660578.5601363423,0.6213592233009709,0.9444444444444444,0.6274509803921569,0.6153846153846154,39,0.6153846153846154,0.7884615384615384
2221.2024018447846,660578.5601363423,0.6213592233009709,0.9444444444444444,0.6274509803921569,0.6153846153846154,39,0.6153846153846154,0.7884615384615384
2221.2024018447846,660578.5601363423,0.6213592233009709,0.9444444444444444,0.6274509803921569,0.6153846153846154,39,0.6153846153846154,0.7884615384615384
2221.2024018447846,660578.5601363423,0.6213592233009709,0.9444444444444444,0.6274509803921569,0.6153846153846154,39,0.6153846153846154,0.7884615384615384
2221.2024018447846,660578.5601363423,0.6213592233009709,0.9444444444444444,0.6274509803921569,0.6153846153846154,39,0.6153846153846154,0.7884615384615384
2221.2024018447846,660578.5601363423,0.6213592233009709,0.9444444444444444,0.6274509803921569,0.6153846153846154,39,0.6153846153846154,0.7884615384615384
2221.2024018447846,660578.5601363423,0.6213592233009709,0.9444444444444444,0.6274509803921569,0.6153846153846154,39,0.6153846153846154,0.7884615384615384
2221.2024018447846,660578.5601363423,0.6213592233009709,0.9444444444444444,0.6274509803921569,0.6153846153846154,39,0.6153846153846154,0.7884615384615384
