BIC - Goal,BIC,F1 Score,Accuracy,Precision,Recall,SHD,SLF,TLF
33.959665972474795,2395.0232351410004,0.625,0.8928571428571429,0.625,0.625,6,0.625,0.625
8.429828787742736,2369.4933979562684,0.7058823529411765,0.9107142857142857,0.6666666666666666,0.75,5,0.75,0.75
8.429828787742736,2369.4933979562684,0.7058823529411765,0.9107142857142857,0.6666666666666666,0.75,5,0.75,0.75
3.8726423543275814,2364.9362115228532,0.625,0.8928571428571429,0.625,0.625,6,0.625,0.75
2.277769478198934,2363.3413386467246,0.75,0.9285714285714286,0.75,0.75,4,0.75,0.75
1.6397996622627034,2362.7033688307883,0.7058823529411765,0.9107142857142857,0.6666666666666666,0.75,5,0.75,0.875
1.6092992905505525,2362.672868459076,0.75,0.9285714285714286,0.75,0.75,4,0.75,0.875
0.0,2361.0635691685256,0.75,0.9285714285714286,0.75,0.75,4,0.75,1.0
