BIC - Goal,BIC,F1 Score,Accuracy,Precision,Recall,SHD,SLF,TLF
55.564164216073095,2316.16864623292,0.5882352941176471,0.875,0.5555555555555556,0.625,7,0.625,0.75
37.60925651994512,2298.213738536792,0.5882352941176471,0.875,0.5555555555555556,0.625,7,0.625,0.75
29.676080934325,2290.2805629511718,0.5882352941176471,0.875,0.5555555555555556,0.625,7,0.625,0.875
18.40341124535371,2279.0078932622005,0.7058823529411765,0.9107142857142857,0.6666666666666666,0.75,5,0.75,0.875
8.242002449102529,2268.8464844659493,0.7777777777777777,0.9285714285714286,0.7,0.875,4,0.875,1.0
3.3015396961272927,2263.906021712974,0.875,0.9642857142857143,0.875,0.875,2,0.875,0.875
-0.21089201077393227,2260.393590006073,0.875,0.9642857142857143,0.875,0.875,2,0.875,0.875
