BIC - Goal,BIC,F1 Score,Accuracy,Precision,Recall,SHD,SLF,TLF
70.60042450901801,2337.855572078503,0.75,0.9285714285714286,0.75,0.75,4,0.75,0.75
40.85360856269608,2308.108756132181,0.7058823529411765,0.9107142857142857,0.6666666666666666,0.75,5,0.75,0.75
10.103363256359899,2277.358510825845,0.7777777777777777,0.9285714285714286,0.7,0.875,4,0.875,0.875
3.3509615607331398,2270.606109130218,0.823529411764706,0.9464285714285714,0.7777777777777778,0.875,3,0.875,0.875
3.3509615607331398,2270.606109130218,0.823529411764706,0.9464285714285714,0.7777777777777778,0.875,3,0.875,0.875
3.2911161812294267,2270.5462637507144,0.9411764705882353,0.9821428571428571,0.8888888888888888,1.0,1,1.0,1.0
-0.06275974068057621,2267.1923878288044,0.875,0.9642857142857143,0.875,0.875,2,0.875,0.875
