BIC - Goal,BIC,F1 Score,Accuracy,Precision,Recall,SHD,SLF,TLF
-0.07454997993409052,2262.0510685252534,0.7058823529411765,0.9107142857142857,0.6666666666666666,0.75,5,0.75,0.875
