BIC - Goal,BIC,F1 Score,Accuracy,Precision,Recall,SHD,SLF,TLF
241002.17458259233,899683.7296900554,0.09708737864077671,0.8675213675213675,0.09803921568627451,0.09615384615384616,93,0.09615384615384616,0.23076923076923078
211497.0662064585,870178.6213139215,0.0925925925925926,0.8603988603988604,0.08928571428571429,0.09615384615384616,98,0.09615384615384616,0.2692307692307692
200059.70973334787,858741.2648408109,0.12844036697247704,0.8646723646723646,0.12280701754385964,0.1346153846153846,95,0.1346153846153846,0.3076923076923077
187660.61235614237,846342.1674636054,0.12000000000000001,0.8746438746438746,0.125,0.11538461538461539,88,0.11538461538461539,0.2692307692307692
144936.66726977564,803618.2223772387,0.13333333333333333,0.8703703703703703,0.1320754716981132,0.1346153846153846,91,0.1346153846153846,0.28846153846153844
144936.66726977564,803618.2223772387,0.13333333333333333,0.8703703703703703,0.1320754716981132,0.1346153846153846,91,0.1346153846153846,0.28846153846153844
144049.66571344656,802731.2208209096,0.14285714285714288,0.8803418803418803,0.15217391304347827,0.1346153846153846,84,0.1346153846153846,0.25
136374.75429236807,795056.3093998311,0.16326530612244897,0.8831908831908832,0.17391304347826086,0.15384615384615385,82,0.15384615384615385,0.3269230769230769
130421.91019580199,789103.465303265,0.13999999999999999,0.8774928774928775,0.14583333333333334,0.1346153846153846,86,0.1346153846153846,0.3269230769230769
117843.1789795527,776524.7340870157,0.17647058823529413,0.8803418803418803,0.18,0.17307692307692307,84,0.17307692307692307,0.36538461538461536
104263.1468258953,762944.7019333583,0.20202020202020202,0.8874643874643875,0.2127659574468085,0.19230769230769232,79,0.19230769230769232,0.38461538461538464
93092.70528785966,751774.2603953227,0.21782178217821782,0.8874643874643875,0.22448979591836735,0.21153846153846154,79,0.21153846153846154,0.4230769230769231
91953.91455235414,750635.4696598172,0.2156862745098039,0.886039886039886,0.22,0.21153846153846154,80,0.21153846153846154,0.40384615384615385
91076.71626125381,749758.2713687168,0.20952380952380956,0.8817663817663818,0.20754716981132076,0.21153846153846154,83,0.21153846153846154,0.4230769230769231
87890.31180931942,746571.8669167825,0.21359223300970875,0.8846153846153846,0.21568627450980393,0.21153846153846154,81,0.21153846153846154,0.4230769230769231
84782.87118235545,743464.4262898185,0.23529411764705882,0.8888888888888888,0.24,0.23076923076923078,78,0.23076923076923078,0.4423076923076923
80300.76252524566,738982.3176327087,0.24000000000000002,0.8917378917378918,0.25,0.23076923076923078,76,0.23076923076923078,0.4423076923076923
77822.45026792388,736504.0053753869,0.18867924528301885,0.8774928774928775,0.18518518518518517,0.19230769230769232,86,0.19230769230769232,0.40384615384615385
75824.40960108198,734505.964708545,0.19230769230769232,0.8803418803418803,0.19230769230769232,0.19230769230769232,84,0.19230769230769232,0.40384615384615385
75824.40960108198,734505.964708545,0.19230769230769232,0.8803418803418803,0.19230769230769232,0.19230769230769232,84,0.19230769230769232,0.40384615384615385
74335.45698414918,733017.0120916122,0.19047619047619047,0.8789173789173789,0.18867924528301888,0.19230769230769232,85,0.19230769230769232,0.40384615384615385
70486.17429841927,729167.7294058823,0.18691588785046728,0.8760683760683761,0.18181818181818182,0.19230769230769232,87,0.19230769230769232,0.4230769230769231
68562.7663335629,727244.3214410259,0.20952380952380956,0.8817663817663818,0.20754716981132076,0.21153846153846154,83,0.21153846153846154,0.4230769230769231
68140.70045481494,726822.255562278,0.21153846153846154,0.8831908831908832,0.21153846153846154,0.21153846153846154,82,0.21153846153846154,0.4230769230769231
66616.28314615239,725297.8382536154,0.2037037037037037,0.8774928774928775,0.19642857142857142,0.21153846153846154,86,0.21153846153846154,0.4423076923076923
66616.28314615239,725297.8382536154,0.2037037037037037,0.8774928774928775,0.19642857142857142,0.21153846153846154,86,0.21153846153846154,0.4423076923076923
64551.09435928136,723232.6494667444,0.19819819819819823,0.8732193732193733,0.1864406779661017,0.21153846153846154,89,0.21153846153846154,0.46153846153846156
62993.01337723818,721674.5684847012,0.21621621621621623,0.8760683760683761,0.2033898305084746,0.23076923076923078,87,0.23076923076923078,0.4807692307692308
62589.51570004842,721271.0708075115,0.21818181818181817,0.8774928774928775,0.20689655172413793,0.23076923076923078,86,0.23076923076923078,0.4807692307692308
61625.0031167994,720306.5582242624,0.21818181818181817,0.8774928774928775,0.20689655172413793,0.23076923076923078,86,0.23076923076923078,0.4807692307692308
59058.29500706133,717739.8501145244,0.22429906542056074,0.8817663817663818,0.21818181818181817,0.23076923076923078,83,0.23076923076923078,0.46153846153846156
57821.75575423532,716503.3108616984,0.23423423423423426,0.8789173789173789,0.22033898305084745,0.25,85,0.25,0.4807692307692308
55588.21642430534,714269.7715317684,0.23423423423423426,0.8789173789173789,0.22033898305084745,0.25,85,0.25,0.4807692307692308
55158.14903477614,713839.7041422392,0.25,0.8803418803418803,0.23333333333333334,0.2692307692307692,84,0.2692307692307692,0.5
54964.41149675881,713645.9666042218,0.24778761061946905,0.8789173789173789,0.22950819672131148,0.2692307692307692,85,0.2692307692307692,0.5
53819.321425196365,712500.8765326594,0.2456140350877193,0.8774928774928775,0.22580645161290322,0.2692307692307692,86,0.2692307692307692,0.5
53289.63741154142,711971.1925190045,0.2456140350877193,0.8774928774928775,0.22580645161290322,0.2692307692307692,86,0.2692307692307692,0.5
51951.24372367619,710632.7988311392,0.2456140350877193,0.8774928774928775,0.22580645161290322,0.2692307692307692,86,0.2692307692307692,0.5
51270.13040650997,709951.685513973,0.2434782608695652,0.8760683760683761,0.2222222222222222,0.2692307692307692,87,0.2692307692307692,0.5
50986.06778981665,709667.6228972797,0.2456140350877193,0.8774928774928775,0.22580645161290322,0.2692307692307692,86,0.2692307692307692,0.5
50644.29790084332,709325.8530083064,0.2434782608695652,0.8760683760683761,0.2222222222222222,0.2692307692307692,87,0.2692307692307692,0.5
48975.56991372828,707657.1250211913,0.23728813559322037,0.8717948717948718,0.21212121212121213,0.2692307692307692,90,0.2692307692307692,0.5
48534.013029323076,707215.5681367861,0.23728813559322037,0.8717948717948718,0.21212121212121213,0.2692307692307692,90,0.2692307692307692,0.5
48320.12544628058,707001.6805537436,0.2413793103448276,0.8746438746438746,0.21875,0.2692307692307692,88,0.2692307692307692,0.5192307692307693
47230.76026328013,705912.3153707432,0.25641025641025644,0.8760683760683761,0.23076923076923078,0.28846153846153844,87,0.28846153846153844,0.5384615384615384
44745.74239747354,703427.2975049366,0.25423728813559315,0.8746438746438746,0.22727272727272727,0.28846153846153844,88,0.28846153846153844,0.5384615384615384
44701.937285871594,703383.4923933346,0.25423728813559315,0.8746438746438746,0.22727272727272727,0.28846153846153844,88,0.28846153846153844,0.5384615384615384
43496.87835411157,702178.4334615746,0.25,0.8717948717948718,0.22058823529411764,0.28846153846153844,90,0.28846153846153844,0.5384615384615384
43171.14020758646,701852.6953150495,0.25423728813559315,0.8746438746438746,0.22727272727272727,0.28846153846153844,88,0.28846153846153844,0.5384615384615384
41751.90414353192,700433.459250995,0.25210084033613445,0.8732193732193733,0.22388059701492538,0.28846153846153844,89,0.28846153846153844,0.5576923076923077
41241.4561127777,699923.0112202407,0.26229508196721313,0.8717948717948718,0.22857142857142856,0.3076923076923077,90,0.3076923076923077,0.5769230769230769
41241.4561127777,699923.0112202407,0.26229508196721313,0.8717948717948718,0.22857142857142856,0.3076923076923077,90,0.3076923076923077,0.5769230769230769
40586.77406751888,699268.3291749819,0.2644628099173553,0.8732193732193733,0.2318840579710145,0.3076923076923077,89,0.3076923076923077,0.5769230769230769
40516.7720891888,699198.3271966518,0.26229508196721313,0.8717948717948718,0.22857142857142856,0.3076923076923077,90,0.3076923076923077,0.5769230769230769
40417.406347570824,699098.9614550339,0.2644628099173553,0.8732193732193733,0.2318840579710145,0.3076923076923077,89,0.3076923076923077,0.5769230769230769
40044.54681574984,698726.1019232129,0.2689075630252101,0.8760683760683761,0.23880597014925373,0.3076923076923077,87,0.3076923076923077,0.5769230769230769
38537.29144531337,697218.8465527764,0.2689075630252101,0.8760683760683761,0.23880597014925373,0.3076923076923077,87,0.3076923076923077,0.5961538461538461
38288.028291334515,696969.5833987975,0.2644628099173553,0.8732193732193733,0.2318840579710145,0.3076923076923077,89,0.3076923076923077,0.5961538461538461
36997.24830246868,695678.8034099317,0.2711864406779661,0.8774928774928775,0.24242424242424243,0.3076923076923077,86,0.3076923076923077,0.5961538461538461
36194.0518925701,694875.6070000331,0.25862068965517243,0.8774928774928775,0.234375,0.28846153846153844,86,0.28846153846153844,0.5769230769230769
35124.52226462879,693806.0773720918,0.26666666666666666,0.8746438746438746,0.23529411764705882,0.3076923076923077,88,0.3076923076923077,0.6153846153846154
34879.96698545909,693561.5220929221,0.2689075630252101,0.8760683760683761,0.23880597014925373,0.3076923076923077,87,0.3076923076923077,0.6153846153846154
34819.2071658069,693500.7622732699,0.2711864406779661,0.8774928774928775,0.24242424242424243,0.3076923076923077,86,0.3076923076923077,0.6153846153846154
33780.455967553076,692462.0110750161,0.2689075630252101,0.8760683760683761,0.23880597014925373,0.3076923076923077,87,0.3076923076923077,0.6153846153846154
33780.455967553076,692462.0110750161,0.2689075630252101,0.8760683760683761,0.23880597014925373,0.3076923076923077,87,0.3076923076923077,0.6153846153846154
33758.20470481517,692439.7598122782,0.2689075630252101,0.8760683760683761,0.23880597014925373,0.3076923076923077,87,0.3076923076923077,0.6153846153846154
33103.095491841785,691784.6505993048,0.2689075630252101,0.8760683760683761,0.23880597014925373,0.3076923076923077,87,0.3076923076923077,0.6153846153846154
32038.74288965494,690720.297997118,0.26229508196721313,0.8717948717948718,0.22857142857142856,0.3076923076923077,90,0.3076923076923077,0.6346153846153846
31532.146799576818,690213.7019070399,0.24590163934426226,0.8689458689458689,0.21428571428571427,0.28846153846153844,92,0.28846153846153844,0.6153846153846154
31447.181143787107,690128.7362512501,0.24793388429752064,0.8703703703703703,0.21739130434782608,0.28846153846153844,91,0.28846153846153844,0.6153846153846154
30765.07736010861,689446.6324675716,0.25,0.8717948717948718,0.22058823529411764,0.28846153846153844,90,0.28846153846153844,0.6153846153846154
30759.333987912745,689440.8890953758,0.24793388429752064,0.8703703703703703,0.21739130434782608,0.28846153846153844,91,0.28846153846153844,0.6153846153846154
30604.97143645992,689286.526543923,0.24793388429752064,0.8703703703703703,0.21739130434782608,0.28846153846153844,91,0.28846153846153844,0.6153846153846154
30604.97143645992,689286.526543923,0.24793388429752064,0.8703703703703703,0.21739130434782608,0.28846153846153844,91,0.28846153846153844,0.6153846153846154
29058.757485712296,687740.3125931753,0.2601626016260163,0.8703703703703703,0.22535211267605634,0.3076923076923077,91,0.3076923076923077,0.6346153846153846
28640.35963986127,687321.9147473243,0.2644628099173553,0.8732193732193733,0.2318840579710145,0.3076923076923077,89,0.3076923076923077,0.6346153846153846
28395.754546786076,687077.3096542491,0.2644628099173553,0.8732193732193733,0.2318840579710145,0.3076923076923077,89,0.3076923076923077,0.6346153846153846
28216.684908177587,686898.2400156406,0.26666666666666666,0.8746438746438746,0.23529411764705882,0.3076923076923077,88,0.3076923076923077,0.6346153846153846
28216.684908177587,686898.2400156406,0.26666666666666666,0.8746438746438746,0.23529411764705882,0.3076923076923077,88,0.3076923076923077,0.6346153846153846
28190.904767610948,686872.459875074,0.2644628099173553,0.8732193732193733,0.2318840579710145,0.3076923076923077,89,0.3076923076923077,0.6346153846153846
28130.14494795876,686811.7000554218,0.26666666666666666,0.8746438746438746,0.23529411764705882,0.3076923076923077,88,0.3076923076923077,0.6346153846153846
27706.05184347427,686387.6069509373,0.2601626016260163,0.8703703703703703,0.22535211267605634,0.3076923076923077,91,0.3076923076923077,0.6346153846153846
27624.20101594797,686305.756123411,0.2809917355371901,0.8760683760683761,0.2463768115942029,0.3269230769230769,87,0.3269230769230769,0.6346153846153846
27447.67719169904,686129.2322991621,0.2601626016260163,0.8703703703703703,0.22535211267605634,0.3076923076923077,91,0.3076923076923077,0.6538461538461539
27263.818288599723,685945.3733960628,0.2601626016260163,0.8703703703703703,0.22535211267605634,0.3076923076923077,91,0.3076923076923077,0.6538461538461539
27263.818288599723,685945.3733960628,0.2601626016260163,0.8703703703703703,0.22535211267605634,0.3076923076923077,91,0.3076923076923077,0.6538461538461539
27228.838609513943,685910.393716977,0.2644628099173553,0.8732193732193733,0.2318840579710145,0.3076923076923077,89,0.3076923076923077,0.6538461538461539
27203.058468947536,685884.6135764106,0.26229508196721313,0.8717948717948718,0.22857142857142856,0.3076923076923077,90,0.3076923076923077,0.6538461538461539
27203.058468947536,685884.6135764106,0.26229508196721313,0.8717948717948718,0.22857142857142856,0.3076923076923077,90,0.3076923076923077,0.6538461538461539
26820.213620383875,685501.7687278469,0.26229508196721313,0.8717948717948718,0.22857142857142856,0.3076923076923077,90,0.3076923076923077,0.6538461538461539
26785.460657894262,685467.0157653573,0.2644628099173553,0.8732193732193733,0.2318840579710145,0.3076923076923077,89,0.3076923076923077,0.6538461538461539
26767.860035919002,685449.415143382,0.2644628099173553,0.8732193732193733,0.2318840579710145,0.3076923076923077,89,0.3076923076923077,0.6538461538461539
26209.392273672507,684890.9473811355,0.2689075630252101,0.8760683760683761,0.23880597014925373,0.3076923076923077,87,0.3076923076923077,0.6538461538461539
26209.392273672507,684890.9473811355,0.2689075630252101,0.8760683760683761,0.23880597014925373,0.3076923076923077,87,0.3076923076923077,0.6538461538461539
26209.392273672507,684890.9473811355,0.2689075630252101,0.8760683760683761,0.23880597014925373,0.3076923076923077,87,0.3076923076923077,0.6538461538461539
26053.83333040017,684735.3884378632,0.2711864406779661,0.8774928774928775,0.24242424242424243,0.3076923076923077,86,0.3076923076923077,0.6538461538461539
25066.194903768715,683747.7500112318,0.26666666666666666,0.8746438746438746,0.23529411764705882,0.3076923076923077,88,0.3076923076923077,0.6538461538461539
24951.133947263355,683632.6890547264,0.26666666666666666,0.8746438746438746,0.23529411764705882,0.3076923076923077,88,0.3076923076923077,0.6538461538461539
24910.63596049638,683592.1910679594,0.2689075630252101,0.8760683760683761,0.23880597014925373,0.3076923076923077,87,0.3076923076923077,0.6538461538461539
24216.105154362624,682897.6602618257,0.26229508196721313,0.8717948717948718,0.22857142857142856,0.3076923076923077,90,0.3076923076923077,0.6538461538461539
23226.508275279193,681908.0633827422,0.26666666666666666,0.8746438746438746,0.23529411764705882,0.3076923076923077,88,0.3076923076923077,0.6346153846153846
22805.18484643486,681486.7399538979,0.2689075630252101,0.8760683760683761,0.23880597014925373,0.3076923076923077,87,0.3076923076923077,0.6538461538461539
22805.18484643486,681486.7399538979,0.2689075630252101,0.8760683760683761,0.23880597014925373,0.3076923076923077,87,0.3076923076923077,0.6538461538461539
22805.18484643486,681486.7399538979,0.2689075630252101,0.8760683760683761,0.23880597014925373,0.3076923076923077,87,0.3076923076923077,0.6538461538461539
22805.18484643486,681486.7399538979,0.2689075630252101,0.8760683760683761,0.23880597014925373,0.3076923076923077,87,0.3076923076923077,0.6538461538461539
22805.18484643486,681486.7399538979,0.2689075630252101,0.8760683760683761,0.23880597014925373,0.3076923076923077,87,0.3076923076923077,0.6538461538461539
22764.686859668116,681446.2419671312,0.2711864406779661,0.8774928774928775,0.24242424242424243,0.3076923076923077,86,0.3076923076923077,0.6538461538461539
22764.686859668116,681446.2419671312,0.2711864406779661,0.8774928774928775,0.24242424242424243,0.3076923076923077,86,0.3076923076923077,0.6538461538461539
22631.113113992964,681312.668221456,0.26666666666666666,0.8746438746438746,0.23529411764705882,0.3076923076923077,88,0.3076923076923077,0.6538461538461539
22136.88316689001,680818.438274353,0.2689075630252101,0.8760683760683761,0.23880597014925373,0.3076923076923077,87,0.3076923076923077,0.6538461538461539
22096.385180123034,680777.9402875861,0.2711864406779661,0.8774928774928775,0.24242424242424243,0.3076923076923077,86,0.3076923076923077,0.6538461538461539
22063.175924684736,680744.7310321478,0.2689075630252101,0.8760683760683761,0.23880597014925373,0.3076923076923077,87,0.3076923076923077,0.6538461538461539
22063.175924684736,680744.7310321478,0.2689075630252101,0.8760683760683761,0.23880597014925373,0.3076923076923077,87,0.3076923076923077,0.6538461538461539
21848.328556054854,680529.8836635179,0.2689075630252101,0.8760683760683761,0.23880597014925373,0.3076923076923077,87,0.3076923076923077,0.6538461538461539
21848.328556054854,680529.8836635179,0.2689075630252101,0.8760683760683761,0.23880597014925373,0.3076923076923077,87,0.3076923076923077,0.6538461538461539
21794.392948152148,680475.9480556152,0.2857142857142857,0.8789173789173789,0.2537313432835821,0.3269230769230769,85,0.3269230769230769,0.6538461538461539
21794.392948152148,680475.9480556152,0.2857142857142857,0.8789173789173789,0.2537313432835821,0.3269230769230769,85,0.3269230769230769,0.6538461538461539
21794.392948152148,680475.9480556152,0.2857142857142857,0.8789173789173789,0.2537313432835821,0.3269230769230769,85,0.3269230769230769,0.6538461538461539
21299.792481583892,679981.3475890469,0.2857142857142857,0.8789173789173789,0.2537313432835821,0.3269230769230769,85,0.3269230769230769,0.6730769230769231
21299.792481583892,679981.3475890469,0.2857142857142857,0.8789173789173789,0.2537313432835821,0.3269230769230769,85,0.3269230769230769,0.6730769230769231
21259.29449481715,679940.8496022802,0.288135593220339,0.8803418803418803,0.25757575757575757,0.3269230769230769,84,0.3269230769230769,0.6730769230769231
20761.51151568012,679443.0666231432,0.288135593220339,0.8803418803418803,0.25757575757575757,0.3269230769230769,84,0.3269230769230769,0.6730769230769231
20721.013528913143,679402.5686363762,0.2905982905982906,0.8817663817663818,0.26153846153846155,0.3269230769230769,83,0.3269230769230769,0.6730769230769231
20706.829941842123,679388.3850493052,0.288135593220339,0.8803418803418803,0.25757575757575757,0.3269230769230769,84,0.3269230769230769,0.6730769230769231
20706.829941842123,679388.3850493052,0.288135593220339,0.8803418803418803,0.25757575757575757,0.3269230769230769,84,0.3269230769230769,0.6730769230769231
20463.414318297175,679144.9694257602,0.3050847457627119,0.8831908831908832,0.2727272727272727,0.34615384615384615,82,0.34615384615384615,0.6730769230769231
20276.974891511607,678958.5299989746,0.3076923076923077,0.8846153846153846,0.27692307692307694,0.34615384615384615,81,0.34615384615384615,0.6730769230769231
20276.974891511607,678958.5299989746,0.3076923076923077,0.8846153846153846,0.27692307692307694,0.34615384615384615,81,0.34615384615384615,0.6730769230769231
20276.974891511607,678958.5299989746,0.3076923076923077,0.8846153846153846,0.27692307692307694,0.34615384615384615,81,0.34615384615384615,0.6730769230769231
20276.974891511607,678958.5299989746,0.3076923076923077,0.8846153846153846,0.27692307692307694,0.34615384615384615,81,0.34615384615384615,0.6730769230769231
20276.974891511607,678958.5299989746,0.3076923076923077,0.8846153846153846,0.27692307692307694,0.34615384615384615,81,0.34615384615384615,0.6730769230769231
20276.974891511607,678958.5299989746,0.3076923076923077,0.8846153846153846,0.27692307692307694,0.34615384615384615,81,0.34615384615384615,0.6730769230769231
20273.76686936838,678955.3219768314,0.2931034482758621,0.8831908831908832,0.265625,0.3269230769230769,82,0.3269230769230769,0.6538461538461539
20273.76686936838,678955.3219768314,0.2931034482758621,0.8831908831908832,0.265625,0.3269230769230769,82,0.3269230769230769,0.6538461538461539
20273.76686936838,678955.3219768314,0.2931034482758621,0.8831908831908832,0.265625,0.3269230769230769,82,0.3269230769230769,0.6538461538461539
20273.76686936838,678955.3219768314,0.2931034482758621,0.8831908831908832,0.265625,0.3269230769230769,82,0.3269230769230769,0.6538461538461539
20097.354090005974,678778.909197469,0.2931034482758621,0.8831908831908832,0.265625,0.3269230769230769,82,0.3269230769230769,0.6538461538461539
20097.354090005974,678778.909197469,0.2931034482758621,0.8831908831908832,0.265625,0.3269230769230769,82,0.3269230769230769,0.6538461538461539
20043.856933443458,678725.4120409065,0.3025210084033613,0.8817663817663818,0.26865671641791045,0.34615384615384615,83,0.34615384615384615,0.6730769230769231
20010.902117374702,678692.4572248377,0.2905982905982906,0.8817663817663818,0.26153846153846155,0.3269230769230769,83,0.3269230769230769,0.6538461538461539
20010.902117374702,678692.4572248377,0.2905982905982906,0.8817663817663818,0.26153846153846155,0.3269230769230769,83,0.3269230769230769,0.6538461538461539
20010.902117374702,678692.4572248377,0.2905982905982906,0.8817663817663818,0.26153846153846155,0.3269230769230769,83,0.3269230769230769,0.6538461538461539
20010.902117374702,678692.4572248377,0.2905982905982906,0.8817663817663818,0.26153846153846155,0.3269230769230769,83,0.3269230769230769,0.6538461538461539
19970.40413060796,678651.959238071,0.2931034482758621,0.8831908831908832,0.265625,0.3269230769230769,82,0.3269230769230769,0.6538461538461539
19970.40413060796,678651.959238071,0.2931034482758621,0.8831908831908832,0.265625,0.3269230769230769,82,0.3269230769230769,0.6538461538461539
19663.490635171416,678345.0457426345,0.2931034482758621,0.8831908831908832,0.265625,0.3269230769230769,82,0.3269230769230769,0.6538461538461539
19622.992648404674,678304.5477558677,0.29565217391304344,0.8846153846153846,0.2698412698412698,0.3269230769230769,81,0.3269230769230769,0.6538461538461539
19622.992648404674,678304.5477558677,0.29565217391304344,0.8846153846153846,0.2698412698412698,0.3269230769230769,81,0.3269230769230769,0.6538461538461539
19604.792439903482,678286.3475473665,0.29824561403508776,0.886039886039886,0.27419354838709675,0.3269230769230769,80,0.3269230769230769,0.6538461538461539
18895.556530267117,677577.1116377302,0.29824561403508776,0.886039886039886,0.27419354838709675,0.3269230769230769,80,0.3269230769230769,0.6538461538461539
18855.05854350014,677536.6136509632,0.30088495575221236,0.8874643874643875,0.2786885245901639,0.3269230769230769,79,0.3269230769230769,0.6538461538461539
18732.231505884207,677413.7866133472,0.29824561403508776,0.886039886039886,0.27419354838709675,0.3269230769230769,80,0.3269230769230769,0.6538461538461539
18447.42828248057,677128.9833899436,0.3157894736842105,0.8888888888888888,0.2903225806451613,0.34615384615384615,78,0.34615384615384615,0.6538461538461539
18223.343438445707,676904.8985459087,0.3185840707964602,0.8903133903133903,0.29508196721311475,0.34615384615384615,77,0.34615384615384615,0.6538461538461539
18187.608039044193,676869.1631465072,0.33333333333333337,0.8917378917378918,0.3064516129032258,0.36538461538461536,76,0.36538461538461536,0.6538461538461539
18169.407830543,676850.962938006,0.336283185840708,0.8931623931623932,0.3114754098360656,0.36538461538461536,75,0.36538461538461536,0.6538461538461539
18166.0374356712,676847.5925431342,0.33333333333333337,0.8917378917378918,0.3064516129032258,0.36538461538461536,76,0.36538461538461536,0.6538461538461539
18166.0374356712,676847.5925431342,0.33333333333333337,0.8917378917378918,0.3064516129032258,0.36538461538461536,76,0.36538461538461536,0.6538461538461539
18166.0374356712,676847.5925431342,0.33333333333333337,0.8917378917378918,0.3064516129032258,0.36538461538461536,76,0.36538461538461536,0.6538461538461539
18166.0374356712,676847.5925431342,0.33333333333333337,0.8917378917378918,0.3064516129032258,0.36538461538461536,76,0.36538461538461536,0.6538461538461539
17975.825541497557,676657.3806489606,0.33043478260869563,0.8903133903133903,0.30158730158730157,0.36538461538461536,77,0.36538461538461536,0.6730769230769231
16499.046996161924,675180.602103625,0.33333333333333337,0.8917378917378918,0.3064516129032258,0.36538461538461536,76,0.36538461538461536,0.6730769230769231
16300.553248330369,674982.1083557934,0.33043478260869563,0.8903133903133903,0.30158730158730157,0.36538461538461536,77,0.36538461538461536,0.6923076923076923
16279.664497802849,674961.2196052659,0.32758620689655166,0.8888888888888888,0.296875,0.36538461538461536,78,0.36538461538461536,0.6923076923076923
16279.664497802849,674961.2196052659,0.32758620689655166,0.8888888888888888,0.296875,0.36538461538461536,78,0.36538461538461536,0.6923076923076923
16223.99459417176,674905.5497016348,0.3508771929824561,0.8945868945868946,0.3225806451612903,0.38461538461538464,74,0.38461538461538464,0.6923076923076923
16223.994594171527,674905.5497016346,0.33333333333333337,0.8917378917378918,0.3064516129032258,0.36538461538461536,76,0.36538461538461536,0.6923076923076923
15368.203121341183,674049.7582288042,0.336283185840708,0.8931623931623932,0.3114754098360656,0.36538461538461536,75,0.36538461538461536,0.6923076923076923
15368.203121341183,674049.7582288042,0.336283185840708,0.8931623931623932,0.3114754098360656,0.36538461538461536,75,0.36538461538461536,0.6923076923076923
15368.203121341183,674049.7582288042,0.336283185840708,0.8931623931623932,0.3114754098360656,0.36538461538461536,75,0.36538461538461536,0.6923076923076923
15330.67448072054,674012.2295881836,0.33928571428571425,0.8945868945868946,0.31666666666666665,0.36538461538461536,74,0.36538461538461536,0.6923076923076923
15330.67448072054,674012.2295881836,0.33928571428571425,0.8945868945868946,0.31666666666666665,0.36538461538461536,74,0.36538461538461536,0.6923076923076923
15330.67448072054,674012.2295881836,0.33928571428571425,0.8945868945868946,0.31666666666666665,0.36538461538461536,74,0.36538461538461536,0.6923076923076923
15049.967989007593,673731.5230964706,0.35398230088495575,0.896011396011396,0.32786885245901637,0.38461538461538464,73,0.38461538461538464,0.7115384615384616
14678.667987757479,673360.2230952205,0.3508771929824561,0.8945868945868946,0.3225806451612903,0.38461538461538464,74,0.38461538461538464,0.7115384615384616
14501.541946946993,673183.09705441,0.3508771929824561,0.8945868945868946,0.3225806451612903,0.38461538461538464,74,0.38461538461538464,0.7115384615384616
14464.01330632635,673145.5684137894,0.35398230088495575,0.896011396011396,0.32786885245901637,0.38461538461538464,73,0.38461538461538464,0.7115384615384616
14464.01330632635,673145.5684137894,0.35398230088495575,0.896011396011396,0.32786885245901637,0.38461538461538464,73,0.38461538461538464,0.7115384615384616
14038.30402420892,672719.859131672,0.3571428571428571,0.8974358974358975,0.3333333333333333,0.38461538461538464,72,0.38461538461538464,0.6923076923076923
13915.021765617537,672596.5768730806,0.3684210526315789,0.8974358974358975,0.3387096774193548,0.40384615384615385,72,0.40384615384615385,0.7115384615384616
13757.597532495973,672439.152639959,0.3716814159292035,0.8988603988603988,0.3442622950819672,0.40384615384615385,71,0.40384615384615385,0.7115384615384616
13757.597532495973,672439.152639959,0.3716814159292035,0.8988603988603988,0.3442622950819672,0.40384615384615385,71,0.40384615384615385,0.7115384615384616
13757.597532495973,672439.152639959,0.3716814159292035,0.8988603988603988,0.3442622950819672,0.40384615384615385,71,0.40384615384615385,0.7115384615384616
13757.597532495973,672439.152639959,0.3716814159292035,0.8988603988603988,0.3442622950819672,0.40384615384615385,71,0.40384615384615385,0.7115384615384616
13757.597532495973,672439.152639959,0.3716814159292035,0.8988603988603988,0.3442622950819672,0.40384615384615385,71,0.40384615384615385,0.7115384615384616
12867.41806703934,671548.9731745024,0.3859649122807018,0.9002849002849003,0.3548387096774194,0.4230769230769231,70,0.4230769230769231,0.7307692307692307
12826.157641133876,671507.7127485969,0.3859649122807018,0.9002849002849003,0.3548387096774194,0.4230769230769231,70,0.4230769230769231,0.7307692307692307
12826.157641133876,671507.7127485969,0.3859649122807018,0.9002849002849003,0.3548387096774194,0.4230769230769231,70,0.4230769230769231,0.7307692307692307
12826.157641133876,671507.7127485969,0.3859649122807018,0.9002849002849003,0.3548387096774194,0.4230769230769231,70,0.4230769230769231,0.7307692307692307
12826.157641133876,671507.7127485969,0.3859649122807018,0.9002849002849003,0.3548387096774194,0.4230769230769231,70,0.4230769230769231,0.7307692307692307
12826.157641133876,671507.7127485969,0.3859649122807018,0.9002849002849003,0.3548387096774194,0.4230769230769231,70,0.4230769230769231,0.7307692307692307
12710.051755112945,671391.606862576,0.3793103448275862,0.8974358974358975,0.34375,0.4230769230769231,72,0.4230769230769231,0.7307692307692307
12311.692210337264,670993.2473178003,0.39999999999999997,0.9017094017094017,0.36507936507936506,0.4423076923076923,69,0.4423076923076923,0.75
12080.796146396664,670762.3512538597,0.39655172413793105,0.9002849002849003,0.359375,0.4423076923076923,70,0.4423076923076923,0.75
12080.796146396664,670762.3512538597,0.39655172413793105,0.9002849002849003,0.359375,0.4423076923076923,70,0.4423076923076923,0.75
12080.796146396664,670762.3512538597,0.39655172413793105,0.9002849002849003,0.359375,0.4423076923076923,70,0.4423076923076923,0.75
12080.796146396664,670762.3512538597,0.39655172413793105,0.9002849002849003,0.359375,0.4423076923076923,70,0.4423076923076923,0.75
12080.796146396664,670762.3512538597,0.39655172413793105,0.9002849002849003,0.359375,0.4423076923076923,70,0.4423076923076923,0.75
11499.34462615347,670180.8997336165,0.3793103448275862,0.8974358974358975,0.34375,0.4230769230769231,72,0.4230769230769231,0.75
11499.34462615347,670180.8997336165,0.3793103448275862,0.8974358974358975,0.34375,0.4230769230769231,72,0.4230769230769231,0.75
11499.34462615347,670180.8997336165,0.3793103448275862,0.8974358974358975,0.34375,0.4230769230769231,72,0.4230769230769231,0.75
11499.34462615347,670180.8997336165,0.3793103448275862,0.8974358974358975,0.34375,0.4230769230769231,72,0.4230769230769231,0.75
11499.34462615347,670180.8997336165,0.3793103448275862,0.8974358974358975,0.34375,0.4230769230769231,72,0.4230769230769231,0.75
11499.34462615347,670180.8997336165,0.3793103448275862,0.8974358974358975,0.34375,0.4230769230769231,72,0.4230769230769231,0.75
11499.34462615347,670180.8997336165,0.3793103448275862,0.8974358974358975,0.34375,0.4230769230769231,72,0.4230769230769231,0.75
11499.34462615347,670180.8997336165,0.3793103448275862,0.8974358974358975,0.34375,0.4230769230769231,72,0.4230769230769231,0.75
11499.34462615347,670180.8997336165,0.3793103448275862,0.8974358974358975,0.34375,0.4230769230769231,72,0.4230769230769231,0.75
11499.34462615347,670180.8997336165,0.3793103448275862,0.8974358974358975,0.34375,0.4230769230769231,72,0.4230769230769231,0.75
11499.34462615347,670180.8997336165,0.3793103448275862,0.8974358974358975,0.34375,0.4230769230769231,72,0.4230769230769231,0.75
11499.34462615347,670180.8997336165,0.3793103448275862,0.8974358974358975,0.34375,0.4230769230769231,72,0.4230769230769231,0.75
11311.820785793127,669993.3758932562,0.382608695652174,0.8988603988603988,0.3492063492063492,0.4230769230769231,71,0.4230769230769231,0.75
11311.820785793127,669993.3758932562,0.382608695652174,0.8988603988603988,0.3492063492063492,0.4230769230769231,71,0.4230769230769231,0.75
11311.820785793127,669993.3758932562,0.382608695652174,0.8988603988603988,0.3492063492063492,0.4230769230769231,71,0.4230769230769231,0.75
11311.820785793127,669993.3758932562,0.382608695652174,0.8988603988603988,0.3492063492063492,0.4230769230769231,71,0.4230769230769231,0.75
11311.820785793127,669993.3758932562,0.382608695652174,0.8988603988603988,0.3492063492063492,0.4230769230769231,71,0.4230769230769231,0.75
11311.820785793127,669993.3758932562,0.382608695652174,0.8988603988603988,0.3492063492063492,0.4230769230769231,71,0.4230769230769231,0.75
11311.820785793127,669993.3758932562,0.382608695652174,0.8988603988603988,0.3492063492063492,0.4230769230769231,71,0.4230769230769231,0.75
11099.80666786374,669781.3617753268,0.3793103448275862,0.8974358974358975,0.34375,0.4230769230769231,72,0.4230769230769231,0.75
11099.80666786374,669781.3617753268,0.3793103448275862,0.8974358974358975,0.34375,0.4230769230769231,72,0.4230769230769231,0.75
11099.80666786374,669781.3617753268,0.3793103448275862,0.8974358974358975,0.34375,0.4230769230769231,72,0.4230769230769231,0.75
11099.80666786374,669781.3617753268,0.3793103448275862,0.8974358974358975,0.34375,0.4230769230769231,72,0.4230769230769231,0.75
11099.80666786374,669781.3617753268,0.3793103448275862,0.8974358974358975,0.34375,0.4230769230769231,72,0.4230769230769231,0.75
11099.80666786374,669781.3617753268,0.3793103448275862,0.8974358974358975,0.34375,0.4230769230769231,72,0.4230769230769231,0.75
11099.80666786374,669781.3617753268,0.3793103448275862,0.8974358974358975,0.34375,0.4230769230769231,72,0.4230769230769231,0.75
11099.80666786374,669781.3617753268,0.3793103448275862,0.8974358974358975,0.34375,0.4230769230769231,72,0.4230769230769231,0.75
11025.655459327507,669707.2105667905,0.3859649122807018,0.9002849002849003,0.3548387096774194,0.4230769230769231,70,0.4230769230769231,0.75
10929.140675461269,669610.6957829243,0.382608695652174,0.8988603988603988,0.3492063492063492,0.4230769230769231,71,0.4230769230769231,0.75
10256.755829031696,668938.3109364947,0.3793103448275862,0.8974358974358975,0.34375,0.4230769230769231,72,0.4230769230769231,0.75
10256.755829031696,668938.3109364947,0.3793103448275862,0.8974358974358975,0.34375,0.4230769230769231,72,0.4230769230769231,0.75
10256.755829031696,668938.3109364947,0.3793103448275862,0.8974358974358975,0.34375,0.4230769230769231,72,0.4230769230769231,0.75
10256.755829031696,668938.3109364947,0.3793103448275862,0.8974358974358975,0.34375,0.4230769230769231,72,0.4230769230769231,0.75
10236.961568890256,668918.5166763533,0.37606837606837606,0.896011396011396,0.3384615384615385,0.4230769230769231,73,0.4230769230769231,0.75
10040.40618637472,668721.9612938378,0.39316239316239315,0.8988603988603988,0.35384615384615387,0.4423076923076923,71,0.4423076923076923,0.75
10040.40618637472,668721.9612938378,0.39316239316239315,0.8988603988603988,0.35384615384615387,0.4423076923076923,71,0.4423076923076923,0.75
9610.583380676224,668292.1384881393,0.39316239316239315,0.8988603988603988,0.35384615384615387,0.4423076923076923,71,0.4423076923076923,0.75
9610.583380676224,668292.1384881393,0.39316239316239315,0.8988603988603988,0.35384615384615387,0.4423076923076923,71,0.4423076923076923,0.75
9610.583380676224,668292.1384881393,0.39316239316239315,0.8988603988603988,0.35384615384615387,0.4423076923076923,71,0.4423076923076923,0.75
9191.936381963198,667873.4914894262,0.39999999999999997,0.9017094017094017,0.36507936507936506,0.4423076923076923,69,0.4423076923076923,0.75
9172.142121821991,667853.697229285,0.39655172413793105,0.9002849002849003,0.359375,0.4423076923076923,70,0.4423076923076923,0.75
9172.142121821991,667853.697229285,0.39655172413793105,0.9002849002849003,0.359375,0.4423076923076923,70,0.4423076923076923,0.75
9172.142121821991,667853.697229285,0.39655172413793105,0.9002849002849003,0.359375,0.4423076923076923,70,0.4423076923076923,0.75
9172.142121821991,667853.697229285,0.39655172413793105,0.9002849002849003,0.359375,0.4423076923076923,70,0.4423076923076923,0.75
9172.142121821991,667853.697229285,0.39655172413793105,0.9002849002849003,0.359375,0.4423076923076923,70,0.4423076923076923,0.75
9172.142121821991,667853.697229285,0.39655172413793105,0.9002849002849003,0.359375,0.4423076923076923,70,0.4423076923076923,0.75
8511.170781213441,667192.7258886765,0.39655172413793105,0.9002849002849003,0.359375,0.4423076923076923,70,0.4423076923076923,0.75
8511.170781213441,667192.7258886765,0.39655172413793105,0.9002849002849003,0.359375,0.4423076923076923,70,0.4423076923076923,0.75
8511.170781213441,667192.7258886765,0.39655172413793105,0.9002849002849003,0.359375,0.4423076923076923,70,0.4423076923076923,0.75
8511.170781213441,667192.7258886765,0.39655172413793105,0.9002849002849003,0.359375,0.4423076923076923,70,0.4423076923076923,0.75
8511.170781213441,667192.7258886765,0.39655172413793105,0.9002849002849003,0.359375,0.4423076923076923,70,0.4423076923076923,0.75
8393.317119983141,667074.8722274462,0.39316239316239315,0.8988603988603988,0.35384615384615387,0.4423076923076923,71,0.4423076923076923,0.75
8393.317119983141,667074.8722274462,0.39316239316239315,0.8988603988603988,0.35384615384615387,0.4423076923076923,71,0.4423076923076923,0.75
8393.317119983141,667074.8722274462,0.39316239316239315,0.8988603988603988,0.35384615384615387,0.4423076923076923,71,0.4423076923076923,0.75
8358.04710570455,667039.6022131676,0.3898305084745763,0.8974358974358975,0.3484848484848485,0.4423076923076923,72,0.4423076923076923,0.75
8358.04710570455,667039.6022131676,0.3898305084745763,0.8974358974358975,0.3484848484848485,0.4423076923076923,72,0.4423076923076923,0.75
8358.04710570455,667039.6022131676,0.3898305084745763,0.8974358974358975,0.3484848484848485,0.4423076923076923,72,0.4423076923076923,0.75
8358.04710570455,667039.6022131676,0.3898305084745763,0.8974358974358975,0.3484848484848485,0.4423076923076923,72,0.4423076923076923,0.75
8358.04710570455,667039.6022131676,0.3898305084745763,0.8974358974358975,0.3484848484848485,0.4423076923076923,72,0.4423076923076923,0.75
8358.04710570455,667039.6022131676,0.3898305084745763,0.8974358974358975,0.3484848484848485,0.4423076923076923,72,0.4423076923076923,0.75
8358.04710570455,667039.6022131676,0.3898305084745763,0.8974358974358975,0.3484848484848485,0.4423076923076923,72,0.4423076923076923,0.75
8358.04710570455,667039.6022131676,0.3898305084745763,0.8974358974358975,0.3484848484848485,0.4423076923076923,72,0.4423076923076923,0.75
8358.04710570455,667039.6022131676,0.3898305084745763,0.8974358974358975,0.3484848484848485,0.4423076923076923,72,0.4423076923076923,0.75
8358.04710570455,667039.6022131676,0.3898305084745763,0.8974358974358975,0.3484848484848485,0.4423076923076923,72,0.4423076923076923,0.75
8358.04710570455,667039.6022131676,0.3898305084745763,0.8974358974358975,0.3484848484848485,0.4423076923076923,72,0.4423076923076923,0.75
8358.04710570455,667039.6022131676,0.3898305084745763,0.8974358974358975,0.3484848484848485,0.4423076923076923,72,0.4423076923076923,0.75
8358.04710570455,667039.6022131676,0.3898305084745763,0.8974358974358975,0.3484848484848485,0.4423076923076923,72,0.4423076923076923,0.75
8358.04710570455,667039.6022131676,0.3898305084745763,0.8974358974358975,0.3484848484848485,0.4423076923076923,72,0.4423076923076923,0.75
8358.04710570455,667039.6022131676,0.3898305084745763,0.8974358974358975,0.3484848484848485,0.4423076923076923,72,0.4423076923076923,0.75
8358.04710570455,667039.6022131676,0.3898305084745763,0.8974358974358975,0.3484848484848485,0.4423076923076923,72,0.4423076923076923,0.75
8358.04710570455,667039.6022131676,0.3898305084745763,0.8974358974358975,0.3484848484848485,0.4423076923076923,72,0.4423076923076923,0.75
8358.04710570455,667039.6022131676,0.3898305084745763,0.8974358974358975,0.3484848484848485,0.4423076923076923,72,0.4423076923076923,0.75
8358.04710570455,667039.6022131676,0.3898305084745763,0.8974358974358975,0.3484848484848485,0.4423076923076923,72,0.4423076923076923,0.75
8358.04710570455,667039.6022131676,0.3898305084745763,0.8974358974358975,0.3484848484848485,0.4423076923076923,72,0.4423076923076923,0.75
8358.04710570455,667039.6022131676,0.3898305084745763,0.8974358974358975,0.3484848484848485,0.4423076923076923,72,0.4423076923076923,0.75
8358.04710570455,667039.6022131676,0.3898305084745763,0.8974358974358975,0.3484848484848485,0.4423076923076923,72,0.4423076923076923,0.75
8358.04710570455,667039.6022131676,0.3898305084745763,0.8974358974358975,0.3484848484848485,0.4423076923076923,72,0.4423076923076923,0.75
8358.04710570455,667039.6022131676,0.3898305084745763,0.8974358974358975,0.3484848484848485,0.4423076923076923,72,0.4423076923076923,0.75
8358.04710570455,667039.6022131676,0.3898305084745763,0.8974358974358975,0.3484848484848485,0.4423076923076923,72,0.4423076923076923,0.75
8358.04710570455,667039.6022131676,0.3898305084745763,0.8974358974358975,0.3484848484848485,0.4423076923076923,72,0.4423076923076923,0.75
8358.04710570455,667039.6022131676,0.3898305084745763,0.8974358974358975,0.3484848484848485,0.4423076923076923,72,0.4423076923076923,0.75
8358.04710570455,667039.6022131676,0.3898305084745763,0.8974358974358975,0.3484848484848485,0.4423076923076923,72,0.4423076923076923,0.75
8358.04710570455,667039.6022131676,0.3898305084745763,0.8974358974358975,0.3484848484848485,0.4423076923076923,72,0.4423076923076923,0.75
8358.04710570455,667039.6022131676,0.3898305084745763,0.8974358974358975,0.3484848484848485,0.4423076923076923,72,0.4423076923076923,0.75
8358.04710570455,667039.6022131676,0.3898305084745763,0.8974358974358975,0.3484848484848485,0.4423076923076923,72,0.4423076923076923,0.75
8358.04710570455,667039.6022131676,0.3898305084745763,0.8974358974358975,0.3484848484848485,0.4423076923076923,72,0.4423076923076923,0.75
8358.04710570455,667039.6022131676,0.3898305084745763,0.8974358974358975,0.3484848484848485,0.4423076923076923,72,0.4423076923076923,0.75
8358.04710570455,667039.6022131676,0.3898305084745763,0.8974358974358975,0.3484848484848485,0.4423076923076923,72,0.4423076923076923,0.75
8358.04710570455,667039.6022131676,0.3898305084745763,0.8974358974358975,0.3484848484848485,0.4423076923076923,72,0.4423076923076923,0.75
8358.04710570455,667039.6022131676,0.3898305084745763,0.8974358974358975,0.3484848484848485,0.4423076923076923,72,0.4423076923076923,0.75
8358.04710570455,667039.6022131676,0.3898305084745763,0.8974358974358975,0.3484848484848485,0.4423076923076923,72,0.4423076923076923,0.75
8358.04710570455,667039.6022131676,0.3898305084745763,0.8974358974358975,0.3484848484848485,0.4423076923076923,72,0.4423076923076923,0.75
8358.04710570455,667039.6022131676,0.3898305084745763,0.8974358974358975,0.3484848484848485,0.4423076923076923,72,0.4423076923076923,0.75
8358.04710570455,667039.6022131676,0.3898305084745763,0.8974358974358975,0.3484848484848485,0.4423076923076923,72,0.4423076923076923,0.75
8358.04710570455,667039.6022131676,0.3898305084745763,0.8974358974358975,0.3484848484848485,0.4423076923076923,72,0.4423076923076923,0.75
8358.04710570455,667039.6022131676,0.3898305084745763,0.8974358974358975,0.3484848484848485,0.4423076923076923,72,0.4423076923076923,0.75
8358.04710570455,667039.6022131676,0.3898305084745763,0.8974358974358975,0.3484848484848485,0.4423076923076923,72,0.4423076923076923,0.75
8358.04710570455,667039.6022131676,0.3898305084745763,0.8974358974358975,0.3484848484848485,0.4423076923076923,72,0.4423076923076923,0.75
8358.04710570455,667039.6022131676,0.3898305084745763,0.8974358974358975,0.3484848484848485,0.4423076923076923,72,0.4423076923076923,0.75
8358.04710570455,667039.6022131676,0.3898305084745763,0.8974358974358975,0.3484848484848485,0.4423076923076923,72,0.4423076923076923,0.75
8358.04710570455,667039.6022131676,0.3898305084745763,0.8974358974358975,0.3484848484848485,0.4423076923076923,72,0.4423076923076923,0.75
8358.04710570455,667039.6022131676,0.3898305084745763,0.8974358974358975,0.3484848484848485,0.4423076923076923,72,0.4423076923076923,0.75
8358.04710570455,667039.6022131676,0.3898305084745763,0.8974358974358975,0.3484848484848485,0.4423076923076923,72,0.4423076923076923,0.75
8358.04710570455,667039.6022131676,0.3898305084745763,0.8974358974358975,0.3484848484848485,0.4423076923076923,72,0.4423076923076923,0.75
8358.04710570455,667039.6022131676,0.3898305084745763,0.8974358974358975,0.3484848484848485,0.4423076923076923,72,0.4423076923076923,0.75
8358.04710570455,667039.6022131676,0.3898305084745763,0.8974358974358975,0.3484848484848485,0.4423076923076923,72,0.4423076923076923,0.75
8358.04710570455,667039.6022131676,0.3898305084745763,0.8974358974358975,0.3484848484848485,0.4423076923076923,72,0.4423076923076923,0.75
8358.04710570455,667039.6022131676,0.3898305084745763,0.8974358974358975,0.3484848484848485,0.4423076923076923,72,0.4423076923076923,0.75
8358.04710570455,667039.6022131676,0.3898305084745763,0.8974358974358975,0.3484848484848485,0.4423076923076923,72,0.4423076923076923,0.75
8358.04710570455,667039.6022131676,0.3898305084745763,0.8974358974358975,0.3484848484848485,0.4423076923076923,72,0.4423076923076923,0.75
8358.04710570455,667039.6022131676,0.3898305084745763,0.8974358974358975,0.3484848484848485,0.4423076923076923,72,0.4423076923076923,0.75
8227.012408844777,666908.5675163078,0.4067796610169492,0.9002849002849003,0.36363636363636365,0.46153846153846156,70,0.46153846153846156,0.75
8227.012408844777,666908.5675163078,0.4067796610169492,0.9002849002849003,0.36363636363636365,0.46153846153846156,70,0.46153846153846156,0.75
8227.012408844777,666908.5675163078,0.4067796610169492,0.9002849002849003,0.36363636363636365,0.46153846153846156,70,0.46153846153846156,0.75
7344.197469049948,666025.752576513,0.4102564102564103,0.9017094017094017,0.36923076923076925,0.46153846153846156,69,0.46153846153846156,0.75
6876.14976230904,665557.7048697721,0.41379310344827586,0.9031339031339032,0.375,0.46153846153846156,68,0.46153846153846156,0.75
6876.14976230904,665557.7048697721,0.41379310344827586,0.9031339031339032,0.375,0.46153846153846156,68,0.46153846153846156,0.75
6876.14976230904,665557.7048697721,0.41379310344827586,0.9031339031339032,0.375,0.46153846153846156,68,0.46153846153846156,0.75
6876.14976230904,665557.7048697721,0.41379310344827586,0.9031339031339032,0.375,0.46153846153846156,68,0.46153846153846156,0.75
6876.14976230904,665557.7048697721,0.41379310344827586,0.9031339031339032,0.375,0.46153846153846156,68,0.46153846153846156,0.75
6876.14976230904,665557.7048697721,0.41379310344827586,0.9031339031339032,0.375,0.46153846153846156,68,0.46153846153846156,0.75
6856.183013482369,665537.7381209454,0.41379310344827586,0.9031339031339032,0.375,0.46153846153846156,68,0.46153846153846156,0.75
6707.332404130953,665388.887511594,0.4173913043478261,0.9045584045584045,0.38095238095238093,0.46153846153846156,67,0.46153846153846156,0.75
6707.332404130953,665388.887511594,0.4173913043478261,0.9045584045584045,0.38095238095238093,0.46153846153846156,67,0.46153846153846156,0.75
6707.332404130953,665388.887511594,0.4173913043478261,0.9045584045584045,0.38095238095238093,0.46153846153846156,67,0.46153846153846156,0.75
6707.332404130953,665388.887511594,0.4173913043478261,0.9045584045584045,0.38095238095238093,0.46153846153846156,67,0.46153846153846156,0.75
6311.906916624517,664993.4620240876,0.39999999999999997,0.9017094017094017,0.36507936507936506,0.4423076923076923,69,0.4423076923076923,0.75
6311.906916624517,664993.4620240876,0.39999999999999997,0.9017094017094017,0.36507936507936506,0.4423076923076923,69,0.4423076923076923,0.75
6311.906916624517,664993.4620240876,0.39999999999999997,0.9017094017094017,0.36507936507936506,0.4423076923076923,69,0.4423076923076923,0.75
6311.906916624517,664993.4620240876,0.39999999999999997,0.9017094017094017,0.36507936507936506,0.4423076923076923,69,0.4423076923076923,0.75
6311.906916624517,664993.4620240876,0.39999999999999997,0.9017094017094017,0.36507936507936506,0.4423076923076923,69,0.4423076923076923,0.75
6311.906916624517,664993.4620240876,0.39999999999999997,0.9017094017094017,0.36507936507936506,0.4423076923076923,69,0.4423076923076923,0.75
6311.906916624517,664993.4620240876,0.39999999999999997,0.9017094017094017,0.36507936507936506,0.4423076923076923,69,0.4423076923076923,0.75
6311.906916624517,664993.4620240876,0.39999999999999997,0.9017094017094017,0.36507936507936506,0.4423076923076923,69,0.4423076923076923,0.75
6311.906916624517,664993.4620240876,0.39999999999999997,0.9017094017094017,0.36507936507936506,0.4423076923076923,69,0.4423076923076923,0.75
6311.906916624517,664993.4620240876,0.39999999999999997,0.9017094017094017,0.36507936507936506,0.4423076923076923,69,0.4423076923076923,0.75
6311.906916624517,664993.4620240876,0.39999999999999997,0.9017094017094017,0.36507936507936506,0.4423076923076923,69,0.4423076923076923,0.75
6311.906916624517,664993.4620240876,0.39999999999999997,0.9017094017094017,0.36507936507936506,0.4423076923076923,69,0.4423076923076923,0.75
6311.906916624517,664993.4620240876,0.39999999999999997,0.9017094017094017,0.36507936507936506,0.4423076923076923,69,0.4423076923076923,0.75
6311.906916624517,664993.4620240876,0.39999999999999997,0.9017094017094017,0.36507936507936506,0.4423076923076923,69,0.4423076923076923,0.75
6311.906916624517,664993.4620240876,0.39999999999999997,0.9017094017094017,0.36507936507936506,0.4423076923076923,69,0.4423076923076923,0.75
6311.906916624517,664993.4620240876,0.39999999999999997,0.9017094017094017,0.36507936507936506,0.4423076923076923,69,0.4423076923076923,0.75
6311.906916624517,664993.4620240876,0.39999999999999997,0.9017094017094017,0.36507936507936506,0.4423076923076923,69,0.4423076923076923,0.75
6311.906916624517,664993.4620240876,0.39999999999999997,0.9017094017094017,0.36507936507936506,0.4423076923076923,69,0.4423076923076923,0.75
6311.906916624517,664993.4620240876,0.39999999999999997,0.9017094017094017,0.36507936507936506,0.4423076923076923,69,0.4423076923076923,0.75
6311.906916624517,664993.4620240876,0.39999999999999997,0.9017094017094017,0.36507936507936506,0.4423076923076923,69,0.4423076923076923,0.75
6311.906916624517,664993.4620240876,0.39999999999999997,0.9017094017094017,0.36507936507936506,0.4423076923076923,69,0.4423076923076923,0.75
6311.906916624517,664993.4620240876,0.39999999999999997,0.9017094017094017,0.36507936507936506,0.4423076923076923,69,0.4423076923076923,0.75
6311.906916624517,664993.4620240876,0.39999999999999997,0.9017094017094017,0.36507936507936506,0.4423076923076923,69,0.4423076923076923,0.75
6311.906916624517,664993.4620240876,0.39999999999999997,0.9017094017094017,0.36507936507936506,0.4423076923076923,69,0.4423076923076923,0.75
6311.906916624517,664993.4620240876,0.39999999999999997,0.9017094017094017,0.36507936507936506,0.4423076923076923,69,0.4423076923076923,0.75
6311.906916624517,664993.4620240876,0.39999999999999997,0.9017094017094017,0.36507936507936506,0.4423076923076923,69,0.4423076923076923,0.75
6311.906916624517,664993.4620240876,0.39999999999999997,0.9017094017094017,0.36507936507936506,0.4423076923076923,69,0.4423076923076923,0.75
6311.906916624517,664993.4620240876,0.39999999999999997,0.9017094017094017,0.36507936507936506,0.4423076923076923,69,0.4423076923076923,0.75
6311.906916624517,664993.4620240876,0.39999999999999997,0.9017094017094017,0.36507936507936506,0.4423076923076923,69,0.4423076923076923,0.75
6311.906916624517,664993.4620240876,0.39999999999999997,0.9017094017094017,0.36507936507936506,0.4423076923076923,69,0.4423076923076923,0.75
6311.906916624517,664993.4620240876,0.39999999999999997,0.9017094017094017,0.36507936507936506,0.4423076923076923,69,0.4423076923076923,0.75
6311.906916624517,664993.4620240876,0.39999999999999997,0.9017094017094017,0.36507936507936506,0.4423076923076923,69,0.4423076923076923,0.75
6311.906916624517,664993.4620240876,0.39999999999999997,0.9017094017094017,0.36507936507936506,0.4423076923076923,69,0.4423076923076923,0.75
6311.906916624517,664993.4620240876,0.39999999999999997,0.9017094017094017,0.36507936507936506,0.4423076923076923,69,0.4423076923076923,0.75
6259.987724959268,664941.5428324223,0.4035087719298246,0.9031339031339032,0.3709677419354839,0.4423076923076923,68,0.4423076923076923,0.75
6259.987724959268,664941.5428324223,0.4035087719298246,0.9031339031339032,0.3709677419354839,0.4423076923076923,68,0.4423076923076923,0.75
6259.987724959268,664941.5428324223,0.4035087719298246,0.9031339031339032,0.3709677419354839,0.4423076923076923,68,0.4423076923076923,0.75
6259.987724959268,664941.5428324223,0.4035087719298246,0.9031339031339032,0.3709677419354839,0.4423076923076923,68,0.4423076923076923,0.75
6259.987724959268,664941.5428324223,0.4035087719298246,0.9031339031339032,0.3709677419354839,0.4423076923076923,68,0.4423076923076923,0.75
6259.987724959268,664941.5428324223,0.4035087719298246,0.9031339031339032,0.3709677419354839,0.4423076923076923,68,0.4423076923076923,0.75
6259.987724959268,664941.5428324223,0.4035087719298246,0.9031339031339032,0.3709677419354839,0.4423076923076923,68,0.4423076923076923,0.75
6259.987724959268,664941.5428324223,0.4035087719298246,0.9031339031339032,0.3709677419354839,0.4423076923076923,68,0.4423076923076923,0.75
6259.987724959268,664941.5428324223,0.4035087719298246,0.9031339031339032,0.3709677419354839,0.4423076923076923,68,0.4423076923076923,0.75
6259.987724959268,664941.5428324223,0.4035087719298246,0.9031339031339032,0.3709677419354839,0.4423076923076923,68,0.4423076923076923,0.75
6259.987724959268,664941.5428324223,0.4035087719298246,0.9031339031339032,0.3709677419354839,0.4423076923076923,68,0.4423076923076923,0.75
6259.987724959268,664941.5428324223,0.4035087719298246,0.9031339031339032,0.3709677419354839,0.4423076923076923,68,0.4423076923076923,0.75
6259.987724959268,664941.5428324223,0.4035087719298246,0.9031339031339032,0.3709677419354839,0.4423076923076923,68,0.4423076923076923,0.75
6259.987724959268,664941.5428324223,0.4035087719298246,0.9031339031339032,0.3709677419354839,0.4423076923076923,68,0.4423076923076923,0.75
6259.987724959268,664941.5428324223,0.4035087719298246,0.9031339031339032,0.3709677419354839,0.4423076923076923,68,0.4423076923076923,0.75
6259.987724959268,664941.5428324223,0.4035087719298246,0.9031339031339032,0.3709677419354839,0.4423076923076923,68,0.4423076923076923,0.75
6259.987724959268,664941.5428324223,0.4035087719298246,0.9031339031339032,0.3709677419354839,0.4423076923076923,68,0.4423076923076923,0.75
6259.987724959268,664941.5428324223,0.4035087719298246,0.9031339031339032,0.3709677419354839,0.4423076923076923,68,0.4423076923076923,0.75
6259.987724959268,664941.5428324223,0.4035087719298246,0.9031339031339032,0.3709677419354839,0.4423076923076923,68,0.4423076923076923,0.75
6259.987724959268,664941.5428324223,0.4035087719298246,0.9031339031339032,0.3709677419354839,0.4423076923076923,68,0.4423076923076923,0.75
6259.987724959268,664941.5428324223,0.4035087719298246,0.9031339031339032,0.3709677419354839,0.4423076923076923,68,0.4423076923076923,0.75
6259.987724959268,664941.5428324223,0.4035087719298246,0.9031339031339032,0.3709677419354839,0.4423076923076923,68,0.4423076923076923,0.75
6259.987724959268,664941.5428324223,0.4035087719298246,0.9031339031339032,0.3709677419354839,0.4423076923076923,68,0.4423076923076923,0.75
6259.987724959268,664941.5428324223,0.4035087719298246,0.9031339031339032,0.3709677419354839,0.4423076923076923,68,0.4423076923076923,0.75
6249.5612343657995,664931.1163418288,0.4035087719298246,0.9031339031339032,0.3709677419354839,0.4423076923076923,68,0.4423076923076923,0.75
6249.5612343657995,664931.1163418288,0.4035087719298246,0.9031339031339032,0.3709677419354839,0.4423076923076923,68,0.4423076923076923,0.75
6249.5612343657995,664931.1163418288,0.4035087719298246,0.9031339031339032,0.3709677419354839,0.4423076923076923,68,0.4423076923076923,0.75
6249.5612343657995,664931.1163418288,0.4035087719298246,0.9031339031339032,0.3709677419354839,0.4423076923076923,68,0.4423076923076923,0.75
6249.5612343657995,664931.1163418288,0.4035087719298246,0.9031339031339032,0.3709677419354839,0.4423076923076923,68,0.4423076923076923,0.75
6249.5612343657995,664931.1163418288,0.4035087719298246,0.9031339031339032,0.3709677419354839,0.4423076923076923,68,0.4423076923076923,0.75
6249.5612343657995,664931.1163418288,0.4035087719298246,0.9031339031339032,0.3709677419354839,0.4423076923076923,68,0.4423076923076923,0.75
6249.5612343657995,664931.1163418288,0.4035087719298246,0.9031339031339032,0.3709677419354839,0.4423076923076923,68,0.4423076923076923,0.75
6249.5612343657995,664931.1163418288,0.4035087719298246,0.9031339031339032,0.3709677419354839,0.4423076923076923,68,0.4423076923076923,0.75
6249.5612343657995,664931.1163418288,0.4035087719298246,0.9031339031339032,0.3709677419354839,0.4423076923076923,68,0.4423076923076923,0.75
6249.5612343657995,664931.1163418288,0.4035087719298246,0.9031339031339032,0.3709677419354839,0.4423076923076923,68,0.4423076923076923,0.75
6249.5612343657995,664931.1163418288,0.4035087719298246,0.9031339031339032,0.3709677419354839,0.4423076923076923,68,0.4423076923076923,0.75
6249.5612343657995,664931.1163418288,0.4035087719298246,0.9031339031339032,0.3709677419354839,0.4423076923076923,68,0.4423076923076923,0.75
6249.5612343657995,664931.1163418288,0.4035087719298246,0.9031339031339032,0.3709677419354839,0.4423076923076923,68,0.4423076923076923,0.75
6147.756933981436,664829.3120414445,0.39999999999999997,0.9017094017094017,0.36507936507936506,0.4423076923076923,69,0.4423076923076923,0.75
6147.756933981436,664829.3120414445,0.39999999999999997,0.9017094017094017,0.36507936507936506,0.4423076923076923,69,0.4423076923076923,0.75
6147.756933981436,664829.3120414445,0.39999999999999997,0.9017094017094017,0.36507936507936506,0.4423076923076923,69,0.4423076923076923,0.75
6147.756933981436,664829.3120414445,0.39999999999999997,0.9017094017094017,0.36507936507936506,0.4423076923076923,69,0.4423076923076923,0.75
6147.756933981436,664829.3120414445,0.39999999999999997,0.9017094017094017,0.36507936507936506,0.4423076923076923,69,0.4423076923076923,0.75
6147.756933981436,664829.3120414445,0.39999999999999997,0.9017094017094017,0.36507936507936506,0.4423076923076923,69,0.4423076923076923,0.75
6147.756933981436,664829.3120414445,0.39999999999999997,0.9017094017094017,0.36507936507936506,0.4423076923076923,69,0.4423076923076923,0.75
6147.756933981436,664829.3120414445,0.39999999999999997,0.9017094017094017,0.36507936507936506,0.4423076923076923,69,0.4423076923076923,0.75
6147.756933981436,664829.3120414445,0.39999999999999997,0.9017094017094017,0.36507936507936506,0.4423076923076923,69,0.4423076923076923,0.75
6147.756933981436,664829.3120414445,0.39999999999999997,0.9017094017094017,0.36507936507936506,0.4423076923076923,69,0.4423076923076923,0.75
6147.756933981436,664829.3120414445,0.39999999999999997,0.9017094017094017,0.36507936507936506,0.4423076923076923,69,0.4423076923076923,0.75
6147.756933981436,664829.3120414445,0.39999999999999997,0.9017094017094017,0.36507936507936506,0.4423076923076923,69,0.4423076923076923,0.75
6147.756933981436,664829.3120414445,0.39999999999999997,0.9017094017094017,0.36507936507936506,0.4423076923076923,69,0.4423076923076923,0.75
6142.301966951578,664823.8570744146,0.39999999999999997,0.9017094017094017,0.36507936507936506,0.4423076923076923,69,0.4423076923076923,0.75
6142.301966951578,664823.8570744146,0.39999999999999997,0.9017094017094017,0.36507936507936506,0.4423076923076923,69,0.4423076923076923,0.75
6142.301966951578,664823.8570744146,0.39999999999999997,0.9017094017094017,0.36507936507936506,0.4423076923076923,69,0.4423076923076923,0.75
6142.301966951578,664823.8570744146,0.39999999999999997,0.9017094017094017,0.36507936507936506,0.4423076923076923,69,0.4423076923076923,0.75
6142.301966951578,664823.8570744146,0.39999999999999997,0.9017094017094017,0.36507936507936506,0.4423076923076923,69,0.4423076923076923,0.75
6142.301966951578,664823.8570744146,0.39999999999999997,0.9017094017094017,0.36507936507936506,0.4423076923076923,69,0.4423076923076923,0.75
6142.301966951578,664823.8570744146,0.39999999999999997,0.9017094017094017,0.36507936507936506,0.4423076923076923,69,0.4423076923076923,0.75
6142.301966951578,664823.8570744146,0.39999999999999997,0.9017094017094017,0.36507936507936506,0.4423076923076923,69,0.4423076923076923,0.75
6119.433700349997,664800.988807813,0.39999999999999997,0.9017094017094017,0.36507936507936506,0.4423076923076923,69,0.4423076923076923,0.7692307692307693
6119.433700349997,664800.988807813,0.39999999999999997,0.9017094017094017,0.36507936507936506,0.4423076923076923,69,0.4423076923076923,0.7692307692307693
6119.433700349997,664800.988807813,0.39999999999999997,0.9017094017094017,0.36507936507936506,0.4423076923076923,69,0.4423076923076923,0.7692307692307693
6119.433700349997,664800.988807813,0.39999999999999997,0.9017094017094017,0.36507936507936506,0.4423076923076923,69,0.4423076923076923,0.7692307692307693
5587.418004198349,664268.9731116614,0.4102564102564103,0.9017094017094017,0.36923076923076925,0.46153846153846156,69,0.46153846153846156,0.75
5398.407098468975,664079.962205932,0.41379310344827586,0.9031339031339032,0.375,0.46153846153846156,68,0.46153846153846156,0.75
5398.407098468975,664079.962205932,0.41379310344827586,0.9031339031339032,0.375,0.46153846153846156,68,0.46153846153846156,0.75
5398.407098468975,664079.962205932,0.41379310344827586,0.9031339031339032,0.375,0.46153846153846156,68,0.46153846153846156,0.75
5208.732326794299,663890.2874342573,0.4173913043478261,0.9045584045584045,0.38095238095238093,0.46153846153846156,67,0.46153846153846156,0.75
5208.732326794299,663890.2874342573,0.4173913043478261,0.9045584045584045,0.38095238095238093,0.46153846153846156,67,0.46153846153846156,0.75
5208.732326794299,663890.2874342573,0.4173913043478261,0.9045584045584045,0.38095238095238093,0.46153846153846156,67,0.46153846153846156,0.75
5208.732326794299,663890.2874342573,0.4173913043478261,0.9045584045584045,0.38095238095238093,0.46153846153846156,67,0.46153846153846156,0.75
5208.732326794299,663890.2874342573,0.4173913043478261,0.9045584045584045,0.38095238095238093,0.46153846153846156,67,0.46153846153846156,0.75
5208.732326794299,663890.2874342573,0.4173913043478261,0.9045584045584045,0.38095238095238093,0.46153846153846156,67,0.46153846153846156,0.75
5208.732326794299,663890.2874342573,0.4173913043478261,0.9045584045584045,0.38095238095238093,0.46153846153846156,67,0.46153846153846156,0.75
5208.732326794299,663890.2874342573,0.4173913043478261,0.9045584045584045,0.38095238095238093,0.46153846153846156,67,0.46153846153846156,0.75
5208.732326794299,663890.2874342573,0.4173913043478261,0.9045584045584045,0.38095238095238093,0.46153846153846156,67,0.46153846153846156,0.75
5208.732326794299,663890.2874342573,0.4173913043478261,0.9045584045584045,0.38095238095238093,0.46153846153846156,67,0.46153846153846156,0.75
5208.732326794299,663890.2874342573,0.4173913043478261,0.9045584045584045,0.38095238095238093,0.46153846153846156,67,0.46153846153846156,0.75
5208.732326794299,663890.2874342573,0.4173913043478261,0.9045584045584045,0.38095238095238093,0.46153846153846156,67,0.46153846153846156,0.75
5194.8309701072285,663876.3860775703,0.42105263157894735,0.905982905982906,0.3870967741935484,0.46153846153846156,66,0.46153846153846156,0.75
5194.8309701072285,663876.3860775703,0.42105263157894735,0.905982905982906,0.3870967741935484,0.46153846153846156,66,0.46153846153846156,0.75
5194.8309701072285,663876.3860775703,0.42105263157894735,0.905982905982906,0.3870967741935484,0.46153846153846156,66,0.46153846153846156,0.75
5175.971627947758,663857.5267354108,0.42477876106194695,0.9074074074074074,0.39344262295081966,0.46153846153846156,65,0.46153846153846156,0.75
5175.971627947758,663857.5267354108,0.42477876106194695,0.9074074074074074,0.39344262295081966,0.46153846153846156,65,0.46153846153846156,0.75
5175.971627947758,663857.5267354108,0.42477876106194695,0.9074074074074074,0.39344262295081966,0.46153846153846156,65,0.46153846153846156,0.75
5175.971627947758,663857.5267354108,0.42477876106194695,0.9074074074074074,0.39344262295081966,0.46153846153846156,65,0.46153846153846156,0.75
5175.971627947758,663857.5267354108,0.42477876106194695,0.9074074074074074,0.39344262295081966,0.46153846153846156,65,0.46153846153846156,0.75
5175.971627947758,663857.5267354108,0.42477876106194695,0.9074074074074074,0.39344262295081966,0.46153846153846156,65,0.46153846153846156,0.75
5175.971627947758,663857.5267354108,0.42477876106194695,0.9074074074074074,0.39344262295081966,0.46153846153846156,65,0.46153846153846156,0.75
5175.971627947758,663857.5267354108,0.42477876106194695,0.9074074074074074,0.39344262295081966,0.46153846153846156,65,0.46153846153846156,0.75
5175.971627947758,663857.5267354108,0.42477876106194695,0.9074074074074074,0.39344262295081966,0.46153846153846156,65,0.46153846153846156,0.75
5175.971627947758,663857.5267354108,0.42477876106194695,0.9074074074074074,0.39344262295081966,0.46153846153846156,65,0.46153846153846156,0.75
5175.971627947758,663857.5267354108,0.42477876106194695,0.9074074074074074,0.39344262295081966,0.46153846153846156,65,0.46153846153846156,0.75
5175.971627947758,663857.5267354108,0.42477876106194695,0.9074074074074074,0.39344262295081966,0.46153846153846156,65,0.46153846153846156,0.75
5175.971627947758,663857.5267354108,0.42477876106194695,0.9074074074074074,0.39344262295081966,0.46153846153846156,65,0.46153846153846156,0.75
5175.971627947758,663857.5267354108,0.42477876106194695,0.9074074074074074,0.39344262295081966,0.46153846153846156,65,0.46153846153846156,0.75
5175.971627947758,663857.5267354108,0.42477876106194695,0.9074074074074074,0.39344262295081966,0.46153846153846156,65,0.46153846153846156,0.75
5175.971627947758,663857.5267354108,0.42477876106194695,0.9074074074074074,0.39344262295081966,0.46153846153846156,65,0.46153846153846156,0.75
5175.971627947758,663857.5267354108,0.42477876106194695,0.9074074074074074,0.39344262295081966,0.46153846153846156,65,0.46153846153846156,0.75
5175.971627947758,663857.5267354108,0.42477876106194695,0.9074074074074074,0.39344262295081966,0.46153846153846156,65,0.46153846153846156,0.75
5175.971627947758,663857.5267354108,0.42477876106194695,0.9074074074074074,0.39344262295081966,0.46153846153846156,65,0.46153846153846156,0.75
5175.971627947758,663857.5267354108,0.42477876106194695,0.9074074074074074,0.39344262295081966,0.46153846153846156,65,0.46153846153846156,0.75
5175.971627947758,663857.5267354108,0.42477876106194695,0.9074074074074074,0.39344262295081966,0.46153846153846156,65,0.46153846153846156,0.75
5175.971627947758,663857.5267354108,0.42477876106194695,0.9074074074074074,0.39344262295081966,0.46153846153846156,65,0.46153846153846156,0.75
5175.971627947758,663857.5267354108,0.42477876106194695,0.9074074074074074,0.39344262295081966,0.46153846153846156,65,0.46153846153846156,0.75
5175.971627947758,663857.5267354108,0.42477876106194695,0.9074074074074074,0.39344262295081966,0.46153846153846156,65,0.46153846153846156,0.75
5175.971627947758,663857.5267354108,0.42477876106194695,0.9074074074074074,0.39344262295081966,0.46153846153846156,65,0.46153846153846156,0.75
5175.971627947758,663857.5267354108,0.42477876106194695,0.9074074074074074,0.39344262295081966,0.46153846153846156,65,0.46153846153846156,0.75
5175.971627947758,663857.5267354108,0.42477876106194695,0.9074074074074074,0.39344262295081966,0.46153846153846156,65,0.46153846153846156,0.75
5175.971627947758,663857.5267354108,0.42477876106194695,0.9074074074074074,0.39344262295081966,0.46153846153846156,65,0.46153846153846156,0.75
5175.971627947758,663857.5267354108,0.42477876106194695,0.9074074074074074,0.39344262295081966,0.46153846153846156,65,0.46153846153846156,0.75
5175.971627947758,663857.5267354108,0.42477876106194695,0.9074074074074074,0.39344262295081966,0.46153846153846156,65,0.46153846153846156,0.75
5175.971627947758,663857.5267354108,0.42477876106194695,0.9074074074074074,0.39344262295081966,0.46153846153846156,65,0.46153846153846156,0.75
5175.971627947758,663857.5267354108,0.42477876106194695,0.9074074074074074,0.39344262295081966,0.46153846153846156,65,0.46153846153846156,0.75
5175.971627947758,663857.5267354108,0.42477876106194695,0.9074074074074074,0.39344262295081966,0.46153846153846156,65,0.46153846153846156,0.75
5175.971627947758,663857.5267354108,0.42477876106194695,0.9074074074074074,0.39344262295081966,0.46153846153846156,65,0.46153846153846156,0.75
5175.971627947758,663857.5267354108,0.42477876106194695,0.9074074074074074,0.39344262295081966,0.46153846153846156,65,0.46153846153846156,0.75
5175.971627947758,663857.5267354108,0.42477876106194695,0.9074074074074074,0.39344262295081966,0.46153846153846156,65,0.46153846153846156,0.75
5175.971627947758,663857.5267354108,0.42477876106194695,0.9074074074074074,0.39344262295081966,0.46153846153846156,65,0.46153846153846156,0.75
5175.971627947758,663857.5267354108,0.42477876106194695,0.9074074074074074,0.39344262295081966,0.46153846153846156,65,0.46153846153846156,0.75
5175.971627947758,663857.5267354108,0.42477876106194695,0.9074074074074074,0.39344262295081966,0.46153846153846156,65,0.46153846153846156,0.75
5175.971627947758,663857.5267354108,0.42477876106194695,0.9074074074074074,0.39344262295081966,0.46153846153846156,65,0.46153846153846156,0.75
5175.971627947758,663857.5267354108,0.42477876106194695,0.9074074074074074,0.39344262295081966,0.46153846153846156,65,0.46153846153846156,0.75
5175.971627947758,663857.5267354108,0.42477876106194695,0.9074074074074074,0.39344262295081966,0.46153846153846156,65,0.46153846153846156,0.75
5175.971627947758,663857.5267354108,0.42477876106194695,0.9074074074074074,0.39344262295081966,0.46153846153846156,65,0.46153846153846156,0.75
5058.665841765585,663740.2209492286,0.44642857142857145,0.9116809116809117,0.4166666666666667,0.4807692307692308,62,0.4807692307692308,0.75
5058.665841765585,663740.2209492286,0.44642857142857145,0.9116809116809117,0.4166666666666667,0.4807692307692308,62,0.4807692307692308,0.75
5058.665841765585,663740.2209492286,0.44642857142857145,0.9116809116809117,0.4166666666666667,0.4807692307692308,62,0.4807692307692308,0.75
5058.665841765585,663740.2209492286,0.44642857142857145,0.9116809116809117,0.4166666666666667,0.4807692307692308,62,0.4807692307692308,0.75
5058.665841765585,663740.2209492286,0.44642857142857145,0.9116809116809117,0.4166666666666667,0.4807692307692308,62,0.4807692307692308,0.75
5058.665841765585,663740.2209492286,0.44642857142857145,0.9116809116809117,0.4166666666666667,0.4807692307692308,62,0.4807692307692308,0.75
4981.686102055595,663663.2412095186,0.45045045045045046,0.9131054131054132,0.423728813559322,0.4807692307692308,61,0.4807692307692308,0.75
4981.686102055595,663663.2412095186,0.45045045045045046,0.9131054131054132,0.423728813559322,0.4807692307692308,61,0.4807692307692308,0.75
4981.686102055595,663663.2412095186,0.45045045045045046,0.9131054131054132,0.423728813559322,0.4807692307692308,61,0.4807692307692308,0.75
4981.686102055595,663663.2412095186,0.45045045045045046,0.9131054131054132,0.423728813559322,0.4807692307692308,61,0.4807692307692308,0.75
4981.686102055595,663663.2412095186,0.45045045045045046,0.9131054131054132,0.423728813559322,0.4807692307692308,61,0.4807692307692308,0.75
4780.90014573501,663462.455253198,0.44642857142857145,0.9116809116809117,0.4166666666666667,0.4807692307692308,62,0.4807692307692308,0.75
4780.90014573501,663462.455253198,0.44642857142857145,0.9116809116809117,0.4166666666666667,0.4807692307692308,62,0.4807692307692308,0.75
4780.90014573501,663462.455253198,0.44642857142857145,0.9116809116809117,0.4166666666666667,0.4807692307692308,62,0.4807692307692308,0.75
4780.90014573501,663462.455253198,0.44642857142857145,0.9116809116809117,0.4166666666666667,0.4807692307692308,62,0.4807692307692308,0.75
4780.90014573501,663462.455253198,0.44642857142857145,0.9116809116809117,0.4166666666666667,0.4807692307692308,62,0.4807692307692308,0.75
4780.90014573501,663462.455253198,0.44642857142857145,0.9116809116809117,0.4166666666666667,0.4807692307692308,62,0.4807692307692308,0.75
4780.90014573501,663462.455253198,0.44642857142857145,0.9116809116809117,0.4166666666666667,0.4807692307692308,62,0.4807692307692308,0.75
4780.90014573501,663462.455253198,0.44642857142857145,0.9116809116809117,0.4166666666666667,0.4807692307692308,62,0.4807692307692308,0.75
4780.90014573501,663462.455253198,0.44642857142857145,0.9116809116809117,0.4166666666666667,0.4807692307692308,62,0.4807692307692308,0.75
4780.90014573501,663462.455253198,0.44642857142857145,0.9116809116809117,0.4166666666666667,0.4807692307692308,62,0.4807692307692308,0.75
4780.90014573501,663462.455253198,0.44642857142857145,0.9116809116809117,0.4166666666666667,0.4807692307692308,62,0.4807692307692308,0.75
4780.90014573501,663462.455253198,0.44642857142857145,0.9116809116809117,0.4166666666666667,0.4807692307692308,62,0.4807692307692308,0.75
4780.90014573501,663462.455253198,0.44642857142857145,0.9116809116809117,0.4166666666666667,0.4807692307692308,62,0.4807692307692308,0.75
4780.90014573501,663462.455253198,0.44642857142857145,0.9116809116809117,0.4166666666666667,0.4807692307692308,62,0.4807692307692308,0.75
4780.90014573501,663462.455253198,0.44642857142857145,0.9116809116809117,0.4166666666666667,0.4807692307692308,62,0.4807692307692308,0.75
4780.90014573501,663462.455253198,0.44642857142857145,0.9116809116809117,0.4166666666666667,0.4807692307692308,62,0.4807692307692308,0.75
4780.90014573501,663462.455253198,0.44642857142857145,0.9116809116809117,0.4166666666666667,0.4807692307692308,62,0.4807692307692308,0.75
4780.90014573501,663462.455253198,0.44642857142857145,0.9116809116809117,0.4166666666666667,0.4807692307692308,62,0.4807692307692308,0.75
4780.90014573501,663462.455253198,0.44642857142857145,0.9116809116809117,0.4166666666666667,0.4807692307692308,62,0.4807692307692308,0.75
4780.90014573501,663462.455253198,0.44642857142857145,0.9116809116809117,0.4166666666666667,0.4807692307692308,62,0.4807692307692308,0.75
4780.90014573501,663462.455253198,0.44642857142857145,0.9116809116809117,0.4166666666666667,0.4807692307692308,62,0.4807692307692308,0.75
4780.90014573501,663462.455253198,0.44642857142857145,0.9116809116809117,0.4166666666666667,0.4807692307692308,62,0.4807692307692308,0.75
4700.009067417239,663381.5641748803,0.45045045045045046,0.9131054131054132,0.423728813559322,0.4807692307692308,61,0.4807692307692308,0.75
4700.009067417239,663381.5641748803,0.45045045045045046,0.9131054131054132,0.423728813559322,0.4807692307692308,61,0.4807692307692308,0.75
4700.009067417239,663381.5641748803,0.45045045045045046,0.9131054131054132,0.423728813559322,0.4807692307692308,61,0.4807692307692308,0.75
4700.009067417239,663381.5641748803,0.45045045045045046,0.9131054131054132,0.423728813559322,0.4807692307692308,61,0.4807692307692308,0.75
4700.009067417239,663381.5641748803,0.45045045045045046,0.9131054131054132,0.423728813559322,0.4807692307692308,61,0.4807692307692308,0.75
4700.009067417239,663381.5641748803,0.45045045045045046,0.9131054131054132,0.423728813559322,0.4807692307692308,61,0.4807692307692308,0.75
4700.009067417239,663381.5641748803,0.45045045045045046,0.9131054131054132,0.423728813559322,0.4807692307692308,61,0.4807692307692308,0.75
4700.009067417239,663381.5641748803,0.45045045045045046,0.9131054131054132,0.423728813559322,0.4807692307692308,61,0.4807692307692308,0.75
4700.009067417239,663381.5641748803,0.45045045045045046,0.9131054131054132,0.423728813559322,0.4807692307692308,61,0.4807692307692308,0.75
4700.009067417239,663381.5641748803,0.45045045045045046,0.9131054131054132,0.423728813559322,0.4807692307692308,61,0.4807692307692308,0.75
4700.009067417239,663381.5641748803,0.45045045045045046,0.9131054131054132,0.423728813559322,0.4807692307692308,61,0.4807692307692308,0.75
4700.009067417239,663381.5641748803,0.45045045045045046,0.9131054131054132,0.423728813559322,0.4807692307692308,61,0.4807692307692308,0.75
4700.009067417239,663381.5641748803,0.45045045045045046,0.9131054131054132,0.423728813559322,0.4807692307692308,61,0.4807692307692308,0.75
4700.009067417239,663381.5641748803,0.45045045045045046,0.9131054131054132,0.423728813559322,0.4807692307692308,61,0.4807692307692308,0.75
4700.009067417239,663381.5641748803,0.45045045045045046,0.9131054131054132,0.423728813559322,0.4807692307692308,61,0.4807692307692308,0.75
4700.009067417239,663381.5641748803,0.45045045045045046,0.9131054131054132,0.423728813559322,0.4807692307692308,61,0.4807692307692308,0.75
4700.009067417239,663381.5641748803,0.45045045045045046,0.9131054131054132,0.423728813559322,0.4807692307692308,61,0.4807692307692308,0.75
4700.009067417239,663381.5641748803,0.45045045045045046,0.9131054131054132,0.423728813559322,0.4807692307692308,61,0.4807692307692308,0.75
4700.009067417239,663381.5641748803,0.45045045045045046,0.9131054131054132,0.423728813559322,0.4807692307692308,61,0.4807692307692308,0.75
4700.009067417239,663381.5641748803,0.45045045045045046,0.9131054131054132,0.423728813559322,0.4807692307692308,61,0.4807692307692308,0.75
4700.009067417239,663381.5641748803,0.45045045045045046,0.9131054131054132,0.423728813559322,0.4807692307692308,61,0.4807692307692308,0.75
4700.009067417239,663381.5641748803,0.45045045045045046,0.9131054131054132,0.423728813559322,0.4807692307692308,61,0.4807692307692308,0.75
4700.009067417239,663381.5641748803,0.45045045045045046,0.9131054131054132,0.423728813559322,0.4807692307692308,61,0.4807692307692308,0.75
4700.009067417239,663381.5641748803,0.45045045045045046,0.9131054131054132,0.423728813559322,0.4807692307692308,61,0.4807692307692308,0.75
4700.009067417239,663381.5641748803,0.45045045045045046,0.9131054131054132,0.423728813559322,0.4807692307692308,61,0.4807692307692308,0.75
4660.524306297186,663342.0794137602,0.44642857142857145,0.9116809116809117,0.4166666666666667,0.4807692307692308,62,0.4807692307692308,0.75
4660.524306297186,663342.0794137602,0.44642857142857145,0.9116809116809117,0.4166666666666667,0.4807692307692308,62,0.4807692307692308,0.75
4660.524306297186,663342.0794137602,0.44642857142857145,0.9116809116809117,0.4166666666666667,0.4807692307692308,62,0.4807692307692308,0.75
4660.524306297186,663342.0794137602,0.44642857142857145,0.9116809116809117,0.4166666666666667,0.4807692307692308,62,0.4807692307692308,0.75
4660.524306297186,663342.0794137602,0.44642857142857145,0.9116809116809117,0.4166666666666667,0.4807692307692308,62,0.4807692307692308,0.75
4660.524306297186,663342.0794137602,0.44642857142857145,0.9116809116809117,0.4166666666666667,0.4807692307692308,62,0.4807692307692308,0.75
4660.524306297186,663342.0794137602,0.44642857142857145,0.9116809116809117,0.4166666666666667,0.4807692307692308,62,0.4807692307692308,0.75
4660.524306297186,663342.0794137602,0.44642857142857145,0.9116809116809117,0.4166666666666667,0.4807692307692308,62,0.4807692307692308,0.75
4660.524306297186,663342.0794137602,0.44642857142857145,0.9116809116809117,0.4166666666666667,0.4807692307692308,62,0.4807692307692308,0.75
4660.524306297186,663342.0794137602,0.44642857142857145,0.9116809116809117,0.4166666666666667,0.4807692307692308,62,0.4807692307692308,0.75
4660.524306297186,663342.0794137602,0.44642857142857145,0.9116809116809117,0.4166666666666667,0.4807692307692308,62,0.4807692307692308,0.75
4660.524306297186,663342.0794137602,0.44642857142857145,0.9116809116809117,0.4166666666666667,0.4807692307692308,62,0.4807692307692308,0.75
4660.524306297186,663342.0794137602,0.44642857142857145,0.9116809116809117,0.4166666666666667,0.4807692307692308,62,0.4807692307692308,0.75
4660.524306297186,663342.0794137602,0.44642857142857145,0.9116809116809117,0.4166666666666667,0.4807692307692308,62,0.4807692307692308,0.75
4660.524306297186,663342.0794137602,0.44642857142857145,0.9116809116809117,0.4166666666666667,0.4807692307692308,62,0.4807692307692308,0.75
4660.524306297186,663342.0794137602,0.44642857142857145,0.9116809116809117,0.4166666666666667,0.4807692307692308,62,0.4807692307692308,0.75
4660.524306297186,663342.0794137602,0.44642857142857145,0.9116809116809117,0.4166666666666667,0.4807692307692308,62,0.4807692307692308,0.75
4660.524306297186,663342.0794137602,0.44642857142857145,0.9116809116809117,0.4166666666666667,0.4807692307692308,62,0.4807692307692308,0.75
4660.524306297186,663342.0794137602,0.44642857142857145,0.9116809116809117,0.4166666666666667,0.4807692307692308,62,0.4807692307692308,0.75
4660.524306297186,663342.0794137602,0.44642857142857145,0.9116809116809117,0.4166666666666667,0.4807692307692308,62,0.4807692307692308,0.75
4660.524306297186,663342.0794137602,0.44642857142857145,0.9116809116809117,0.4166666666666667,0.4807692307692308,62,0.4807692307692308,0.75
4660.524306297186,663342.0794137602,0.44642857142857145,0.9116809116809117,0.4166666666666667,0.4807692307692308,62,0.4807692307692308,0.75
4660.524306297186,663342.0794137602,0.44642857142857145,0.9116809116809117,0.4166666666666667,0.4807692307692308,62,0.4807692307692308,0.75
4660.524306297186,663342.0794137602,0.44642857142857145,0.9116809116809117,0.4166666666666667,0.4807692307692308,62,0.4807692307692308,0.75
4660.524306297186,663342.0794137602,0.44642857142857145,0.9116809116809117,0.4166666666666667,0.4807692307692308,62,0.4807692307692308,0.75
4660.524306297186,663342.0794137602,0.44642857142857145,0.9116809116809117,0.4166666666666667,0.4807692307692308,62,0.4807692307692308,0.75
4660.524306297186,663342.0794137602,0.44642857142857145,0.9116809116809117,0.4166666666666667,0.4807692307692308,62,0.4807692307692308,0.75
4660.524306297186,663342.0794137602,0.44642857142857145,0.9116809116809117,0.4166666666666667,0.4807692307692308,62,0.4807692307692308,0.75
4660.524306297186,663342.0794137602,0.44642857142857145,0.9116809116809117,0.4166666666666667,0.4807692307692308,62,0.4807692307692308,0.75
4660.524306297186,663342.0794137602,0.44642857142857145,0.9116809116809117,0.4166666666666667,0.4807692307692308,62,0.4807692307692308,0.75
4660.524306297186,663342.0794137602,0.44642857142857145,0.9116809116809117,0.4166666666666667,0.4807692307692308,62,0.4807692307692308,0.75
4660.524306297186,663342.0794137602,0.44642857142857145,0.9116809116809117,0.4166666666666667,0.4807692307692308,62,0.4807692307692308,0.75
4660.524306297186,663342.0794137602,0.44642857142857145,0.9116809116809117,0.4166666666666667,0.4807692307692308,62,0.4807692307692308,0.75
4660.524306297186,663342.0794137602,0.44642857142857145,0.9116809116809117,0.4166666666666667,0.4807692307692308,62,0.4807692307692308,0.75
4660.524306297186,663342.0794137602,0.44642857142857145,0.9116809116809117,0.4166666666666667,0.4807692307692308,62,0.4807692307692308,0.75
4660.524306297186,663342.0794137602,0.44642857142857145,0.9116809116809117,0.4166666666666667,0.4807692307692308,62,0.4807692307692308,0.75
4660.524306297186,663342.0794137602,0.44642857142857145,0.9116809116809117,0.4166666666666667,0.4807692307692308,62,0.4807692307692308,0.75
4660.524306297186,663342.0794137602,0.44642857142857145,0.9116809116809117,0.4166666666666667,0.4807692307692308,62,0.4807692307692308,0.75
4660.524306297186,663342.0794137602,0.44642857142857145,0.9116809116809117,0.4166666666666667,0.4807692307692308,62,0.4807692307692308,0.75
4660.524306297186,663342.0794137602,0.44642857142857145,0.9116809116809117,0.4166666666666667,0.4807692307692308,62,0.4807692307692308,0.75
4660.524306297186,663342.0794137602,0.44642857142857145,0.9116809116809117,0.4166666666666667,0.4807692307692308,62,0.4807692307692308,0.75
4660.524306297186,663342.0794137602,0.44642857142857145,0.9116809116809117,0.4166666666666667,0.4807692307692308,62,0.4807692307692308,0.75
4660.524306297186,663342.0794137602,0.44642857142857145,0.9116809116809117,0.4166666666666667,0.4807692307692308,62,0.4807692307692308,0.75
4660.524306297186,663342.0794137602,0.44642857142857145,0.9116809116809117,0.4166666666666667,0.4807692307692308,62,0.4807692307692308,0.75
4660.524306297186,663342.0794137602,0.44642857142857145,0.9116809116809117,0.4166666666666667,0.4807692307692308,62,0.4807692307692308,0.75
4660.524306297186,663342.0794137602,0.44642857142857145,0.9116809116809117,0.4166666666666667,0.4807692307692308,62,0.4807692307692308,0.75
4660.524306297186,663342.0794137602,0.44642857142857145,0.9116809116809117,0.4166666666666667,0.4807692307692308,62,0.4807692307692308,0.75
4660.524306297186,663342.0794137602,0.44642857142857145,0.9116809116809117,0.4166666666666667,0.4807692307692308,62,0.4807692307692308,0.75
4660.524306297186,663342.0794137602,0.44642857142857145,0.9116809116809117,0.4166666666666667,0.4807692307692308,62,0.4807692307692308,0.75
4660.524306297186,663342.0794137602,0.44642857142857145,0.9116809116809117,0.4166666666666667,0.4807692307692308,62,0.4807692307692308,0.75
4660.524306297186,663342.0794137602,0.44642857142857145,0.9116809116809117,0.4166666666666667,0.4807692307692308,62,0.4807692307692308,0.75
4660.524306297186,663342.0794137602,0.44642857142857145,0.9116809116809117,0.4166666666666667,0.4807692307692308,62,0.4807692307692308,0.75
4660.524306297186,663342.0794137602,0.44642857142857145,0.9116809116809117,0.4166666666666667,0.4807692307692308,62,0.4807692307692308,0.75
4660.524306297186,663342.0794137602,0.44642857142857145,0.9116809116809117,0.4166666666666667,0.4807692307692308,62,0.4807692307692308,0.75
4660.524306297186,663342.0794137602,0.44642857142857145,0.9116809116809117,0.4166666666666667,0.4807692307692308,62,0.4807692307692308,0.75
4660.524306297186,663342.0794137602,0.44642857142857145,0.9116809116809117,0.4166666666666667,0.4807692307692308,62,0.4807692307692308,0.75
4660.524306297186,663342.0794137602,0.44642857142857145,0.9116809116809117,0.4166666666666667,0.4807692307692308,62,0.4807692307692308,0.75
4660.524306297186,663342.0794137602,0.44642857142857145,0.9116809116809117,0.4166666666666667,0.4807692307692308,62,0.4807692307692308,0.75
4660.524306297186,663342.0794137602,0.44642857142857145,0.9116809116809117,0.4166666666666667,0.4807692307692308,62,0.4807692307692308,0.75
4660.524306297186,663342.0794137602,0.44642857142857145,0.9116809116809117,0.4166666666666667,0.4807692307692308,62,0.4807692307692308,0.75
4660.524306297186,663342.0794137602,0.44642857142857145,0.9116809116809117,0.4166666666666667,0.4807692307692308,62,0.4807692307692308,0.75
4660.524306297186,663342.0794137602,0.44642857142857145,0.9116809116809117,0.4166666666666667,0.4807692307692308,62,0.4807692307692308,0.75
4660.524306297186,663342.0794137602,0.44642857142857145,0.9116809116809117,0.4166666666666667,0.4807692307692308,62,0.4807692307692308,0.75
4660.524306297186,663342.0794137602,0.44642857142857145,0.9116809116809117,0.4166666666666667,0.4807692307692308,62,0.4807692307692308,0.75
4660.524306297186,663342.0794137602,0.44642857142857145,0.9116809116809117,0.4166666666666667,0.4807692307692308,62,0.4807692307692308,0.75
4660.524306297186,663342.0794137602,0.44642857142857145,0.9116809116809117,0.4166666666666667,0.4807692307692308,62,0.4807692307692308,0.75
4660.524306297186,663342.0794137602,0.44642857142857145,0.9116809116809117,0.4166666666666667,0.4807692307692308,62,0.4807692307692308,0.75
4660.524306297186,663342.0794137602,0.44642857142857145,0.9116809116809117,0.4166666666666667,0.4807692307692308,62,0.4807692307692308,0.75
4660.524306297186,663342.0794137602,0.44642857142857145,0.9116809116809117,0.4166666666666667,0.4807692307692308,62,0.4807692307692308,0.75
4660.524306297186,663342.0794137602,0.44642857142857145,0.9116809116809117,0.4166666666666667,0.4807692307692308,62,0.4807692307692308,0.75
4660.524306297186,663342.0794137602,0.44642857142857145,0.9116809116809117,0.4166666666666667,0.4807692307692308,62,0.4807692307692308,0.75
4660.524306297186,663342.0794137602,0.44642857142857145,0.9116809116809117,0.4166666666666667,0.4807692307692308,62,0.4807692307692308,0.75
4660.524306297186,663342.0794137602,0.44642857142857145,0.9116809116809117,0.4166666666666667,0.4807692307692308,62,0.4807692307692308,0.75
4660.524306297186,663342.0794137602,0.44642857142857145,0.9116809116809117,0.4166666666666667,0.4807692307692308,62,0.4807692307692308,0.75
4660.524306297186,663342.0794137602,0.44642857142857145,0.9116809116809117,0.4166666666666667,0.4807692307692308,62,0.4807692307692308,0.75
4660.524306297186,663342.0794137602,0.44642857142857145,0.9116809116809117,0.4166666666666667,0.4807692307692308,62,0.4807692307692308,0.75
4660.524306297186,663342.0794137602,0.44642857142857145,0.9116809116809117,0.4166666666666667,0.4807692307692308,62,0.4807692307692308,0.75
4660.524306297186,663342.0794137602,0.44642857142857145,0.9116809116809117,0.4166666666666667,0.4807692307692308,62,0.4807692307692308,0.75
4660.524306297186,663342.0794137602,0.44642857142857145,0.9116809116809117,0.4166666666666667,0.4807692307692308,62,0.4807692307692308,0.75
4660.524306297186,663342.0794137602,0.44642857142857145,0.9116809116809117,0.4166666666666667,0.4807692307692308,62,0.4807692307692308,0.75
4660.524306297186,663342.0794137602,0.44642857142857145,0.9116809116809117,0.4166666666666667,0.4807692307692308,62,0.4807692307692308,0.75
4660.524306297186,663342.0794137602,0.44642857142857145,0.9116809116809117,0.4166666666666667,0.4807692307692308,62,0.4807692307692308,0.75
4660.524306297186,663342.0794137602,0.44642857142857145,0.9116809116809117,0.4166666666666667,0.4807692307692308,62,0.4807692307692308,0.75
4660.524306297186,663342.0794137602,0.44642857142857145,0.9116809116809117,0.4166666666666667,0.4807692307692308,62,0.4807692307692308,0.75
4660.524306297186,663342.0794137602,0.44642857142857145,0.9116809116809117,0.4166666666666667,0.4807692307692308,62,0.4807692307692308,0.75
4660.524306297186,663342.0794137602,0.44642857142857145,0.9116809116809117,0.4166666666666667,0.4807692307692308,62,0.4807692307692308,0.75
4660.524306297186,663342.0794137602,0.44642857142857145,0.9116809116809117,0.4166666666666667,0.4807692307692308,62,0.4807692307692308,0.75
4660.524306297186,663342.0794137602,0.44642857142857145,0.9116809116809117,0.4166666666666667,0.4807692307692308,62,0.4807692307692308,0.75
4660.524306297186,663342.0794137602,0.44642857142857145,0.9116809116809117,0.4166666666666667,0.4807692307692308,62,0.4807692307692308,0.75
4660.524306297186,663342.0794137602,0.44642857142857145,0.9116809116809117,0.4166666666666667,0.4807692307692308,62,0.4807692307692308,0.75
4660.524306297186,663342.0794137602,0.44642857142857145,0.9116809116809117,0.4166666666666667,0.4807692307692308,62,0.4807692307692308,0.75
4660.524306297186,663342.0794137602,0.44642857142857145,0.9116809116809117,0.4166666666666667,0.4807692307692308,62,0.4807692307692308,0.75
4660.524306297186,663342.0794137602,0.44642857142857145,0.9116809116809117,0.4166666666666667,0.4807692307692308,62,0.4807692307692308,0.75
4660.524306297186,663342.0794137602,0.44642857142857145,0.9116809116809117,0.4166666666666667,0.4807692307692308,62,0.4807692307692308,0.75
4660.524306297186,663342.0794137602,0.44642857142857145,0.9116809116809117,0.4166666666666667,0.4807692307692308,62,0.4807692307692308,0.75
4660.524306297186,663342.0794137602,0.44642857142857145,0.9116809116809117,0.4166666666666667,0.4807692307692308,62,0.4807692307692308,0.75
4660.524306297186,663342.0794137602,0.44642857142857145,0.9116809116809117,0.4166666666666667,0.4807692307692308,62,0.4807692307692308,0.75
4660.524306297186,663342.0794137602,0.44642857142857145,0.9116809116809117,0.4166666666666667,0.4807692307692308,62,0.4807692307692308,0.75
4660.524306297186,663342.0794137602,0.44642857142857145,0.9116809116809117,0.4166666666666667,0.4807692307692308,62,0.4807692307692308,0.75
4660.524306297186,663342.0794137602,0.44642857142857145,0.9116809116809117,0.4166666666666667,0.4807692307692308,62,0.4807692307692308,0.75
4660.524306297186,663342.0794137602,0.44642857142857145,0.9116809116809117,0.4166666666666667,0.4807692307692308,62,0.4807692307692308,0.75
4660.524306297186,663342.0794137602,0.44642857142857145,0.9116809116809117,0.4166666666666667,0.4807692307692308,62,0.4807692307692308,0.75
4660.524306297186,663342.0794137602,0.44642857142857145,0.9116809116809117,0.4166666666666667,0.4807692307692308,62,0.4807692307692308,0.75
4660.524306297186,663342.0794137602,0.44642857142857145,0.9116809116809117,0.4166666666666667,0.4807692307692308,62,0.4807692307692308,0.75
4660.524306297186,663342.0794137602,0.44642857142857145,0.9116809116809117,0.4166666666666667,0.4807692307692308,62,0.4807692307692308,0.75
4660.524306297186,663342.0794137602,0.44642857142857145,0.9116809116809117,0.4166666666666667,0.4807692307692308,62,0.4807692307692308,0.75
4660.524306297186,663342.0794137602,0.44642857142857145,0.9116809116809117,0.4166666666666667,0.4807692307692308,62,0.4807692307692308,0.75
4660.524306297186,663342.0794137602,0.44642857142857145,0.9116809116809117,0.4166666666666667,0.4807692307692308,62,0.4807692307692308,0.75
4660.524306297186,663342.0794137602,0.44642857142857145,0.9116809116809117,0.4166666666666667,0.4807692307692308,62,0.4807692307692308,0.75
4660.524306297186,663342.0794137602,0.44642857142857145,0.9116809116809117,0.4166666666666667,0.4807692307692308,62,0.4807692307692308,0.75
4660.524306297186,663342.0794137602,0.44642857142857145,0.9116809116809117,0.4166666666666667,0.4807692307692308,62,0.4807692307692308,0.75
4660.524306297186,663342.0794137602,0.44642857142857145,0.9116809116809117,0.4166666666666667,0.4807692307692308,62,0.4807692307692308,0.75
4660.524306297186,663342.0794137602,0.44642857142857145,0.9116809116809117,0.4166666666666667,0.4807692307692308,62,0.4807692307692308,0.75
4660.524306297186,663342.0794137602,0.44642857142857145,0.9116809116809117,0.4166666666666667,0.4807692307692308,62,0.4807692307692308,0.75
4660.524306297186,663342.0794137602,0.44642857142857145,0.9116809116809117,0.4166666666666667,0.4807692307692308,62,0.4807692307692308,0.75
4660.524306297186,663342.0794137602,0.44642857142857145,0.9116809116809117,0.4166666666666667,0.4807692307692308,62,0.4807692307692308,0.75
4660.524306297186,663342.0794137602,0.44642857142857145,0.9116809116809117,0.4166666666666667,0.4807692307692308,62,0.4807692307692308,0.75
4660.524306297186,663342.0794137602,0.44642857142857145,0.9116809116809117,0.4166666666666667,0.4807692307692308,62,0.4807692307692308,0.75
4660.524306297186,663342.0794137602,0.44642857142857145,0.9116809116809117,0.4166666666666667,0.4807692307692308,62,0.4807692307692308,0.75
4660.524306297186,663342.0794137602,0.44642857142857145,0.9116809116809117,0.4166666666666667,0.4807692307692308,62,0.4807692307692308,0.75
4660.524306297186,663342.0794137602,0.44642857142857145,0.9116809116809117,0.4166666666666667,0.4807692307692308,62,0.4807692307692308,0.75
4660.524306297186,663342.0794137602,0.44642857142857145,0.9116809116809117,0.4166666666666667,0.4807692307692308,62,0.4807692307692308,0.75
4660.524306297186,663342.0794137602,0.44642857142857145,0.9116809116809117,0.4166666666666667,0.4807692307692308,62,0.4807692307692308,0.75
4660.524306297186,663342.0794137602,0.44642857142857145,0.9116809116809117,0.4166666666666667,0.4807692307692308,62,0.4807692307692308,0.75
4660.524306297186,663342.0794137602,0.44642857142857145,0.9116809116809117,0.4166666666666667,0.4807692307692308,62,0.4807692307692308,0.75
4660.524306297186,663342.0794137602,0.44642857142857145,0.9116809116809117,0.4166666666666667,0.4807692307692308,62,0.4807692307692308,0.75
4660.524306297186,663342.0794137602,0.44642857142857145,0.9116809116809117,0.4166666666666667,0.4807692307692308,62,0.4807692307692308,0.75
4660.524306297186,663342.0794137602,0.44642857142857145,0.9116809116809117,0.4166666666666667,0.4807692307692308,62,0.4807692307692308,0.75
4660.524306297186,663342.0794137602,0.44642857142857145,0.9116809116809117,0.4166666666666667,0.4807692307692308,62,0.4807692307692308,0.75
4660.524306297186,663342.0794137602,0.44642857142857145,0.9116809116809117,0.4166666666666667,0.4807692307692308,62,0.4807692307692308,0.75
4660.524306297186,663342.0794137602,0.44642857142857145,0.9116809116809117,0.4166666666666667,0.4807692307692308,62,0.4807692307692308,0.75
4660.524306297186,663342.0794137602,0.44642857142857145,0.9116809116809117,0.4166666666666667,0.4807692307692308,62,0.4807692307692308,0.75
4660.524306297186,663342.0794137602,0.44642857142857145,0.9116809116809117,0.4166666666666667,0.4807692307692308,62,0.4807692307692308,0.75
4660.524306297186,663342.0794137602,0.44642857142857145,0.9116809116809117,0.4166666666666667,0.4807692307692308,62,0.4807692307692308,0.75
4660.524306297186,663342.0794137602,0.44642857142857145,0.9116809116809117,0.4166666666666667,0.4807692307692308,62,0.4807692307692308,0.75
4660.524306297186,663342.0794137602,0.44642857142857145,0.9116809116809117,0.4166666666666667,0.4807692307692308,62,0.4807692307692308,0.75
4660.524306297186,663342.0794137602,0.44642857142857145,0.9116809116809117,0.4166666666666667,0.4807692307692308,62,0.4807692307692308,0.75
4660.524306297186,663342.0794137602,0.44642857142857145,0.9116809116809117,0.4166666666666667,0.4807692307692308,62,0.4807692307692308,0.75
4660.524306297186,663342.0794137602,0.44642857142857145,0.9116809116809117,0.4166666666666667,0.4807692307692308,62,0.4807692307692308,0.75
4660.524306297186,663342.0794137602,0.44642857142857145,0.9116809116809117,0.4166666666666667,0.4807692307692308,62,0.4807692307692308,0.75
4660.524306297186,663342.0794137602,0.44642857142857145,0.9116809116809117,0.4166666666666667,0.4807692307692308,62,0.4807692307692308,0.75
4567.882960733143,663249.4380681962,0.4684684684684685,0.915954415954416,0.4406779661016949,0.5,59,0.5,0.75
4567.882960733143,663249.4380681962,0.4684684684684685,0.915954415954416,0.4406779661016949,0.5,59,0.5,0.75
4567.882960733143,663249.4380681962,0.4684684684684685,0.915954415954416,0.4406779661016949,0.5,59,0.5,0.75
4567.882960733143,663249.4380681962,0.4684684684684685,0.915954415954416,0.4406779661016949,0.5,59,0.5,0.75
4567.882960733143,663249.4380681962,0.4684684684684685,0.915954415954416,0.4406779661016949,0.5,59,0.5,0.75
4567.882960733143,663249.4380681962,0.4684684684684685,0.915954415954416,0.4406779661016949,0.5,59,0.5,0.75
4567.882960733143,663249.4380681962,0.4684684684684685,0.915954415954416,0.4406779661016949,0.5,59,0.5,0.75
4567.882960733143,663249.4380681962,0.4684684684684685,0.915954415954416,0.4406779661016949,0.5,59,0.5,0.75
4567.882960733143,663249.4380681962,0.4684684684684685,0.915954415954416,0.4406779661016949,0.5,59,0.5,0.75
3997.1116834621644,662678.6667909252,0.4727272727272727,0.9173789173789174,0.4482758620689655,0.5,58,0.5,0.75
3997.1116834621644,662678.6667909252,0.4727272727272727,0.9173789173789174,0.4482758620689655,0.5,58,0.5,0.75
3997.1116834621644,662678.6667909252,0.4727272727272727,0.9173789173789174,0.4482758620689655,0.5,58,0.5,0.75
3997.1116834621644,662678.6667909252,0.4727272727272727,0.9173789173789174,0.4482758620689655,0.5,58,0.5,0.75
3997.1116834621644,662678.6667909252,0.4727272727272727,0.9173789173789174,0.4482758620689655,0.5,58,0.5,0.75
3997.1116834621644,662678.6667909252,0.4727272727272727,0.9173789173789174,0.4482758620689655,0.5,58,0.5,0.75
3997.1116834621644,662678.6667909252,0.4727272727272727,0.9173789173789174,0.4482758620689655,0.5,58,0.5,0.75
3997.1116834621644,662678.6667909252,0.4727272727272727,0.9173789173789174,0.4482758620689655,0.5,58,0.5,0.75
3997.1116834621644,662678.6667909252,0.4727272727272727,0.9173789173789174,0.4482758620689655,0.5,58,0.5,0.75
3997.1116834621644,662678.6667909252,0.4727272727272727,0.9173789173789174,0.4482758620689655,0.5,58,0.5,0.75
3997.1116834621644,662678.6667909252,0.4727272727272727,0.9173789173789174,0.4482758620689655,0.5,58,0.5,0.75
3997.1116834621644,662678.6667909252,0.4727272727272727,0.9173789173789174,0.4482758620689655,0.5,58,0.5,0.75
3997.1116834621644,662678.6667909252,0.4727272727272727,0.9173789173789174,0.4482758620689655,0.5,58,0.5,0.75
3997.1116834621644,662678.6667909252,0.4727272727272727,0.9173789173789174,0.4482758620689655,0.5,58,0.5,0.75
3997.1116834621644,662678.6667909252,0.4727272727272727,0.9173789173789174,0.4482758620689655,0.5,58,0.5,0.75
3997.1116834621644,662678.6667909252,0.4727272727272727,0.9173789173789174,0.4482758620689655,0.5,58,0.5,0.75
3997.1116834621644,662678.6667909252,0.4727272727272727,0.9173789173789174,0.4482758620689655,0.5,58,0.5,0.75
3997.1116834621644,662678.6667909252,0.4727272727272727,0.9173789173789174,0.4482758620689655,0.5,58,0.5,0.75
3997.1116834621644,662678.6667909252,0.4727272727272727,0.9173789173789174,0.4482758620689655,0.5,58,0.5,0.75
3997.1116834621644,662678.6667909252,0.4727272727272727,0.9173789173789174,0.4482758620689655,0.5,58,0.5,0.75
3997.1116834621644,662678.6667909252,0.4727272727272727,0.9173789173789174,0.4482758620689655,0.5,58,0.5,0.75
3997.1116834621644,662678.6667909252,0.4727272727272727,0.9173789173789174,0.4482758620689655,0.5,58,0.5,0.75
3997.1116834621644,662678.6667909252,0.4727272727272727,0.9173789173789174,0.4482758620689655,0.5,58,0.5,0.75
3997.1116834621644,662678.6667909252,0.4727272727272727,0.9173789173789174,0.4482758620689655,0.5,58,0.5,0.75
3997.1116834621644,662678.6667909252,0.4727272727272727,0.9173789173789174,0.4482758620689655,0.5,58,0.5,0.75
3997.1116834621644,662678.6667909252,0.4727272727272727,0.9173789173789174,0.4482758620689655,0.5,58,0.5,0.75
3997.1116834621644,662678.6667909252,0.4727272727272727,0.9173789173789174,0.4482758620689655,0.5,58,0.5,0.75
3997.1116834621644,662678.6667909252,0.4727272727272727,0.9173789173789174,0.4482758620689655,0.5,58,0.5,0.75
3997.1116834621644,662678.6667909252,0.4727272727272727,0.9173789173789174,0.4482758620689655,0.5,58,0.5,0.75
3980.5764314642875,662662.1315389273,0.4684684684684685,0.915954415954416,0.4406779661016949,0.5,59,0.5,0.75
3980.5764314642875,662662.1315389273,0.4684684684684685,0.915954415954416,0.4406779661016949,0.5,59,0.5,0.75
3980.5764314642875,662662.1315389273,0.4684684684684685,0.915954415954416,0.4406779661016949,0.5,59,0.5,0.75
3980.5764314642875,662662.1315389273,0.4684684684684685,0.915954415954416,0.4406779661016949,0.5,59,0.5,0.75
3980.5764314642875,662662.1315389273,0.4684684684684685,0.915954415954416,0.4406779661016949,0.5,59,0.5,0.75
3980.5764314642875,662662.1315389273,0.4684684684684685,0.915954415954416,0.4406779661016949,0.5,59,0.5,0.75
3980.5764314642875,662662.1315389273,0.4684684684684685,0.915954415954416,0.4406779661016949,0.5,59,0.5,0.75
3980.5764314642875,662662.1315389273,0.4684684684684685,0.915954415954416,0.4406779661016949,0.5,59,0.5,0.75
3980.5764314642875,662662.1315389273,0.4684684684684685,0.915954415954416,0.4406779661016949,0.5,59,0.5,0.75
3980.5764314642875,662662.1315389273,0.4684684684684685,0.915954415954416,0.4406779661016949,0.5,59,0.5,0.75
3980.5764314642875,662662.1315389273,0.4684684684684685,0.915954415954416,0.4406779661016949,0.5,59,0.5,0.75
3980.5764314642875,662662.1315389273,0.4684684684684685,0.915954415954416,0.4406779661016949,0.5,59,0.5,0.75
3980.5764314642875,662662.1315389273,0.4684684684684685,0.915954415954416,0.4406779661016949,0.5,59,0.5,0.75
3980.5764314642875,662662.1315389273,0.4684684684684685,0.915954415954416,0.4406779661016949,0.5,59,0.5,0.75
3980.5764314642875,662662.1315389273,0.4684684684684685,0.915954415954416,0.4406779661016949,0.5,59,0.5,0.75
3980.5764314642875,662662.1315389273,0.4684684684684685,0.915954415954416,0.4406779661016949,0.5,59,0.5,0.75
3980.5764314642875,662662.1315389273,0.4684684684684685,0.915954415954416,0.4406779661016949,0.5,59,0.5,0.75
3980.5764314642875,662662.1315389273,0.4684684684684685,0.915954415954416,0.4406779661016949,0.5,59,0.5,0.75
3980.5764314642875,662662.1315389273,0.4684684684684685,0.915954415954416,0.4406779661016949,0.5,59,0.5,0.75
3980.5764314642875,662662.1315389273,0.4684684684684685,0.915954415954416,0.4406779661016949,0.5,59,0.5,0.75
3980.5764314642875,662662.1315389273,0.4684684684684685,0.915954415954416,0.4406779661016949,0.5,59,0.5,0.75
3980.5764314642875,662662.1315389273,0.4684684684684685,0.915954415954416,0.4406779661016949,0.5,59,0.5,0.75
3719.977703731158,662401.5328111942,0.45454545454545453,0.9145299145299145,0.43103448275862066,0.4807692307692308,60,0.4807692307692308,0.75
3719.977703731158,662401.5328111942,0.45454545454545453,0.9145299145299145,0.43103448275862066,0.4807692307692308,60,0.4807692307692308,0.75
3654.2787507831817,662335.8338582462,0.45454545454545453,0.9145299145299145,0.43103448275862066,0.4807692307692308,60,0.4807692307692308,0.75
3399.640744417091,662081.1958518801,0.4587155963302752,0.915954415954416,0.43859649122807015,0.4807692307692308,59,0.4807692307692308,0.75
3399.640744417091,662081.1958518801,0.4587155963302752,0.915954415954416,0.43859649122807015,0.4807692307692308,59,0.4807692307692308,0.75
3399.640744417091,662081.1958518801,0.4587155963302752,0.915954415954416,0.43859649122807015,0.4807692307692308,59,0.4807692307692308,0.75
3399.640744417091,662081.1958518801,0.4587155963302752,0.915954415954416,0.43859649122807015,0.4807692307692308,59,0.4807692307692308,0.75
3399.640744417091,662081.1958518801,0.4587155963302752,0.915954415954416,0.43859649122807015,0.4807692307692308,59,0.4807692307692308,0.75
3399.640744417091,662081.1958518801,0.4587155963302752,0.915954415954416,0.43859649122807015,0.4807692307692308,59,0.4807692307692308,0.75
3399.640744417091,662081.1958518801,0.4587155963302752,0.915954415954416,0.43859649122807015,0.4807692307692308,59,0.4807692307692308,0.75
3399.640744417091,662081.1958518801,0.4587155963302752,0.915954415954416,0.43859649122807015,0.4807692307692308,59,0.4807692307692308,0.75
3399.640744417091,662081.1958518801,0.4587155963302752,0.915954415954416,0.43859649122807015,0.4807692307692308,59,0.4807692307692308,0.75
3243.5580755973933,661925.1131830604,0.46296296296296297,0.9173789173789174,0.44642857142857145,0.4807692307692308,58,0.4807692307692308,0.75
3243.5580755973933,661925.1131830604,0.46296296296296297,0.9173789173789174,0.44642857142857145,0.4807692307692308,58,0.4807692307692308,0.75
3243.5580755973933,661925.1131830604,0.46296296296296297,0.9173789173789174,0.44642857142857145,0.4807692307692308,58,0.4807692307692308,0.75
3243.5580755973933,661925.1131830604,0.46296296296296297,0.9173789173789174,0.44642857142857145,0.4807692307692308,58,0.4807692307692308,0.75
3243.5580755973933,661925.1131830604,0.46296296296296297,0.9173789173789174,0.44642857142857145,0.4807692307692308,58,0.4807692307692308,0.75
3243.5580755973933,661925.1131830604,0.46296296296296297,0.9173789173789174,0.44642857142857145,0.4807692307692308,58,0.4807692307692308,0.75
3243.5580755973933,661925.1131830604,0.46296296296296297,0.9173789173789174,0.44642857142857145,0.4807692307692308,58,0.4807692307692308,0.75
3243.5580755973933,661925.1131830604,0.46296296296296297,0.9173789173789174,0.44642857142857145,0.4807692307692308,58,0.4807692307692308,0.75
3243.5580755973933,661925.1131830604,0.46296296296296297,0.9173789173789174,0.44642857142857145,0.4807692307692308,58,0.4807692307692308,0.75
3243.5580755973933,661925.1131830604,0.46296296296296297,0.9173789173789174,0.44642857142857145,0.4807692307692308,58,0.4807692307692308,0.75
3243.5580755973933,661925.1131830604,0.46296296296296297,0.9173789173789174,0.44642857142857145,0.4807692307692308,58,0.4807692307692308,0.75
3243.5580755973933,661925.1131830604,0.46296296296296297,0.9173789173789174,0.44642857142857145,0.4807692307692308,58,0.4807692307692308,0.75
3243.5580755973933,661925.1131830604,0.46296296296296297,0.9173789173789174,0.44642857142857145,0.4807692307692308,58,0.4807692307692308,0.75
3243.5580755973933,661925.1131830604,0.46296296296296297,0.9173789173789174,0.44642857142857145,0.4807692307692308,58,0.4807692307692308,0.75
3243.5580755973933,661925.1131830604,0.46296296296296297,0.9173789173789174,0.44642857142857145,0.4807692307692308,58,0.4807692307692308,0.75
3243.5580755973933,661925.1131830604,0.46296296296296297,0.9173789173789174,0.44642857142857145,0.4807692307692308,58,0.4807692307692308,0.75
3243.5580755973933,661925.1131830604,0.46296296296296297,0.9173789173789174,0.44642857142857145,0.4807692307692308,58,0.4807692307692308,0.75
3243.5580755973933,661925.1131830604,0.46296296296296297,0.9173789173789174,0.44642857142857145,0.4807692307692308,58,0.4807692307692308,0.75
3243.5580755973933,661925.1131830604,0.46296296296296297,0.9173789173789174,0.44642857142857145,0.4807692307692308,58,0.4807692307692308,0.75
3243.5580755973933,661925.1131830604,0.46296296296296297,0.9173789173789174,0.44642857142857145,0.4807692307692308,58,0.4807692307692308,0.75
3243.5580755973933,661925.1131830604,0.46296296296296297,0.9173789173789174,0.44642857142857145,0.4807692307692308,58,0.4807692307692308,0.75
3243.5580755973933,661925.1131830604,0.46296296296296297,0.9173789173789174,0.44642857142857145,0.4807692307692308,58,0.4807692307692308,0.75
3243.5580755973933,661925.1131830604,0.46296296296296297,0.9173789173789174,0.44642857142857145,0.4807692307692308,58,0.4807692307692308,0.75
3243.5580755973933,661925.1131830604,0.46296296296296297,0.9173789173789174,0.44642857142857145,0.4807692307692308,58,0.4807692307692308,0.75
3243.5580755973933,661925.1131830604,0.46296296296296297,0.9173789173789174,0.44642857142857145,0.4807692307692308,58,0.4807692307692308,0.75
3243.5580755973933,661925.1131830604,0.46296296296296297,0.9173789173789174,0.44642857142857145,0.4807692307692308,58,0.4807692307692308,0.75
3243.5580755973933,661925.1131830604,0.46296296296296297,0.9173789173789174,0.44642857142857145,0.4807692307692308,58,0.4807692307692308,0.75
3243.5580755973933,661925.1131830604,0.46296296296296297,0.9173789173789174,0.44642857142857145,0.4807692307692308,58,0.4807692307692308,0.75
3243.5580755973933,661925.1131830604,0.46296296296296297,0.9173789173789174,0.44642857142857145,0.4807692307692308,58,0.4807692307692308,0.75
3243.5580755973933,661925.1131830604,0.46296296296296297,0.9173789173789174,0.44642857142857145,0.4807692307692308,58,0.4807692307692308,0.75
3243.5580755973933,661925.1131830604,0.46296296296296297,0.9173789173789174,0.44642857142857145,0.4807692307692308,58,0.4807692307692308,0.75
3243.5580755973933,661925.1131830604,0.46296296296296297,0.9173789173789174,0.44642857142857145,0.4807692307692308,58,0.4807692307692308,0.75
3243.5580755973933,661925.1131830604,0.46296296296296297,0.9173789173789174,0.44642857142857145,0.4807692307692308,58,0.4807692307692308,0.75
3243.5580755973933,661925.1131830604,0.46296296296296297,0.9173789173789174,0.44642857142857145,0.4807692307692308,58,0.4807692307692308,0.75
3243.5580755973933,661925.1131830604,0.46296296296296297,0.9173789173789174,0.44642857142857145,0.4807692307692308,58,0.4807692307692308,0.75
3243.5580755973933,661925.1131830604,0.46296296296296297,0.9173789173789174,0.44642857142857145,0.4807692307692308,58,0.4807692307692308,0.75
3243.5580755971605,661925.1131830602,0.4814814814814815,0.9202279202279202,0.4642857142857143,0.5,56,0.5,0.75
3243.5580755971605,661925.1131830602,0.4814814814814815,0.9202279202279202,0.4642857142857143,0.5,56,0.5,0.75
3243.5580755971605,661925.1131830602,0.4814814814814815,0.9202279202279202,0.4642857142857143,0.5,56,0.5,0.75
3243.5580755971605,661925.1131830602,0.4814814814814815,0.9202279202279202,0.4642857142857143,0.5,56,0.5,0.75
3243.5580755971605,661925.1131830602,0.4814814814814815,0.9202279202279202,0.4642857142857143,0.5,56,0.5,0.75
3243.5580755971605,661925.1131830602,0.4814814814814815,0.9202279202279202,0.4642857142857143,0.5,56,0.5,0.75
3243.5580755971605,661925.1131830602,0.4814814814814815,0.9202279202279202,0.4642857142857143,0.5,56,0.5,0.75
3243.5580755971605,661925.1131830602,0.4814814814814815,0.9202279202279202,0.4642857142857143,0.5,56,0.5,0.75
3243.5580755971605,661925.1131830602,0.4814814814814815,0.9202279202279202,0.4642857142857143,0.5,56,0.5,0.75
3243.5580755971605,661925.1131830602,0.4814814814814815,0.9202279202279202,0.4642857142857143,0.5,56,0.5,0.75
3243.5580755971605,661925.1131830602,0.4814814814814815,0.9202279202279202,0.4642857142857143,0.5,56,0.5,0.75
3243.5580755971605,661925.1131830602,0.4814814814814815,0.9202279202279202,0.4642857142857143,0.5,56,0.5,0.75
3243.5580755971605,661925.1131830602,0.4814814814814815,0.9202279202279202,0.4642857142857143,0.5,56,0.5,0.75
3243.5580755971605,661925.1131830602,0.4814814814814815,0.9202279202279202,0.4642857142857143,0.5,56,0.5,0.75
3243.5580755971605,661925.1131830602,0.4814814814814815,0.9202279202279202,0.4642857142857143,0.5,56,0.5,0.75
3243.5580755971605,661925.1131830602,0.4814814814814815,0.9202279202279202,0.4642857142857143,0.5,56,0.5,0.75
3206.1210726686986,661887.6761801317,0.4770642201834862,0.9188034188034188,0.45614035087719296,0.5,57,0.5,0.7692307692307693
2895.0986967749195,661576.653804238,0.4770642201834862,0.9188034188034188,0.45614035087719296,0.5,57,0.5,0.7692307692307693
2895.0986967749195,661576.653804238,0.4770642201834862,0.9188034188034188,0.45614035087719296,0.5,57,0.5,0.7692307692307693
2895.0986967749195,661576.653804238,0.4770642201834862,0.9188034188034188,0.45614035087719296,0.5,57,0.5,0.7692307692307693
2895.0986967749195,661576.653804238,0.4770642201834862,0.9188034188034188,0.45614035087719296,0.5,57,0.5,0.7692307692307693
2895.0986967749195,661576.653804238,0.4770642201834862,0.9188034188034188,0.45614035087719296,0.5,57,0.5,0.7692307692307693
2895.0986967749195,661576.653804238,0.4770642201834862,0.9188034188034188,0.45614035087719296,0.5,57,0.5,0.7692307692307693
2895.0986967749195,661576.653804238,0.4770642201834862,0.9188034188034188,0.45614035087719296,0.5,57,0.5,0.7692307692307693
2895.0986967749195,661576.653804238,0.4770642201834862,0.9188034188034188,0.45614035087719296,0.5,57,0.5,0.7692307692307693
2895.0986967749195,661576.653804238,0.4770642201834862,0.9188034188034188,0.45614035087719296,0.5,57,0.5,0.7692307692307693
2895.0986967749195,661576.653804238,0.4770642201834862,0.9188034188034188,0.45614035087719296,0.5,57,0.5,0.7692307692307693
2895.0986967749195,661576.653804238,0.4770642201834862,0.9188034188034188,0.45614035087719296,0.5,57,0.5,0.7692307692307693
2895.0986967749195,661576.653804238,0.4770642201834862,0.9188034188034188,0.45614035087719296,0.5,57,0.5,0.7692307692307693
2895.0986967749195,661576.653804238,0.4770642201834862,0.9188034188034188,0.45614035087719296,0.5,57,0.5,0.7692307692307693
2895.0986967749195,661576.653804238,0.4770642201834862,0.9188034188034188,0.45614035087719296,0.5,57,0.5,0.7692307692307693
2895.0986967749195,661576.653804238,0.4770642201834862,0.9188034188034188,0.45614035087719296,0.5,57,0.5,0.7692307692307693
2895.0986967749195,661576.653804238,0.4770642201834862,0.9188034188034188,0.45614035087719296,0.5,57,0.5,0.7692307692307693
2895.0986967749195,661576.653804238,0.4770642201834862,0.9188034188034188,0.45614035087719296,0.5,57,0.5,0.7692307692307693
2895.0986967749195,661576.653804238,0.4770642201834862,0.9188034188034188,0.45614035087719296,0.5,57,0.5,0.7692307692307693
2895.0986967749195,661576.653804238,0.4770642201834862,0.9188034188034188,0.45614035087719296,0.5,57,0.5,0.7692307692307693
2895.0986967749195,661576.653804238,0.4770642201834862,0.9188034188034188,0.45614035087719296,0.5,57,0.5,0.7692307692307693
2895.0986967749195,661576.653804238,0.4770642201834862,0.9188034188034188,0.45614035087719296,0.5,57,0.5,0.7692307692307693
2895.0986967749195,661576.653804238,0.4770642201834862,0.9188034188034188,0.45614035087719296,0.5,57,0.5,0.7692307692307693
2895.0986967749195,661576.653804238,0.4770642201834862,0.9188034188034188,0.45614035087719296,0.5,57,0.5,0.7692307692307693
2895.0986967749195,661576.653804238,0.4770642201834862,0.9188034188034188,0.45614035087719296,0.5,57,0.5,0.7692307692307693
2895.0986967749195,661576.653804238,0.4770642201834862,0.9188034188034188,0.45614035087719296,0.5,57,0.5,0.7692307692307693
2895.0986967749195,661576.653804238,0.4770642201834862,0.9188034188034188,0.45614035087719296,0.5,57,0.5,0.7692307692307693
2895.0986967749195,661576.653804238,0.4770642201834862,0.9188034188034188,0.45614035087719296,0.5,57,0.5,0.7692307692307693
2895.0986967749195,661576.653804238,0.4770642201834862,0.9188034188034188,0.45614035087719296,0.5,57,0.5,0.7692307692307693
2895.0986967749195,661576.653804238,0.4770642201834862,0.9188034188034188,0.45614035087719296,0.5,57,0.5,0.7692307692307693
2895.0986967749195,661576.653804238,0.4770642201834862,0.9188034188034188,0.45614035087719296,0.5,57,0.5,0.7692307692307693
2895.0986967749195,661576.653804238,0.4770642201834862,0.9188034188034188,0.45614035087719296,0.5,57,0.5,0.7692307692307693
2895.0986967749195,661576.653804238,0.4770642201834862,0.9188034188034188,0.45614035087719296,0.5,57,0.5,0.7692307692307693
2895.0986967749195,661576.653804238,0.4770642201834862,0.9188034188034188,0.45614035087719296,0.5,57,0.5,0.7692307692307693
2895.0986967749195,661576.653804238,0.4770642201834862,0.9188034188034188,0.45614035087719296,0.5,57,0.5,0.7692307692307693
2895.0986967749195,661576.653804238,0.4770642201834862,0.9188034188034188,0.45614035087719296,0.5,57,0.5,0.7692307692307693
2895.0986967749195,661576.653804238,0.4770642201834862,0.9188034188034188,0.45614035087719296,0.5,57,0.5,0.7692307692307693
2895.0986967749195,661576.653804238,0.4770642201834862,0.9188034188034188,0.45614035087719296,0.5,57,0.5,0.7692307692307693
2895.0986967749195,661576.653804238,0.4770642201834862,0.9188034188034188,0.45614035087719296,0.5,57,0.5,0.7692307692307693
2895.0986967749195,661576.653804238,0.4770642201834862,0.9188034188034188,0.45614035087719296,0.5,57,0.5,0.7692307692307693
2895.0986967749195,661576.653804238,0.4770642201834862,0.9188034188034188,0.45614035087719296,0.5,57,0.5,0.7692307692307693
2834.6664633705514,661516.2215708336,0.4814814814814815,0.9202279202279202,0.4642857142857143,0.5,56,0.5,0.7692307692307693
2601.8532159329625,661283.408323396,0.5,0.9230769230769231,0.48214285714285715,0.5192307692307693,54,0.5192307692307693,0.7692307692307693
2601.8532159329625,661283.408323396,0.5,0.9230769230769231,0.48214285714285715,0.5192307692307693,54,0.5192307692307693,0.7692307692307693
2601.8532159329625,661283.408323396,0.5,0.9230769230769231,0.48214285714285715,0.5192307692307693,54,0.5192307692307693,0.7692307692307693
2601.8532159329625,661283.408323396,0.5,0.9230769230769231,0.48214285714285715,0.5192307692307693,54,0.5192307692307693,0.7692307692307693
2601.8532159329625,661283.408323396,0.5,0.9230769230769231,0.48214285714285715,0.5192307692307693,54,0.5192307692307693,0.7692307692307693
2601.8532159329625,661283.408323396,0.5,0.9230769230769231,0.48214285714285715,0.5192307692307693,54,0.5192307692307693,0.7692307692307693
2601.8532159329625,661283.408323396,0.5,0.9230769230769231,0.48214285714285715,0.5192307692307693,54,0.5192307692307693,0.7692307692307693
2601.8532159329625,661283.408323396,0.5,0.9230769230769231,0.48214285714285715,0.5192307692307693,54,0.5192307692307693,0.7692307692307693
2601.8532159329625,661283.408323396,0.5,0.9230769230769231,0.48214285714285715,0.5192307692307693,54,0.5192307692307693,0.7692307692307693
2601.8532159329625,661283.408323396,0.5,0.9230769230769231,0.48214285714285715,0.5192307692307693,54,0.5192307692307693,0.7692307692307693
2601.8532159329625,661283.408323396,0.5,0.9230769230769231,0.48214285714285715,0.5192307692307693,54,0.5192307692307693,0.7692307692307693
2601.8532159329625,661283.408323396,0.5,0.9230769230769231,0.48214285714285715,0.5192307692307693,54,0.5192307692307693,0.7692307692307693
2601.8532159329625,661283.408323396,0.5,0.9230769230769231,0.48214285714285715,0.5192307692307693,54,0.5192307692307693,0.7692307692307693
2601.8532159329625,661283.408323396,0.5,0.9230769230769231,0.48214285714285715,0.5192307692307693,54,0.5192307692307693,0.7692307692307693
2601.8532159329625,661283.408323396,0.5,0.9230769230769231,0.48214285714285715,0.5192307692307693,54,0.5192307692307693,0.7692307692307693
2601.8532159329625,661283.408323396,0.5,0.9230769230769231,0.48214285714285715,0.5192307692307693,54,0.5192307692307693,0.7692307692307693
2601.8532159329625,661283.408323396,0.5,0.9230769230769231,0.48214285714285715,0.5192307692307693,54,0.5192307692307693,0.7692307692307693
2601.8532159329625,661283.408323396,0.5,0.9230769230769231,0.48214285714285715,0.5192307692307693,54,0.5192307692307693,0.7692307692307693
2601.8532159329625,661283.408323396,0.5,0.9230769230769231,0.48214285714285715,0.5192307692307693,54,0.5192307692307693,0.7692307692307693
2601.8532159329625,661283.408323396,0.5,0.9230769230769231,0.48214285714285715,0.5192307692307693,54,0.5192307692307693,0.7692307692307693
2601.8532159329625,661283.408323396,0.5,0.9230769230769231,0.48214285714285715,0.5192307692307693,54,0.5192307692307693,0.7692307692307693
2601.8532159329625,661283.408323396,0.5,0.9230769230769231,0.48214285714285715,0.5192307692307693,54,0.5192307692307693,0.7692307692307693
2601.8532159329625,661283.408323396,0.5,0.9230769230769231,0.48214285714285715,0.5192307692307693,54,0.5192307692307693,0.7692307692307693
2601.8532159329625,661283.408323396,0.5,0.9230769230769231,0.48214285714285715,0.5192307692307693,54,0.5192307692307693,0.7692307692307693
2601.8532159329625,661283.408323396,0.5,0.9230769230769231,0.48214285714285715,0.5192307692307693,54,0.5192307692307693,0.7692307692307693
2601.8532159329625,661283.408323396,0.5,0.9230769230769231,0.48214285714285715,0.5192307692307693,54,0.5192307692307693,0.7692307692307693
2601.8532159329625,661283.408323396,0.5,0.9230769230769231,0.48214285714285715,0.5192307692307693,54,0.5192307692307693,0.7692307692307693
2601.8532159329625,661283.408323396,0.5,0.9230769230769231,0.48214285714285715,0.5192307692307693,54,0.5192307692307693,0.7692307692307693
2601.8532159329625,661283.408323396,0.5,0.9230769230769231,0.48214285714285715,0.5192307692307693,54,0.5192307692307693,0.7692307692307693
2601.8532159329625,661283.408323396,0.5,0.9230769230769231,0.48214285714285715,0.5192307692307693,54,0.5192307692307693,0.7692307692307693
2601.8532159329625,661283.408323396,0.5,0.9230769230769231,0.48214285714285715,0.5192307692307693,54,0.5192307692307693,0.7692307692307693
2601.8532159329625,661283.408323396,0.5,0.9230769230769231,0.48214285714285715,0.5192307692307693,54,0.5192307692307693,0.7692307692307693
2601.8532159329625,661283.408323396,0.5,0.9230769230769231,0.48214285714285715,0.5192307692307693,54,0.5192307692307693,0.7692307692307693
2601.8532159329625,661283.408323396,0.5,0.9230769230769231,0.48214285714285715,0.5192307692307693,54,0.5192307692307693,0.7692307692307693
2601.8532159329625,661283.408323396,0.5,0.9230769230769231,0.48214285714285715,0.5192307692307693,54,0.5192307692307693,0.7692307692307693
2601.8532159329625,661283.408323396,0.5,0.9230769230769231,0.48214285714285715,0.5192307692307693,54,0.5192307692307693,0.7692307692307693
2601.8532159329625,661283.408323396,0.5,0.9230769230769231,0.48214285714285715,0.5192307692307693,54,0.5192307692307693,0.7692307692307693
2601.8532159329625,661283.408323396,0.5,0.9230769230769231,0.48214285714285715,0.5192307692307693,54,0.5192307692307693,0.7692307692307693
2601.8532159329625,661283.408323396,0.5,0.9230769230769231,0.48214285714285715,0.5192307692307693,54,0.5192307692307693,0.7692307692307693
2601.8532159329625,661283.408323396,0.5,0.9230769230769231,0.48214285714285715,0.5192307692307693,54,0.5192307692307693,0.7692307692307693
2601.8532159329625,661283.408323396,0.5,0.9230769230769231,0.48214285714285715,0.5192307692307693,54,0.5192307692307693,0.7692307692307693
2601.8532159329625,661283.408323396,0.5,0.9230769230769231,0.48214285714285715,0.5192307692307693,54,0.5192307692307693,0.7692307692307693
2601.8532159329625,661283.408323396,0.5,0.9230769230769231,0.48214285714285715,0.5192307692307693,54,0.5192307692307693,0.7692307692307693
2601.8532159329625,661283.408323396,0.5,0.9230769230769231,0.48214285714285715,0.5192307692307693,54,0.5192307692307693,0.7692307692307693
2601.8532159329625,661283.408323396,0.5,0.9230769230769231,0.48214285714285715,0.5192307692307693,54,0.5192307692307693,0.7692307692307693
2601.8532159329625,661283.408323396,0.5,0.9230769230769231,0.48214285714285715,0.5192307692307693,54,0.5192307692307693,0.7692307692307693
2601.8532159329625,661283.408323396,0.5,0.9230769230769231,0.48214285714285715,0.5192307692307693,54,0.5192307692307693,0.7692307692307693
2601.8532159329625,661283.408323396,0.5,0.9230769230769231,0.48214285714285715,0.5192307692307693,54,0.5192307692307693,0.7692307692307693
2601.8532159329625,661283.408323396,0.5,0.9230769230769231,0.48214285714285715,0.5192307692307693,54,0.5192307692307693,0.7692307692307693
2601.8532159329625,661283.408323396,0.5,0.9230769230769231,0.48214285714285715,0.5192307692307693,54,0.5192307692307693,0.7692307692307693
2601.8532159329625,661283.408323396,0.5,0.9230769230769231,0.48214285714285715,0.5192307692307693,54,0.5192307692307693,0.7692307692307693
2601.8532159329625,661283.408323396,0.5,0.9230769230769231,0.48214285714285715,0.5192307692307693,54,0.5192307692307693,0.7692307692307693
2601.8532159329625,661283.408323396,0.5,0.9230769230769231,0.48214285714285715,0.5192307692307693,54,0.5192307692307693,0.7692307692307693
2601.8532159329625,661283.408323396,0.5,0.9230769230769231,0.48214285714285715,0.5192307692307693,54,0.5192307692307693,0.7692307692307693
2601.8532159329625,661283.408323396,0.5,0.9230769230769231,0.48214285714285715,0.5192307692307693,54,0.5192307692307693,0.7692307692307693
2601.8532159329625,661283.408323396,0.5,0.9230769230769231,0.48214285714285715,0.5192307692307693,54,0.5192307692307693,0.7692307692307693
2601.8532159329625,661283.408323396,0.5,0.9230769230769231,0.48214285714285715,0.5192307692307693,54,0.5192307692307693,0.7692307692307693
2601.8532159329625,661283.408323396,0.5,0.9230769230769231,0.48214285714285715,0.5192307692307693,54,0.5192307692307693,0.7692307692307693
2601.8532159329625,661283.408323396,0.5,0.9230769230769231,0.48214285714285715,0.5192307692307693,54,0.5192307692307693,0.7692307692307693
2601.8532159329625,661283.408323396,0.5,0.9230769230769231,0.48214285714285715,0.5192307692307693,54,0.5192307692307693,0.7692307692307693
2601.8532159329625,661283.408323396,0.5,0.9230769230769231,0.48214285714285715,0.5192307692307693,54,0.5192307692307693,0.7692307692307693
2601.8532159329625,661283.408323396,0.5,0.9230769230769231,0.48214285714285715,0.5192307692307693,54,0.5192307692307693,0.7692307692307693
2601.8532159329625,661283.408323396,0.5,0.9230769230769231,0.48214285714285715,0.5192307692307693,54,0.5192307692307693,0.7692307692307693
2601.8532159329625,661283.408323396,0.5,0.9230769230769231,0.48214285714285715,0.5192307692307693,54,0.5192307692307693,0.7692307692307693
2601.8532159329625,661283.408323396,0.5,0.9230769230769231,0.48214285714285715,0.5192307692307693,54,0.5192307692307693,0.7692307692307693
2601.8532159329625,661283.408323396,0.5,0.9230769230769231,0.48214285714285715,0.5192307692307693,54,0.5192307692307693,0.7692307692307693
2601.8532159329625,661283.408323396,0.5,0.9230769230769231,0.48214285714285715,0.5192307692307693,54,0.5192307692307693,0.7692307692307693
2601.8532159329625,661283.408323396,0.5,0.9230769230769231,0.48214285714285715,0.5192307692307693,54,0.5192307692307693,0.7692307692307693
2601.8532159329625,661283.408323396,0.5,0.9230769230769231,0.48214285714285715,0.5192307692307693,54,0.5192307692307693,0.7692307692307693
2601.8532159329625,661283.408323396,0.5,0.9230769230769231,0.48214285714285715,0.5192307692307693,54,0.5192307692307693,0.7692307692307693
2601.8532159329625,661283.408323396,0.5,0.9230769230769231,0.48214285714285715,0.5192307692307693,54,0.5192307692307693,0.7692307692307693
2601.8532159329625,661283.408323396,0.5,0.9230769230769231,0.48214285714285715,0.5192307692307693,54,0.5192307692307693,0.7692307692307693
2601.8532159329625,661283.408323396,0.5,0.9230769230769231,0.48214285714285715,0.5192307692307693,54,0.5192307692307693,0.7692307692307693
2601.8532159329625,661283.408323396,0.5,0.9230769230769231,0.48214285714285715,0.5192307692307693,54,0.5192307692307693,0.7692307692307693
2601.8532159329625,661283.408323396,0.5,0.9230769230769231,0.48214285714285715,0.5192307692307693,54,0.5192307692307693,0.7692307692307693
2601.8532159329625,661283.408323396,0.5,0.9230769230769231,0.48214285714285715,0.5192307692307693,54,0.5192307692307693,0.7692307692307693
2601.8532159329625,661283.408323396,0.5,0.9230769230769231,0.48214285714285715,0.5192307692307693,54,0.5192307692307693,0.7692307692307693
2601.8532159329625,661283.408323396,0.5,0.9230769230769231,0.48214285714285715,0.5192307692307693,54,0.5192307692307693,0.7692307692307693
2601.8532159329625,661283.408323396,0.5,0.9230769230769231,0.48214285714285715,0.5192307692307693,54,0.5192307692307693,0.7692307692307693
2601.8532159329625,661283.408323396,0.5,0.9230769230769231,0.48214285714285715,0.5192307692307693,54,0.5192307692307693,0.7692307692307693
2601.8532159329625,661283.408323396,0.5,0.9230769230769231,0.48214285714285715,0.5192307692307693,54,0.5192307692307693,0.7692307692307693
2601.8532159329625,661283.408323396,0.5,0.9230769230769231,0.48214285714285715,0.5192307692307693,54,0.5192307692307693,0.7692307692307693
2601.8532159329625,661283.408323396,0.5,0.9230769230769231,0.48214285714285715,0.5192307692307693,54,0.5192307692307693,0.7692307692307693
2601.8532159329625,661283.408323396,0.5,0.9230769230769231,0.48214285714285715,0.5192307692307693,54,0.5192307692307693,0.7692307692307693
2601.8532159329625,661283.408323396,0.5,0.9230769230769231,0.48214285714285715,0.5192307692307693,54,0.5192307692307693,0.7692307692307693
2601.8532159329625,661283.408323396,0.5,0.9230769230769231,0.48214285714285715,0.5192307692307693,54,0.5192307692307693,0.7692307692307693
2601.8532159329625,661283.408323396,0.5,0.9230769230769231,0.48214285714285715,0.5192307692307693,54,0.5192307692307693,0.7692307692307693
2601.8532159329625,661283.408323396,0.5,0.9230769230769231,0.48214285714285715,0.5192307692307693,54,0.5192307692307693,0.7692307692307693
2601.8532159329625,661283.408323396,0.5,0.9230769230769231,0.48214285714285715,0.5192307692307693,54,0.5192307692307693,0.7692307692307693
2601.8532159329625,661283.408323396,0.5,0.9230769230769231,0.48214285714285715,0.5192307692307693,54,0.5192307692307693,0.7692307692307693
2601.8532159329625,661283.408323396,0.5,0.9230769230769231,0.48214285714285715,0.5192307692307693,54,0.5192307692307693,0.7692307692307693
2601.8532159329625,661283.408323396,0.5,0.9230769230769231,0.48214285714285715,0.5192307692307693,54,0.5192307692307693,0.7692307692307693
2601.8532159329625,661283.408323396,0.5,0.9230769230769231,0.48214285714285715,0.5192307692307693,54,0.5192307692307693,0.7692307692307693
2601.8532159329625,661283.408323396,0.5,0.9230769230769231,0.48214285714285715,0.5192307692307693,54,0.5192307692307693,0.7692307692307693
2601.8532159329625,661283.408323396,0.5,0.9230769230769231,0.48214285714285715,0.5192307692307693,54,0.5192307692307693,0.7692307692307693
2601.8532159329625,661283.408323396,0.5,0.9230769230769231,0.48214285714285715,0.5192307692307693,54,0.5192307692307693,0.7692307692307693
2601.8532159329625,661283.408323396,0.5,0.9230769230769231,0.48214285714285715,0.5192307692307693,54,0.5192307692307693,0.7692307692307693
2601.8532159329625,661283.408323396,0.5,0.9230769230769231,0.48214285714285715,0.5192307692307693,54,0.5192307692307693,0.7692307692307693
2601.8532159329625,661283.408323396,0.5,0.9230769230769231,0.48214285714285715,0.5192307692307693,54,0.5192307692307693,0.7692307692307693
2601.8532159329625,661283.408323396,0.5,0.9230769230769231,0.48214285714285715,0.5192307692307693,54,0.5192307692307693,0.7692307692307693
2601.8532159329625,661283.408323396,0.5,0.9230769230769231,0.48214285714285715,0.5192307692307693,54,0.5192307692307693,0.7692307692307693
2601.8532159329625,661283.408323396,0.5,0.9230769230769231,0.48214285714285715,0.5192307692307693,54,0.5192307692307693,0.7692307692307693
2601.8532159329625,661283.408323396,0.5,0.9230769230769231,0.48214285714285715,0.5192307692307693,54,0.5192307692307693,0.7692307692307693
2601.8532159329625,661283.408323396,0.5,0.9230769230769231,0.48214285714285715,0.5192307692307693,54,0.5192307692307693,0.7692307692307693
2601.8532159329625,661283.408323396,0.5,0.9230769230769231,0.48214285714285715,0.5192307692307693,54,0.5192307692307693,0.7692307692307693
2601.8532159329625,661283.408323396,0.5,0.9230769230769231,0.48214285714285715,0.5192307692307693,54,0.5192307692307693,0.7692307692307693
2601.8532159329625,661283.408323396,0.5,0.9230769230769231,0.48214285714285715,0.5192307692307693,54,0.5192307692307693,0.7692307692307693
2601.8532159329625,661283.408323396,0.5,0.9230769230769231,0.48214285714285715,0.5192307692307693,54,0.5192307692307693,0.7692307692307693
2601.8532159329625,661283.408323396,0.5,0.9230769230769231,0.48214285714285715,0.5192307692307693,54,0.5192307692307693,0.7692307692307693
2601.8532159329625,661283.408323396,0.5,0.9230769230769231,0.48214285714285715,0.5192307692307693,54,0.5192307692307693,0.7692307692307693
2601.8532159329625,661283.408323396,0.5,0.9230769230769231,0.48214285714285715,0.5192307692307693,54,0.5192307692307693,0.7692307692307693
2601.8532159329625,661283.408323396,0.5,0.9230769230769231,0.48214285714285715,0.5192307692307693,54,0.5192307692307693,0.7692307692307693
2601.8532159329625,661283.408323396,0.5,0.9230769230769231,0.48214285714285715,0.5192307692307693,54,0.5192307692307693,0.7692307692307693
2601.8532159329625,661283.408323396,0.5,0.9230769230769231,0.48214285714285715,0.5192307692307693,54,0.5192307692307693,0.7692307692307693
2601.8532159329625,661283.408323396,0.5,0.9230769230769231,0.48214285714285715,0.5192307692307693,54,0.5192307692307693,0.7692307692307693
2601.8532159329625,661283.408323396,0.5,0.9230769230769231,0.48214285714285715,0.5192307692307693,54,0.5192307692307693,0.7692307692307693
2601.8532159329625,661283.408323396,0.5,0.9230769230769231,0.48214285714285715,0.5192307692307693,54,0.5192307692307693,0.7692307692307693
2601.8532159329625,661283.408323396,0.5,0.9230769230769231,0.48214285714285715,0.5192307692307693,54,0.5192307692307693,0.7692307692307693
2601.8532159329625,661283.408323396,0.5,0.9230769230769231,0.48214285714285715,0.5192307692307693,54,0.5192307692307693,0.7692307692307693
2601.8532159329625,661283.408323396,0.5,0.9230769230769231,0.48214285714285715,0.5192307692307693,54,0.5192307692307693,0.7692307692307693
2601.8532159329625,661283.408323396,0.5,0.9230769230769231,0.48214285714285715,0.5192307692307693,54,0.5192307692307693,0.7692307692307693
2601.8532159329625,661283.408323396,0.5,0.9230769230769231,0.48214285714285715,0.5192307692307693,54,0.5192307692307693,0.7692307692307693
2601.8532159329625,661283.408323396,0.5,0.9230769230769231,0.48214285714285715,0.5192307692307693,54,0.5192307692307693,0.7692307692307693
2601.8532159329625,661283.408323396,0.5,0.9230769230769231,0.48214285714285715,0.5192307692307693,54,0.5192307692307693,0.7692307692307693
2601.8532159329625,661283.408323396,0.5,0.9230769230769231,0.48214285714285715,0.5192307692307693,54,0.5192307692307693,0.7692307692307693
2546.873879199382,661228.4289866624,0.5,0.9230769230769231,0.48214285714285715,0.5192307692307693,54,0.5192307692307693,0.7692307692307693
2500.414707180462,661181.9698146435,0.5046728971962617,0.9245014245014245,0.4909090909090909,0.5192307692307693,53,0.5192307692307693,0.7692307692307693
2500.414707180462,661181.9698146435,0.5046728971962617,0.9245014245014245,0.4909090909090909,0.5192307692307693,53,0.5192307692307693,0.7692307692307693
2500.414707180462,661181.9698146435,0.5046728971962617,0.9245014245014245,0.4909090909090909,0.5192307692307693,53,0.5192307692307693,0.7692307692307693
2500.414707180462,661181.9698146435,0.5046728971962617,0.9245014245014245,0.4909090909090909,0.5192307692307693,53,0.5192307692307693,0.7692307692307693
2500.414707180462,661181.9698146435,0.5046728971962617,0.9245014245014245,0.4909090909090909,0.5192307692307693,53,0.5192307692307693,0.7692307692307693
2500.414707180462,661181.9698146435,0.5046728971962617,0.9245014245014245,0.4909090909090909,0.5192307692307693,53,0.5192307692307693,0.7692307692307693
2500.414707180462,661181.9698146435,0.5046728971962617,0.9245014245014245,0.4909090909090909,0.5192307692307693,53,0.5192307692307693,0.7692307692307693
2500.414707180462,661181.9698146435,0.5046728971962617,0.9245014245014245,0.4909090909090909,0.5192307692307693,53,0.5192307692307693,0.7692307692307693
2500.414707180462,661181.9698146435,0.5046728971962617,0.9245014245014245,0.4909090909090909,0.5192307692307693,53,0.5192307692307693,0.7692307692307693
2500.414707180462,661181.9698146435,0.5046728971962617,0.9245014245014245,0.4909090909090909,0.5192307692307693,53,0.5192307692307693,0.7692307692307693
2500.414707180462,661181.9698146435,0.5046728971962617,0.9245014245014245,0.4909090909090909,0.5192307692307693,53,0.5192307692307693,0.7692307692307693
2500.414707180462,661181.9698146435,0.5046728971962617,0.9245014245014245,0.4909090909090909,0.5192307692307693,53,0.5192307692307693,0.7692307692307693
2500.414707180462,661181.9698146435,0.5046728971962617,0.9245014245014245,0.4909090909090909,0.5192307692307693,53,0.5192307692307693,0.7692307692307693
2500.414707180462,661181.9698146435,0.5046728971962617,0.9245014245014245,0.4909090909090909,0.5192307692307693,53,0.5192307692307693,0.7692307692307693
2500.414707180462,661181.9698146435,0.5046728971962617,0.9245014245014245,0.4909090909090909,0.5192307692307693,53,0.5192307692307693,0.7692307692307693
2500.414707180462,661181.9698146435,0.5046728971962617,0.9245014245014245,0.4909090909090909,0.5192307692307693,53,0.5192307692307693,0.7692307692307693
2500.414707180462,661181.9698146435,0.5046728971962617,0.9245014245014245,0.4909090909090909,0.5192307692307693,53,0.5192307692307693,0.7692307692307693
2500.414707180462,661181.9698146435,0.5046728971962617,0.9245014245014245,0.4909090909090909,0.5192307692307693,53,0.5192307692307693,0.7692307692307693
2500.414707180462,661181.9698146435,0.5046728971962617,0.9245014245014245,0.4909090909090909,0.5192307692307693,53,0.5192307692307693,0.7692307692307693
2500.414707180462,661181.9698146435,0.5046728971962617,0.9245014245014245,0.4909090909090909,0.5192307692307693,53,0.5192307692307693,0.7692307692307693
2500.414707180462,661181.9698146435,0.5046728971962617,0.9245014245014245,0.4909090909090909,0.5192307692307693,53,0.5192307692307693,0.7692307692307693
2500.414707180462,661181.9698146435,0.5046728971962617,0.9245014245014245,0.4909090909090909,0.5192307692307693,53,0.5192307692307693,0.7692307692307693
2500.414707180462,661181.9698146435,0.5046728971962617,0.9245014245014245,0.4909090909090909,0.5192307692307693,53,0.5192307692307693,0.7692307692307693
2500.414707180462,661181.9698146435,0.5046728971962617,0.9245014245014245,0.4909090909090909,0.5192307692307693,53,0.5192307692307693,0.7692307692307693
2500.414707180462,661181.9698146435,0.5046728971962617,0.9245014245014245,0.4909090909090909,0.5192307692307693,53,0.5192307692307693,0.7692307692307693
2500.414707180462,661181.9698146435,0.5046728971962617,0.9245014245014245,0.4909090909090909,0.5192307692307693,53,0.5192307692307693,0.7692307692307693
2500.414707180462,661181.9698146435,0.5046728971962617,0.9245014245014245,0.4909090909090909,0.5192307692307693,53,0.5192307692307693,0.7692307692307693
2500.414707180462,661181.9698146435,0.5046728971962617,0.9245014245014245,0.4909090909090909,0.5192307692307693,53,0.5192307692307693,0.7692307692307693
2500.414707180462,661181.9698146435,0.5046728971962617,0.9245014245014245,0.4909090909090909,0.5192307692307693,53,0.5192307692307693,0.7692307692307693
2500.414707180462,661181.9698146435,0.5046728971962617,0.9245014245014245,0.4909090909090909,0.5192307692307693,53,0.5192307692307693,0.7692307692307693
2500.414707180462,661181.9698146435,0.5046728971962617,0.9245014245014245,0.4909090909090909,0.5192307692307693,53,0.5192307692307693,0.7692307692307693
2500.414707180462,661181.9698146435,0.5046728971962617,0.9245014245014245,0.4909090909090909,0.5192307692307693,53,0.5192307692307693,0.7692307692307693
2500.414707180462,661181.9698146435,0.5046728971962617,0.9245014245014245,0.4909090909090909,0.5192307692307693,53,0.5192307692307693,0.7692307692307693
2500.414707180462,661181.9698146435,0.5046728971962617,0.9245014245014245,0.4909090909090909,0.5192307692307693,53,0.5192307692307693,0.7692307692307693
2500.414707180462,661181.9698146435,0.5046728971962617,0.9245014245014245,0.4909090909090909,0.5192307692307693,53,0.5192307692307693,0.7692307692307693
2500.414707180462,661181.9698146435,0.5046728971962617,0.9245014245014245,0.4909090909090909,0.5192307692307693,53,0.5192307692307693,0.7692307692307693
2500.414707180462,661181.9698146435,0.5046728971962617,0.9245014245014245,0.4909090909090909,0.5192307692307693,53,0.5192307692307693,0.7692307692307693
2500.414707180462,661181.9698146435,0.5046728971962617,0.9245014245014245,0.4909090909090909,0.5192307692307693,53,0.5192307692307693,0.7692307692307693
2500.414707180462,661181.9698146435,0.5046728971962617,0.9245014245014245,0.4909090909090909,0.5192307692307693,53,0.5192307692307693,0.7692307692307693
2500.414707180462,661181.9698146435,0.5046728971962617,0.9245014245014245,0.4909090909090909,0.5192307692307693,53,0.5192307692307693,0.7692307692307693
2500.414707180462,661181.9698146435,0.5046728971962617,0.9245014245014245,0.4909090909090909,0.5192307692307693,53,0.5192307692307693,0.7692307692307693
2500.414707180462,661181.9698146435,0.5046728971962617,0.9245014245014245,0.4909090909090909,0.5192307692307693,53,0.5192307692307693,0.7692307692307693
2500.414707180462,661181.9698146435,0.5046728971962617,0.9245014245014245,0.4909090909090909,0.5192307692307693,53,0.5192307692307693,0.7692307692307693
2500.414707180462,661181.9698146435,0.5046728971962617,0.9245014245014245,0.4909090909090909,0.5192307692307693,53,0.5192307692307693,0.7692307692307693
2500.414707180462,661181.9698146435,0.5046728971962617,0.9245014245014245,0.4909090909090909,0.5192307692307693,53,0.5192307692307693,0.7692307692307693
2500.414707180462,661181.9698146435,0.5046728971962617,0.9245014245014245,0.4909090909090909,0.5192307692307693,53,0.5192307692307693,0.7692307692307693
2500.414707180462,661181.9698146435,0.5046728971962617,0.9245014245014245,0.4909090909090909,0.5192307692307693,53,0.5192307692307693,0.7692307692307693
2500.414707180462,661181.9698146435,0.5046728971962617,0.9245014245014245,0.4909090909090909,0.5192307692307693,53,0.5192307692307693,0.7692307692307693
2500.414707180462,661181.9698146435,0.5046728971962617,0.9245014245014245,0.4909090909090909,0.5192307692307693,53,0.5192307692307693,0.7692307692307693
2500.414707180462,661181.9698146435,0.5046728971962617,0.9245014245014245,0.4909090909090909,0.5192307692307693,53,0.5192307692307693,0.7692307692307693
2500.414707180462,661181.9698146435,0.5046728971962617,0.9245014245014245,0.4909090909090909,0.5192307692307693,53,0.5192307692307693,0.7692307692307693
2500.414707180462,661181.9698146435,0.5046728971962617,0.9245014245014245,0.4909090909090909,0.5192307692307693,53,0.5192307692307693,0.7692307692307693
2500.414707180462,661181.9698146435,0.5046728971962617,0.9245014245014245,0.4909090909090909,0.5192307692307693,53,0.5192307692307693,0.7692307692307693
2500.414707180462,661181.9698146435,0.5046728971962617,0.9245014245014245,0.4909090909090909,0.5192307692307693,53,0.5192307692307693,0.7692307692307693
2500.414707180462,661181.9698146435,0.5046728971962617,0.9245014245014245,0.4909090909090909,0.5192307692307693,53,0.5192307692307693,0.7692307692307693
2500.414707180462,661181.9698146435,0.5046728971962617,0.9245014245014245,0.4909090909090909,0.5192307692307693,53,0.5192307692307693,0.7692307692307693
2500.414707180462,661181.9698146435,0.5046728971962617,0.9245014245014245,0.4909090909090909,0.5192307692307693,53,0.5192307692307693,0.7692307692307693
2500.414707180462,661181.9698146435,0.5046728971962617,0.9245014245014245,0.4909090909090909,0.5192307692307693,53,0.5192307692307693,0.7692307692307693
2500.414707180462,661181.9698146435,0.5046728971962617,0.9245014245014245,0.4909090909090909,0.5192307692307693,53,0.5192307692307693,0.7692307692307693
2500.414707180462,661181.9698146435,0.5046728971962617,0.9245014245014245,0.4909090909090909,0.5192307692307693,53,0.5192307692307693,0.7692307692307693
2500.414707180462,661181.9698146435,0.5046728971962617,0.9245014245014245,0.4909090909090909,0.5192307692307693,53,0.5192307692307693,0.7692307692307693
2500.414707180462,661181.9698146435,0.5046728971962617,0.9245014245014245,0.4909090909090909,0.5192307692307693,53,0.5192307692307693,0.7692307692307693
2500.414707180462,661181.9698146435,0.5046728971962617,0.9245014245014245,0.4909090909090909,0.5192307692307693,53,0.5192307692307693,0.7692307692307693
2500.414707180462,661181.9698146435,0.5046728971962617,0.9245014245014245,0.4909090909090909,0.5192307692307693,53,0.5192307692307693,0.7692307692307693
2500.414707180462,661181.9698146435,0.5046728971962617,0.9245014245014245,0.4909090909090909,0.5192307692307693,53,0.5192307692307693,0.7692307692307693
2500.414707180462,661181.9698146435,0.5046728971962617,0.9245014245014245,0.4909090909090909,0.5192307692307693,53,0.5192307692307693,0.7692307692307693
2500.414707180462,661181.9698146435,0.5046728971962617,0.9245014245014245,0.4909090909090909,0.5192307692307693,53,0.5192307692307693,0.7692307692307693
2500.414707180462,661181.9698146435,0.5046728971962617,0.9245014245014245,0.4909090909090909,0.5192307692307693,53,0.5192307692307693,0.7692307692307693
2500.414707180462,661181.9698146435,0.5046728971962617,0.9245014245014245,0.4909090909090909,0.5192307692307693,53,0.5192307692307693,0.7692307692307693
2500.414707180462,661181.9698146435,0.5046728971962617,0.9245014245014245,0.4909090909090909,0.5192307692307693,53,0.5192307692307693,0.7692307692307693
2500.414707180462,661181.9698146435,0.5046728971962617,0.9245014245014245,0.4909090909090909,0.5192307692307693,53,0.5192307692307693,0.7692307692307693
2500.414707180462,661181.9698146435,0.5046728971962617,0.9245014245014245,0.4909090909090909,0.5192307692307693,53,0.5192307692307693,0.7692307692307693
2500.414707180462,661181.9698146435,0.5046728971962617,0.9245014245014245,0.4909090909090909,0.5192307692307693,53,0.5192307692307693,0.7692307692307693
2500.414707180462,661181.9698146435,0.5046728971962617,0.9245014245014245,0.4909090909090909,0.5192307692307693,53,0.5192307692307693,0.7692307692307693
2500.414707180462,661181.9698146435,0.5046728971962617,0.9245014245014245,0.4909090909090909,0.5192307692307693,53,0.5192307692307693,0.7692307692307693
2500.414707180462,661181.9698146435,0.5046728971962617,0.9245014245014245,0.4909090909090909,0.5192307692307693,53,0.5192307692307693,0.7692307692307693
2500.414707180462,661181.9698146435,0.5046728971962617,0.9245014245014245,0.4909090909090909,0.5192307692307693,53,0.5192307692307693,0.7692307692307693
2500.414707180462,661181.9698146435,0.5046728971962617,0.9245014245014245,0.4909090909090909,0.5192307692307693,53,0.5192307692307693,0.7692307692307693
2500.414707180462,661181.9698146435,0.5046728971962617,0.9245014245014245,0.4909090909090909,0.5192307692307693,53,0.5192307692307693,0.7692307692307693
2500.414707180462,661181.9698146435,0.5046728971962617,0.9245014245014245,0.4909090909090909,0.5192307692307693,53,0.5192307692307693,0.7692307692307693
2500.414707180462,661181.9698146435,0.5046728971962617,0.9245014245014245,0.4909090909090909,0.5192307692307693,53,0.5192307692307693,0.7692307692307693
2500.414707180462,661181.9698146435,0.5046728971962617,0.9245014245014245,0.4909090909090909,0.5192307692307693,53,0.5192307692307693,0.7692307692307693
2500.414707180462,661181.9698146435,0.5046728971962617,0.9245014245014245,0.4909090909090909,0.5192307692307693,53,0.5192307692307693,0.7692307692307693
2500.414707180462,661181.9698146435,0.5046728971962617,0.9245014245014245,0.4909090909090909,0.5192307692307693,53,0.5192307692307693,0.7692307692307693
2500.414707180462,661181.9698146435,0.5046728971962617,0.9245014245014245,0.4909090909090909,0.5192307692307693,53,0.5192307692307693,0.7692307692307693
2500.414707180462,661181.9698146435,0.5046728971962617,0.9245014245014245,0.4909090909090909,0.5192307692307693,53,0.5192307692307693,0.7692307692307693
2500.414707180462,661181.9698146435,0.5046728971962617,0.9245014245014245,0.4909090909090909,0.5192307692307693,53,0.5192307692307693,0.7692307692307693
2500.414707180462,661181.9698146435,0.5046728971962617,0.9245014245014245,0.4909090909090909,0.5192307692307693,53,0.5192307692307693,0.7692307692307693
2500.414707180462,661181.9698146435,0.5046728971962617,0.9245014245014245,0.4909090909090909,0.5192307692307693,53,0.5192307692307693,0.7692307692307693
2500.414707180462,661181.9698146435,0.5046728971962617,0.9245014245014245,0.4909090909090909,0.5192307692307693,53,0.5192307692307693,0.7692307692307693
2500.414707180462,661181.9698146435,0.5046728971962617,0.9245014245014245,0.4909090909090909,0.5192307692307693,53,0.5192307692307693,0.7692307692307693
2500.414707180462,661181.9698146435,0.5046728971962617,0.9245014245014245,0.4909090909090909,0.5192307692307693,53,0.5192307692307693,0.7692307692307693
2500.414707180462,661181.9698146435,0.5046728971962617,0.9245014245014245,0.4909090909090909,0.5192307692307693,53,0.5192307692307693,0.7692307692307693
2500.414707180462,661181.9698146435,0.5046728971962617,0.9245014245014245,0.4909090909090909,0.5192307692307693,53,0.5192307692307693,0.7692307692307693
2500.414707180462,661181.9698146435,0.5046728971962617,0.9245014245014245,0.4909090909090909,0.5192307692307693,53,0.5192307692307693,0.7692307692307693
2500.414707180462,661181.9698146435,0.5046728971962617,0.9245014245014245,0.4909090909090909,0.5192307692307693,53,0.5192307692307693,0.7692307692307693
2500.414707180462,661181.9698146435,0.5046728971962617,0.9245014245014245,0.4909090909090909,0.5192307692307693,53,0.5192307692307693,0.7692307692307693
2500.414707180462,661181.9698146435,0.5046728971962617,0.9245014245014245,0.4909090909090909,0.5192307692307693,53,0.5192307692307693,0.7692307692307693
2500.414707180462,661181.9698146435,0.5046728971962617,0.9245014245014245,0.4909090909090909,0.5192307692307693,53,0.5192307692307693,0.7692307692307693
2500.414707180462,661181.9698146435,0.5046728971962617,0.9245014245014245,0.4909090909090909,0.5192307692307693,53,0.5192307692307693,0.7692307692307693
