BIC - Goal,BIC,F1 Score,Accuracy,Precision,Recall,SHD,SLF,TLF
246788.13302337204,905416.2429045535,0.05000000000000001,0.8376068376068376,0.04411764705882353,0.057692307692307696,114,0.057692307692307696,0.2692307692307692
237671.5326442722,896299.6425254537,0.07272727272727274,0.8547008547008547,0.06896551724137931,0.07692307692307693,102,0.07692307692307693,0.2692307692307692
208551.45899570326,867179.5688768848,0.05357142857142857,0.8490028490028491,0.05,0.057692307692307696,106,0.057692307692307696,0.28846153846153844
194550.05936807406,853178.1692492556,0.07339449541284403,0.8561253561253561,0.07017543859649122,0.07692307692307693,101,0.07692307692307693,0.36538461538461536
186902.4368057407,845530.5466869222,0.07476635514018691,0.8589743589743589,0.07272727272727272,0.07692307692307693,99,0.07692307692307693,0.34615384615384615
178615.53709096997,837243.6469721515,0.07920792079207921,0.8675213675213675,0.08163265306122448,0.07692307692307693,93,0.07692307692307693,0.34615384615384615
167723.09393017285,826351.2038113544,0.07692307692307693,0.8632478632478633,0.07692307692307693,0.07692307692307693,96,0.07692307692307693,0.36538461538461536
154458.67114198825,813086.7810231698,0.07920792079207921,0.8675213675213675,0.08163265306122448,0.07692307692307693,93,0.07692307692307693,0.36538461538461536
150203.65122315823,808831.7611043397,0.0761904761904762,0.8618233618233618,0.07547169811320754,0.07692307692307693,97,0.07692307692307693,0.38461538461538464
144511.26072444255,803139.370605624,0.07766990291262137,0.8646723646723646,0.0784313725490196,0.07692307692307693,95,0.07692307692307693,0.38461538461538464
143195.93982785626,801824.0497090378,0.07920792079207921,0.8675213675213675,0.08163265306122448,0.07692307692307693,93,0.07692307692307693,0.36538461538461536
134841.12833685346,793469.238218035,0.08247422680412371,0.8732193732193733,0.08888888888888889,0.07692307692307693,89,0.07692307692307693,0.36538461538461536
129839.62359544728,788467.7334766288,0.0784313725490196,0.8660968660968661,0.08,0.07692307692307693,94,0.07692307692307693,0.40384615384615385
126928.48662912974,785556.5965103112,0.09708737864077671,0.8675213675213675,0.09803921568627451,0.09615384615384616,93,0.09615384615384616,0.38461538461538464
115927.1310446863,774555.2409258678,0.09900990099009901,0.8703703703703703,0.10204081632653061,0.09615384615384616,91,0.09615384615384616,0.40384615384615385
110150.69904708094,768778.8089282624,0.09615384615384616,0.8660968660968661,0.09615384615384616,0.09615384615384616,94,0.09615384615384616,0.4230769230769231
110088.51407071657,768716.6239518981,0.09433962264150943,0.8632478632478633,0.09259259259259259,0.09615384615384616,96,0.09615384615384616,0.4230769230769231
108006.27323386155,766634.383115043,0.09174311926605505,0.8589743589743589,0.08771929824561403,0.09615384615384616,99,0.09615384615384616,0.46153846153846156
107700.94168849522,766329.0515696767,0.0925925925925926,0.8603988603988604,0.08928571428571429,0.09615384615384616,98,0.09615384615384616,0.4423076923076923
103355.87019299425,761983.9800741757,0.09523809523809523,0.8646723646723646,0.09433962264150944,0.09615384615384616,95,0.09615384615384616,0.4423076923076923
93286.55246099364,751914.6623421751,0.09090909090909093,0.8575498575498576,0.08620689655172414,0.09615384615384616,100,0.09615384615384616,0.4807692307692308
90504.27912622341,749132.3890074049,0.09174311926605505,0.8589743589743589,0.08771929824561403,0.09615384615384616,99,0.09615384615384616,0.4807692307692308
82440.07400422567,741068.1838854072,0.11009174311926606,0.8618233618233618,0.10526315789473684,0.11538461538461539,97,0.11538461538461539,0.5
80530.44752423838,739158.5574054199,0.11320754716981132,0.8660968660968661,0.1111111111111111,0.11538461538461539,94,0.11538461538461539,0.5
79962.977556756,738591.0874379375,0.09615384615384616,0.8660968660968661,0.09615384615384616,0.09615384615384616,94,0.09615384615384616,0.5
79962.977556756,738591.0874379375,0.09615384615384616,0.8660968660968661,0.09615384615384616,0.09615384615384616,94,0.09615384615384616,0.5
70819.17884623597,729447.2887274175,0.11428571428571428,0.8675213675213675,0.11320754716981132,0.11538461538461539,93,0.11538461538461539,0.5
65620.47680870502,724248.5866898865,0.14953271028037382,0.8703703703703703,0.14545454545454545,0.15384615384615385,91,0.15384615384615385,0.5576923076923077
62524.46745881799,721152.5773399995,0.16216216216216217,0.8675213675213675,0.15254237288135594,0.17307692307692307,93,0.17307692307692307,0.5769230769230769
62262.761152580264,720890.8710337618,0.1509433962264151,0.8717948717948718,0.14814814814814814,0.15384615384615385,90,0.15384615384615385,0.5384615384615384
58992.0773233691,717620.1872045506,0.14814814814814817,0.8689458689458689,0.14285714285714285,0.15384615384615385,92,0.15384615384615385,0.5576923076923077
58992.0773233691,717620.1872045506,0.14814814814814817,0.8689458689458689,0.14285714285714285,0.15384615384615385,92,0.15384615384615385,0.5576923076923077
57348.02204333397,715976.1319245155,0.16513761467889906,0.8703703703703703,0.15789473684210525,0.17307692307692307,91,0.17307692307692307,0.5576923076923077
56112.53063566622,714740.6405168477,0.16363636363636364,0.8689458689458689,0.15517241379310345,0.17307692307692307,92,0.17307692307692307,0.5769230769230769
55063.20607952122,713691.3159607027,0.14814814814814817,0.8689458689458689,0.14285714285714285,0.15384615384615385,92,0.15384615384615385,0.5384615384615384
53405.49503927829,712033.6049204598,0.16513761467889906,0.8703703703703703,0.15789473684210525,0.17307692307692307,91,0.17307692307692307,0.5384615384615384
52495.76134384365,711123.8712250252,0.16822429906542058,0.8732193732193733,0.16363636363636364,0.17307692307692307,89,0.17307692307692307,0.5384615384615384
52063.758904182934,710691.8687853644,0.17307692307692307,0.8774928774928775,0.17307692307692307,0.17307692307692307,86,0.17307692307692307,0.5384615384615384
45478.829655012,704106.9395361935,0.1523809523809524,0.8732193732193733,0.1509433962264151,0.15384615384615385,89,0.15384615384615385,0.5384615384615384
41554.5443146833,700182.6541958648,0.17142857142857143,0.8760683760683761,0.16981132075471697,0.17307692307692307,87,0.17307692307692307,0.5576923076923077
40862.73377443687,699490.8436556184,0.16981132075471697,0.8746438746438746,0.16666666666666666,0.17307692307692307,88,0.17307692307692307,0.5576923076923077
39839.26474634372,698467.3746275252,0.1834862385321101,0.8732193732193733,0.17543859649122806,0.19230769230769232,89,0.19230769230769232,0.5769230769230769
36398.27044026181,695026.3803214433,0.1834862385321101,0.8732193732193733,0.17543859649122806,0.19230769230769232,89,0.19230769230769232,0.5961538461538461
35695.87238882575,694323.9822700073,0.18181818181818185,0.8717948717948718,0.1724137931034483,0.19230769230769232,90,0.19230769230769232,0.5961538461538461
34445.96840530983,693074.0782864913,0.2,0.8746438746438746,0.1896551724137931,0.21153846153846154,88,0.21153846153846154,0.5961538461538461
33838.61383956205,692466.7237207436,0.21818181818181817,0.8774928774928775,0.20689655172413793,0.23076923076923078,86,0.23076923076923078,0.6153846153846154
33778.03059721645,692406.140478398,0.22018348623853212,0.8789173789173789,0.21052631578947367,0.23076923076923078,85,0.23076923076923078,0.6153846153846154
33629.504775094334,692257.6146562758,0.21818181818181817,0.8774928774928775,0.20689655172413793,0.23076923076923078,86,0.23076923076923078,0.6153846153846154
33119.44346244028,691747.5533436218,0.21818181818181817,0.8774928774928775,0.20689655172413793,0.23076923076923078,86,0.23076923076923078,0.6153846153846154
32862.59377506422,691490.7036562457,0.21428571428571427,0.8746438746438746,0.2,0.23076923076923078,88,0.23076923076923078,0.6346153846153846
30936.830470358254,689564.9403515398,0.22413793103448276,0.8717948717948718,0.203125,0.25,90,0.25,0.6538461538461539
29427.016010952997,688055.1258921345,0.22807017543859648,0.8746438746438746,0.20967741935483872,0.25,88,0.25,0.6538461538461539
29427.016010952997,688055.1258921345,0.22807017543859648,0.8746438746438746,0.20967741935483872,0.25,88,0.25,0.6538461538461539
29008.564912128728,687636.6747933102,0.22608695652173913,0.8732193732193733,0.20634920634920634,0.25,89,0.25,0.6346153846153846
28272.003066912526,686900.112948094,0.22807017543859648,0.8746438746438746,0.20967741935483872,0.25,88,0.25,0.6346153846153846
28146.249878720497,686774.359759902,0.2300884955752212,0.8760683760683761,0.21311475409836064,0.25,87,0.25,0.6346153846153846
28146.249878720497,686774.359759902,0.2300884955752212,0.8760683760683761,0.21311475409836064,0.25,87,0.25,0.6346153846153846
27675.7345467282,686303.8444279097,0.22608695652173913,0.8732193732193733,0.20634920634920634,0.25,89,0.25,0.6346153846153846
27595.452950002393,686223.5628311839,0.22608695652173913,0.8732193732193733,0.20634920634920634,0.25,89,0.25,0.6346153846153846
27504.595302555594,686132.7051837371,0.22807017543859648,0.8746438746438746,0.20967741935483872,0.25,88,0.25,0.6346153846153846
27454.508981592488,686082.618862774,0.2300884955752212,0.8760683760683761,0.21311475409836064,0.25,87,0.25,0.6346153846153846
27257.968603710528,685886.078484892,0.23423423423423426,0.8789173789173789,0.22033898305084745,0.25,85,0.25,0.6346153846153846
26262.263203471433,684890.3730846529,0.23423423423423426,0.8789173789173789,0.22033898305084745,0.25,85,0.25,0.6153846153846154
25153.083348327316,683781.1932295088,0.23214285714285715,0.8774928774928775,0.21666666666666667,0.25,86,0.25,0.6346153846153846
24882.28777529078,683510.3976564723,0.2300884955752212,0.8760683760683761,0.21311475409836064,0.25,87,0.25,0.6346153846153846
24882.28777529078,683510.3976564723,0.2300884955752212,0.8760683760683761,0.21311475409836064,0.25,87,0.25,0.6346153846153846
24186.33657863317,682814.4464598147,0.2300884955752212,0.8760683760683761,0.21311475409836064,0.25,87,0.25,0.6346153846153846
23407.088595706853,682035.1984768884,0.22413793103448276,0.8717948717948718,0.203125,0.25,90,0.25,0.6346153846153846
22769.421862181975,681397.5317433635,0.22413793103448276,0.8717948717948718,0.203125,0.25,90,0.25,0.6346153846153846
22273.36407912115,680901.4739603027,0.22807017543859648,0.8746438746438746,0.20967741935483872,0.25,88,0.25,0.6346153846153846
20708.374401090085,679336.4842822716,0.22413793103448276,0.8717948717948718,0.203125,0.25,90,0.25,0.6346153846153846
20566.80619282229,679194.9160740038,0.22807017543859648,0.8746438746438746,0.20967741935483872,0.25,88,0.25,0.6346153846153846
20566.80619282229,679194.9160740038,0.22807017543859648,0.8746438746438746,0.20967741935483872,0.25,88,0.25,0.6346153846153846
20566.80619282229,679194.9160740038,0.22807017543859648,0.8746438746438746,0.20967741935483872,0.25,88,0.25,0.6346153846153846
20566.80619282229,679194.9160740038,0.22807017543859648,0.8746438746438746,0.20967741935483872,0.25,88,0.25,0.6346153846153846
20175.13668434939,678803.2465655309,0.22608695652173913,0.8732193732193733,0.20634920634920634,0.25,89,0.25,0.6346153846153846
19629.40331634099,678257.5131975225,0.22807017543859648,0.8746438746438746,0.20967741935483872,0.25,88,0.25,0.6538461538461539
19307.878458136576,677935.9883393181,0.22222222222222224,0.8703703703703703,0.2,0.25,91,0.25,0.6538461538461539
19196.541846274282,677824.6517274558,0.22413793103448276,0.8717948717948718,0.203125,0.25,90,0.25,0.6538461538461539
18660.130485299742,677288.2403664812,0.22608695652173913,0.8732193732193733,0.20634920634920634,0.25,89,0.25,0.6538461538461539
18618.938523705932,677247.0484048874,0.22413793103448276,0.8717948717948718,0.203125,0.25,90,0.25,0.6538461538461539
17198.10977065738,675826.2196518389,0.23140495867768596,0.8675213675213675,0.2028985507246377,0.2692307692307692,93,0.2692307692307692,0.6730769230769231
16876.193473325926,675504.3033545074,0.23728813559322037,0.8717948717948718,0.21212121212121213,0.2692307692307692,90,0.2692307692307692,0.6730769230769231
16269.396998148295,674897.5068793298,0.23728813559322037,0.8717948717948718,0.21212121212121213,0.2692307692307692,90,0.2692307692307692,0.6923076923076923
16269.396998148295,674897.5068793298,0.23728813559322037,0.8717948717948718,0.21212121212121213,0.2692307692307692,90,0.2692307692307692,0.6923076923076923
16269.396998148295,674897.5068793298,0.23728813559322037,0.8717948717948718,0.21212121212121213,0.2692307692307692,90,0.2692307692307692,0.6923076923076923
16207.742209808785,674835.8520909903,0.23728813559322037,0.8717948717948718,0.21212121212121213,0.2692307692307692,90,0.2692307692307692,0.6923076923076923
16207.742209808785,674835.8520909903,0.23728813559322037,0.8717948717948718,0.21212121212121213,0.2692307692307692,90,0.2692307692307692,0.6923076923076923
16207.742209808785,674835.8520909903,0.23728813559322037,0.8717948717948718,0.21212121212121213,0.2692307692307692,90,0.2692307692307692,0.6923076923076923
16207.742209808785,674835.8520909903,0.23728813559322037,0.8717948717948718,0.21212121212121213,0.2692307692307692,90,0.2692307692307692,0.6923076923076923
15454.478671159712,674082.5885523412,0.25423728813559315,0.8746438746438746,0.22727272727272727,0.28846153846153844,88,0.28846153846153844,0.6923076923076923
15203.133293070015,673831.2431742515,0.25423728813559315,0.8746438746438746,0.22727272727272727,0.28846153846153844,88,0.28846153846153844,0.6923076923076923
15081.882296823664,673709.9921780052,0.25641025641025644,0.8760683760683761,0.23076923076923078,0.28846153846153844,87,0.28846153846153844,0.6923076923076923
15064.106227944023,673692.2161091255,0.25423728813559315,0.8746438746438746,0.22727272727272727,0.28846153846153844,88,0.28846153846153844,0.6923076923076923
15064.106227944023,673692.2161091255,0.25423728813559315,0.8746438746438746,0.22727272727272727,0.28846153846153844,88,0.28846153846153844,0.6923076923076923
12857.705707424553,671485.815588606,0.25862068965517243,0.8774928774928775,0.234375,0.28846153846153844,86,0.28846153846153844,0.6923076923076923
12363.258330204058,670991.3682113856,0.2782608695652174,0.8817663817663818,0.25396825396825395,0.3076923076923077,83,0.3076923076923077,0.6923076923076923
12363.258330204058,670991.3682113856,0.2782608695652174,0.8817663817663818,0.25396825396825395,0.3076923076923077,83,0.3076923076923077,0.6923076923076923
12028.51423984021,670656.6241210217,0.2807017543859649,0.8831908831908832,0.25806451612903225,0.3076923076923077,82,0.3076923076923077,0.6923076923076923
12028.51423984021,670656.6241210217,0.2807017543859649,0.8831908831908832,0.25806451612903225,0.3076923076923077,82,0.3076923076923077,0.6923076923076923
12028.51423984021,670656.6241210217,0.2807017543859649,0.8831908831908832,0.25806451612903225,0.3076923076923077,82,0.3076923076923077,0.6923076923076923
12028.51423984021,670656.6241210217,0.2807017543859649,0.8831908831908832,0.25806451612903225,0.3076923076923077,82,0.3076923076923077,0.6923076923076923
10577.723718176945,669205.8335993584,0.2807017543859649,0.8831908831908832,0.25806451612903225,0.3076923076923077,82,0.3076923076923077,0.6923076923076923
10514.328696685145,669142.4385778666,0.28571428571428575,0.886039886039886,0.26666666666666666,0.3076923076923077,80,0.3076923076923077,0.6923076923076923
10514.328696685145,669142.4385778666,0.28571428571428575,0.886039886039886,0.26666666666666666,0.3076923076923077,80,0.3076923076923077,0.6923076923076923
10206.412716106395,668834.5225972879,0.28571428571428575,0.886039886039886,0.26666666666666666,0.3076923076923077,80,0.3076923076923077,0.6923076923076923
10059.541301445919,668687.6511826274,0.29090909090909095,0.8888888888888888,0.27586206896551724,0.3076923076923077,78,0.3076923076923077,0.6923076923076923
10059.541301445919,668687.6511826274,0.29090909090909095,0.8888888888888888,0.27586206896551724,0.3076923076923077,78,0.3076923076923077,0.6923076923076923
10059.541301445919,668687.6511826274,0.29090909090909095,0.8888888888888888,0.27586206896551724,0.3076923076923077,78,0.3076923076923077,0.6923076923076923
10059.541301445919,668687.6511826274,0.29090909090909095,0.8888888888888888,0.27586206896551724,0.3076923076923077,78,0.3076923076923077,0.6923076923076923
10059.541301445919,668687.6511826274,0.29090909090909095,0.8888888888888888,0.27586206896551724,0.3076923076923077,78,0.3076923076923077,0.6923076923076923
10059.541301445919,668687.6511826274,0.29090909090909095,0.8888888888888888,0.27586206896551724,0.3076923076923077,78,0.3076923076923077,0.6923076923076923
10059.541301445919,668687.6511826274,0.29090909090909095,0.8888888888888888,0.27586206896551724,0.3076923076923077,78,0.3076923076923077,0.6923076923076923
10059.541301445919,668687.6511826274,0.29090909090909095,0.8888888888888888,0.27586206896551724,0.3076923076923077,78,0.3076923076923077,0.6923076923076923
10059.541301445919,668687.6511826274,0.29090909090909095,0.8888888888888888,0.27586206896551724,0.3076923076923077,78,0.3076923076923077,0.6923076923076923
9900.525225044345,668528.6351062258,0.29090909090909095,0.8888888888888888,0.27586206896551724,0.3076923076923077,78,0.3076923076923077,0.6923076923076923
9733.781547110877,668361.8914282924,0.29629629629629634,0.8917378917378918,0.2857142857142857,0.3076923076923077,76,0.3076923076923077,0.6923076923076923
9733.781547110877,668361.8914282924,0.29629629629629634,0.8917378917378918,0.2857142857142857,0.3076923076923077,76,0.3076923076923077,0.6923076923076923
9601.506115602795,668229.6159967843,0.2882882882882883,0.8874643874643875,0.2711864406779661,0.3076923076923077,79,0.3076923076923077,0.6923076923076923
9461.686533722328,668089.7964149038,0.2935779816513761,0.8903133903133903,0.2807017543859649,0.3076923076923077,77,0.3076923076923077,0.6923076923076923
9346.408755102893,667974.5186362844,0.29906542056074764,0.8931623931623932,0.2909090909090909,0.3076923076923077,75,0.3076923076923077,0.6923076923076923
9263.52951598016,667891.6393971617,0.2935779816513761,0.8903133903133903,0.2807017543859649,0.3076923076923077,77,0.3076923076923077,0.7115384615384616
9263.52951598016,667891.6393971617,0.2935779816513761,0.8903133903133903,0.2807017543859649,0.3076923076923077,77,0.3076923076923077,0.7115384615384616
9263.52951598016,667891.6393971617,0.2935779816513761,0.8903133903133903,0.2807017543859649,0.3076923076923077,77,0.3076923076923077,0.7115384615384616
9263.52951598016,667891.6393971617,0.2935779816513761,0.8903133903133903,0.2807017543859649,0.3076923076923077,77,0.3076923076923077,0.7115384615384616
9263.52951598016,667891.6393971617,0.2935779816513761,0.8903133903133903,0.2807017543859649,0.3076923076923077,77,0.3076923076923077,0.7115384615384616
9263.52951598016,667891.6393971617,0.2935779816513761,0.8903133903133903,0.2807017543859649,0.3076923076923077,77,0.3076923076923077,0.7115384615384616
9263.52951598016,667891.6393971617,0.2935779816513761,0.8903133903133903,0.2807017543859649,0.3076923076923077,77,0.3076923076923077,0.7115384615384616
9263.52951598016,667891.6393971617,0.2935779816513761,0.8903133903133903,0.2807017543859649,0.3076923076923077,77,0.3076923076923077,0.7115384615384616
9082.208447847283,667710.3183290288,0.3119266055045871,0.8931623931623932,0.2982456140350877,0.3269230769230769,75,0.3269230769230769,0.7115384615384616
9082.208447847283,667710.3183290288,0.3119266055045871,0.8931623931623932,0.2982456140350877,0.3269230769230769,75,0.3269230769230769,0.7115384615384616
9082.208447847283,667710.3183290288,0.3119266055045871,0.8931623931623932,0.2982456140350877,0.3269230769230769,75,0.3269230769230769,0.7115384615384616
9082.208447847283,667710.3183290288,0.3119266055045871,0.8931623931623932,0.2982456140350877,0.3269230769230769,75,0.3269230769230769,0.7115384615384616
8962.267989249667,667590.3778704312,0.3148148148148148,0.8945868945868946,0.30357142857142855,0.3269230769230769,74,0.3269230769230769,0.6923076923076923
8962.267989249667,667590.3778704312,0.3148148148148148,0.8945868945868946,0.30357142857142855,0.3269230769230769,74,0.3269230769230769,0.6923076923076923
8962.267989249667,667590.3778704312,0.3148148148148148,0.8945868945868946,0.30357142857142855,0.3269230769230769,74,0.3269230769230769,0.6923076923076923
8949.588719727239,667577.6986009087,0.3148148148148148,0.8945868945868946,0.30357142857142855,0.3269230769230769,74,0.3269230769230769,0.6923076923076923
8949.588719727239,667577.6986009087,0.3148148148148148,0.8945868945868946,0.30357142857142855,0.3269230769230769,74,0.3269230769230769,0.6923076923076923
8899.039795638295,667527.1496768198,0.31775700934579443,0.896011396011396,0.3090909090909091,0.3269230769230769,73,0.3269230769230769,0.6923076923076923
8886.360526115866,667514.4704072974,0.31775700934579443,0.896011396011396,0.3090909090909091,0.3269230769230769,73,0.3269230769230769,0.6923076923076923
8886.360526115866,667514.4704072974,0.31775700934579443,0.896011396011396,0.3090909090909091,0.3269230769230769,73,0.3269230769230769,0.6923076923076923
8886.360526115866,667514.4704072974,0.31775700934579443,0.896011396011396,0.3090909090909091,0.3269230769230769,73,0.3269230769230769,0.6923076923076923
8886.360526115866,667514.4704072974,0.31775700934579443,0.896011396011396,0.3090909090909091,0.3269230769230769,73,0.3269230769230769,0.6923076923076923
8886.360526115866,667514.4704072974,0.31775700934579443,0.896011396011396,0.3090909090909091,0.3269230769230769,73,0.3269230769230769,0.6923076923076923
8886.360526115866,667514.4704072974,0.31775700934579443,0.896011396011396,0.3090909090909091,0.3269230769230769,73,0.3269230769230769,0.6923076923076923
8886.360526115866,667514.4704072974,0.31775700934579443,0.896011396011396,0.3090909090909091,0.3269230769230769,73,0.3269230769230769,0.6923076923076923
8886.360526115866,667514.4704072974,0.31775700934579443,0.896011396011396,0.3090909090909091,0.3269230769230769,73,0.3269230769230769,0.6923076923076923
8886.360526115866,667514.4704072974,0.31775700934579443,0.896011396011396,0.3090909090909091,0.3269230769230769,73,0.3269230769230769,0.6923076923076923
8886.360526115866,667514.4704072974,0.31775700934579443,0.896011396011396,0.3090909090909091,0.3269230769230769,73,0.3269230769230769,0.6923076923076923
8886.360526115866,667514.4704072974,0.31775700934579443,0.896011396011396,0.3090909090909091,0.3269230769230769,73,0.3269230769230769,0.6923076923076923
8886.360526115866,667514.4704072974,0.31775700934579443,0.896011396011396,0.3090909090909091,0.3269230769230769,73,0.3269230769230769,0.6923076923076923
8886.360526115866,667514.4704072974,0.31775700934579443,0.896011396011396,0.3090909090909091,0.3269230769230769,73,0.3269230769230769,0.6923076923076923
8886.360526115866,667514.4704072974,0.31775700934579443,0.896011396011396,0.3090909090909091,0.3269230769230769,73,0.3269230769230769,0.6923076923076923
8886.360526115866,667514.4704072974,0.31775700934579443,0.896011396011396,0.3090909090909091,0.3269230769230769,73,0.3269230769230769,0.6923076923076923
8886.360526115866,667514.4704072974,0.31775700934579443,0.896011396011396,0.3090909090909091,0.3269230769230769,73,0.3269230769230769,0.6923076923076923
8886.360526115866,667514.4704072974,0.31775700934579443,0.896011396011396,0.3090909090909091,0.3269230769230769,73,0.3269230769230769,0.6923076923076923
8886.360526115866,667514.4704072974,0.31775700934579443,0.896011396011396,0.3090909090909091,0.3269230769230769,73,0.3269230769230769,0.6923076923076923
8886.360526115866,667514.4704072974,0.31775700934579443,0.896011396011396,0.3090909090909091,0.3269230769230769,73,0.3269230769230769,0.6923076923076923
8886.360526115866,667514.4704072974,0.31775700934579443,0.896011396011396,0.3090909090909091,0.3269230769230769,73,0.3269230769230769,0.6923076923076923
8874.314852068434,667502.4247332499,0.3333333333333333,0.8974358974358975,0.32142857142857145,0.34615384615384615,72,0.34615384615384615,0.7115384615384616
8874.314852068434,667502.4247332499,0.3333333333333333,0.8974358974358975,0.32142857142857145,0.34615384615384615,72,0.34615384615384615,0.7115384615384616
8874.314852068434,667502.4247332499,0.3333333333333333,0.8974358974358975,0.32142857142857145,0.34615384615384615,72,0.34615384615384615,0.7115384615384616
8874.314852068434,667502.4247332499,0.3333333333333333,0.8974358974358975,0.32142857142857145,0.34615384615384615,72,0.34615384615384615,0.7115384615384616
8874.314852068434,667502.4247332499,0.3333333333333333,0.8974358974358975,0.32142857142857145,0.34615384615384615,72,0.34615384615384615,0.7115384615384616
8874.314852068434,667502.4247332499,0.3333333333333333,0.8974358974358975,0.32142857142857145,0.34615384615384615,72,0.34615384615384615,0.7115384615384616
8874.314852068434,667502.4247332499,0.3333333333333333,0.8974358974358975,0.32142857142857145,0.34615384615384615,72,0.34615384615384615,0.7115384615384616
8874.314852068434,667502.4247332499,0.3333333333333333,0.8974358974358975,0.32142857142857145,0.34615384615384615,72,0.34615384615384615,0.7115384615384616
8874.314852068434,667502.4247332499,0.3333333333333333,0.8974358974358975,0.32142857142857145,0.34615384615384615,72,0.34615384615384615,0.7115384615384616
8874.314852068434,667502.4247332499,0.3333333333333333,0.8974358974358975,0.32142857142857145,0.34615384615384615,72,0.34615384615384615,0.7115384615384616
8874.314852068434,667502.4247332499,0.3333333333333333,0.8974358974358975,0.32142857142857145,0.34615384615384615,72,0.34615384615384615,0.7115384615384616
8874.314852068434,667502.4247332499,0.3333333333333333,0.8974358974358975,0.32142857142857145,0.34615384615384615,72,0.34615384615384615,0.7115384615384616
8874.314852068434,667502.4247332499,0.3333333333333333,0.8974358974358975,0.32142857142857145,0.34615384615384615,72,0.34615384615384615,0.7115384615384616
8874.314852068434,667502.4247332499,0.3333333333333333,0.8974358974358975,0.32142857142857145,0.34615384615384615,72,0.34615384615384615,0.7115384615384616
8874.314852068434,667502.4247332499,0.3333333333333333,0.8974358974358975,0.32142857142857145,0.34615384615384615,72,0.34615384615384615,0.7115384615384616
8874.314852068434,667502.4247332499,0.3333333333333333,0.8974358974358975,0.32142857142857145,0.34615384615384615,72,0.34615384615384615,0.7115384615384616
8874.314852068434,667502.4247332499,0.3333333333333333,0.8974358974358975,0.32142857142857145,0.34615384615384615,72,0.34615384615384615,0.7115384615384616
8874.314852068434,667502.4247332499,0.3333333333333333,0.8974358974358975,0.32142857142857145,0.34615384615384615,72,0.34615384615384615,0.7115384615384616
8874.314852068434,667502.4247332499,0.3333333333333333,0.8974358974358975,0.32142857142857145,0.34615384615384615,72,0.34615384615384615,0.7115384615384616
8874.314852068434,667502.4247332499,0.3333333333333333,0.8974358974358975,0.32142857142857145,0.34615384615384615,72,0.34615384615384615,0.7115384615384616
8874.314852068434,667502.4247332499,0.3333333333333333,0.8974358974358975,0.32142857142857145,0.34615384615384615,72,0.34615384615384615,0.7115384615384616
8874.314852068434,667502.4247332499,0.3333333333333333,0.8974358974358975,0.32142857142857145,0.34615384615384615,72,0.34615384615384615,0.7115384615384616
8874.314852068434,667502.4247332499,0.3333333333333333,0.8974358974358975,0.32142857142857145,0.34615384615384615,72,0.34615384615384615,0.7115384615384616
8874.314852068434,667502.4247332499,0.3333333333333333,0.8974358974358975,0.32142857142857145,0.34615384615384615,72,0.34615384615384615,0.7115384615384616
8874.314852068434,667502.4247332499,0.3333333333333333,0.8974358974358975,0.32142857142857145,0.34615384615384615,72,0.34615384615384615,0.7115384615384616
8874.314852068434,667502.4247332499,0.3333333333333333,0.8974358974358975,0.32142857142857145,0.34615384615384615,72,0.34615384615384615,0.7115384615384616
8874.314852068434,667502.4247332499,0.3333333333333333,0.8974358974358975,0.32142857142857145,0.34615384615384615,72,0.34615384615384615,0.7115384615384616
8874.314852068434,667502.4247332499,0.3333333333333333,0.8974358974358975,0.32142857142857145,0.34615384615384615,72,0.34615384615384615,0.7115384615384616
8874.314852068434,667502.4247332499,0.3333333333333333,0.8974358974358975,0.32142857142857145,0.34615384615384615,72,0.34615384615384615,0.7115384615384616
8874.314852068434,667502.4247332499,0.3333333333333333,0.8974358974358975,0.32142857142857145,0.34615384615384615,72,0.34615384615384615,0.7115384615384616
8874.314852068434,667502.4247332499,0.3333333333333333,0.8974358974358975,0.32142857142857145,0.34615384615384615,72,0.34615384615384615,0.7115384615384616
8874.314852068434,667502.4247332499,0.3333333333333333,0.8974358974358975,0.32142857142857145,0.34615384615384615,72,0.34615384615384615,0.7115384615384616
8874.314852068434,667502.4247332499,0.3333333333333333,0.8974358974358975,0.32142857142857145,0.34615384615384615,72,0.34615384615384615,0.7115384615384616
8874.314852068434,667502.4247332499,0.3333333333333333,0.8974358974358975,0.32142857142857145,0.34615384615384615,72,0.34615384615384615,0.7115384615384616
8874.314852068434,667502.4247332499,0.3333333333333333,0.8974358974358975,0.32142857142857145,0.34615384615384615,72,0.34615384615384615,0.7115384615384616
8874.314852068434,667502.4247332499,0.3333333333333333,0.8974358974358975,0.32142857142857145,0.34615384615384615,72,0.34615384615384615,0.7115384615384616
8874.314852068434,667502.4247332499,0.3333333333333333,0.8974358974358975,0.32142857142857145,0.34615384615384615,72,0.34615384615384615,0.7115384615384616
8874.314852068434,667502.4247332499,0.3333333333333333,0.8974358974358975,0.32142857142857145,0.34615384615384615,72,0.34615384615384615,0.7115384615384616
8874.314852068434,667502.4247332499,0.3333333333333333,0.8974358974358975,0.32142857142857145,0.34615384615384615,72,0.34615384615384615,0.7115384615384616
8726.808819950209,667354.9187011317,0.3148148148148148,0.8945868945868946,0.30357142857142855,0.3269230769230769,74,0.3269230769230769,0.7115384615384616
8726.808819950209,667354.9187011317,0.3148148148148148,0.8945868945868946,0.30357142857142855,0.3269230769230769,74,0.3269230769230769,0.7115384615384616
8726.808819950209,667354.9187011317,0.3148148148148148,0.8945868945868946,0.30357142857142855,0.3269230769230769,74,0.3269230769230769,0.7115384615384616
8726.808819950209,667354.9187011317,0.3148148148148148,0.8945868945868946,0.30357142857142855,0.3269230769230769,74,0.3269230769230769,0.7115384615384616
8726.808819950209,667354.9187011317,0.3148148148148148,0.8945868945868946,0.30357142857142855,0.3269230769230769,74,0.3269230769230769,0.7115384615384616
8726.808819950209,667354.9187011317,0.3148148148148148,0.8945868945868946,0.30357142857142855,0.3269230769230769,74,0.3269230769230769,0.7115384615384616
8726.808819950209,667354.9187011317,0.3148148148148148,0.8945868945868946,0.30357142857142855,0.3269230769230769,74,0.3269230769230769,0.7115384615384616
8726.808819950209,667354.9187011317,0.3148148148148148,0.8945868945868946,0.30357142857142855,0.3269230769230769,74,0.3269230769230769,0.7115384615384616
8726.808819950209,667354.9187011317,0.3148148148148148,0.8945868945868946,0.30357142857142855,0.3269230769230769,74,0.3269230769230769,0.7115384615384616
8726.808819950209,667354.9187011317,0.3148148148148148,0.8945868945868946,0.30357142857142855,0.3269230769230769,74,0.3269230769230769,0.7115384615384616
8726.808819950209,667354.9187011317,0.3148148148148148,0.8945868945868946,0.30357142857142855,0.3269230769230769,74,0.3269230769230769,0.7115384615384616
8726.808819950209,667354.9187011317,0.3148148148148148,0.8945868945868946,0.30357142857142855,0.3269230769230769,74,0.3269230769230769,0.7115384615384616
8726.808819950209,667354.9187011317,0.3148148148148148,0.8945868945868946,0.30357142857142855,0.3269230769230769,74,0.3269230769230769,0.7115384615384616
8726.808819950209,667354.9187011317,0.3148148148148148,0.8945868945868946,0.30357142857142855,0.3269230769230769,74,0.3269230769230769,0.7115384615384616
8726.808819950209,667354.9187011317,0.3148148148148148,0.8945868945868946,0.30357142857142855,0.3269230769230769,74,0.3269230769230769,0.7115384615384616
8726.808819950209,667354.9187011317,0.3148148148148148,0.8945868945868946,0.30357142857142855,0.3269230769230769,74,0.3269230769230769,0.7115384615384616
8726.808819950209,667354.9187011317,0.3148148148148148,0.8945868945868946,0.30357142857142855,0.3269230769230769,74,0.3269230769230769,0.7115384615384616
8726.808819950209,667354.9187011317,0.3148148148148148,0.8945868945868946,0.30357142857142855,0.3269230769230769,74,0.3269230769230769,0.7115384615384616
8726.808819950209,667354.9187011317,0.3148148148148148,0.8945868945868946,0.30357142857142855,0.3269230769230769,74,0.3269230769230769,0.7115384615384616
8726.808819950209,667354.9187011317,0.3148148148148148,0.8945868945868946,0.30357142857142855,0.3269230769230769,74,0.3269230769230769,0.7115384615384616
8726.808819950209,667354.9187011317,0.3148148148148148,0.8945868945868946,0.30357142857142855,0.3269230769230769,74,0.3269230769230769,0.7115384615384616
8726.808819950209,667354.9187011317,0.3148148148148148,0.8945868945868946,0.30357142857142855,0.3269230769230769,74,0.3269230769230769,0.7115384615384616
8726.808819950209,667354.9187011317,0.3148148148148148,0.8945868945868946,0.30357142857142855,0.3269230769230769,74,0.3269230769230769,0.7115384615384616
8670.264212717768,667298.3740938993,0.33027522935779813,0.896011396011396,0.3157894736842105,0.34615384615384615,73,0.34615384615384615,0.7307692307692307
8670.264212717768,667298.3740938993,0.33027522935779813,0.896011396011396,0.3157894736842105,0.34615384615384615,73,0.34615384615384615,0.7307692307692307
8670.264212717768,667298.3740938993,0.33027522935779813,0.896011396011396,0.3157894736842105,0.34615384615384615,73,0.34615384615384615,0.7307692307692307
8670.264212717768,667298.3740938993,0.33027522935779813,0.896011396011396,0.3157894736842105,0.34615384615384615,73,0.34615384615384615,0.7307692307692307
8670.264212717768,667298.3740938993,0.33027522935779813,0.896011396011396,0.3157894736842105,0.34615384615384615,73,0.34615384615384615,0.7307692307692307
8670.264212717768,667298.3740938993,0.33027522935779813,0.896011396011396,0.3157894736842105,0.34615384615384615,73,0.34615384615384615,0.7307692307692307
8670.264212717768,667298.3740938993,0.33027522935779813,0.896011396011396,0.3157894736842105,0.34615384615384615,73,0.34615384615384615,0.7307692307692307
8670.264212717768,667298.3740938993,0.33027522935779813,0.896011396011396,0.3157894736842105,0.34615384615384615,73,0.34615384615384615,0.7307692307692307
8670.264212717768,667298.3740938993,0.33027522935779813,0.896011396011396,0.3157894736842105,0.34615384615384615,73,0.34615384615384615,0.7307692307692307
8670.264212717768,667298.3740938993,0.33027522935779813,0.896011396011396,0.3157894736842105,0.34615384615384615,73,0.34615384615384615,0.7307692307692307
8412.627610552125,667040.7374917336,0.3333333333333333,0.8974358974358975,0.32142857142857145,0.34615384615384615,72,0.34615384615384615,0.7307692307692307
8412.627610552125,667040.7374917336,0.3333333333333333,0.8974358974358975,0.32142857142857145,0.34615384615384615,72,0.34615384615384615,0.7307692307692307
8412.627610552125,667040.7374917336,0.3333333333333333,0.8974358974358975,0.32142857142857145,0.34615384615384615,72,0.34615384615384615,0.7307692307692307
8412.627610552125,667040.7374917336,0.3333333333333333,0.8974358974358975,0.32142857142857145,0.34615384615384615,72,0.34615384615384615,0.7307692307692307
8412.627610552125,667040.7374917336,0.3333333333333333,0.8974358974358975,0.32142857142857145,0.34615384615384615,72,0.34615384615384615,0.7307692307692307
8412.627610552125,667040.7374917336,0.3333333333333333,0.8974358974358975,0.32142857142857145,0.34615384615384615,72,0.34615384615384615,0.7307692307692307
8412.627610552125,667040.7374917336,0.3333333333333333,0.8974358974358975,0.32142857142857145,0.34615384615384615,72,0.34615384615384615,0.7307692307692307
8412.627610552125,667040.7374917336,0.3333333333333333,0.8974358974358975,0.32142857142857145,0.34615384615384615,72,0.34615384615384615,0.7307692307692307
8412.627610552125,667040.7374917336,0.3333333333333333,0.8974358974358975,0.32142857142857145,0.34615384615384615,72,0.34615384615384615,0.7307692307692307
8412.627610552125,667040.7374917336,0.3333333333333333,0.8974358974358975,0.32142857142857145,0.34615384615384615,72,0.34615384615384615,0.7307692307692307
8412.627610552125,667040.7374917336,0.3333333333333333,0.8974358974358975,0.32142857142857145,0.34615384615384615,72,0.34615384615384615,0.7307692307692307
8387.254838175606,667015.3647193571,0.34545454545454546,0.8974358974358975,0.3275862068965517,0.36538461538461536,72,0.36538461538461536,0.75
8306.150636528386,666934.2605177099,0.34862385321100914,0.8988603988603988,0.3333333333333333,0.36538461538461536,71,0.36538461538461536,0.75
8306.150636528386,666934.2605177099,0.34862385321100914,0.8988603988603988,0.3333333333333333,0.36538461538461536,71,0.36538461538461536,0.75
8306.150636528386,666934.2605177099,0.34862385321100914,0.8988603988603988,0.3333333333333333,0.36538461538461536,71,0.36538461538461536,0.75
8306.150636528386,666934.2605177099,0.34862385321100914,0.8988603988603988,0.3333333333333333,0.36538461538461536,71,0.36538461538461536,0.75
8306.150636528386,666934.2605177099,0.34862385321100914,0.8988603988603988,0.3333333333333333,0.36538461538461536,71,0.36538461538461536,0.75
8306.150636528386,666934.2605177099,0.34862385321100914,0.8988603988603988,0.3333333333333333,0.36538461538461536,71,0.36538461538461536,0.75
8306.150636528386,666934.2605177099,0.34862385321100914,0.8988603988603988,0.3333333333333333,0.36538461538461536,71,0.36538461538461536,0.75
8306.150636528386,666934.2605177099,0.34862385321100914,0.8988603988603988,0.3333333333333333,0.36538461538461536,71,0.36538461538461536,0.75
8306.150636528386,666934.2605177099,0.34862385321100914,0.8988603988603988,0.3333333333333333,0.36538461538461536,71,0.36538461538461536,0.75
8306.150636528386,666934.2605177099,0.34862385321100914,0.8988603988603988,0.3333333333333333,0.36538461538461536,71,0.36538461538461536,0.75
8306.150636528386,666934.2605177099,0.34862385321100914,0.8988603988603988,0.3333333333333333,0.36538461538461536,71,0.36538461538461536,0.75
8306.150636528386,666934.2605177099,0.34862385321100914,0.8988603988603988,0.3333333333333333,0.36538461538461536,71,0.36538461538461536,0.75
8019.837725865305,666647.9476070468,0.3518518518518519,0.9002849002849003,0.3392857142857143,0.36538461538461536,70,0.36538461538461536,0.7307692307692307
7860.286019699648,666488.3959008812,0.34862385321100914,0.8988603988603988,0.3333333333333333,0.36538461538461536,71,0.36538461538461536,0.75
7809.017460568226,666437.1273417497,0.3518518518518519,0.9002849002849003,0.3392857142857143,0.36538461538461536,70,0.36538461538461536,0.75
7809.017460568226,666437.1273417497,0.3518518518518519,0.9002849002849003,0.3392857142857143,0.36538461538461536,70,0.36538461538461536,0.75
7809.017460568226,666437.1273417497,0.3518518518518519,0.9002849002849003,0.3392857142857143,0.36538461538461536,70,0.36538461538461536,0.75
7809.017460568226,666437.1273417497,0.3518518518518519,0.9002849002849003,0.3392857142857143,0.36538461538461536,70,0.36538461538461536,0.75
7809.017460568226,666437.1273417497,0.3518518518518519,0.9002849002849003,0.3392857142857143,0.36538461538461536,70,0.36538461538461536,0.75
7809.017460568226,666437.1273417497,0.3518518518518519,0.9002849002849003,0.3392857142857143,0.36538461538461536,70,0.36538461538461536,0.75
7809.017460568226,666437.1273417497,0.3518518518518519,0.9002849002849003,0.3392857142857143,0.36538461538461536,70,0.36538461538461536,0.75
7809.017460568226,666437.1273417497,0.3518518518518519,0.9002849002849003,0.3392857142857143,0.36538461538461536,70,0.36538461538461536,0.75
7809.017460568226,666437.1273417497,0.3518518518518519,0.9002849002849003,0.3392857142857143,0.36538461538461536,70,0.36538461538461536,0.75
7809.017460568226,666437.1273417497,0.3518518518518519,0.9002849002849003,0.3392857142857143,0.36538461538461536,70,0.36538461538461536,0.75
7809.017460568226,666437.1273417497,0.3518518518518519,0.9002849002849003,0.3392857142857143,0.36538461538461536,70,0.36538461538461536,0.75
7809.017460568226,666437.1273417497,0.3518518518518519,0.9002849002849003,0.3392857142857143,0.36538461538461536,70,0.36538461538461536,0.75
7809.017460568226,666437.1273417497,0.3518518518518519,0.9002849002849003,0.3392857142857143,0.36538461538461536,70,0.36538461538461536,0.75
7809.017460568226,666437.1273417497,0.3518518518518519,0.9002849002849003,0.3392857142857143,0.36538461538461536,70,0.36538461538461536,0.75
7809.017460568226,666437.1273417497,0.3518518518518519,0.9002849002849003,0.3392857142857143,0.36538461538461536,70,0.36538461538461536,0.75
7809.017460568226,666437.1273417497,0.3518518518518519,0.9002849002849003,0.3392857142857143,0.36538461538461536,70,0.36538461538461536,0.75
7809.017460568226,666437.1273417497,0.3518518518518519,0.9002849002849003,0.3392857142857143,0.36538461538461536,70,0.36538461538461536,0.75
7809.017460568226,666437.1273417497,0.3518518518518519,0.9002849002849003,0.3392857142857143,0.36538461538461536,70,0.36538461538461536,0.75
7809.0174605681095,666437.1273417496,0.3518518518518519,0.9002849002849003,0.3392857142857143,0.36538461538461536,70,0.36538461538461536,0.75
7809.0174605681095,666437.1273417496,0.3518518518518519,0.9002849002849003,0.3392857142857143,0.36538461538461536,70,0.36538461538461536,0.75
7809.0174605681095,666437.1273417496,0.3518518518518519,0.9002849002849003,0.3392857142857143,0.36538461538461536,70,0.36538461538461536,0.75
7809.0174605681095,666437.1273417496,0.3518518518518519,0.9002849002849003,0.3392857142857143,0.36538461538461536,70,0.36538461538461536,0.75
7809.0174605681095,666437.1273417496,0.3518518518518519,0.9002849002849003,0.3392857142857143,0.36538461538461536,70,0.36538461538461536,0.75
7809.0174605681095,666437.1273417496,0.3518518518518519,0.9002849002849003,0.3392857142857143,0.36538461538461536,70,0.36538461538461536,0.75
7809.0174605681095,666437.1273417496,0.3518518518518519,0.9002849002849003,0.3392857142857143,0.36538461538461536,70,0.36538461538461536,0.75
7809.0174605681095,666437.1273417496,0.3518518518518519,0.9002849002849003,0.3392857142857143,0.36538461538461536,70,0.36538461538461536,0.75
7809.0174605681095,666437.1273417496,0.3518518518518519,0.9002849002849003,0.3392857142857143,0.36538461538461536,70,0.36538461538461536,0.75
7809.0174605681095,666437.1273417496,0.3518518518518519,0.9002849002849003,0.3392857142857143,0.36538461538461536,70,0.36538461538461536,0.75
7809.0174605681095,666437.1273417496,0.3518518518518519,0.9002849002849003,0.3392857142857143,0.36538461538461536,70,0.36538461538461536,0.75
7809.0174605681095,666437.1273417496,0.3518518518518519,0.9002849002849003,0.3392857142857143,0.36538461538461536,70,0.36538461538461536,0.75
7809.0174605681095,666437.1273417496,0.3518518518518519,0.9002849002849003,0.3392857142857143,0.36538461538461536,70,0.36538461538461536,0.75
7809.0174605681095,666437.1273417496,0.3518518518518519,0.9002849002849003,0.3392857142857143,0.36538461538461536,70,0.36538461538461536,0.75
7809.0174605681095,666437.1273417496,0.3518518518518519,0.9002849002849003,0.3392857142857143,0.36538461538461536,70,0.36538461538461536,0.75
7809.0174605681095,666437.1273417496,0.3518518518518519,0.9002849002849003,0.3392857142857143,0.36538461538461536,70,0.36538461538461536,0.75
7809.0174605681095,666437.1273417496,0.3518518518518519,0.9002849002849003,0.3392857142857143,0.36538461538461536,70,0.36538461538461536,0.75
7809.0174605681095,666437.1273417496,0.3518518518518519,0.9002849002849003,0.3392857142857143,0.36538461538461536,70,0.36538461538461536,0.75
7809.0174605681095,666437.1273417496,0.3518518518518519,0.9002849002849003,0.3392857142857143,0.36538461538461536,70,0.36538461538461536,0.75
7809.0174605681095,666437.1273417496,0.3518518518518519,0.9002849002849003,0.3392857142857143,0.36538461538461536,70,0.36538461538461536,0.75
7809.0174605681095,666437.1273417496,0.3518518518518519,0.9002849002849003,0.3392857142857143,0.36538461538461536,70,0.36538461538461536,0.75
7809.0174605681095,666437.1273417496,0.3518518518518519,0.9002849002849003,0.3392857142857143,0.36538461538461536,70,0.36538461538461536,0.75
7809.0174605681095,666437.1273417496,0.3518518518518519,0.9002849002849003,0.3392857142857143,0.36538461538461536,70,0.36538461538461536,0.75
7809.0174605681095,666437.1273417496,0.3518518518518519,0.9002849002849003,0.3392857142857143,0.36538461538461536,70,0.36538461538461536,0.75
7809.0174605681095,666437.1273417496,0.3518518518518519,0.9002849002849003,0.3392857142857143,0.36538461538461536,70,0.36538461538461536,0.75
7809.0174605681095,666437.1273417496,0.3518518518518519,0.9002849002849003,0.3392857142857143,0.36538461538461536,70,0.36538461538461536,0.75
7809.0174605681095,666437.1273417496,0.3518518518518519,0.9002849002849003,0.3392857142857143,0.36538461538461536,70,0.36538461538461536,0.75
7809.0174605681095,666437.1273417496,0.3518518518518519,0.9002849002849003,0.3392857142857143,0.36538461538461536,70,0.36538461538461536,0.75
7809.0174605681095,666437.1273417496,0.3518518518518519,0.9002849002849003,0.3392857142857143,0.36538461538461536,70,0.36538461538461536,0.75
7809.0174605681095,666437.1273417496,0.3518518518518519,0.9002849002849003,0.3392857142857143,0.36538461538461536,70,0.36538461538461536,0.75
7809.0174605681095,666437.1273417496,0.3518518518518519,0.9002849002849003,0.3392857142857143,0.36538461538461536,70,0.36538461538461536,0.75
7809.0174605681095,666437.1273417496,0.3518518518518519,0.9002849002849003,0.3392857142857143,0.36538461538461536,70,0.36538461538461536,0.75
7809.0174605681095,666437.1273417496,0.3518518518518519,0.9002849002849003,0.3392857142857143,0.36538461538461536,70,0.36538461538461536,0.75
7809.0174605681095,666437.1273417496,0.3518518518518519,0.9002849002849003,0.3392857142857143,0.36538461538461536,70,0.36538461538461536,0.75
7809.0174605681095,666437.1273417496,0.3518518518518519,0.9002849002849003,0.3392857142857143,0.36538461538461536,70,0.36538461538461536,0.75
7809.0174605681095,666437.1273417496,0.3518518518518519,0.9002849002849003,0.3392857142857143,0.36538461538461536,70,0.36538461538461536,0.75
7809.0174605681095,666437.1273417496,0.3518518518518519,0.9002849002849003,0.3392857142857143,0.36538461538461536,70,0.36538461538461536,0.75
7809.0174605681095,666437.1273417496,0.3518518518518519,0.9002849002849003,0.3392857142857143,0.36538461538461536,70,0.36538461538461536,0.75
7809.0174605681095,666437.1273417496,0.3518518518518519,0.9002849002849003,0.3392857142857143,0.36538461538461536,70,0.36538461538461536,0.75
7809.0174605681095,666437.1273417496,0.3518518518518519,0.9002849002849003,0.3392857142857143,0.36538461538461536,70,0.36538461538461536,0.75
7809.0174605681095,666437.1273417496,0.3518518518518519,0.9002849002849003,0.3392857142857143,0.36538461538461536,70,0.36538461538461536,0.75
7809.0174605681095,666437.1273417496,0.3518518518518519,0.9002849002849003,0.3392857142857143,0.36538461538461536,70,0.36538461538461536,0.75
7809.0174605681095,666437.1273417496,0.3518518518518519,0.9002849002849003,0.3392857142857143,0.36538461538461536,70,0.36538461538461536,0.75
7809.0174605681095,666437.1273417496,0.3518518518518519,0.9002849002849003,0.3392857142857143,0.36538461538461536,70,0.36538461538461536,0.75
7809.0174605681095,666437.1273417496,0.3518518518518519,0.9002849002849003,0.3392857142857143,0.36538461538461536,70,0.36538461538461536,0.75
7809.0174605681095,666437.1273417496,0.3518518518518519,0.9002849002849003,0.3392857142857143,0.36538461538461536,70,0.36538461538461536,0.75
7809.0174605681095,666437.1273417496,0.3518518518518519,0.9002849002849003,0.3392857142857143,0.36538461538461536,70,0.36538461538461536,0.75
7809.0174605681095,666437.1273417496,0.3518518518518519,0.9002849002849003,0.3392857142857143,0.36538461538461536,70,0.36538461538461536,0.75
7809.0174605681095,666437.1273417496,0.3518518518518519,0.9002849002849003,0.3392857142857143,0.36538461538461536,70,0.36538461538461536,0.75
7809.0174605681095,666437.1273417496,0.3518518518518519,0.9002849002849003,0.3392857142857143,0.36538461538461536,70,0.36538461538461536,0.75
7809.0174605681095,666437.1273417496,0.3518518518518519,0.9002849002849003,0.3392857142857143,0.36538461538461536,70,0.36538461538461536,0.75
7809.0174605681095,666437.1273417496,0.3518518518518519,0.9002849002849003,0.3392857142857143,0.36538461538461536,70,0.36538461538461536,0.75
7809.0174605681095,666437.1273417496,0.3518518518518519,0.9002849002849003,0.3392857142857143,0.36538461538461536,70,0.36538461538461536,0.75
7809.0174605681095,666437.1273417496,0.3518518518518519,0.9002849002849003,0.3392857142857143,0.36538461538461536,70,0.36538461538461536,0.75
7809.0174605681095,666437.1273417496,0.3518518518518519,0.9002849002849003,0.3392857142857143,0.36538461538461536,70,0.36538461538461536,0.75
7809.0174605681095,666437.1273417496,0.3518518518518519,0.9002849002849003,0.3392857142857143,0.36538461538461536,70,0.36538461538461536,0.75
7809.0174605681095,666437.1273417496,0.3518518518518519,0.9002849002849003,0.3392857142857143,0.36538461538461536,70,0.36538461538461536,0.75
7809.0174605681095,666437.1273417496,0.3518518518518519,0.9002849002849003,0.3392857142857143,0.36538461538461536,70,0.36538461538461536,0.75
7809.0174605681095,666437.1273417496,0.3518518518518519,0.9002849002849003,0.3392857142857143,0.36538461538461536,70,0.36538461538461536,0.75
7809.0174605681095,666437.1273417496,0.3518518518518519,0.9002849002849003,0.3392857142857143,0.36538461538461536,70,0.36538461538461536,0.75
7809.0174605681095,666437.1273417496,0.3518518518518519,0.9002849002849003,0.3392857142857143,0.36538461538461536,70,0.36538461538461536,0.75
7809.0174605681095,666437.1273417496,0.3518518518518519,0.9002849002849003,0.3392857142857143,0.36538461538461536,70,0.36538461538461536,0.75
7809.0174605681095,666437.1273417496,0.3518518518518519,0.9002849002849003,0.3392857142857143,0.36538461538461536,70,0.36538461538461536,0.75
7809.0174605681095,666437.1273417496,0.3518518518518519,0.9002849002849003,0.3392857142857143,0.36538461538461536,70,0.36538461538461536,0.75
7809.0174605681095,666437.1273417496,0.3518518518518519,0.9002849002849003,0.3392857142857143,0.36538461538461536,70,0.36538461538461536,0.75
7809.0174605681095,666437.1273417496,0.3518518518518519,0.9002849002849003,0.3392857142857143,0.36538461538461536,70,0.36538461538461536,0.75
7809.0174605681095,666437.1273417496,0.3518518518518519,0.9002849002849003,0.3392857142857143,0.36538461538461536,70,0.36538461538461536,0.75
7809.0174605681095,666437.1273417496,0.3518518518518519,0.9002849002849003,0.3392857142857143,0.36538461538461536,70,0.36538461538461536,0.75
7809.0174605681095,666437.1273417496,0.3518518518518519,0.9002849002849003,0.3392857142857143,0.36538461538461536,70,0.36538461538461536,0.75
7809.0174605681095,666437.1273417496,0.3518518518518519,0.9002849002849003,0.3392857142857143,0.36538461538461536,70,0.36538461538461536,0.75
7809.0174605681095,666437.1273417496,0.3518518518518519,0.9002849002849003,0.3392857142857143,0.36538461538461536,70,0.36538461538461536,0.75
7809.0174605681095,666437.1273417496,0.3518518518518519,0.9002849002849003,0.3392857142857143,0.36538461538461536,70,0.36538461538461536,0.75
7809.0174605681095,666437.1273417496,0.3518518518518519,0.9002849002849003,0.3392857142857143,0.36538461538461536,70,0.36538461538461536,0.75
7809.0174605681095,666437.1273417496,0.3518518518518519,0.9002849002849003,0.3392857142857143,0.36538461538461536,70,0.36538461538461536,0.75
7809.0174605681095,666437.1273417496,0.3518518518518519,0.9002849002849003,0.3392857142857143,0.36538461538461536,70,0.36538461538461536,0.75
7809.0174605681095,666437.1273417496,0.3518518518518519,0.9002849002849003,0.3392857142857143,0.36538461538461536,70,0.36538461538461536,0.75
7809.0174605681095,666437.1273417496,0.3518518518518519,0.9002849002849003,0.3392857142857143,0.36538461538461536,70,0.36538461538461536,0.75
7809.0174605681095,666437.1273417496,0.3518518518518519,0.9002849002849003,0.3392857142857143,0.36538461538461536,70,0.36538461538461536,0.75
7809.0174605681095,666437.1273417496,0.3518518518518519,0.9002849002849003,0.3392857142857143,0.36538461538461536,70,0.36538461538461536,0.75
7809.0174605681095,666437.1273417496,0.3518518518518519,0.9002849002849003,0.3392857142857143,0.36538461538461536,70,0.36538461538461536,0.75
7809.0174605681095,666437.1273417496,0.3518518518518519,0.9002849002849003,0.3392857142857143,0.36538461538461536,70,0.36538461538461536,0.75
7809.0174605681095,666437.1273417496,0.3518518518518519,0.9002849002849003,0.3392857142857143,0.36538461538461536,70,0.36538461538461536,0.75
7809.0174605681095,666437.1273417496,0.3518518518518519,0.9002849002849003,0.3392857142857143,0.36538461538461536,70,0.36538461538461536,0.75
7809.0174605681095,666437.1273417496,0.3518518518518519,0.9002849002849003,0.3392857142857143,0.36538461538461536,70,0.36538461538461536,0.75
7809.0174605681095,666437.1273417496,0.3518518518518519,0.9002849002849003,0.3392857142857143,0.36538461538461536,70,0.36538461538461536,0.75
7809.0174605681095,666437.1273417496,0.3518518518518519,0.9002849002849003,0.3392857142857143,0.36538461538461536,70,0.36538461538461536,0.75
7809.0174605681095,666437.1273417496,0.3518518518518519,0.9002849002849003,0.3392857142857143,0.36538461538461536,70,0.36538461538461536,0.75
7809.0174605681095,666437.1273417496,0.3518518518518519,0.9002849002849003,0.3392857142857143,0.36538461538461536,70,0.36538461538461536,0.75
7809.0174605681095,666437.1273417496,0.3518518518518519,0.9002849002849003,0.3392857142857143,0.36538461538461536,70,0.36538461538461536,0.75
7809.0174605681095,666437.1273417496,0.3518518518518519,0.9002849002849003,0.3392857142857143,0.36538461538461536,70,0.36538461538461536,0.75
7809.0174605681095,666437.1273417496,0.3518518518518519,0.9002849002849003,0.3392857142857143,0.36538461538461536,70,0.36538461538461536,0.75
7809.0174605681095,666437.1273417496,0.3518518518518519,0.9002849002849003,0.3392857142857143,0.36538461538461536,70,0.36538461538461536,0.75
7809.0174605681095,666437.1273417496,0.3518518518518519,0.9002849002849003,0.3392857142857143,0.36538461538461536,70,0.36538461538461536,0.75
7809.0174605681095,666437.1273417496,0.3518518518518519,0.9002849002849003,0.3392857142857143,0.36538461538461536,70,0.36538461538461536,0.75
7809.0174605681095,666437.1273417496,0.3518518518518519,0.9002849002849003,0.3392857142857143,0.36538461538461536,70,0.36538461538461536,0.75
7809.0174605681095,666437.1273417496,0.3518518518518519,0.9002849002849003,0.3392857142857143,0.36538461538461536,70,0.36538461538461536,0.75
7809.0174605681095,666437.1273417496,0.3518518518518519,0.9002849002849003,0.3392857142857143,0.36538461538461536,70,0.36538461538461536,0.75
7809.0174605681095,666437.1273417496,0.3518518518518519,0.9002849002849003,0.3392857142857143,0.36538461538461536,70,0.36538461538461536,0.75
7809.0174605681095,666437.1273417496,0.3518518518518519,0.9002849002849003,0.3392857142857143,0.36538461538461536,70,0.36538461538461536,0.75
7809.0174605681095,666437.1273417496,0.3518518518518519,0.9002849002849003,0.3392857142857143,0.36538461538461536,70,0.36538461538461536,0.75
7809.0174605681095,666437.1273417496,0.3518518518518519,0.9002849002849003,0.3392857142857143,0.36538461538461536,70,0.36538461538461536,0.75
7809.0174605681095,666437.1273417496,0.3518518518518519,0.9002849002849003,0.3392857142857143,0.36538461538461536,70,0.36538461538461536,0.75
7809.0174605681095,666437.1273417496,0.3518518518518519,0.9002849002849003,0.3392857142857143,0.36538461538461536,70,0.36538461538461536,0.75
7809.0174605681095,666437.1273417496,0.3518518518518519,0.9002849002849003,0.3392857142857143,0.36538461538461536,70,0.36538461538461536,0.75
7809.0174605681095,666437.1273417496,0.3518518518518519,0.9002849002849003,0.3392857142857143,0.36538461538461536,70,0.36538461538461536,0.75
7809.0174605681095,666437.1273417496,0.3518518518518519,0.9002849002849003,0.3392857142857143,0.36538461538461536,70,0.36538461538461536,0.75
7809.0174605681095,666437.1273417496,0.3518518518518519,0.9002849002849003,0.3392857142857143,0.36538461538461536,70,0.36538461538461536,0.75
7809.0174605681095,666437.1273417496,0.3518518518518519,0.9002849002849003,0.3392857142857143,0.36538461538461536,70,0.36538461538461536,0.75
7809.0174605681095,666437.1273417496,0.3518518518518519,0.9002849002849003,0.3392857142857143,0.36538461538461536,70,0.36538461538461536,0.75
7809.0174605681095,666437.1273417496,0.3518518518518519,0.9002849002849003,0.3392857142857143,0.36538461538461536,70,0.36538461538461536,0.75
7809.0174605681095,666437.1273417496,0.3518518518518519,0.9002849002849003,0.3392857142857143,0.36538461538461536,70,0.36538461538461536,0.75
7809.0174605681095,666437.1273417496,0.3518518518518519,0.9002849002849003,0.3392857142857143,0.36538461538461536,70,0.36538461538461536,0.75
7809.0174605681095,666437.1273417496,0.3518518518518519,0.9002849002849003,0.3392857142857143,0.36538461538461536,70,0.36538461538461536,0.75
7809.0174605681095,666437.1273417496,0.3518518518518519,0.9002849002849003,0.3392857142857143,0.36538461538461536,70,0.36538461538461536,0.75
7809.0174605681095,666437.1273417496,0.3518518518518519,0.9002849002849003,0.3392857142857143,0.36538461538461536,70,0.36538461538461536,0.75
7809.0174605681095,666437.1273417496,0.3518518518518519,0.9002849002849003,0.3392857142857143,0.36538461538461536,70,0.36538461538461536,0.75
7809.0174605681095,666437.1273417496,0.3518518518518519,0.9002849002849003,0.3392857142857143,0.36538461538461536,70,0.36538461538461536,0.75
7809.0174605681095,666437.1273417496,0.3518518518518519,0.9002849002849003,0.3392857142857143,0.36538461538461536,70,0.36538461538461536,0.75
7809.0174605681095,666437.1273417496,0.3518518518518519,0.9002849002849003,0.3392857142857143,0.36538461538461536,70,0.36538461538461536,0.75
7809.0174605681095,666437.1273417496,0.3518518518518519,0.9002849002849003,0.3392857142857143,0.36538461538461536,70,0.36538461538461536,0.75
7809.0174605681095,666437.1273417496,0.3518518518518519,0.9002849002849003,0.3392857142857143,0.36538461538461536,70,0.36538461538461536,0.75
7809.0174605681095,666437.1273417496,0.3518518518518519,0.9002849002849003,0.3392857142857143,0.36538461538461536,70,0.36538461538461536,0.75
7809.0174605681095,666437.1273417496,0.3518518518518519,0.9002849002849003,0.3392857142857143,0.36538461538461536,70,0.36538461538461536,0.75
7809.0174605681095,666437.1273417496,0.3518518518518519,0.9002849002849003,0.3392857142857143,0.36538461538461536,70,0.36538461538461536,0.75
7809.0174605681095,666437.1273417496,0.3518518518518519,0.9002849002849003,0.3392857142857143,0.36538461538461536,70,0.36538461538461536,0.75
7809.0174605681095,666437.1273417496,0.3518518518518519,0.9002849002849003,0.3392857142857143,0.36538461538461536,70,0.36538461538461536,0.75
7809.0174605681095,666437.1273417496,0.3518518518518519,0.9002849002849003,0.3392857142857143,0.36538461538461536,70,0.36538461538461536,0.75
7809.0174605681095,666437.1273417496,0.3518518518518519,0.9002849002849003,0.3392857142857143,0.36538461538461536,70,0.36538461538461536,0.75
7809.0174605681095,666437.1273417496,0.3518518518518519,0.9002849002849003,0.3392857142857143,0.36538461538461536,70,0.36538461538461536,0.75
7809.0174605681095,666437.1273417496,0.3518518518518519,0.9002849002849003,0.3392857142857143,0.36538461538461536,70,0.36538461538461536,0.75
7809.0174605681095,666437.1273417496,0.3518518518518519,0.9002849002849003,0.3392857142857143,0.36538461538461536,70,0.36538461538461536,0.75
7809.0174605681095,666437.1273417496,0.3518518518518519,0.9002849002849003,0.3392857142857143,0.36538461538461536,70,0.36538461538461536,0.75
7809.0174605681095,666437.1273417496,0.3518518518518519,0.9002849002849003,0.3392857142857143,0.36538461538461536,70,0.36538461538461536,0.75
7809.0174605681095,666437.1273417496,0.3518518518518519,0.9002849002849003,0.3392857142857143,0.36538461538461536,70,0.36538461538461536,0.75
7809.0174605681095,666437.1273417496,0.3518518518518519,0.9002849002849003,0.3392857142857143,0.36538461538461536,70,0.36538461538461536,0.75
7809.0174605681095,666437.1273417496,0.3518518518518519,0.9002849002849003,0.3392857142857143,0.36538461538461536,70,0.36538461538461536,0.75
7809.0174605681095,666437.1273417496,0.3518518518518519,0.9002849002849003,0.3392857142857143,0.36538461538461536,70,0.36538461538461536,0.75
7809.0174605681095,666437.1273417496,0.3518518518518519,0.9002849002849003,0.3392857142857143,0.36538461538461536,70,0.36538461538461536,0.75
7809.0174605681095,666437.1273417496,0.3518518518518519,0.9002849002849003,0.3392857142857143,0.36538461538461536,70,0.36538461538461536,0.75
7809.0174605681095,666437.1273417496,0.3518518518518519,0.9002849002849003,0.3392857142857143,0.36538461538461536,70,0.36538461538461536,0.75
7809.0174605681095,666437.1273417496,0.3518518518518519,0.9002849002849003,0.3392857142857143,0.36538461538461536,70,0.36538461538461536,0.75
7809.0174605681095,666437.1273417496,0.3518518518518519,0.9002849002849003,0.3392857142857143,0.36538461538461536,70,0.36538461538461536,0.75
7809.0174605681095,666437.1273417496,0.3518518518518519,0.9002849002849003,0.3392857142857143,0.36538461538461536,70,0.36538461538461536,0.75
7809.0174605681095,666437.1273417496,0.3518518518518519,0.9002849002849003,0.3392857142857143,0.36538461538461536,70,0.36538461538461536,0.75
7809.0174605681095,666437.1273417496,0.3518518518518519,0.9002849002849003,0.3392857142857143,0.36538461538461536,70,0.36538461538461536,0.75
7809.0174605681095,666437.1273417496,0.3518518518518519,0.9002849002849003,0.3392857142857143,0.36538461538461536,70,0.36538461538461536,0.75
7809.0174605681095,666437.1273417496,0.3518518518518519,0.9002849002849003,0.3392857142857143,0.36538461538461536,70,0.36538461538461536,0.75
7809.0174605681095,666437.1273417496,0.3518518518518519,0.9002849002849003,0.3392857142857143,0.36538461538461536,70,0.36538461538461536,0.75
7809.0174605681095,666437.1273417496,0.3518518518518519,0.9002849002849003,0.3392857142857143,0.36538461538461536,70,0.36538461538461536,0.75
7809.0174605681095,666437.1273417496,0.3518518518518519,0.9002849002849003,0.3392857142857143,0.36538461538461536,70,0.36538461538461536,0.75
7809.0174605681095,666437.1273417496,0.3518518518518519,0.9002849002849003,0.3392857142857143,0.36538461538461536,70,0.36538461538461536,0.75
7809.0174605681095,666437.1273417496,0.3518518518518519,0.9002849002849003,0.3392857142857143,0.36538461538461536,70,0.36538461538461536,0.75
7809.0174605681095,666437.1273417496,0.3518518518518519,0.9002849002849003,0.3392857142857143,0.36538461538461536,70,0.36538461538461536,0.75
7809.0174605681095,666437.1273417496,0.3518518518518519,0.9002849002849003,0.3392857142857143,0.36538461538461536,70,0.36538461538461536,0.75
7809.0174605681095,666437.1273417496,0.3518518518518519,0.9002849002849003,0.3392857142857143,0.36538461538461536,70,0.36538461538461536,0.75
7809.0174605681095,666437.1273417496,0.3518518518518519,0.9002849002849003,0.3392857142857143,0.36538461538461536,70,0.36538461538461536,0.75
7809.0174605681095,666437.1273417496,0.3518518518518519,0.9002849002849003,0.3392857142857143,0.36538461538461536,70,0.36538461538461536,0.75
7809.0174605681095,666437.1273417496,0.3518518518518519,0.9002849002849003,0.3392857142857143,0.36538461538461536,70,0.36538461538461536,0.75
7809.0174605681095,666437.1273417496,0.3518518518518519,0.9002849002849003,0.3392857142857143,0.36538461538461536,70,0.36538461538461536,0.75
7809.0174605681095,666437.1273417496,0.3518518518518519,0.9002849002849003,0.3392857142857143,0.36538461538461536,70,0.36538461538461536,0.75
7809.0174605681095,666437.1273417496,0.3518518518518519,0.9002849002849003,0.3392857142857143,0.36538461538461536,70,0.36538461538461536,0.75
7809.0174605681095,666437.1273417496,0.3518518518518519,0.9002849002849003,0.3392857142857143,0.36538461538461536,70,0.36538461538461536,0.75
7809.0174605681095,666437.1273417496,0.3518518518518519,0.9002849002849003,0.3392857142857143,0.36538461538461536,70,0.36538461538461536,0.75
7809.0174605681095,666437.1273417496,0.3518518518518519,0.9002849002849003,0.3392857142857143,0.36538461538461536,70,0.36538461538461536,0.75
7809.0174605681095,666437.1273417496,0.3518518518518519,0.9002849002849003,0.3392857142857143,0.36538461538461536,70,0.36538461538461536,0.75
7809.0174605681095,666437.1273417496,0.3518518518518519,0.9002849002849003,0.3392857142857143,0.36538461538461536,70,0.36538461538461536,0.75
7809.0174605681095,666437.1273417496,0.3518518518518519,0.9002849002849003,0.3392857142857143,0.36538461538461536,70,0.36538461538461536,0.75
7809.0174605681095,666437.1273417496,0.3518518518518519,0.9002849002849003,0.3392857142857143,0.36538461538461536,70,0.36538461538461536,0.75
7809.0174605681095,666437.1273417496,0.3518518518518519,0.9002849002849003,0.3392857142857143,0.36538461538461536,70,0.36538461538461536,0.75
7809.0174605681095,666437.1273417496,0.3518518518518519,0.9002849002849003,0.3392857142857143,0.36538461538461536,70,0.36538461538461536,0.75
7809.0174605681095,666437.1273417496,0.3518518518518519,0.9002849002849003,0.3392857142857143,0.36538461538461536,70,0.36538461538461536,0.75
7809.0174605681095,666437.1273417496,0.3518518518518519,0.9002849002849003,0.3392857142857143,0.36538461538461536,70,0.36538461538461536,0.75
7809.0174605681095,666437.1273417496,0.3518518518518519,0.9002849002849003,0.3392857142857143,0.36538461538461536,70,0.36538461538461536,0.75
7809.0174605681095,666437.1273417496,0.3518518518518519,0.9002849002849003,0.3392857142857143,0.36538461538461536,70,0.36538461538461536,0.75
7809.0174605681095,666437.1273417496,0.3518518518518519,0.9002849002849003,0.3392857142857143,0.36538461538461536,70,0.36538461538461536,0.75
7809.0174605681095,666437.1273417496,0.3518518518518519,0.9002849002849003,0.3392857142857143,0.36538461538461536,70,0.36538461538461536,0.75
7809.0174605681095,666437.1273417496,0.3518518518518519,0.9002849002849003,0.3392857142857143,0.36538461538461536,70,0.36538461538461536,0.75
7809.0174605681095,666437.1273417496,0.3518518518518519,0.9002849002849003,0.3392857142857143,0.36538461538461536,70,0.36538461538461536,0.75
7809.0174605681095,666437.1273417496,0.3518518518518519,0.9002849002849003,0.3392857142857143,0.36538461538461536,70,0.36538461538461536,0.75
7809.0174605681095,666437.1273417496,0.3518518518518519,0.9002849002849003,0.3392857142857143,0.36538461538461536,70,0.36538461538461536,0.75
7809.0174605681095,666437.1273417496,0.3518518518518519,0.9002849002849003,0.3392857142857143,0.36538461538461536,70,0.36538461538461536,0.75
7809.0174605681095,666437.1273417496,0.3518518518518519,0.9002849002849003,0.3392857142857143,0.36538461538461536,70,0.36538461538461536,0.75
7809.0174605681095,666437.1273417496,0.3518518518518519,0.9002849002849003,0.3392857142857143,0.36538461538461536,70,0.36538461538461536,0.75
7809.0174605681095,666437.1273417496,0.3518518518518519,0.9002849002849003,0.3392857142857143,0.36538461538461536,70,0.36538461538461536,0.75
7809.0174605681095,666437.1273417496,0.3518518518518519,0.9002849002849003,0.3392857142857143,0.36538461538461536,70,0.36538461538461536,0.75
7809.0174605681095,666437.1273417496,0.3518518518518519,0.9002849002849003,0.3392857142857143,0.36538461538461536,70,0.36538461538461536,0.75
7809.0174605681095,666437.1273417496,0.3518518518518519,0.9002849002849003,0.3392857142857143,0.36538461538461536,70,0.36538461538461536,0.75
7809.0174605681095,666437.1273417496,0.3518518518518519,0.9002849002849003,0.3392857142857143,0.36538461538461536,70,0.36538461538461536,0.75
7809.0174605681095,666437.1273417496,0.3518518518518519,0.9002849002849003,0.3392857142857143,0.36538461538461536,70,0.36538461538461536,0.75
7809.0174605681095,666437.1273417496,0.3518518518518519,0.9002849002849003,0.3392857142857143,0.36538461538461536,70,0.36538461538461536,0.75
7809.0174605681095,666437.1273417496,0.3518518518518519,0.9002849002849003,0.3392857142857143,0.36538461538461536,70,0.36538461538461536,0.75
7809.0174605681095,666437.1273417496,0.3518518518518519,0.9002849002849003,0.3392857142857143,0.36538461538461536,70,0.36538461538461536,0.75
7809.0174605681095,666437.1273417496,0.3518518518518519,0.9002849002849003,0.3392857142857143,0.36538461538461536,70,0.36538461538461536,0.75
7809.0174605681095,666437.1273417496,0.3518518518518519,0.9002849002849003,0.3392857142857143,0.36538461538461536,70,0.36538461538461536,0.75
7809.0174605681095,666437.1273417496,0.3518518518518519,0.9002849002849003,0.3392857142857143,0.36538461538461536,70,0.36538461538461536,0.75
7809.0174605681095,666437.1273417496,0.3518518518518519,0.9002849002849003,0.3392857142857143,0.36538461538461536,70,0.36538461538461536,0.75
7809.0174605681095,666437.1273417496,0.3518518518518519,0.9002849002849003,0.3392857142857143,0.36538461538461536,70,0.36538461538461536,0.75
7809.0174605681095,666437.1273417496,0.3518518518518519,0.9002849002849003,0.3392857142857143,0.36538461538461536,70,0.36538461538461536,0.75
7809.0174605681095,666437.1273417496,0.3518518518518519,0.9002849002849003,0.3392857142857143,0.36538461538461536,70,0.36538461538461536,0.75
7809.0174605681095,666437.1273417496,0.3518518518518519,0.9002849002849003,0.3392857142857143,0.36538461538461536,70,0.36538461538461536,0.75
7809.0174605681095,666437.1273417496,0.3518518518518519,0.9002849002849003,0.3392857142857143,0.36538461538461536,70,0.36538461538461536,0.75
7809.0174605681095,666437.1273417496,0.3518518518518519,0.9002849002849003,0.3392857142857143,0.36538461538461536,70,0.36538461538461536,0.75
7809.0174605681095,666437.1273417496,0.3518518518518519,0.9002849002849003,0.3392857142857143,0.36538461538461536,70,0.36538461538461536,0.75
7809.0174605681095,666437.1273417496,0.3518518518518519,0.9002849002849003,0.3392857142857143,0.36538461538461536,70,0.36538461538461536,0.75
7809.0174605681095,666437.1273417496,0.3518518518518519,0.9002849002849003,0.3392857142857143,0.36538461538461536,70,0.36538461538461536,0.75
7809.0174605681095,666437.1273417496,0.3518518518518519,0.9002849002849003,0.3392857142857143,0.36538461538461536,70,0.36538461538461536,0.75
7809.0174605681095,666437.1273417496,0.3518518518518519,0.9002849002849003,0.3392857142857143,0.36538461538461536,70,0.36538461538461536,0.75
7809.0174605681095,666437.1273417496,0.3518518518518519,0.9002849002849003,0.3392857142857143,0.36538461538461536,70,0.36538461538461536,0.75
7809.0174605681095,666437.1273417496,0.3518518518518519,0.9002849002849003,0.3392857142857143,0.36538461538461536,70,0.36538461538461536,0.75
7809.0174605681095,666437.1273417496,0.3518518518518519,0.9002849002849003,0.3392857142857143,0.36538461538461536,70,0.36538461538461536,0.75
7809.0174605681095,666437.1273417496,0.3518518518518519,0.9002849002849003,0.3392857142857143,0.36538461538461536,70,0.36538461538461536,0.75
7809.0174605681095,666437.1273417496,0.3518518518518519,0.9002849002849003,0.3392857142857143,0.36538461538461536,70,0.36538461538461536,0.75
7809.0174605681095,666437.1273417496,0.3518518518518519,0.9002849002849003,0.3392857142857143,0.36538461538461536,70,0.36538461538461536,0.75
7809.0174605681095,666437.1273417496,0.3518518518518519,0.9002849002849003,0.3392857142857143,0.36538461538461536,70,0.36538461538461536,0.75
7809.0174605681095,666437.1273417496,0.3518518518518519,0.9002849002849003,0.3392857142857143,0.36538461538461536,70,0.36538461538461536,0.75
7809.0174605681095,666437.1273417496,0.3518518518518519,0.9002849002849003,0.3392857142857143,0.36538461538461536,70,0.36538461538461536,0.75
7809.0174605681095,666437.1273417496,0.3518518518518519,0.9002849002849003,0.3392857142857143,0.36538461538461536,70,0.36538461538461536,0.75
7809.0174605681095,666437.1273417496,0.3518518518518519,0.9002849002849003,0.3392857142857143,0.36538461538461536,70,0.36538461538461536,0.75
7809.0174605681095,666437.1273417496,0.3518518518518519,0.9002849002849003,0.3392857142857143,0.36538461538461536,70,0.36538461538461536,0.75
7809.0174605681095,666437.1273417496,0.3518518518518519,0.9002849002849003,0.3392857142857143,0.36538461538461536,70,0.36538461538461536,0.75
7809.0174605681095,666437.1273417496,0.3518518518518519,0.9002849002849003,0.3392857142857143,0.36538461538461536,70,0.36538461538461536,0.75
7809.0174605681095,666437.1273417496,0.3518518518518519,0.9002849002849003,0.3392857142857143,0.36538461538461536,70,0.36538461538461536,0.75
7809.0174605681095,666437.1273417496,0.3518518518518519,0.9002849002849003,0.3392857142857143,0.36538461538461536,70,0.36538461538461536,0.75
7809.0174605681095,666437.1273417496,0.3518518518518519,0.9002849002849003,0.3392857142857143,0.36538461538461536,70,0.36538461538461536,0.75
7809.0174605681095,666437.1273417496,0.3518518518518519,0.9002849002849003,0.3392857142857143,0.36538461538461536,70,0.36538461538461536,0.75
7809.0174605681095,666437.1273417496,0.3518518518518519,0.9002849002849003,0.3392857142857143,0.36538461538461536,70,0.36538461538461536,0.75
7809.0174605681095,666437.1273417496,0.3518518518518519,0.9002849002849003,0.3392857142857143,0.36538461538461536,70,0.36538461538461536,0.75
7809.0174605681095,666437.1273417496,0.3518518518518519,0.9002849002849003,0.3392857142857143,0.36538461538461536,70,0.36538461538461536,0.75
7809.0174605681095,666437.1273417496,0.3518518518518519,0.9002849002849003,0.3392857142857143,0.36538461538461536,70,0.36538461538461536,0.75
7809.0174605681095,666437.1273417496,0.3518518518518519,0.9002849002849003,0.3392857142857143,0.36538461538461536,70,0.36538461538461536,0.75
7809.0174605681095,666437.1273417496,0.3518518518518519,0.9002849002849003,0.3392857142857143,0.36538461538461536,70,0.36538461538461536,0.75
7809.0174605681095,666437.1273417496,0.3518518518518519,0.9002849002849003,0.3392857142857143,0.36538461538461536,70,0.36538461538461536,0.75
7809.0174605681095,666437.1273417496,0.3518518518518519,0.9002849002849003,0.3392857142857143,0.36538461538461536,70,0.36538461538461536,0.75
7809.0174605681095,666437.1273417496,0.3518518518518519,0.9002849002849003,0.3392857142857143,0.36538461538461536,70,0.36538461538461536,0.75
7809.0174605681095,666437.1273417496,0.3518518518518519,0.9002849002849003,0.3392857142857143,0.36538461538461536,70,0.36538461538461536,0.75
7809.0174605681095,666437.1273417496,0.3518518518518519,0.9002849002849003,0.3392857142857143,0.36538461538461536,70,0.36538461538461536,0.75
7809.0174605681095,666437.1273417496,0.3518518518518519,0.9002849002849003,0.3392857142857143,0.36538461538461536,70,0.36538461538461536,0.75
7809.0174605681095,666437.1273417496,0.3518518518518519,0.9002849002849003,0.3392857142857143,0.36538461538461536,70,0.36538461538461536,0.75
7809.0174605681095,666437.1273417496,0.3518518518518519,0.9002849002849003,0.3392857142857143,0.36538461538461536,70,0.36538461538461536,0.75
7809.0174605681095,666437.1273417496,0.3518518518518519,0.9002849002849003,0.3392857142857143,0.36538461538461536,70,0.36538461538461536,0.75
7809.0174605681095,666437.1273417496,0.3518518518518519,0.9002849002849003,0.3392857142857143,0.36538461538461536,70,0.36538461538461536,0.75
7809.0174605681095,666437.1273417496,0.3518518518518519,0.9002849002849003,0.3392857142857143,0.36538461538461536,70,0.36538461538461536,0.75
7809.0174605681095,666437.1273417496,0.3518518518518519,0.9002849002849003,0.3392857142857143,0.36538461538461536,70,0.36538461538461536,0.75
7809.0174605681095,666437.1273417496,0.3518518518518519,0.9002849002849003,0.3392857142857143,0.36538461538461536,70,0.36538461538461536,0.75
7809.0174605681095,666437.1273417496,0.3518518518518519,0.9002849002849003,0.3392857142857143,0.36538461538461536,70,0.36538461538461536,0.75
7809.0174605681095,666437.1273417496,0.3518518518518519,0.9002849002849003,0.3392857142857143,0.36538461538461536,70,0.36538461538461536,0.75
7809.0174605681095,666437.1273417496,0.3518518518518519,0.9002849002849003,0.3392857142857143,0.36538461538461536,70,0.36538461538461536,0.75
7809.0174605681095,666437.1273417496,0.3518518518518519,0.9002849002849003,0.3392857142857143,0.36538461538461536,70,0.36538461538461536,0.75
7809.0174605681095,666437.1273417496,0.3518518518518519,0.9002849002849003,0.3392857142857143,0.36538461538461536,70,0.36538461538461536,0.75
7809.0174605681095,666437.1273417496,0.3518518518518519,0.9002849002849003,0.3392857142857143,0.36538461538461536,70,0.36538461538461536,0.75
7809.0174605681095,666437.1273417496,0.3518518518518519,0.9002849002849003,0.3392857142857143,0.36538461538461536,70,0.36538461538461536,0.75
7809.0174605681095,666437.1273417496,0.3518518518518519,0.9002849002849003,0.3392857142857143,0.36538461538461536,70,0.36538461538461536,0.75
7809.0174605681095,666437.1273417496,0.3518518518518519,0.9002849002849003,0.3392857142857143,0.36538461538461536,70,0.36538461538461536,0.75
7809.0174605681095,666437.1273417496,0.3518518518518519,0.9002849002849003,0.3392857142857143,0.36538461538461536,70,0.36538461538461536,0.75
7809.0174605681095,666437.1273417496,0.3518518518518519,0.9002849002849003,0.3392857142857143,0.36538461538461536,70,0.36538461538461536,0.75
7809.0174605681095,666437.1273417496,0.3518518518518519,0.9002849002849003,0.3392857142857143,0.36538461538461536,70,0.36538461538461536,0.75
7809.0174605681095,666437.1273417496,0.3518518518518519,0.9002849002849003,0.3392857142857143,0.36538461538461536,70,0.36538461538461536,0.75
7809.0174605681095,666437.1273417496,0.3518518518518519,0.9002849002849003,0.3392857142857143,0.36538461538461536,70,0.36538461538461536,0.75
7809.0174605681095,666437.1273417496,0.3518518518518519,0.9002849002849003,0.3392857142857143,0.36538461538461536,70,0.36538461538461536,0.75
7809.0174605681095,666437.1273417496,0.3518518518518519,0.9002849002849003,0.3392857142857143,0.36538461538461536,70,0.36538461538461536,0.75
7809.0174605681095,666437.1273417496,0.3518518518518519,0.9002849002849003,0.3392857142857143,0.36538461538461536,70,0.36538461538461536,0.75
7809.0174605681095,666437.1273417496,0.3518518518518519,0.9002849002849003,0.3392857142857143,0.36538461538461536,70,0.36538461538461536,0.75
7809.0174605681095,666437.1273417496,0.3518518518518519,0.9002849002849003,0.3392857142857143,0.36538461538461536,70,0.36538461538461536,0.75
7809.0174605681095,666437.1273417496,0.3518518518518519,0.9002849002849003,0.3392857142857143,0.36538461538461536,70,0.36538461538461536,0.75
7809.0174605681095,666437.1273417496,0.3518518518518519,0.9002849002849003,0.3392857142857143,0.36538461538461536,70,0.36538461538461536,0.75
7809.0174605681095,666437.1273417496,0.3518518518518519,0.9002849002849003,0.3392857142857143,0.36538461538461536,70,0.36538461538461536,0.75
7809.0174605681095,666437.1273417496,0.3518518518518519,0.9002849002849003,0.3392857142857143,0.36538461538461536,70,0.36538461538461536,0.75
7809.0174605681095,666437.1273417496,0.3518518518518519,0.9002849002849003,0.3392857142857143,0.36538461538461536,70,0.36538461538461536,0.75
7809.0174605681095,666437.1273417496,0.3518518518518519,0.9002849002849003,0.3392857142857143,0.36538461538461536,70,0.36538461538461536,0.75
7809.0174605681095,666437.1273417496,0.3518518518518519,0.9002849002849003,0.3392857142857143,0.36538461538461536,70,0.36538461538461536,0.75
7809.0174605681095,666437.1273417496,0.3518518518518519,0.9002849002849003,0.3392857142857143,0.36538461538461536,70,0.36538461538461536,0.75
7809.0174605681095,666437.1273417496,0.3518518518518519,0.9002849002849003,0.3392857142857143,0.36538461538461536,70,0.36538461538461536,0.75
7809.0174605681095,666437.1273417496,0.3518518518518519,0.9002849002849003,0.3392857142857143,0.36538461538461536,70,0.36538461538461536,0.75
7809.0174605681095,666437.1273417496,0.3518518518518519,0.9002849002849003,0.3392857142857143,0.36538461538461536,70,0.36538461538461536,0.75
7809.0174605681095,666437.1273417496,0.3518518518518519,0.9002849002849003,0.3392857142857143,0.36538461538461536,70,0.36538461538461536,0.75
7809.0174605681095,666437.1273417496,0.3518518518518519,0.9002849002849003,0.3392857142857143,0.36538461538461536,70,0.36538461538461536,0.75
7809.0174605681095,666437.1273417496,0.3518518518518519,0.9002849002849003,0.3392857142857143,0.36538461538461536,70,0.36538461538461536,0.75
7809.0174605681095,666437.1273417496,0.3518518518518519,0.9002849002849003,0.3392857142857143,0.36538461538461536,70,0.36538461538461536,0.75
7809.0174605681095,666437.1273417496,0.3518518518518519,0.9002849002849003,0.3392857142857143,0.36538461538461536,70,0.36538461538461536,0.75
7809.0174605681095,666437.1273417496,0.3518518518518519,0.9002849002849003,0.3392857142857143,0.36538461538461536,70,0.36538461538461536,0.75
7809.0174605681095,666437.1273417496,0.3518518518518519,0.9002849002849003,0.3392857142857143,0.36538461538461536,70,0.36538461538461536,0.75
7809.0174605681095,666437.1273417496,0.3518518518518519,0.9002849002849003,0.3392857142857143,0.36538461538461536,70,0.36538461538461536,0.75
7809.0174605681095,666437.1273417496,0.3518518518518519,0.9002849002849003,0.3392857142857143,0.36538461538461536,70,0.36538461538461536,0.75
7809.0174605681095,666437.1273417496,0.3518518518518519,0.9002849002849003,0.3392857142857143,0.36538461538461536,70,0.36538461538461536,0.75
7809.0174605681095,666437.1273417496,0.3518518518518519,0.9002849002849003,0.3392857142857143,0.36538461538461536,70,0.36538461538461536,0.75
7809.0174605681095,666437.1273417496,0.3518518518518519,0.9002849002849003,0.3392857142857143,0.36538461538461536,70,0.36538461538461536,0.75
7809.0174605681095,666437.1273417496,0.3518518518518519,0.9002849002849003,0.3392857142857143,0.36538461538461536,70,0.36538461538461536,0.75
7809.0174605681095,666437.1273417496,0.3518518518518519,0.9002849002849003,0.3392857142857143,0.36538461538461536,70,0.36538461538461536,0.75
7809.0174605681095,666437.1273417496,0.3518518518518519,0.9002849002849003,0.3392857142857143,0.36538461538461536,70,0.36538461538461536,0.75
7809.0174605681095,666437.1273417496,0.3518518518518519,0.9002849002849003,0.3392857142857143,0.36538461538461536,70,0.36538461538461536,0.75
7809.0174605681095,666437.1273417496,0.3518518518518519,0.9002849002849003,0.3392857142857143,0.36538461538461536,70,0.36538461538461536,0.75
7809.0174605681095,666437.1273417496,0.3518518518518519,0.9002849002849003,0.3392857142857143,0.36538461538461536,70,0.36538461538461536,0.75
7809.0174605681095,666437.1273417496,0.3518518518518519,0.9002849002849003,0.3392857142857143,0.36538461538461536,70,0.36538461538461536,0.75
7809.0174605681095,666437.1273417496,0.3518518518518519,0.9002849002849003,0.3392857142857143,0.36538461538461536,70,0.36538461538461536,0.75
7809.0174605681095,666437.1273417496,0.3518518518518519,0.9002849002849003,0.3392857142857143,0.36538461538461536,70,0.36538461538461536,0.75
7809.0174605681095,666437.1273417496,0.3518518518518519,0.9002849002849003,0.3392857142857143,0.36538461538461536,70,0.36538461538461536,0.75
7809.0174605681095,666437.1273417496,0.3518518518518519,0.9002849002849003,0.3392857142857143,0.36538461538461536,70,0.36538461538461536,0.75
7809.0174605681095,666437.1273417496,0.3518518518518519,0.9002849002849003,0.3392857142857143,0.36538461538461536,70,0.36538461538461536,0.75
7809.0174605681095,666437.1273417496,0.3518518518518519,0.9002849002849003,0.3392857142857143,0.36538461538461536,70,0.36538461538461536,0.75
7809.0174605681095,666437.1273417496,0.3518518518518519,0.9002849002849003,0.3392857142857143,0.36538461538461536,70,0.36538461538461536,0.75
7809.0174605681095,666437.1273417496,0.3518518518518519,0.9002849002849003,0.3392857142857143,0.36538461538461536,70,0.36538461538461536,0.75
7809.0174605681095,666437.1273417496,0.3518518518518519,0.9002849002849003,0.3392857142857143,0.36538461538461536,70,0.36538461538461536,0.75
7809.0174605681095,666437.1273417496,0.3518518518518519,0.9002849002849003,0.3392857142857143,0.36538461538461536,70,0.36538461538461536,0.75
7809.0174605681095,666437.1273417496,0.3518518518518519,0.9002849002849003,0.3392857142857143,0.36538461538461536,70,0.36538461538461536,0.75
7809.0174605681095,666437.1273417496,0.3518518518518519,0.9002849002849003,0.3392857142857143,0.36538461538461536,70,0.36538461538461536,0.75
7809.0174605681095,666437.1273417496,0.3518518518518519,0.9002849002849003,0.3392857142857143,0.36538461538461536,70,0.36538461538461536,0.75
7809.0174605681095,666437.1273417496,0.3518518518518519,0.9002849002849003,0.3392857142857143,0.36538461538461536,70,0.36538461538461536,0.75
7809.0174605681095,666437.1273417496,0.3518518518518519,0.9002849002849003,0.3392857142857143,0.36538461538461536,70,0.36538461538461536,0.75
7809.0174605681095,666437.1273417496,0.3518518518518519,0.9002849002849003,0.3392857142857143,0.36538461538461536,70,0.36538461538461536,0.75
7809.0174605681095,666437.1273417496,0.3518518518518519,0.9002849002849003,0.3392857142857143,0.36538461538461536,70,0.36538461538461536,0.75
7809.0174605681095,666437.1273417496,0.3518518518518519,0.9002849002849003,0.3392857142857143,0.36538461538461536,70,0.36538461538461536,0.75
7809.0174605681095,666437.1273417496,0.3518518518518519,0.9002849002849003,0.3392857142857143,0.36538461538461536,70,0.36538461538461536,0.75
7809.0174605681095,666437.1273417496,0.3518518518518519,0.9002849002849003,0.3392857142857143,0.36538461538461536,70,0.36538461538461536,0.75
7809.0174605681095,666437.1273417496,0.3518518518518519,0.9002849002849003,0.3392857142857143,0.36538461538461536,70,0.36538461538461536,0.75
7809.0174605681095,666437.1273417496,0.3518518518518519,0.9002849002849003,0.3392857142857143,0.36538461538461536,70,0.36538461538461536,0.75
7809.0174605681095,666437.1273417496,0.3518518518518519,0.9002849002849003,0.3392857142857143,0.36538461538461536,70,0.36538461538461536,0.75
7644.588404283975,666272.6982854655,0.34862385321100914,0.8988603988603988,0.3333333333333333,0.36538461538461536,71,0.36538461538461536,0.75
7560.873305924237,666188.9831871057,0.3669724770642202,0.9017094017094017,0.3508771929824561,0.38461538461538464,69,0.38461538461538464,0.7692307692307693
7517.525413996773,666145.6352951783,0.3518518518518519,0.9002849002849003,0.3392857142857143,0.36538461538461536,70,0.36538461538461536,0.75
7517.525413996773,666145.6352951783,0.3518518518518519,0.9002849002849003,0.3392857142857143,0.36538461538461536,70,0.36538461538461536,0.75
7517.525413996773,666145.6352951783,0.3518518518518519,0.9002849002849003,0.3392857142857143,0.36538461538461536,70,0.36538461538461536,0.75
7517.525413996773,666145.6352951783,0.3518518518518519,0.9002849002849003,0.3392857142857143,0.36538461538461536,70,0.36538461538461536,0.75
7517.525413996773,666145.6352951783,0.3518518518518519,0.9002849002849003,0.3392857142857143,0.36538461538461536,70,0.36538461538461536,0.75
7517.525413996773,666145.6352951783,0.3518518518518519,0.9002849002849003,0.3392857142857143,0.36538461538461536,70,0.36538461538461536,0.75
7517.525413996773,666145.6352951783,0.3518518518518519,0.9002849002849003,0.3392857142857143,0.36538461538461536,70,0.36538461538461536,0.75
7517.525413996773,666145.6352951783,0.3518518518518519,0.9002849002849003,0.3392857142857143,0.36538461538461536,70,0.36538461538461536,0.75
7517.525413996773,666145.6352951783,0.3518518518518519,0.9002849002849003,0.3392857142857143,0.36538461538461536,70,0.36538461538461536,0.75
7517.525413996773,666145.6352951783,0.3518518518518519,0.9002849002849003,0.3392857142857143,0.36538461538461536,70,0.36538461538461536,0.75
7517.525413996773,666145.6352951783,0.3518518518518519,0.9002849002849003,0.3392857142857143,0.36538461538461536,70,0.36538461538461536,0.75
7517.525413996773,666145.6352951783,0.3518518518518519,0.9002849002849003,0.3392857142857143,0.36538461538461536,70,0.36538461538461536,0.75
7517.525413996773,666145.6352951783,0.3518518518518519,0.9002849002849003,0.3392857142857143,0.36538461538461536,70,0.36538461538461536,0.75
7517.525413996773,666145.6352951783,0.3518518518518519,0.9002849002849003,0.3392857142857143,0.36538461538461536,70,0.36538461538461536,0.75
7517.525413996773,666145.6352951783,0.3518518518518519,0.9002849002849003,0.3392857142857143,0.36538461538461536,70,0.36538461538461536,0.75
7517.525413996773,666145.6352951783,0.3518518518518519,0.9002849002849003,0.3392857142857143,0.36538461538461536,70,0.36538461538461536,0.75
7517.525413996773,666145.6352951783,0.3518518518518519,0.9002849002849003,0.3392857142857143,0.36538461538461536,70,0.36538461538461536,0.75
7517.525413996773,666145.6352951783,0.3518518518518519,0.9002849002849003,0.3392857142857143,0.36538461538461536,70,0.36538461538461536,0.75
7517.525413996773,666145.6352951783,0.3518518518518519,0.9002849002849003,0.3392857142857143,0.36538461538461536,70,0.36538461538461536,0.75
7517.525413996773,666145.6352951783,0.3518518518518519,0.9002849002849003,0.3392857142857143,0.36538461538461536,70,0.36538461538461536,0.75
7517.525413996773,666145.6352951783,0.3518518518518519,0.9002849002849003,0.3392857142857143,0.36538461538461536,70,0.36538461538461536,0.75
7517.525413996773,666145.6352951783,0.3518518518518519,0.9002849002849003,0.3392857142857143,0.36538461538461536,70,0.36538461538461536,0.75
7517.525413996773,666145.6352951783,0.3518518518518519,0.9002849002849003,0.3392857142857143,0.36538461538461536,70,0.36538461538461536,0.75
7517.525413996773,666145.6352951783,0.3518518518518519,0.9002849002849003,0.3392857142857143,0.36538461538461536,70,0.36538461538461536,0.75
7517.525413996773,666145.6352951783,0.3518518518518519,0.9002849002849003,0.3392857142857143,0.36538461538461536,70,0.36538461538461536,0.75
7517.525413996773,666145.6352951783,0.3518518518518519,0.9002849002849003,0.3392857142857143,0.36538461538461536,70,0.36538461538461536,0.75
7447.763610929716,666075.8734921112,0.34862385321100914,0.8988603988603988,0.3333333333333333,0.36538461538461536,71,0.36538461538461536,0.75
7447.763610929716,666075.8734921112,0.34862385321100914,0.8988603988603988,0.3333333333333333,0.36538461538461536,71,0.36538461538461536,0.75
7447.763610929716,666075.8734921112,0.34862385321100914,0.8988603988603988,0.3333333333333333,0.36538461538461536,71,0.36538461538461536,0.75
7447.763610929716,666075.8734921112,0.34862385321100914,0.8988603988603988,0.3333333333333333,0.36538461538461536,71,0.36538461538461536,0.75
7447.763610929716,666075.8734921112,0.34862385321100914,0.8988603988603988,0.3333333333333333,0.36538461538461536,71,0.36538461538461536,0.75
7447.763610929716,666075.8734921112,0.34862385321100914,0.8988603988603988,0.3333333333333333,0.36538461538461536,71,0.36538461538461536,0.75
7447.763610929716,666075.8734921112,0.34862385321100914,0.8988603988603988,0.3333333333333333,0.36538461538461536,71,0.36538461538461536,0.75
7447.763610929716,666075.8734921112,0.34862385321100914,0.8988603988603988,0.3333333333333333,0.36538461538461536,71,0.36538461538461536,0.75
7447.763610929716,666075.8734921112,0.34862385321100914,0.8988603988603988,0.3333333333333333,0.36538461538461536,71,0.36538461538461536,0.75
7447.763610929716,666075.8734921112,0.34862385321100914,0.8988603988603988,0.3333333333333333,0.36538461538461536,71,0.36538461538461536,0.75
7447.763610929716,666075.8734921112,0.34862385321100914,0.8988603988603988,0.3333333333333333,0.36538461538461536,71,0.36538461538461536,0.75
7447.763610929716,666075.8734921112,0.34862385321100914,0.8988603988603988,0.3333333333333333,0.36538461538461536,71,0.36538461538461536,0.75
7447.763610929716,666075.8734921112,0.34862385321100914,0.8988603988603988,0.3333333333333333,0.36538461538461536,71,0.36538461538461536,0.75
7447.763610929716,666075.8734921112,0.34862385321100914,0.8988603988603988,0.3333333333333333,0.36538461538461536,71,0.36538461538461536,0.75
7447.763610929716,666075.8734921112,0.34862385321100914,0.8988603988603988,0.3333333333333333,0.36538461538461536,71,0.36538461538461536,0.75
7447.763610929716,666075.8734921112,0.34862385321100914,0.8988603988603988,0.3333333333333333,0.36538461538461536,71,0.36538461538461536,0.75
7447.763610929716,666075.8734921112,0.34862385321100914,0.8988603988603988,0.3333333333333333,0.36538461538461536,71,0.36538461538461536,0.75
7447.763610929716,666075.8734921112,0.34862385321100914,0.8988603988603988,0.3333333333333333,0.36538461538461536,71,0.36538461538461536,0.75
7447.763610929716,666075.8734921112,0.34862385321100914,0.8988603988603988,0.3333333333333333,0.36538461538461536,71,0.36538461538461536,0.75
7447.763610929716,666075.8734921112,0.34862385321100914,0.8988603988603988,0.3333333333333333,0.36538461538461536,71,0.36538461538461536,0.75
7447.763610929716,666075.8734921112,0.34862385321100914,0.8988603988603988,0.3333333333333333,0.36538461538461536,71,0.36538461538461536,0.75
7447.763610929716,666075.8734921112,0.34862385321100914,0.8988603988603988,0.3333333333333333,0.36538461538461536,71,0.36538461538461536,0.75
7447.763610929716,666075.8734921112,0.34862385321100914,0.8988603988603988,0.3333333333333333,0.36538461538461536,71,0.36538461538461536,0.75
7447.763610929716,666075.8734921112,0.34862385321100914,0.8988603988603988,0.3333333333333333,0.36538461538461536,71,0.36538461538461536,0.75
7331.582603336661,665959.6924845182,0.34545454545454546,0.8974358974358975,0.3275862068965517,0.36538461538461536,72,0.36538461538461536,0.75
6825.425538489944,665453.5354196714,0.34862385321100914,0.8988603988603988,0.3333333333333333,0.36538461538461536,71,0.36538461538461536,0.75
6825.425538489944,665453.5354196714,0.34862385321100914,0.8988603988603988,0.3333333333333333,0.36538461538461536,71,0.36538461538461536,0.75
6825.425538489944,665453.5354196714,0.34862385321100914,0.8988603988603988,0.3333333333333333,0.36538461538461536,71,0.36538461538461536,0.75
6825.425538489944,665453.5354196714,0.34862385321100914,0.8988603988603988,0.3333333333333333,0.36538461538461536,71,0.36538461538461536,0.75
6825.425538489944,665453.5354196714,0.34862385321100914,0.8988603988603988,0.3333333333333333,0.36538461538461536,71,0.36538461538461536,0.75
6825.425538489944,665453.5354196714,0.34862385321100914,0.8988603988603988,0.3333333333333333,0.36538461538461536,71,0.36538461538461536,0.75
6825.425538489944,665453.5354196714,0.34862385321100914,0.8988603988603988,0.3333333333333333,0.36538461538461536,71,0.36538461538461536,0.75
6825.425538489944,665453.5354196714,0.34862385321100914,0.8988603988603988,0.3333333333333333,0.36538461538461536,71,0.36538461538461536,0.75
6825.425538489944,665453.5354196714,0.34862385321100914,0.8988603988603988,0.3333333333333333,0.36538461538461536,71,0.36538461538461536,0.75
6825.425538489944,665453.5354196714,0.34862385321100914,0.8988603988603988,0.3333333333333333,0.36538461538461536,71,0.36538461538461536,0.75
6825.425538489944,665453.5354196714,0.34862385321100914,0.8988603988603988,0.3333333333333333,0.36538461538461536,71,0.36538461538461536,0.75
6825.425538489944,665453.5354196714,0.34862385321100914,0.8988603988603988,0.3333333333333333,0.36538461538461536,71,0.36538461538461536,0.75
6825.425538489944,665453.5354196714,0.34862385321100914,0.8988603988603988,0.3333333333333333,0.36538461538461536,71,0.36538461538461536,0.75
6825.425538489944,665453.5354196714,0.34862385321100914,0.8988603988603988,0.3333333333333333,0.36538461538461536,71,0.36538461538461536,0.75
6825.425538489944,665453.5354196714,0.34862385321100914,0.8988603988603988,0.3333333333333333,0.36538461538461536,71,0.36538461538461536,0.75
6825.425538489944,665453.5354196714,0.34862385321100914,0.8988603988603988,0.3333333333333333,0.36538461538461536,71,0.36538461538461536,0.75
6825.425538489944,665453.5354196714,0.34862385321100914,0.8988603988603988,0.3333333333333333,0.36538461538461536,71,0.36538461538461536,0.75
6825.425538489944,665453.5354196714,0.34862385321100914,0.8988603988603988,0.3333333333333333,0.36538461538461536,71,0.36538461538461536,0.75
6825.425538489944,665453.5354196714,0.34862385321100914,0.8988603988603988,0.3333333333333333,0.36538461538461536,71,0.36538461538461536,0.75
6825.425538489944,665453.5354196714,0.34862385321100914,0.8988603988603988,0.3333333333333333,0.36538461538461536,71,0.36538461538461536,0.75
6825.425538489944,665453.5354196714,0.34862385321100914,0.8988603988603988,0.3333333333333333,0.36538461538461536,71,0.36538461538461536,0.75
6825.425538489944,665453.5354196714,0.34862385321100914,0.8988603988603988,0.3333333333333333,0.36538461538461536,71,0.36538461538461536,0.75
6825.425538489944,665453.5354196714,0.34862385321100914,0.8988603988603988,0.3333333333333333,0.36538461538461536,71,0.36538461538461536,0.75
6825.425538489944,665453.5354196714,0.34862385321100914,0.8988603988603988,0.3333333333333333,0.36538461538461536,71,0.36538461538461536,0.75
6825.425538489944,665453.5354196714,0.34862385321100914,0.8988603988603988,0.3333333333333333,0.36538461538461536,71,0.36538461538461536,0.75
6825.425538489944,665453.5354196714,0.34862385321100914,0.8988603988603988,0.3333333333333333,0.36538461538461536,71,0.36538461538461536,0.75
6825.425538489944,665453.5354196714,0.34862385321100914,0.8988603988603988,0.3333333333333333,0.36538461538461536,71,0.36538461538461536,0.75
6825.425538489944,665453.5354196714,0.34862385321100914,0.8988603988603988,0.3333333333333333,0.36538461538461536,71,0.36538461538461536,0.75
6825.425538489944,665453.5354196714,0.34862385321100914,0.8988603988603988,0.3333333333333333,0.36538461538461536,71,0.36538461538461536,0.75
6825.425538489944,665453.5354196714,0.34862385321100914,0.8988603988603988,0.3333333333333333,0.36538461538461536,71,0.36538461538461536,0.75
6825.425538489944,665453.5354196714,0.34862385321100914,0.8988603988603988,0.3333333333333333,0.36538461538461536,71,0.36538461538461536,0.75
6825.425538489944,665453.5354196714,0.34862385321100914,0.8988603988603988,0.3333333333333333,0.36538461538461536,71,0.36538461538461536,0.75
6825.425538489944,665453.5354196714,0.34862385321100914,0.8988603988603988,0.3333333333333333,0.36538461538461536,71,0.36538461538461536,0.75
6825.425538489944,665453.5354196714,0.34862385321100914,0.8988603988603988,0.3333333333333333,0.36538461538461536,71,0.36538461538461536,0.75
6825.425538489944,665453.5354196714,0.34862385321100914,0.8988603988603988,0.3333333333333333,0.36538461538461536,71,0.36538461538461536,0.75
6825.425538489944,665453.5354196714,0.34862385321100914,0.8988603988603988,0.3333333333333333,0.36538461538461536,71,0.36538461538461536,0.75
6825.425538489944,665453.5354196714,0.34862385321100914,0.8988603988603988,0.3333333333333333,0.36538461538461536,71,0.36538461538461536,0.75
6825.425538489944,665453.5354196714,0.34862385321100914,0.8988603988603988,0.3333333333333333,0.36538461538461536,71,0.36538461538461536,0.75
6825.425538489944,665453.5354196714,0.34862385321100914,0.8988603988603988,0.3333333333333333,0.36538461538461536,71,0.36538461538461536,0.75
6825.425538489944,665453.5354196714,0.34862385321100914,0.8988603988603988,0.3333333333333333,0.36538461538461536,71,0.36538461538461536,0.75
6825.425538489944,665453.5354196714,0.34862385321100914,0.8988603988603988,0.3333333333333333,0.36538461538461536,71,0.36538461538461536,0.75
6825.425538489944,665453.5354196714,0.34862385321100914,0.8988603988603988,0.3333333333333333,0.36538461538461536,71,0.36538461538461536,0.75
6825.425538489944,665453.5354196714,0.34862385321100914,0.8988603988603988,0.3333333333333333,0.36538461538461536,71,0.36538461538461536,0.75
6825.425538489944,665453.5354196714,0.34862385321100914,0.8988603988603988,0.3333333333333333,0.36538461538461536,71,0.36538461538461536,0.75
6825.425538489944,665453.5354196714,0.34862385321100914,0.8988603988603988,0.3333333333333333,0.36538461538461536,71,0.36538461538461536,0.75
6825.425538489944,665453.5354196714,0.34862385321100914,0.8988603988603988,0.3333333333333333,0.36538461538461536,71,0.36538461538461536,0.75
6825.425538489944,665453.5354196714,0.34862385321100914,0.8988603988603988,0.3333333333333333,0.36538461538461536,71,0.36538461538461536,0.75
6825.425538489944,665453.5354196714,0.34862385321100914,0.8988603988603988,0.3333333333333333,0.36538461538461536,71,0.36538461538461536,0.75
6825.425538489944,665453.5354196714,0.34862385321100914,0.8988603988603988,0.3333333333333333,0.36538461538461536,71,0.36538461538461536,0.75
6825.425538489944,665453.5354196714,0.34862385321100914,0.8988603988603988,0.3333333333333333,0.36538461538461536,71,0.36538461538461536,0.75
6825.425538489944,665453.5354196714,0.34862385321100914,0.8988603988603988,0.3333333333333333,0.36538461538461536,71,0.36538461538461536,0.75
6825.425538489944,665453.5354196714,0.34862385321100914,0.8988603988603988,0.3333333333333333,0.36538461538461536,71,0.36538461538461536,0.75
6825.425538489944,665453.5354196714,0.34862385321100914,0.8988603988603988,0.3333333333333333,0.36538461538461536,71,0.36538461538461536,0.75
6825.425538489944,665453.5354196714,0.34862385321100914,0.8988603988603988,0.3333333333333333,0.36538461538461536,71,0.36538461538461536,0.75
6825.425538489944,665453.5354196714,0.34862385321100914,0.8988603988603988,0.3333333333333333,0.36538461538461536,71,0.36538461538461536,0.75
6825.425538489944,665453.5354196714,0.34862385321100914,0.8988603988603988,0.3333333333333333,0.36538461538461536,71,0.36538461538461536,0.75
6825.425538489944,665453.5354196714,0.34862385321100914,0.8988603988603988,0.3333333333333333,0.36538461538461536,71,0.36538461538461536,0.75
6825.425538489944,665453.5354196714,0.34862385321100914,0.8988603988603988,0.3333333333333333,0.36538461538461536,71,0.36538461538461536,0.75
6825.425538489944,665453.5354196714,0.34862385321100914,0.8988603988603988,0.3333333333333333,0.36538461538461536,71,0.36538461538461536,0.75
6825.425538489944,665453.5354196714,0.34862385321100914,0.8988603988603988,0.3333333333333333,0.36538461538461536,71,0.36538461538461536,0.75
6825.425538489944,665453.5354196714,0.34862385321100914,0.8988603988603988,0.3333333333333333,0.36538461538461536,71,0.36538461538461536,0.75
6825.425538489944,665453.5354196714,0.34862385321100914,0.8988603988603988,0.3333333333333333,0.36538461538461536,71,0.36538461538461536,0.75
6825.425538489944,665453.5354196714,0.34862385321100914,0.8988603988603988,0.3333333333333333,0.36538461538461536,71,0.36538461538461536,0.75
6825.425538489944,665453.5354196714,0.34862385321100914,0.8988603988603988,0.3333333333333333,0.36538461538461536,71,0.36538461538461536,0.75
6825.425538489944,665453.5354196714,0.34862385321100914,0.8988603988603988,0.3333333333333333,0.36538461538461536,71,0.36538461538461536,0.75
6825.425538489944,665453.5354196714,0.34862385321100914,0.8988603988603988,0.3333333333333333,0.36538461538461536,71,0.36538461538461536,0.75
6825.425538489944,665453.5354196714,0.34862385321100914,0.8988603988603988,0.3333333333333333,0.36538461538461536,71,0.36538461538461536,0.75
6825.425538489944,665453.5354196714,0.34862385321100914,0.8988603988603988,0.3333333333333333,0.36538461538461536,71,0.36538461538461536,0.75
6825.425538489944,665453.5354196714,0.34862385321100914,0.8988603988603988,0.3333333333333333,0.36538461538461536,71,0.36538461538461536,0.75
6825.425538489944,665453.5354196714,0.34862385321100914,0.8988603988603988,0.3333333333333333,0.36538461538461536,71,0.36538461538461536,0.75
6825.425538489944,665453.5354196714,0.34862385321100914,0.8988603988603988,0.3333333333333333,0.36538461538461536,71,0.36538461538461536,0.75
6825.425538489944,665453.5354196714,0.34862385321100914,0.8988603988603988,0.3333333333333333,0.36538461538461536,71,0.36538461538461536,0.75
6825.425538489944,665453.5354196714,0.34862385321100914,0.8988603988603988,0.3333333333333333,0.36538461538461536,71,0.36538461538461536,0.75
6825.425538489944,665453.5354196714,0.34862385321100914,0.8988603988603988,0.3333333333333333,0.36538461538461536,71,0.36538461538461536,0.75
6825.425538489944,665453.5354196714,0.34862385321100914,0.8988603988603988,0.3333333333333333,0.36538461538461536,71,0.36538461538461536,0.75
6825.425538489944,665453.5354196714,0.34862385321100914,0.8988603988603988,0.3333333333333333,0.36538461538461536,71,0.36538461538461536,0.75
6825.425538489944,665453.5354196714,0.34862385321100914,0.8988603988603988,0.3333333333333333,0.36538461538461536,71,0.36538461538461536,0.75
6825.425538489944,665453.5354196714,0.34862385321100914,0.8988603988603988,0.3333333333333333,0.36538461538461536,71,0.36538461538461536,0.75
6825.425538489944,665453.5354196714,0.34862385321100914,0.8988603988603988,0.3333333333333333,0.36538461538461536,71,0.36538461538461536,0.75
6825.425538489944,665453.5354196714,0.34862385321100914,0.8988603988603988,0.3333333333333333,0.36538461538461536,71,0.36538461538461536,0.75
6825.425538489944,665453.5354196714,0.34862385321100914,0.8988603988603988,0.3333333333333333,0.36538461538461536,71,0.36538461538461536,0.75
6825.425538489944,665453.5354196714,0.34862385321100914,0.8988603988603988,0.3333333333333333,0.36538461538461536,71,0.36538461538461536,0.75
6825.425538489944,665453.5354196714,0.34862385321100914,0.8988603988603988,0.3333333333333333,0.36538461538461536,71,0.36538461538461536,0.75
6825.425538489944,665453.5354196714,0.34862385321100914,0.8988603988603988,0.3333333333333333,0.36538461538461536,71,0.36538461538461536,0.75
6825.425538489944,665453.5354196714,0.34862385321100914,0.8988603988603988,0.3333333333333333,0.36538461538461536,71,0.36538461538461536,0.75
6825.425538489944,665453.5354196714,0.34862385321100914,0.8988603988603988,0.3333333333333333,0.36538461538461536,71,0.36538461538461536,0.75
6825.425538489944,665453.5354196714,0.34862385321100914,0.8988603988603988,0.3333333333333333,0.36538461538461536,71,0.36538461538461536,0.75
6825.425538489944,665453.5354196714,0.34862385321100914,0.8988603988603988,0.3333333333333333,0.36538461538461536,71,0.36538461538461536,0.75
6825.425538489944,665453.5354196714,0.34862385321100914,0.8988603988603988,0.3333333333333333,0.36538461538461536,71,0.36538461538461536,0.75
6825.425538489944,665453.5354196714,0.34862385321100914,0.8988603988603988,0.3333333333333333,0.36538461538461536,71,0.36538461538461536,0.75
6825.425538489944,665453.5354196714,0.34862385321100914,0.8988603988603988,0.3333333333333333,0.36538461538461536,71,0.36538461538461536,0.75
6825.425538489944,665453.5354196714,0.34862385321100914,0.8988603988603988,0.3333333333333333,0.36538461538461536,71,0.36538461538461536,0.75
6825.425538489944,665453.5354196714,0.34862385321100914,0.8988603988603988,0.3333333333333333,0.36538461538461536,71,0.36538461538461536,0.75
6825.425538489944,665453.5354196714,0.34862385321100914,0.8988603988603988,0.3333333333333333,0.36538461538461536,71,0.36538461538461536,0.75
6825.425538489944,665453.5354196714,0.34862385321100914,0.8988603988603988,0.3333333333333333,0.36538461538461536,71,0.36538461538461536,0.75
6825.425538489944,665453.5354196714,0.34862385321100914,0.8988603988603988,0.3333333333333333,0.36538461538461536,71,0.36538461538461536,0.75
6825.425538489944,665453.5354196714,0.34862385321100914,0.8988603988603988,0.3333333333333333,0.36538461538461536,71,0.36538461538461536,0.75
6825.425538489944,665453.5354196714,0.34862385321100914,0.8988603988603988,0.3333333333333333,0.36538461538461536,71,0.36538461538461536,0.75
6825.425538489944,665453.5354196714,0.34862385321100914,0.8988603988603988,0.3333333333333333,0.36538461538461536,71,0.36538461538461536,0.75
6825.425538489944,665453.5354196714,0.34862385321100914,0.8988603988603988,0.3333333333333333,0.36538461538461536,71,0.36538461538461536,0.75
6825.425538489944,665453.5354196714,0.34862385321100914,0.8988603988603988,0.3333333333333333,0.36538461538461536,71,0.36538461538461536,0.75
6825.425538489944,665453.5354196714,0.34862385321100914,0.8988603988603988,0.3333333333333333,0.36538461538461536,71,0.36538461538461536,0.75
6825.425538489944,665453.5354196714,0.34862385321100914,0.8988603988603988,0.3333333333333333,0.36538461538461536,71,0.36538461538461536,0.75
6825.425538489944,665453.5354196714,0.34862385321100914,0.8988603988603988,0.3333333333333333,0.36538461538461536,71,0.36538461538461536,0.75
6825.425538489944,665453.5354196714,0.34862385321100914,0.8988603988603988,0.3333333333333333,0.36538461538461536,71,0.36538461538461536,0.75
6825.425538489944,665453.5354196714,0.34862385321100914,0.8988603988603988,0.3333333333333333,0.36538461538461536,71,0.36538461538461536,0.75
6825.425538489944,665453.5354196714,0.34862385321100914,0.8988603988603988,0.3333333333333333,0.36538461538461536,71,0.36538461538461536,0.75
6825.425538489944,665453.5354196714,0.34862385321100914,0.8988603988603988,0.3333333333333333,0.36538461538461536,71,0.36538461538461536,0.75
6825.425538489944,665453.5354196714,0.34862385321100914,0.8988603988603988,0.3333333333333333,0.36538461538461536,71,0.36538461538461536,0.75
6825.425538489944,665453.5354196714,0.34862385321100914,0.8988603988603988,0.3333333333333333,0.36538461538461536,71,0.36538461538461536,0.75
6825.425538489944,665453.5354196714,0.34862385321100914,0.8988603988603988,0.3333333333333333,0.36538461538461536,71,0.36538461538461536,0.75
6825.425538489944,665453.5354196714,0.34862385321100914,0.8988603988603988,0.3333333333333333,0.36538461538461536,71,0.36538461538461536,0.75
6825.425538489944,665453.5354196714,0.34862385321100914,0.8988603988603988,0.3333333333333333,0.36538461538461536,71,0.36538461538461536,0.75
6825.425538489944,665453.5354196714,0.34862385321100914,0.8988603988603988,0.3333333333333333,0.36538461538461536,71,0.36538461538461536,0.75
6825.425538489944,665453.5354196714,0.34862385321100914,0.8988603988603988,0.3333333333333333,0.36538461538461536,71,0.36538461538461536,0.75
6825.425538489944,665453.5354196714,0.34862385321100914,0.8988603988603988,0.3333333333333333,0.36538461538461536,71,0.36538461538461536,0.75
6825.425538489944,665453.5354196714,0.34862385321100914,0.8988603988603988,0.3333333333333333,0.36538461538461536,71,0.36538461538461536,0.75
6825.425538489944,665453.5354196714,0.34862385321100914,0.8988603988603988,0.3333333333333333,0.36538461538461536,71,0.36538461538461536,0.75
6825.425538489944,665453.5354196714,0.34862385321100914,0.8988603988603988,0.3333333333333333,0.36538461538461536,71,0.36538461538461536,0.75
6825.425538489944,665453.5354196714,0.34862385321100914,0.8988603988603988,0.3333333333333333,0.36538461538461536,71,0.36538461538461536,0.75
6825.425538489944,665453.5354196714,0.34862385321100914,0.8988603988603988,0.3333333333333333,0.36538461538461536,71,0.36538461538461536,0.75
6825.425538489944,665453.5354196714,0.34862385321100914,0.8988603988603988,0.3333333333333333,0.36538461538461536,71,0.36538461538461536,0.75
6825.425538489944,665453.5354196714,0.34862385321100914,0.8988603988603988,0.3333333333333333,0.36538461538461536,71,0.36538461538461536,0.75
6825.425538489944,665453.5354196714,0.34862385321100914,0.8988603988603988,0.3333333333333333,0.36538461538461536,71,0.36538461538461536,0.75
6825.425538489944,665453.5354196714,0.34862385321100914,0.8988603988603988,0.3333333333333333,0.36538461538461536,71,0.36538461538461536,0.75
6825.425538489944,665453.5354196714,0.34862385321100914,0.8988603988603988,0.3333333333333333,0.36538461538461536,71,0.36538461538461536,0.75
6825.425538489944,665453.5354196714,0.34862385321100914,0.8988603988603988,0.3333333333333333,0.36538461538461536,71,0.36538461538461536,0.75
6825.425538489944,665453.5354196714,0.34862385321100914,0.8988603988603988,0.3333333333333333,0.36538461538461536,71,0.36538461538461536,0.75
6825.425538489944,665453.5354196714,0.34862385321100914,0.8988603988603988,0.3333333333333333,0.36538461538461536,71,0.36538461538461536,0.75
6825.425538489944,665453.5354196714,0.34862385321100914,0.8988603988603988,0.3333333333333333,0.36538461538461536,71,0.36538461538461536,0.75
6825.425538489944,665453.5354196714,0.34862385321100914,0.8988603988603988,0.3333333333333333,0.36538461538461536,71,0.36538461538461536,0.75
6825.425538489944,665453.5354196714,0.34862385321100914,0.8988603988603988,0.3333333333333333,0.36538461538461536,71,0.36538461538461536,0.75
6825.425538489944,665453.5354196714,0.34862385321100914,0.8988603988603988,0.3333333333333333,0.36538461538461536,71,0.36538461538461536,0.75
6825.425538489944,665453.5354196714,0.34862385321100914,0.8988603988603988,0.3333333333333333,0.36538461538461536,71,0.36538461538461536,0.75
6825.425538489944,665453.5354196714,0.34862385321100914,0.8988603988603988,0.3333333333333333,0.36538461538461536,71,0.36538461538461536,0.75
6825.425538489944,665453.5354196714,0.34862385321100914,0.8988603988603988,0.3333333333333333,0.36538461538461536,71,0.36538461538461536,0.75
6825.425538489944,665453.5354196714,0.34862385321100914,0.8988603988603988,0.3333333333333333,0.36538461538461536,71,0.36538461538461536,0.75
6825.425538489944,665453.5354196714,0.34862385321100914,0.8988603988603988,0.3333333333333333,0.36538461538461536,71,0.36538461538461536,0.75
6825.425538489944,665453.5354196714,0.34862385321100914,0.8988603988603988,0.3333333333333333,0.36538461538461536,71,0.36538461538461536,0.75
6825.425538489944,665453.5354196714,0.34862385321100914,0.8988603988603988,0.3333333333333333,0.36538461538461536,71,0.36538461538461536,0.75
6825.425538489944,665453.5354196714,0.34862385321100914,0.8988603988603988,0.3333333333333333,0.36538461538461536,71,0.36538461538461536,0.75
6825.425538489944,665453.5354196714,0.34862385321100914,0.8988603988603988,0.3333333333333333,0.36538461538461536,71,0.36538461538461536,0.75
6825.425538489944,665453.5354196714,0.34862385321100914,0.8988603988603988,0.3333333333333333,0.36538461538461536,71,0.36538461538461536,0.75
6825.425538489944,665453.5354196714,0.34862385321100914,0.8988603988603988,0.3333333333333333,0.36538461538461536,71,0.36538461538461536,0.75
6825.425538489944,665453.5354196714,0.34862385321100914,0.8988603988603988,0.3333333333333333,0.36538461538461536,71,0.36538461538461536,0.75
6825.425538489944,665453.5354196714,0.34862385321100914,0.8988603988603988,0.3333333333333333,0.36538461538461536,71,0.36538461538461536,0.75
6825.425538489944,665453.5354196714,0.34862385321100914,0.8988603988603988,0.3333333333333333,0.36538461538461536,71,0.36538461538461536,0.75
6825.425538489944,665453.5354196714,0.34862385321100914,0.8988603988603988,0.3333333333333333,0.36538461538461536,71,0.36538461538461536,0.75
6825.425538489944,665453.5354196714,0.34862385321100914,0.8988603988603988,0.3333333333333333,0.36538461538461536,71,0.36538461538461536,0.75
6825.425538489944,665453.5354196714,0.34862385321100914,0.8988603988603988,0.3333333333333333,0.36538461538461536,71,0.36538461538461536,0.75
6825.425538489944,665453.5354196714,0.34862385321100914,0.8988603988603988,0.3333333333333333,0.36538461538461536,71,0.36538461538461536,0.75
6825.425538489944,665453.5354196714,0.34862385321100914,0.8988603988603988,0.3333333333333333,0.36538461538461536,71,0.36538461538461536,0.75
6825.425538489944,665453.5354196714,0.34862385321100914,0.8988603988603988,0.3333333333333333,0.36538461538461536,71,0.36538461538461536,0.75
6825.425538489944,665453.5354196714,0.34862385321100914,0.8988603988603988,0.3333333333333333,0.36538461538461536,71,0.36538461538461536,0.75
6825.425538489944,665453.5354196714,0.34862385321100914,0.8988603988603988,0.3333333333333333,0.36538461538461536,71,0.36538461538461536,0.75
6825.425538489944,665453.5354196714,0.34862385321100914,0.8988603988603988,0.3333333333333333,0.36538461538461536,71,0.36538461538461536,0.75
6825.425538489944,665453.5354196714,0.34862385321100914,0.8988603988603988,0.3333333333333333,0.36538461538461536,71,0.36538461538461536,0.75
6825.425538489944,665453.5354196714,0.34862385321100914,0.8988603988603988,0.3333333333333333,0.36538461538461536,71,0.36538461538461536,0.75
6825.425538489944,665453.5354196714,0.34862385321100914,0.8988603988603988,0.3333333333333333,0.36538461538461536,71,0.36538461538461536,0.75
6825.425538489944,665453.5354196714,0.34862385321100914,0.8988603988603988,0.3333333333333333,0.36538461538461536,71,0.36538461538461536,0.75
6825.425538489944,665453.5354196714,0.34862385321100914,0.8988603988603988,0.3333333333333333,0.36538461538461536,71,0.36538461538461536,0.75
6825.425538489944,665453.5354196714,0.34862385321100914,0.8988603988603988,0.3333333333333333,0.36538461538461536,71,0.36538461538461536,0.75
6825.425538489944,665453.5354196714,0.34862385321100914,0.8988603988603988,0.3333333333333333,0.36538461538461536,71,0.36538461538461536,0.75
6825.425538489944,665453.5354196714,0.34862385321100914,0.8988603988603988,0.3333333333333333,0.36538461538461536,71,0.36538461538461536,0.75
6825.425538489944,665453.5354196714,0.34862385321100914,0.8988603988603988,0.3333333333333333,0.36538461538461536,71,0.36538461538461536,0.75
6825.425538489944,665453.5354196714,0.34862385321100914,0.8988603988603988,0.3333333333333333,0.36538461538461536,71,0.36538461538461536,0.75
6825.425538489944,665453.5354196714,0.34862385321100914,0.8988603988603988,0.3333333333333333,0.36538461538461536,71,0.36538461538461536,0.75
6825.425538489944,665453.5354196714,0.34862385321100914,0.8988603988603988,0.3333333333333333,0.36538461538461536,71,0.36538461538461536,0.75
6825.425538489944,665453.5354196714,0.34862385321100914,0.8988603988603988,0.3333333333333333,0.36538461538461536,71,0.36538461538461536,0.75
6825.425538489944,665453.5354196714,0.34862385321100914,0.8988603988603988,0.3333333333333333,0.36538461538461536,71,0.36538461538461536,0.75
6825.425538489944,665453.5354196714,0.34862385321100914,0.8988603988603988,0.3333333333333333,0.36538461538461536,71,0.36538461538461536,0.75
6825.425538489944,665453.5354196714,0.34862385321100914,0.8988603988603988,0.3333333333333333,0.36538461538461536,71,0.36538461538461536,0.75
6825.425538489944,665453.5354196714,0.34862385321100914,0.8988603988603988,0.3333333333333333,0.36538461538461536,71,0.36538461538461536,0.75
6825.425538489944,665453.5354196714,0.34862385321100914,0.8988603988603988,0.3333333333333333,0.36538461538461536,71,0.36538461538461536,0.75
6825.425538489944,665453.5354196714,0.34862385321100914,0.8988603988603988,0.3333333333333333,0.36538461538461536,71,0.36538461538461536,0.75
6825.425538489944,665453.5354196714,0.34862385321100914,0.8988603988603988,0.3333333333333333,0.36538461538461536,71,0.36538461538461536,0.75
6825.425538489944,665453.5354196714,0.34862385321100914,0.8988603988603988,0.3333333333333333,0.36538461538461536,71,0.36538461538461536,0.75
6825.425538489944,665453.5354196714,0.34862385321100914,0.8988603988603988,0.3333333333333333,0.36538461538461536,71,0.36538461538461536,0.75
6825.425538489944,665453.5354196714,0.34862385321100914,0.8988603988603988,0.3333333333333333,0.36538461538461536,71,0.36538461538461536,0.75
6825.425538489944,665453.5354196714,0.34862385321100914,0.8988603988603988,0.3333333333333333,0.36538461538461536,71,0.36538461538461536,0.75
6825.425538489944,665453.5354196714,0.34862385321100914,0.8988603988603988,0.3333333333333333,0.36538461538461536,71,0.36538461538461536,0.75
6825.425538489944,665453.5354196714,0.34862385321100914,0.8988603988603988,0.3333333333333333,0.36538461538461536,71,0.36538461538461536,0.75
6825.425538489944,665453.5354196714,0.34862385321100914,0.8988603988603988,0.3333333333333333,0.36538461538461536,71,0.36538461538461536,0.75
6825.425538489944,665453.5354196714,0.34862385321100914,0.8988603988603988,0.3333333333333333,0.36538461538461536,71,0.36538461538461536,0.75
6825.425538489944,665453.5354196714,0.34862385321100914,0.8988603988603988,0.3333333333333333,0.36538461538461536,71,0.36538461538461536,0.75
6825.425538489944,665453.5354196714,0.34862385321100914,0.8988603988603988,0.3333333333333333,0.36538461538461536,71,0.36538461538461536,0.75
6825.425538489944,665453.5354196714,0.34862385321100914,0.8988603988603988,0.3333333333333333,0.36538461538461536,71,0.36538461538461536,0.75
6825.425538489944,665453.5354196714,0.34862385321100914,0.8988603988603988,0.3333333333333333,0.36538461538461536,71,0.36538461538461536,0.75
6825.425538489944,665453.5354196714,0.34862385321100914,0.8988603988603988,0.3333333333333333,0.36538461538461536,71,0.36538461538461536,0.75
6825.425538489944,665453.5354196714,0.34862385321100914,0.8988603988603988,0.3333333333333333,0.36538461538461536,71,0.36538461538461536,0.75
6825.425538489944,665453.5354196714,0.34862385321100914,0.8988603988603988,0.3333333333333333,0.36538461538461536,71,0.36538461538461536,0.75
6825.425538489944,665453.5354196714,0.34862385321100914,0.8988603988603988,0.3333333333333333,0.36538461538461536,71,0.36538461538461536,0.75
6825.425538489944,665453.5354196714,0.34862385321100914,0.8988603988603988,0.3333333333333333,0.36538461538461536,71,0.36538461538461536,0.75
6825.425538489944,665453.5354196714,0.34862385321100914,0.8988603988603988,0.3333333333333333,0.36538461538461536,71,0.36538461538461536,0.75
6825.425538489944,665453.5354196714,0.34862385321100914,0.8988603988603988,0.3333333333333333,0.36538461538461536,71,0.36538461538461536,0.75
6825.425538489944,665453.5354196714,0.34862385321100914,0.8988603988603988,0.3333333333333333,0.36538461538461536,71,0.36538461538461536,0.75
6825.425538489944,665453.5354196714,0.34862385321100914,0.8988603988603988,0.3333333333333333,0.36538461538461536,71,0.36538461538461536,0.75
6825.425538489944,665453.5354196714,0.34862385321100914,0.8988603988603988,0.3333333333333333,0.36538461538461536,71,0.36538461538461536,0.75
6825.425538489944,665453.5354196714,0.34862385321100914,0.8988603988603988,0.3333333333333333,0.36538461538461536,71,0.36538461538461536,0.75
6825.425538489944,665453.5354196714,0.34862385321100914,0.8988603988603988,0.3333333333333333,0.36538461538461536,71,0.36538461538461536,0.75
6825.425538489944,665453.5354196714,0.34862385321100914,0.8988603988603988,0.3333333333333333,0.36538461538461536,71,0.36538461538461536,0.75
6825.425538489944,665453.5354196714,0.34862385321100914,0.8988603988603988,0.3333333333333333,0.36538461538461536,71,0.36538461538461536,0.75
6825.425538489944,665453.5354196714,0.34862385321100914,0.8988603988603988,0.3333333333333333,0.36538461538461536,71,0.36538461538461536,0.75
6825.425538489944,665453.5354196714,0.34862385321100914,0.8988603988603988,0.3333333333333333,0.36538461538461536,71,0.36538461538461536,0.75
6825.425538489944,665453.5354196714,0.34862385321100914,0.8988603988603988,0.3333333333333333,0.36538461538461536,71,0.36538461538461536,0.75
6825.425538489944,665453.5354196714,0.34862385321100914,0.8988603988603988,0.3333333333333333,0.36538461538461536,71,0.36538461538461536,0.75
6825.425538489944,665453.5354196714,0.34862385321100914,0.8988603988603988,0.3333333333333333,0.36538461538461536,71,0.36538461538461536,0.75
6825.425538489944,665453.5354196714,0.34862385321100914,0.8988603988603988,0.3333333333333333,0.36538461538461536,71,0.36538461538461536,0.75
6825.425538489944,665453.5354196714,0.34862385321100914,0.8988603988603988,0.3333333333333333,0.36538461538461536,71,0.36538461538461536,0.75
6825.425538489944,665453.5354196714,0.34862385321100914,0.8988603988603988,0.3333333333333333,0.36538461538461536,71,0.36538461538461536,0.75
6825.425538489944,665453.5354196714,0.34862385321100914,0.8988603988603988,0.3333333333333333,0.36538461538461536,71,0.36538461538461536,0.75
6825.425538489944,665453.5354196714,0.34862385321100914,0.8988603988603988,0.3333333333333333,0.36538461538461536,71,0.36538461538461536,0.75
6825.425538489944,665453.5354196714,0.34862385321100914,0.8988603988603988,0.3333333333333333,0.36538461538461536,71,0.36538461538461536,0.75
6825.425538489944,665453.5354196714,0.34862385321100914,0.8988603988603988,0.3333333333333333,0.36538461538461536,71,0.36538461538461536,0.75
6825.425538489944,665453.5354196714,0.34862385321100914,0.8988603988603988,0.3333333333333333,0.36538461538461536,71,0.36538461538461536,0.75
6825.425538489944,665453.5354196714,0.34862385321100914,0.8988603988603988,0.3333333333333333,0.36538461538461536,71,0.36538461538461536,0.75
6825.425538489944,665453.5354196714,0.34862385321100914,0.8988603988603988,0.3333333333333333,0.36538461538461536,71,0.36538461538461536,0.75
6825.425538489944,665453.5354196714,0.34862385321100914,0.8988603988603988,0.3333333333333333,0.36538461538461536,71,0.36538461538461536,0.75
6825.425538489944,665453.5354196714,0.34862385321100914,0.8988603988603988,0.3333333333333333,0.36538461538461536,71,0.36538461538461536,0.75
6825.425538489944,665453.5354196714,0.34862385321100914,0.8988603988603988,0.3333333333333333,0.36538461538461536,71,0.36538461538461536,0.75
6825.425538489944,665453.5354196714,0.34862385321100914,0.8988603988603988,0.3333333333333333,0.36538461538461536,71,0.36538461538461536,0.75
6825.425538489944,665453.5354196714,0.34862385321100914,0.8988603988603988,0.3333333333333333,0.36538461538461536,71,0.36538461538461536,0.75
6825.425538489944,665453.5354196714,0.34862385321100914,0.8988603988603988,0.3333333333333333,0.36538461538461536,71,0.36538461538461536,0.75
6825.425538489944,665453.5354196714,0.34862385321100914,0.8988603988603988,0.3333333333333333,0.36538461538461536,71,0.36538461538461536,0.75
6825.425538489944,665453.5354196714,0.34862385321100914,0.8988603988603988,0.3333333333333333,0.36538461538461536,71,0.36538461538461536,0.75
6825.425538489944,665453.5354196714,0.34862385321100914,0.8988603988603988,0.3333333333333333,0.36538461538461536,71,0.36538461538461536,0.75
6825.425538489944,665453.5354196714,0.34862385321100914,0.8988603988603988,0.3333333333333333,0.36538461538461536,71,0.36538461538461536,0.75
6825.425538489944,665453.5354196714,0.34862385321100914,0.8988603988603988,0.3333333333333333,0.36538461538461536,71,0.36538461538461536,0.75
6825.425538489944,665453.5354196714,0.34862385321100914,0.8988603988603988,0.3333333333333333,0.36538461538461536,71,0.36538461538461536,0.75
6825.425538489944,665453.5354196714,0.34862385321100914,0.8988603988603988,0.3333333333333333,0.36538461538461536,71,0.36538461538461536,0.75
6825.425538489944,665453.5354196714,0.34862385321100914,0.8988603988603988,0.3333333333333333,0.36538461538461536,71,0.36538461538461536,0.75
6825.425538489944,665453.5354196714,0.34862385321100914,0.8988603988603988,0.3333333333333333,0.36538461538461536,71,0.36538461538461536,0.75
6825.425538489944,665453.5354196714,0.34862385321100914,0.8988603988603988,0.3333333333333333,0.36538461538461536,71,0.36538461538461536,0.75
6825.425538489944,665453.5354196714,0.34862385321100914,0.8988603988603988,0.3333333333333333,0.36538461538461536,71,0.36538461538461536,0.75
6825.425538489944,665453.5354196714,0.34862385321100914,0.8988603988603988,0.3333333333333333,0.36538461538461536,71,0.36538461538461536,0.75
6825.425538489944,665453.5354196714,0.34862385321100914,0.8988603988603988,0.3333333333333333,0.36538461538461536,71,0.36538461538461536,0.75
6825.425538489944,665453.5354196714,0.34862385321100914,0.8988603988603988,0.3333333333333333,0.36538461538461536,71,0.36538461538461536,0.75
6825.425538489944,665453.5354196714,0.34862385321100914,0.8988603988603988,0.3333333333333333,0.36538461538461536,71,0.36538461538461536,0.75
6825.425538489944,665453.5354196714,0.34862385321100914,0.8988603988603988,0.3333333333333333,0.36538461538461536,71,0.36538461538461536,0.75
6825.425538489944,665453.5354196714,0.34862385321100914,0.8988603988603988,0.3333333333333333,0.36538461538461536,71,0.36538461538461536,0.75
6825.425538489944,665453.5354196714,0.34862385321100914,0.8988603988603988,0.3333333333333333,0.36538461538461536,71,0.36538461538461536,0.75
6825.425538489944,665453.5354196714,0.34862385321100914,0.8988603988603988,0.3333333333333333,0.36538461538461536,71,0.36538461538461536,0.75
6825.425538489944,665453.5354196714,0.34862385321100914,0.8988603988603988,0.3333333333333333,0.36538461538461536,71,0.36538461538461536,0.75
6825.425538489944,665453.5354196714,0.34862385321100914,0.8988603988603988,0.3333333333333333,0.36538461538461536,71,0.36538461538461536,0.75
6825.425538489944,665453.5354196714,0.34862385321100914,0.8988603988603988,0.3333333333333333,0.36538461538461536,71,0.36538461538461536,0.75
6825.425538489944,665453.5354196714,0.34862385321100914,0.8988603988603988,0.3333333333333333,0.36538461538461536,71,0.36538461538461536,0.75
6825.425538489944,665453.5354196714,0.34862385321100914,0.8988603988603988,0.3333333333333333,0.36538461538461536,71,0.36538461538461536,0.75
6825.425538489944,665453.5354196714,0.34862385321100914,0.8988603988603988,0.3333333333333333,0.36538461538461536,71,0.36538461538461536,0.75
6825.425538489944,665453.5354196714,0.34862385321100914,0.8988603988603988,0.3333333333333333,0.36538461538461536,71,0.36538461538461536,0.75
6825.425538489944,665453.5354196714,0.34862385321100914,0.8988603988603988,0.3333333333333333,0.36538461538461536,71,0.36538461538461536,0.75
6825.425538489944,665453.5354196714,0.34862385321100914,0.8988603988603988,0.3333333333333333,0.36538461538461536,71,0.36538461538461536,0.75
6825.425538489944,665453.5354196714,0.34862385321100914,0.8988603988603988,0.3333333333333333,0.36538461538461536,71,0.36538461538461536,0.75
6825.425538489944,665453.5354196714,0.34862385321100914,0.8988603988603988,0.3333333333333333,0.36538461538461536,71,0.36538461538461536,0.75
6825.425538489944,665453.5354196714,0.34862385321100914,0.8988603988603988,0.3333333333333333,0.36538461538461536,71,0.36538461538461536,0.75
6825.425538489944,665453.5354196714,0.34862385321100914,0.8988603988603988,0.3333333333333333,0.36538461538461536,71,0.36538461538461536,0.75
6825.425538489944,665453.5354196714,0.34862385321100914,0.8988603988603988,0.3333333333333333,0.36538461538461536,71,0.36538461538461536,0.75
6825.425538489944,665453.5354196714,0.34862385321100914,0.8988603988603988,0.3333333333333333,0.36538461538461536,71,0.36538461538461536,0.75
6825.425538489944,665453.5354196714,0.34862385321100914,0.8988603988603988,0.3333333333333333,0.36538461538461536,71,0.36538461538461536,0.75
6825.425538489944,665453.5354196714,0.34862385321100914,0.8988603988603988,0.3333333333333333,0.36538461538461536,71,0.36538461538461536,0.75
6825.425538489944,665453.5354196714,0.34862385321100914,0.8988603988603988,0.3333333333333333,0.36538461538461536,71,0.36538461538461536,0.75
6825.425538489944,665453.5354196714,0.34862385321100914,0.8988603988603988,0.3333333333333333,0.36538461538461536,71,0.36538461538461536,0.75
6825.425538489944,665453.5354196714,0.34862385321100914,0.8988603988603988,0.3333333333333333,0.36538461538461536,71,0.36538461538461536,0.75
6825.425538489944,665453.5354196714,0.34862385321100914,0.8988603988603988,0.3333333333333333,0.36538461538461536,71,0.36538461538461536,0.75
6825.425538489944,665453.5354196714,0.34862385321100914,0.8988603988603988,0.3333333333333333,0.36538461538461536,71,0.36538461538461536,0.75
6825.425538489944,665453.5354196714,0.34862385321100914,0.8988603988603988,0.3333333333333333,0.36538461538461536,71,0.36538461538461536,0.75
6825.425538489944,665453.5354196714,0.34862385321100914,0.8988603988603988,0.3333333333333333,0.36538461538461536,71,0.36538461538461536,0.75
6825.425538489944,665453.5354196714,0.34862385321100914,0.8988603988603988,0.3333333333333333,0.36538461538461536,71,0.36538461538461536,0.75
6825.425538489944,665453.5354196714,0.34862385321100914,0.8988603988603988,0.3333333333333333,0.36538461538461536,71,0.36538461538461536,0.75
6825.425538489944,665453.5354196714,0.34862385321100914,0.8988603988603988,0.3333333333333333,0.36538461538461536,71,0.36538461538461536,0.75
6825.425538489944,665453.5354196714,0.34862385321100914,0.8988603988603988,0.3333333333333333,0.36538461538461536,71,0.36538461538461536,0.75
6825.425538489944,665453.5354196714,0.34862385321100914,0.8988603988603988,0.3333333333333333,0.36538461538461536,71,0.36538461538461536,0.75
6825.425538489944,665453.5354196714,0.34862385321100914,0.8988603988603988,0.3333333333333333,0.36538461538461536,71,0.36538461538461536,0.75
6825.425538489944,665453.5354196714,0.34862385321100914,0.8988603988603988,0.3333333333333333,0.36538461538461536,71,0.36538461538461536,0.75
6825.425538489944,665453.5354196714,0.34862385321100914,0.8988603988603988,0.3333333333333333,0.36538461538461536,71,0.36538461538461536,0.75
6825.425538489944,665453.5354196714,0.34862385321100914,0.8988603988603988,0.3333333333333333,0.36538461538461536,71,0.36538461538461536,0.75
6825.425538489944,665453.5354196714,0.34862385321100914,0.8988603988603988,0.3333333333333333,0.36538461538461536,71,0.36538461538461536,0.75
6825.425538489944,665453.5354196714,0.34862385321100914,0.8988603988603988,0.3333333333333333,0.36538461538461536,71,0.36538461538461536,0.75
6825.425538489944,665453.5354196714,0.34862385321100914,0.8988603988603988,0.3333333333333333,0.36538461538461536,71,0.36538461538461536,0.75
6825.425538489944,665453.5354196714,0.34862385321100914,0.8988603988603988,0.3333333333333333,0.36538461538461536,71,0.36538461538461536,0.75
6825.425538489944,665453.5354196714,0.34862385321100914,0.8988603988603988,0.3333333333333333,0.36538461538461536,71,0.36538461538461536,0.75
6825.425538489944,665453.5354196714,0.34862385321100914,0.8988603988603988,0.3333333333333333,0.36538461538461536,71,0.36538461538461536,0.75
6825.425538489944,665453.5354196714,0.34862385321100914,0.8988603988603988,0.3333333333333333,0.36538461538461536,71,0.36538461538461536,0.75
6825.425538489944,665453.5354196714,0.34862385321100914,0.8988603988603988,0.3333333333333333,0.36538461538461536,71,0.36538461538461536,0.75
6825.425538489944,665453.5354196714,0.34862385321100914,0.8988603988603988,0.3333333333333333,0.36538461538461536,71,0.36538461538461536,0.75
6825.425538489944,665453.5354196714,0.34862385321100914,0.8988603988603988,0.3333333333333333,0.36538461538461536,71,0.36538461538461536,0.75
6825.425538489944,665453.5354196714,0.34862385321100914,0.8988603988603988,0.3333333333333333,0.36538461538461536,71,0.36538461538461536,0.75
6825.425538489944,665453.5354196714,0.34862385321100914,0.8988603988603988,0.3333333333333333,0.36538461538461536,71,0.36538461538461536,0.75
6825.425538489944,665453.5354196714,0.34862385321100914,0.8988603988603988,0.3333333333333333,0.36538461538461536,71,0.36538461538461536,0.75
6825.425538489944,665453.5354196714,0.34862385321100914,0.8988603988603988,0.3333333333333333,0.36538461538461536,71,0.36538461538461536,0.75
6825.425538489944,665453.5354196714,0.34862385321100914,0.8988603988603988,0.3333333333333333,0.36538461538461536,71,0.36538461538461536,0.75
6825.425538489944,665453.5354196714,0.34862385321100914,0.8988603988603988,0.3333333333333333,0.36538461538461536,71,0.36538461538461536,0.75
6825.425538489944,665453.5354196714,0.34862385321100914,0.8988603988603988,0.3333333333333333,0.36538461538461536,71,0.36538461538461536,0.75
6825.425538489944,665453.5354196714,0.34862385321100914,0.8988603988603988,0.3333333333333333,0.36538461538461536,71,0.36538461538461536,0.75
6825.425538489944,665453.5354196714,0.34862385321100914,0.8988603988603988,0.3333333333333333,0.36538461538461536,71,0.36538461538461536,0.75
6825.425538489944,665453.5354196714,0.34862385321100914,0.8988603988603988,0.3333333333333333,0.36538461538461536,71,0.36538461538461536,0.75
6825.425538489944,665453.5354196714,0.34862385321100914,0.8988603988603988,0.3333333333333333,0.36538461538461536,71,0.36538461538461536,0.75
6825.425538489944,665453.5354196714,0.34862385321100914,0.8988603988603988,0.3333333333333333,0.36538461538461536,71,0.36538461538461536,0.75
6825.425538489944,665453.5354196714,0.34862385321100914,0.8988603988603988,0.3333333333333333,0.36538461538461536,71,0.36538461538461536,0.75
6825.425538489944,665453.5354196714,0.34862385321100914,0.8988603988603988,0.3333333333333333,0.36538461538461536,71,0.36538461538461536,0.75
6825.425538489944,665453.5354196714,0.34862385321100914,0.8988603988603988,0.3333333333333333,0.36538461538461536,71,0.36538461538461536,0.75
6825.425538489944,665453.5354196714,0.34862385321100914,0.8988603988603988,0.3333333333333333,0.36538461538461536,71,0.36538461538461536,0.75
6825.425538489944,665453.5354196714,0.34862385321100914,0.8988603988603988,0.3333333333333333,0.36538461538461536,71,0.36538461538461536,0.75
6825.425538489944,665453.5354196714,0.34862385321100914,0.8988603988603988,0.3333333333333333,0.36538461538461536,71,0.36538461538461536,0.75
6825.425538489944,665453.5354196714,0.34862385321100914,0.8988603988603988,0.3333333333333333,0.36538461538461536,71,0.36538461538461536,0.75
6825.425538489944,665453.5354196714,0.34862385321100914,0.8988603988603988,0.3333333333333333,0.36538461538461536,71,0.36538461538461536,0.75
6825.425538489944,665453.5354196714,0.34862385321100914,0.8988603988603988,0.3333333333333333,0.36538461538461536,71,0.36538461538461536,0.75
6825.425538489944,665453.5354196714,0.34862385321100914,0.8988603988603988,0.3333333333333333,0.36538461538461536,71,0.36538461538461536,0.75
6825.425538489944,665453.5354196714,0.34862385321100914,0.8988603988603988,0.3333333333333333,0.36538461538461536,71,0.36538461538461536,0.75
6825.425538489944,665453.5354196714,0.34862385321100914,0.8988603988603988,0.3333333333333333,0.36538461538461536,71,0.36538461538461536,0.75
6825.425538489944,665453.5354196714,0.34862385321100914,0.8988603988603988,0.3333333333333333,0.36538461538461536,71,0.36538461538461536,0.75
6825.425538489944,665453.5354196714,0.34862385321100914,0.8988603988603988,0.3333333333333333,0.36538461538461536,71,0.36538461538461536,0.75
6825.425538489944,665453.5354196714,0.34862385321100914,0.8988603988603988,0.3333333333333333,0.36538461538461536,71,0.36538461538461536,0.75
6825.425538489944,665453.5354196714,0.34862385321100914,0.8988603988603988,0.3333333333333333,0.36538461538461536,71,0.36538461538461536,0.75
6825.425538489944,665453.5354196714,0.34862385321100914,0.8988603988603988,0.3333333333333333,0.36538461538461536,71,0.36538461538461536,0.75
6825.425538489944,665453.5354196714,0.34862385321100914,0.8988603988603988,0.3333333333333333,0.36538461538461536,71,0.36538461538461536,0.75
6825.425538489944,665453.5354196714,0.34862385321100914,0.8988603988603988,0.3333333333333333,0.36538461538461536,71,0.36538461538461536,0.75
6825.425538489944,665453.5354196714,0.34862385321100914,0.8988603988603988,0.3333333333333333,0.36538461538461536,71,0.36538461538461536,0.75
6825.425538489944,665453.5354196714,0.34862385321100914,0.8988603988603988,0.3333333333333333,0.36538461538461536,71,0.36538461538461536,0.75
6825.425538489944,665453.5354196714,0.34862385321100914,0.8988603988603988,0.3333333333333333,0.36538461538461536,71,0.36538461538461536,0.75
6825.425538489944,665453.5354196714,0.34862385321100914,0.8988603988603988,0.3333333333333333,0.36538461538461536,71,0.36538461538461536,0.75
6825.425538489944,665453.5354196714,0.34862385321100914,0.8988603988603988,0.3333333333333333,0.36538461538461536,71,0.36538461538461536,0.75
6825.425538489944,665453.5354196714,0.34862385321100914,0.8988603988603988,0.3333333333333333,0.36538461538461536,71,0.36538461538461536,0.75
6825.425538489944,665453.5354196714,0.34862385321100914,0.8988603988603988,0.3333333333333333,0.36538461538461536,71,0.36538461538461536,0.75
6825.425538489944,665453.5354196714,0.34862385321100914,0.8988603988603988,0.3333333333333333,0.36538461538461536,71,0.36538461538461536,0.75
6825.425538489944,665453.5354196714,0.34862385321100914,0.8988603988603988,0.3333333333333333,0.36538461538461536,71,0.36538461538461536,0.75
6825.425538489944,665453.5354196714,0.34862385321100914,0.8988603988603988,0.3333333333333333,0.36538461538461536,71,0.36538461538461536,0.75
6825.425538489944,665453.5354196714,0.34862385321100914,0.8988603988603988,0.3333333333333333,0.36538461538461536,71,0.36538461538461536,0.75
6825.425538489944,665453.5354196714,0.34862385321100914,0.8988603988603988,0.3333333333333333,0.36538461538461536,71,0.36538461538461536,0.75
6825.425538489944,665453.5354196714,0.34862385321100914,0.8988603988603988,0.3333333333333333,0.36538461538461536,71,0.36538461538461536,0.75
6825.425538489944,665453.5354196714,0.34862385321100914,0.8988603988603988,0.3333333333333333,0.36538461538461536,71,0.36538461538461536,0.75
6825.425538489944,665453.5354196714,0.34862385321100914,0.8988603988603988,0.3333333333333333,0.36538461538461536,71,0.36538461538461536,0.75
6825.425538489944,665453.5354196714,0.34862385321100914,0.8988603988603988,0.3333333333333333,0.36538461538461536,71,0.36538461538461536,0.75
6825.425538489944,665453.5354196714,0.34862385321100914,0.8988603988603988,0.3333333333333333,0.36538461538461536,71,0.36538461538461536,0.75
6825.425538489944,665453.5354196714,0.34862385321100914,0.8988603988603988,0.3333333333333333,0.36538461538461536,71,0.36538461538461536,0.75
6825.425538489944,665453.5354196714,0.34862385321100914,0.8988603988603988,0.3333333333333333,0.36538461538461536,71,0.36538461538461536,0.75
6825.425538489944,665453.5354196714,0.34862385321100914,0.8988603988603988,0.3333333333333333,0.36538461538461536,71,0.36538461538461536,0.75
6825.425538489944,665453.5354196714,0.34862385321100914,0.8988603988603988,0.3333333333333333,0.36538461538461536,71,0.36538461538461536,0.75
6825.425538489944,665453.5354196714,0.34862385321100914,0.8988603988603988,0.3333333333333333,0.36538461538461536,71,0.36538461538461536,0.75
6825.425538489944,665453.5354196714,0.34862385321100914,0.8988603988603988,0.3333333333333333,0.36538461538461536,71,0.36538461538461536,0.75
6825.425538489944,665453.5354196714,0.34862385321100914,0.8988603988603988,0.3333333333333333,0.36538461538461536,71,0.36538461538461536,0.75
6825.425538489944,665453.5354196714,0.34862385321100914,0.8988603988603988,0.3333333333333333,0.36538461538461536,71,0.36538461538461536,0.75
6825.425538489944,665453.5354196714,0.34862385321100914,0.8988603988603988,0.3333333333333333,0.36538461538461536,71,0.36538461538461536,0.75
6825.425538489944,665453.5354196714,0.34862385321100914,0.8988603988603988,0.3333333333333333,0.36538461538461536,71,0.36538461538461536,0.75
6825.425538489944,665453.5354196714,0.34862385321100914,0.8988603988603988,0.3333333333333333,0.36538461538461536,71,0.36538461538461536,0.75
6825.425538489944,665453.5354196714,0.34862385321100914,0.8988603988603988,0.3333333333333333,0.36538461538461536,71,0.36538461538461536,0.75
6825.425538489944,665453.5354196714,0.34862385321100914,0.8988603988603988,0.3333333333333333,0.36538461538461536,71,0.36538461538461536,0.75
6825.425538489944,665453.5354196714,0.34862385321100914,0.8988603988603988,0.3333333333333333,0.36538461538461536,71,0.36538461538461536,0.75
6825.425538489944,665453.5354196714,0.34862385321100914,0.8988603988603988,0.3333333333333333,0.36538461538461536,71,0.36538461538461536,0.75
6825.425538489944,665453.5354196714,0.34862385321100914,0.8988603988603988,0.3333333333333333,0.36538461538461536,71,0.36538461538461536,0.75
6825.425538489944,665453.5354196714,0.34862385321100914,0.8988603988603988,0.3333333333333333,0.36538461538461536,71,0.36538461538461536,0.75
6825.425538489944,665453.5354196714,0.34862385321100914,0.8988603988603988,0.3333333333333333,0.36538461538461536,71,0.36538461538461536,0.75
6825.425538489944,665453.5354196714,0.34862385321100914,0.8988603988603988,0.3333333333333333,0.36538461538461536,71,0.36538461538461536,0.75
6825.425538489944,665453.5354196714,0.34862385321100914,0.8988603988603988,0.3333333333333333,0.36538461538461536,71,0.36538461538461536,0.75
6825.425538489944,665453.5354196714,0.34862385321100914,0.8988603988603988,0.3333333333333333,0.36538461538461536,71,0.36538461538461536,0.75
6825.425538489944,665453.5354196714,0.34862385321100914,0.8988603988603988,0.3333333333333333,0.36538461538461536,71,0.36538461538461536,0.75
6825.425538489944,665453.5354196714,0.34862385321100914,0.8988603988603988,0.3333333333333333,0.36538461538461536,71,0.36538461538461536,0.75
6825.425538489944,665453.5354196714,0.34862385321100914,0.8988603988603988,0.3333333333333333,0.36538461538461536,71,0.36538461538461536,0.75
6825.425538489944,665453.5354196714,0.34862385321100914,0.8988603988603988,0.3333333333333333,0.36538461538461536,71,0.36538461538461536,0.75
6825.425538489944,665453.5354196714,0.34862385321100914,0.8988603988603988,0.3333333333333333,0.36538461538461536,71,0.36538461538461536,0.75
6825.425538489944,665453.5354196714,0.34862385321100914,0.8988603988603988,0.3333333333333333,0.36538461538461536,71,0.36538461538461536,0.75
6825.425538489944,665453.5354196714,0.34862385321100914,0.8988603988603988,0.3333333333333333,0.36538461538461536,71,0.36538461538461536,0.75
6825.425538489944,665453.5354196714,0.34862385321100914,0.8988603988603988,0.3333333333333333,0.36538461538461536,71,0.36538461538461536,0.75
6825.425538489944,665453.5354196714,0.34862385321100914,0.8988603988603988,0.3333333333333333,0.36538461538461536,71,0.36538461538461536,0.75
6825.425538489944,665453.5354196714,0.34862385321100914,0.8988603988603988,0.3333333333333333,0.36538461538461536,71,0.36538461538461536,0.75
6825.425538489944,665453.5354196714,0.34862385321100914,0.8988603988603988,0.3333333333333333,0.36538461538461536,71,0.36538461538461536,0.75
6825.425538489944,665453.5354196714,0.34862385321100914,0.8988603988603988,0.3333333333333333,0.36538461538461536,71,0.36538461538461536,0.75
6825.425538489944,665453.5354196714,0.34862385321100914,0.8988603988603988,0.3333333333333333,0.36538461538461536,71,0.36538461538461536,0.75
6825.425538489944,665453.5354196714,0.34862385321100914,0.8988603988603988,0.3333333333333333,0.36538461538461536,71,0.36538461538461536,0.75
6825.425538489944,665453.5354196714,0.34862385321100914,0.8988603988603988,0.3333333333333333,0.36538461538461536,71,0.36538461538461536,0.75
6825.425538489944,665453.5354196714,0.34862385321100914,0.8988603988603988,0.3333333333333333,0.36538461538461536,71,0.36538461538461536,0.75
6825.425538489944,665453.5354196714,0.34862385321100914,0.8988603988603988,0.3333333333333333,0.36538461538461536,71,0.36538461538461536,0.75
6825.425538489944,665453.5354196714,0.34862385321100914,0.8988603988603988,0.3333333333333333,0.36538461538461536,71,0.36538461538461536,0.75
6825.425538489944,665453.5354196714,0.34862385321100914,0.8988603988603988,0.3333333333333333,0.36538461538461536,71,0.36538461538461536,0.75
6825.425538489944,665453.5354196714,0.34862385321100914,0.8988603988603988,0.3333333333333333,0.36538461538461536,71,0.36538461538461536,0.75
6825.425538489944,665453.5354196714,0.34862385321100914,0.8988603988603988,0.3333333333333333,0.36538461538461536,71,0.36538461538461536,0.75
6825.425538489944,665453.5354196714,0.34862385321100914,0.8988603988603988,0.3333333333333333,0.36538461538461536,71,0.36538461538461536,0.75
6825.425538489944,665453.5354196714,0.34862385321100914,0.8988603988603988,0.3333333333333333,0.36538461538461536,71,0.36538461538461536,0.75
6825.425538489944,665453.5354196714,0.34862385321100914,0.8988603988603988,0.3333333333333333,0.36538461538461536,71,0.36538461538461536,0.75
6825.425538489944,665453.5354196714,0.34862385321100914,0.8988603988603988,0.3333333333333333,0.36538461538461536,71,0.36538461538461536,0.75
6825.425538489944,665453.5354196714,0.34862385321100914,0.8988603988603988,0.3333333333333333,0.36538461538461536,71,0.36538461538461536,0.75
6825.425538489944,665453.5354196714,0.34862385321100914,0.8988603988603988,0.3333333333333333,0.36538461538461536,71,0.36538461538461536,0.75
6825.425538489944,665453.5354196714,0.34862385321100914,0.8988603988603988,0.3333333333333333,0.36538461538461536,71,0.36538461538461536,0.75
6825.425538489944,665453.5354196714,0.34862385321100914,0.8988603988603988,0.3333333333333333,0.36538461538461536,71,0.36538461538461536,0.75
6825.425538489944,665453.5354196714,0.34862385321100914,0.8988603988603988,0.3333333333333333,0.36538461538461536,71,0.36538461538461536,0.75
6825.425538489944,665453.5354196714,0.34862385321100914,0.8988603988603988,0.3333333333333333,0.36538461538461536,71,0.36538461538461536,0.75
6825.425538489944,665453.5354196714,0.34862385321100914,0.8988603988603988,0.3333333333333333,0.36538461538461536,71,0.36538461538461536,0.75
6825.425538489944,665453.5354196714,0.34862385321100914,0.8988603988603988,0.3333333333333333,0.36538461538461536,71,0.36538461538461536,0.75
6825.425538489944,665453.5354196714,0.34862385321100914,0.8988603988603988,0.3333333333333333,0.36538461538461536,71,0.36538461538461536,0.75
6825.425538489944,665453.5354196714,0.34862385321100914,0.8988603988603988,0.3333333333333333,0.36538461538461536,71,0.36538461538461536,0.75
6825.425538489944,665453.5354196714,0.34862385321100914,0.8988603988603988,0.3333333333333333,0.36538461538461536,71,0.36538461538461536,0.75
6825.425538489944,665453.5354196714,0.34862385321100914,0.8988603988603988,0.3333333333333333,0.36538461538461536,71,0.36538461538461536,0.75
6825.425538489944,665453.5354196714,0.34862385321100914,0.8988603988603988,0.3333333333333333,0.36538461538461536,71,0.36538461538461536,0.75
6825.425538489944,665453.5354196714,0.34862385321100914,0.8988603988603988,0.3333333333333333,0.36538461538461536,71,0.36538461538461536,0.75
6825.425538489944,665453.5354196714,0.34862385321100914,0.8988603988603988,0.3333333333333333,0.36538461538461536,71,0.36538461538461536,0.75
6825.425538489944,665453.5354196714,0.34862385321100914,0.8988603988603988,0.3333333333333333,0.36538461538461536,71,0.36538461538461536,0.75
6825.425538489944,665453.5354196714,0.34862385321100914,0.8988603988603988,0.3333333333333333,0.36538461538461536,71,0.36538461538461536,0.75
6825.425538489944,665453.5354196714,0.34862385321100914,0.8988603988603988,0.3333333333333333,0.36538461538461536,71,0.36538461538461536,0.75
6825.425538489944,665453.5354196714,0.34862385321100914,0.8988603988603988,0.3333333333333333,0.36538461538461536,71,0.36538461538461536,0.75
6825.425538489944,665453.5354196714,0.34862385321100914,0.8988603988603988,0.3333333333333333,0.36538461538461536,71,0.36538461538461536,0.75
6825.425538489944,665453.5354196714,0.34862385321100914,0.8988603988603988,0.3333333333333333,0.36538461538461536,71,0.36538461538461536,0.75
6825.425538489944,665453.5354196714,0.34862385321100914,0.8988603988603988,0.3333333333333333,0.36538461538461536,71,0.36538461538461536,0.75
6825.425538489944,665453.5354196714,0.34862385321100914,0.8988603988603988,0.3333333333333333,0.36538461538461536,71,0.36538461538461536,0.75
6825.425538489944,665453.5354196714,0.34862385321100914,0.8988603988603988,0.3333333333333333,0.36538461538461536,71,0.36538461538461536,0.75
6825.425538489944,665453.5354196714,0.34862385321100914,0.8988603988603988,0.3333333333333333,0.36538461538461536,71,0.36538461538461536,0.75
6825.425538489944,665453.5354196714,0.34862385321100914,0.8988603988603988,0.3333333333333333,0.36538461538461536,71,0.36538461538461536,0.75
6825.425538489944,665453.5354196714,0.34862385321100914,0.8988603988603988,0.3333333333333333,0.36538461538461536,71,0.36538461538461536,0.75
6825.425538489944,665453.5354196714,0.34862385321100914,0.8988603988603988,0.3333333333333333,0.36538461538461536,71,0.36538461538461536,0.75
6825.425538489944,665453.5354196714,0.34862385321100914,0.8988603988603988,0.3333333333333333,0.36538461538461536,71,0.36538461538461536,0.75
6825.425538489944,665453.5354196714,0.34862385321100914,0.8988603988603988,0.3333333333333333,0.36538461538461536,71,0.36538461538461536,0.75
6825.425538489944,665453.5354196714,0.34862385321100914,0.8988603988603988,0.3333333333333333,0.36538461538461536,71,0.36538461538461536,0.75
6825.425538489944,665453.5354196714,0.34862385321100914,0.8988603988603988,0.3333333333333333,0.36538461538461536,71,0.36538461538461536,0.75
6825.425538489944,665453.5354196714,0.34862385321100914,0.8988603988603988,0.3333333333333333,0.36538461538461536,71,0.36538461538461536,0.75
6825.425538489944,665453.5354196714,0.34862385321100914,0.8988603988603988,0.3333333333333333,0.36538461538461536,71,0.36538461538461536,0.75
6825.425538489944,665453.5354196714,0.34862385321100914,0.8988603988603988,0.3333333333333333,0.36538461538461536,71,0.36538461538461536,0.75
6825.425538489944,665453.5354196714,0.34862385321100914,0.8988603988603988,0.3333333333333333,0.36538461538461536,71,0.36538461538461536,0.75
6825.425538489944,665453.5354196714,0.34862385321100914,0.8988603988603988,0.3333333333333333,0.36538461538461536,71,0.36538461538461536,0.75
6825.425538489944,665453.5354196714,0.34862385321100914,0.8988603988603988,0.3333333333333333,0.36538461538461536,71,0.36538461538461536,0.75
6825.425538489944,665453.5354196714,0.34862385321100914,0.8988603988603988,0.3333333333333333,0.36538461538461536,71,0.36538461538461536,0.75
6825.425538489944,665453.5354196714,0.34862385321100914,0.8988603988603988,0.3333333333333333,0.36538461538461536,71,0.36538461538461536,0.75
6825.425538489944,665453.5354196714,0.34862385321100914,0.8988603988603988,0.3333333333333333,0.36538461538461536,71,0.36538461538461536,0.75
6825.425538489944,665453.5354196714,0.34862385321100914,0.8988603988603988,0.3333333333333333,0.36538461538461536,71,0.36538461538461536,0.75
6825.425538489944,665453.5354196714,0.34862385321100914,0.8988603988603988,0.3333333333333333,0.36538461538461536,71,0.36538461538461536,0.75
6825.425538489944,665453.5354196714,0.34862385321100914,0.8988603988603988,0.3333333333333333,0.36538461538461536,71,0.36538461538461536,0.75
6825.425538489944,665453.5354196714,0.34862385321100914,0.8988603988603988,0.3333333333333333,0.36538461538461536,71,0.36538461538461536,0.75
6825.425538489944,665453.5354196714,0.34862385321100914,0.8988603988603988,0.3333333333333333,0.36538461538461536,71,0.36538461538461536,0.75
6825.425538489944,665453.5354196714,0.34862385321100914,0.8988603988603988,0.3333333333333333,0.36538461538461536,71,0.36538461538461536,0.75
6825.425538489944,665453.5354196714,0.34862385321100914,0.8988603988603988,0.3333333333333333,0.36538461538461536,71,0.36538461538461536,0.75
6825.425538489944,665453.5354196714,0.34862385321100914,0.8988603988603988,0.3333333333333333,0.36538461538461536,71,0.36538461538461536,0.75
6825.425538489944,665453.5354196714,0.34862385321100914,0.8988603988603988,0.3333333333333333,0.36538461538461536,71,0.36538461538461536,0.75
6825.425538489944,665453.5354196714,0.34862385321100914,0.8988603988603988,0.3333333333333333,0.36538461538461536,71,0.36538461538461536,0.75
6825.425538489944,665453.5354196714,0.34862385321100914,0.8988603988603988,0.3333333333333333,0.36538461538461536,71,0.36538461538461536,0.75
6825.425538489944,665453.5354196714,0.34862385321100914,0.8988603988603988,0.3333333333333333,0.36538461538461536,71,0.36538461538461536,0.75
6825.425538489944,665453.5354196714,0.34862385321100914,0.8988603988603988,0.3333333333333333,0.36538461538461536,71,0.36538461538461536,0.75
6825.425538489944,665453.5354196714,0.34862385321100914,0.8988603988603988,0.3333333333333333,0.36538461538461536,71,0.36538461538461536,0.75
