BIC - Goal,BIC,F1 Score,Accuracy,Precision,Recall,SHD,SLF,TLF
228958.4693113761,887719.5348247506,0.07692307692307693,0.8632478632478633,0.07692307692307693,0.07692307692307693,96,0.07692307692307693,0.17307692307692307
208169.61819706217,866930.6837104367,0.09615384615384616,0.8660968660968661,0.09615384615384616,0.09615384615384616,94,0.09615384615384616,0.19230769230769232
202879.51200271666,861640.5775160912,0.09523809523809523,0.8646723646723646,0.09433962264150944,0.09615384615384616,95,0.09615384615384616,0.19230769230769232
193912.2714278032,852673.3369411777,0.09803921568627451,0.8689458689458689,0.1,0.09615384615384616,92,0.09615384615384616,0.21153846153846154
175265.1740724619,834026.2395858364,0.11009174311926606,0.8618233618233618,0.10526315789473684,0.11538461538461539,97,0.11538461538461539,0.25
170001.89256424934,828762.9580776239,0.12844036697247704,0.8646723646723646,0.12280701754385964,0.1346153846153846,95,0.1346153846153846,0.2692307692307692
161807.5989039319,820568.6644173064,0.1308411214953271,0.8675213675213675,0.12727272727272726,0.1346153846153846,93,0.1346153846153846,0.2692307692307692
151041.8893265922,809802.9548399667,0.11428571428571428,0.8675213675213675,0.11320754716981132,0.11538461538461539,93,0.11538461538461539,0.2692307692307692
137394.98655344266,796156.0520668172,0.14141414141414144,0.8789173789173789,0.14893617021276595,0.1346153846153846,85,0.1346153846153846,0.28846153846153844
127146.27689165447,785907.342405029,0.1568627450980392,0.8774928774928775,0.16,0.15384615384615385,86,0.15384615384615385,0.3076923076923077
120128.24139622552,778889.3069096,0.15841584158415842,0.8789173789173789,0.16326530612244897,0.15384615384615385,85,0.15384615384615385,0.3076923076923077
113548.61123264336,772309.6767460179,0.18181818181818182,0.8846153846153846,0.19148936170212766,0.17307692307692307,81,0.17307692307692307,0.3269230769230769
93838.32694626041,752599.3924596349,0.19417475728155342,0.8817663817663818,0.19607843137254902,0.19230769230769232,83,0.19230769230769232,0.34615384615384615
89521.00364735897,748282.0691607335,0.21782178217821782,0.8874643874643875,0.22448979591836735,0.21153846153846154,79,0.21153846153846154,0.36538461538461536
87914.27651164355,746675.3420250181,0.20754716981132074,0.8803418803418803,0.2037037037037037,0.21153846153846154,84,0.21153846153846154,0.36538461538461536
86646.31568930135,745407.3812026759,0.20754716981132074,0.8803418803418803,0.2037037037037037,0.21153846153846154,84,0.21153846153846154,0.36538461538461536
85088.6822291849,743849.7477425594,0.23076923076923078,0.886039886039886,0.23076923076923078,0.23076923076923078,80,0.23076923076923078,0.38461538461538464
85088.6822291849,743849.7477425594,0.23076923076923078,0.886039886039886,0.23076923076923078,0.23076923076923078,80,0.23076923076923078,0.38461538461538464
78724.4302970114,737485.4958103859,0.22857142857142856,0.8846153846153846,0.22641509433962265,0.23076923076923078,81,0.23076923076923078,0.36538461538461536
73539.39226759411,732300.4577809686,0.24528301886792453,0.886039886039886,0.24074074074074073,0.25,80,0.25,0.38461538461538464
72693.31896007957,731454.3844734541,0.2524271844660194,0.8903133903133903,0.2549019607843137,0.25,77,0.25,0.38461538461538464
71428.18280242581,730189.2483158003,0.25,0.8888888888888888,0.25,0.25,78,0.25,0.38461538461538464
71164.13194336009,729925.1974567346,0.24528301886792453,0.886039886039886,0.24074074074074073,0.25,80,0.25,0.38461538461538464
64862.64590206521,723623.7114154397,0.2616822429906542,0.8874643874643875,0.2545454545454545,0.2692307692307692,79,0.2692307692307692,0.40384615384615385
60591.39655060845,719352.462063983,0.2641509433962264,0.8888888888888888,0.25925925925925924,0.2692307692307692,78,0.2692307692307692,0.4230769230769231
60496.32065977971,719257.3861731542,0.2616822429906542,0.8874643874643875,0.2545454545454545,0.2692307692307692,79,0.2692307692307692,0.4230769230769231
58391.65435275482,717152.7198661293,0.2641509433962264,0.8888888888888888,0.25925925925925924,0.2692307692307692,78,0.2692307692307692,0.4423076923076923
56079.49368771736,714840.5592010919,0.2641509433962264,0.8888888888888888,0.25925925925925924,0.2692307692307692,78,0.2692307692307692,0.4423076923076923
55346.830149718095,714107.8956630926,0.26666666666666666,0.8903133903133903,0.2641509433962264,0.2692307692307692,77,0.2692307692307692,0.4423076923076923
52102.871451746556,710863.9369651211,0.29906542056074764,0.8931623931623932,0.2909090909090909,0.3076923076923077,75,0.3076923076923077,0.4807692307692308
50020.162316900445,708781.227830275,0.3047619047619048,0.896011396011396,0.3018867924528302,0.3076923076923077,73,0.3076923076923077,0.4807692307692308
49687.41024478001,708448.4757581545,0.29629629629629634,0.8917378917378918,0.2857142857142857,0.3076923076923077,76,0.3076923076923077,0.4807692307692308
48067.68179790978,706828.7473112843,0.3148148148148148,0.8945868945868946,0.30357142857142855,0.3269230769230769,74,0.3269230769230769,0.5
46406.09016343451,705167.155676809,0.3148148148148148,0.8945868945868946,0.30357142857142855,0.3269230769230769,74,0.3269230769230769,0.5
46134.90923671145,704895.974750086,0.3119266055045871,0.8931623931623932,0.2982456140350877,0.3269230769230769,75,0.3269230769230769,0.5
44165.961355592706,702927.0268689672,0.31775700934579443,0.896011396011396,0.3090909090909091,0.3269230769230769,73,0.3269230769230769,0.5
42372.29946189688,701133.3649752714,0.3119266055045871,0.8931623931623932,0.2982456140350877,0.3269230769230769,75,0.3269230769230769,0.5
41594.799270529766,700355.8647839043,0.3090909090909091,0.8917378917378918,0.29310344827586204,0.3269230769230769,76,0.3269230769230769,0.5
41162.44125366316,699923.5067670377,0.3063063063063063,0.8903133903133903,0.288135593220339,0.3269230769230769,77,0.3269230769230769,0.5
39141.62197501841,697902.6874883929,0.3185840707964602,0.8903133903133903,0.29508196721311475,0.34615384615384615,77,0.34615384615384615,0.5192307692307693
36036.98091798136,694798.0464313559,0.3185840707964602,0.8903133903133903,0.29508196721311475,0.34615384615384615,77,0.34615384615384615,0.5192307692307693
32886.58584066201,691647.6513540365,0.32142857142857145,0.8917378917378918,0.3,0.34615384615384615,76,0.34615384615384615,0.5384615384615384
32035.050422072993,690796.1159354475,0.3185840707964602,0.8903133903133903,0.29508196721311475,0.34615384615384615,77,0.34615384615384615,0.5384615384615384
31860.133003805066,690621.1985171796,0.3157894736842105,0.8888888888888888,0.2903225806451613,0.34615384615384615,78,0.34615384615384615,0.5384615384615384
31844.253212577896,690605.3187259524,0.3103448275862069,0.886039886039886,0.28125,0.34615384615384615,80,0.34615384615384615,0.5384615384615384
31470.30805554625,690231.3735689208,0.3157894736842105,0.8888888888888888,0.2903225806451613,0.34615384615384615,78,0.34615384615384615,0.5384615384615384
31283.75485925621,690044.8203726307,0.3185840707964602,0.8903133903133903,0.29508196721311475,0.34615384615384615,77,0.34615384615384615,0.5384615384615384
30567.194242412457,689328.259755787,0.3076923076923077,0.8846153846153846,0.27692307692307694,0.34615384615384615,81,0.34615384615384615,0.5384615384615384
29673.110473361332,688434.1759867358,0.3103448275862069,0.886039886039886,0.28125,0.34615384615384615,80,0.34615384615384615,0.5384615384615384
29192.185111041646,687953.2506244162,0.3130434782608696,0.8874643874643875,0.2857142857142857,0.34615384615384615,79,0.34615384615384615,0.5384615384615384
28877.749696867773,687638.8152102423,0.3130434782608696,0.8874643874643875,0.2857142857142857,0.34615384615384615,79,0.34615384615384615,0.5384615384615384
28542.22114902828,687303.2866624028,0.3157894736842105,0.8888888888888888,0.2903225806451613,0.34615384615384615,78,0.34615384615384615,0.5384615384615384
27435.35867917782,686196.4241925523,0.3130434782608696,0.8874643874643875,0.2857142857142857,0.34615384615384615,79,0.34615384615384615,0.5576923076923077
27435.35867917782,686196.4241925523,0.3130434782608696,0.8874643874643875,0.2857142857142857,0.34615384615384615,79,0.34615384615384615,0.5576923076923077
27435.35867917782,686196.4241925523,0.3130434782608696,0.8874643874643875,0.2857142857142857,0.34615384615384615,79,0.34615384615384615,0.5576923076923077
27114.195047377027,685875.2605607515,0.3157894736842105,0.8888888888888888,0.2903225806451613,0.34615384615384615,78,0.34615384615384615,0.5576923076923077
26386.030822631205,685147.0963360057,0.3185840707964602,0.8903133903133903,0.29508196721311475,0.34615384615384615,77,0.34615384615384615,0.5576923076923077
24886.06637980684,683647.1318931814,0.33333333333333337,0.8917378917378918,0.3064516129032258,0.36538461538461536,76,0.36538461538461536,0.5576923076923077
23898.89455975243,682659.960073127,0.33928571428571425,0.8945868945868946,0.31666666666666665,0.36538461538461536,74,0.36538461538461536,0.5576923076923077
23241.573099945206,682002.6386133197,0.336283185840708,0.8931623931623932,0.3114754098360656,0.36538461538461536,75,0.36538461538461536,0.5576923076923077
22373.067449437105,681134.1329628116,0.336283185840708,0.8931623931623932,0.3114754098360656,0.36538461538461536,75,0.36538461538461536,0.5769230769230769
22123.99792093993,680885.0634343144,0.33928571428571425,0.8945868945868946,0.31666666666666665,0.36538461538461536,74,0.36538461538461536,0.5769230769230769
21628.86415184976,680389.9296652243,0.33043478260869563,0.8903133903133903,0.30158730158730157,0.36538461538461536,77,0.36538461538461536,0.5769230769230769
21466.676461132825,680227.7419745073,0.336283185840708,0.8931623931623932,0.3114754098360656,0.36538461538461536,75,0.36538461538461536,0.5769230769230769
21466.676461132825,680227.7419745073,0.336283185840708,0.8931623931623932,0.3114754098360656,0.36538461538461536,75,0.36538461538461536,0.5769230769230769
20963.055590583594,679724.1211039581,0.33928571428571425,0.8945868945868946,0.31666666666666665,0.36538461538461536,74,0.36538461538461536,0.5769230769230769
20636.975690531428,679398.041203906,0.336283185840708,0.8931623931623932,0.3114754098360656,0.36538461538461536,75,0.36538461538461536,0.5769230769230769
20636.975690531428,679398.041203906,0.336283185840708,0.8931623931623932,0.3114754098360656,0.36538461538461536,75,0.36538461538461536,0.5769230769230769
20510.141199199366,679271.2067125739,0.33928571428571425,0.8945868945868946,0.31666666666666665,0.36538461538461536,74,0.36538461538461536,0.5769230769230769
20430.52731767972,679191.5928310542,0.34234234234234234,0.896011396011396,0.3220338983050847,0.36538461538461536,73,0.36538461538461536,0.5769230769230769
20268.37143981026,679029.4369531848,0.33333333333333337,0.8917378917378918,0.3064516129032258,0.36538461538461536,76,0.36538461538461536,0.5769230769230769
19477.001108202618,678238.0666215771,0.336283185840708,0.8931623931623932,0.3114754098360656,0.36538461538461536,75,0.36538461538461536,0.5769230769230769
19236.72418056603,677997.7896939405,0.33333333333333337,0.8917378917378918,0.3064516129032258,0.36538461538461536,76,0.36538461538461536,0.5769230769230769
19079.825514930068,677840.8910283046,0.33928571428571425,0.8945868945868946,0.31666666666666665,0.36538461538461536,74,0.36538461538461536,0.5769230769230769
19005.691827117582,677766.7573404921,0.33043478260869563,0.8903133903133903,0.30158730158730157,0.36538461538461536,77,0.36538461538461536,0.5769230769230769
18749.27540148492,677510.3409148594,0.336283185840708,0.8931623931623932,0.3114754098360656,0.36538461538461536,75,0.36538461538461536,0.5769230769230769
18749.27540148492,677510.3409148594,0.336283185840708,0.8931623931623932,0.3114754098360656,0.36538461538461536,75,0.36538461538461536,0.5769230769230769
18689.415197642404,677450.4807110169,0.33928571428571425,0.8945868945868946,0.31666666666666665,0.36538461538461536,74,0.36538461538461536,0.5769230769230769
18689.415197642404,677450.4807110169,0.33928571428571425,0.8945868945868946,0.31666666666666665,0.36538461538461536,74,0.36538461538461536,0.5769230769230769
18689.415197642404,677450.4807110169,0.33928571428571425,0.8945868945868946,0.31666666666666665,0.36538461538461536,74,0.36538461538461536,0.5769230769230769
18612.04315572011,677373.1086690946,0.336283185840708,0.8931623931623932,0.3114754098360656,0.36538461538461536,75,0.36538461538461536,0.5769230769230769
18501.66635141382,677262.7318647883,0.336283185840708,0.8931623931623932,0.3114754098360656,0.36538461538461536,75,0.36538461538461536,0.5769230769230769
18412.871919359663,677173.9374327342,0.33928571428571425,0.8945868945868946,0.31666666666666665,0.36538461538461536,74,0.36538461538461536,0.5769230769230769
18281.691119832103,677042.7566332066,0.33333333333333337,0.8917378917378918,0.3064516129032258,0.36538461538461536,76,0.36538461538461536,0.5769230769230769
18281.691119832103,677042.7566332066,0.33333333333333337,0.8917378917378918,0.3064516129032258,0.36538461538461536,76,0.36538461538461536,0.5769230769230769
18075.508489411674,676836.5740027862,0.34234234234234234,0.896011396011396,0.3220338983050847,0.36538461538461536,73,0.36538461538461536,0.5769230769230769
18075.508489411674,676836.5740027862,0.34234234234234234,0.896011396011396,0.3220338983050847,0.36538461538461536,73,0.36538461538461536,0.5769230769230769
18060.211814414244,676821.2773277888,0.33928571428571425,0.8945868945868946,0.31666666666666665,0.36538461538461536,74,0.36538461538461536,0.5769230769230769
15776.313081542263,674537.3785949168,0.3571428571428571,0.8974358974358975,0.3333333333333333,0.38461538461538464,72,0.38461538461538464,0.5769230769230769
15655.029847682803,674416.0953610573,0.3603603603603604,0.8988603988603988,0.3389830508474576,0.38461538461538464,71,0.38461538461538464,0.5769230769230769
15573.791545810062,674334.8570591846,0.375,0.9002849002849003,0.35,0.40384615384615385,70,0.40384615384615385,0.5961538461538461
15573.791545810062,674334.8570591846,0.375,0.9002849002849003,0.35,0.40384615384615385,70,0.40384615384615385,0.5961538461538461
15272.047352169408,674033.1128655439,0.3818181818181818,0.9031339031339032,0.3620689655172414,0.40384615384615385,68,0.40384615384615385,0.5961538461538461
14815.807612845441,673576.87312622,0.3783783783783784,0.9017094017094017,0.3559322033898305,0.40384615384615385,69,0.40384615384615385,0.5961538461538461
14815.807612845441,673576.87312622,0.3783783783783784,0.9017094017094017,0.3559322033898305,0.40384615384615385,69,0.40384615384615385,0.5961538461538461
14815.807612845441,673576.87312622,0.3783783783783784,0.9017094017094017,0.3559322033898305,0.40384615384615385,69,0.40384615384615385,0.5961538461538461
14532.741368609946,673293.8068819845,0.3818181818181818,0.9031339031339032,0.3620689655172414,0.40384615384615385,68,0.40384615384615385,0.5961538461538461
14523.014582308708,673284.0800956832,0.3783783783783784,0.9017094017094017,0.3559322033898305,0.40384615384615385,69,0.40384615384615385,0.5961538461538461
14231.8408886838,672992.9064020583,0.3818181818181818,0.9031339031339032,0.3620689655172414,0.40384615384615385,68,0.40384615384615385,0.6153846153846154
14205.51171625068,672966.5772296252,0.3853211009174312,0.9045584045584045,0.3684210526315789,0.40384615384615385,67,0.40384615384615385,0.6153846153846154
14205.51171625068,672966.5772296252,0.3853211009174312,0.9045584045584045,0.3684210526315789,0.40384615384615385,67,0.40384615384615385,0.6153846153846154
14205.51171625068,672966.5772296252,0.3853211009174312,0.9045584045584045,0.3684210526315789,0.40384615384615385,67,0.40384615384615385,0.6153846153846154
14141.534586908645,672902.6001002832,0.3818181818181818,0.9031339031339032,0.3620689655172414,0.40384615384615385,68,0.40384615384615385,0.6153846153846154
14090.720658653998,672851.7861720285,0.3853211009174312,0.9045584045584045,0.3684210526315789,0.40384615384615385,67,0.40384615384615385,0.6153846153846154
13937.422598285018,672698.4881116595,0.38888888888888895,0.905982905982906,0.375,0.40384615384615385,66,0.40384615384615385,0.6153846153846154
13937.422598285018,672698.4881116595,0.38888888888888895,0.905982905982906,0.375,0.40384615384615385,66,0.40384615384615385,0.6153846153846154
13876.276061955024,672637.3415753295,0.3925233644859813,0.9074074074074074,0.38181818181818183,0.40384615384615385,65,0.40384615384615385,0.6153846153846154
13720.505165972165,672481.5706793467,0.39639639639639646,0.9045584045584045,0.3728813559322034,0.4230769230769231,67,0.4230769230769231,0.6346153846153846
13319.36338687141,672080.4289002459,0.4074074074074074,0.9088319088319088,0.39285714285714285,0.4230769230769231,64,0.4230769230769231,0.6346153846153846
13212.11856180837,671973.1840751829,0.4112149532710281,0.9102564102564102,0.4,0.4230769230769231,63,0.4230769230769231,0.6346153846153846
13209.527743974351,671970.5932573489,0.41818181818181815,0.9088319088319088,0.39655172413793105,0.4423076923076923,64,0.4423076923076923,0.6538461538461539
13148.381207644357,671909.4467210189,0.42201834862385323,0.9102564102564102,0.40350877192982454,0.4423076923076923,63,0.4423076923076923,0.6538461538461539
13088.923647139804,671849.9891605143,0.42592592592592593,0.9116809116809117,0.4107142857142857,0.4423076923076923,62,0.4423076923076923,0.6538461538461539
13088.923647139804,671849.9891605143,0.42592592592592593,0.9116809116809117,0.4107142857142857,0.4423076923076923,62,0.4423076923076923,0.6538461538461539
13088.923647139804,671849.9891605143,0.42592592592592593,0.9116809116809117,0.4107142857142857,0.4423076923076923,62,0.4423076923076923,0.6538461538461539
13088.923647139804,671849.9891605143,0.42592592592592593,0.9116809116809117,0.4107142857142857,0.4423076923076923,62,0.4423076923076923,0.6538461538461539
12959.597501553944,671720.6630149285,0.42592592592592593,0.9116809116809117,0.4107142857142857,0.4423076923076923,62,0.4423076923076923,0.6538461538461539
12959.597501553944,671720.6630149285,0.42592592592592593,0.9116809116809117,0.4107142857142857,0.4423076923076923,62,0.4423076923076923,0.6538461538461539
12959.597501553944,671720.6630149285,0.42592592592592593,0.9116809116809117,0.4107142857142857,0.4423076923076923,62,0.4423076923076923,0.6538461538461539
12925.51370185893,671686.5792152334,0.4144144144144144,0.9074074074074074,0.3898305084745763,0.4423076923076923,65,0.4423076923076923,0.6730769230769231
12776.592026433907,671537.6575398084,0.41818181818181815,0.9088319088319088,0.39655172413793105,0.4423076923076923,64,0.4423076923076923,0.6730769230769231
12766.222160806996,671527.2876741815,0.41818181818181815,0.9088319088319088,0.39655172413793105,0.4423076923076923,64,0.4423076923076923,0.6538461538461539
12766.222160806996,671527.2876741815,0.41818181818181815,0.9088319088319088,0.39655172413793105,0.4423076923076923,64,0.4423076923076923,0.6538461538461539
12766.222160806996,671527.2876741815,0.41818181818181815,0.9088319088319088,0.39655172413793105,0.4423076923076923,64,0.4423076923076923,0.6538461538461539
8573.175023645628,667334.2405370201,0.4444444444444445,0.9145299145299145,0.42857142857142855,0.46153846153846156,60,0.46153846153846156,0.6538461538461539
8519.286838347558,667280.3523517221,0.4444444444444445,0.9145299145299145,0.42857142857142855,0.46153846153846156,60,0.46153846153846156,0.6538461538461539
8519.286838347558,667280.3523517221,0.4444444444444445,0.9145299145299145,0.42857142857142855,0.46153846153846156,60,0.46153846153846156,0.6538461538461539
8494.463148356066,667255.5286617306,0.44036697247706424,0.9131054131054132,0.42105263157894735,0.46153846153846156,61,0.46153846153846156,0.6538461538461539
8472.916938666487,667233.982452041,0.44036697247706424,0.9131054131054132,0.42105263157894735,0.46153846153846156,61,0.46153846153846156,0.6538461538461539
8472.916938666487,667233.982452041,0.44036697247706424,0.9131054131054132,0.42105263157894735,0.46153846153846156,61,0.46153846153846156,0.6538461538461539
8472.916938666487,667233.982452041,0.44036697247706424,0.9131054131054132,0.42105263157894735,0.46153846153846156,61,0.46153846153846156,0.6538461538461539
8472.916938666487,667233.982452041,0.44036697247706424,0.9131054131054132,0.42105263157894735,0.46153846153846156,61,0.46153846153846156,0.6538461538461539
8279.123707534163,667040.1892209087,0.45045045045045046,0.9131054131054132,0.423728813559322,0.4807692307692308,61,0.4807692307692308,0.6538461538461539
7998.980241857818,666760.0457552323,0.45454545454545453,0.9145299145299145,0.43103448275862066,0.4807692307692308,60,0.4807692307692308,0.6538461538461539
7998.980241857818,666760.0457552323,0.45454545454545453,0.9145299145299145,0.43103448275862066,0.4807692307692308,60,0.4807692307692308,0.6538461538461539
7981.359379367554,666742.4248927421,0.4587155963302752,0.915954415954416,0.43859649122807015,0.4807692307692308,59,0.4807692307692308,0.6538461538461539
7981.359379367554,666742.4248927421,0.4587155963302752,0.915954415954416,0.43859649122807015,0.4807692307692308,59,0.4807692307692308,0.6538461538461539
7936.319797903881,666697.3853112784,0.45454545454545453,0.9145299145299145,0.43103448275862066,0.4807692307692308,60,0.4807692307692308,0.6538461538461539
7866.023015581421,666627.0885289559,0.4672897196261683,0.9188034188034188,0.45454545454545453,0.4807692307692308,57,0.4807692307692308,0.6538461538461539
7856.296229279949,666617.3617426545,0.46296296296296297,0.9173789173789174,0.44642857142857145,0.4807692307692308,58,0.4807692307692308,0.6538461538461539
7836.886073471396,666597.9515868459,0.4587155963302752,0.915954415954416,0.43859649122807015,0.4807692307692308,59,0.4807692307692308,0.6538461538461539
7795.42119903618,666556.4867124107,0.4587155963302752,0.915954415954416,0.43859649122807015,0.4807692307692308,59,0.4807692307692308,0.6538461538461539
7795.42119903618,666556.4867124107,0.4587155963302752,0.915954415954416,0.43859649122807015,0.4807692307692308,59,0.4807692307692308,0.6538461538461539
7780.244962799945,666541.3104761745,0.4814814814814815,0.9202279202279202,0.4642857142857143,0.5,56,0.5,0.6538461538461539
7564.663681731676,666325.7291951062,0.4814814814814815,0.9202279202279202,0.4642857142857143,0.5,56,0.5,0.6538461538461539
7503.7886514879065,666264.8541648624,0.4770642201834862,0.9188034188034188,0.45614035087719296,0.5,57,0.5,0.6538461538461539
7503.7886514879065,666264.8541648624,0.4770642201834862,0.9188034188034188,0.45614035087719296,0.5,57,0.5,0.6538461538461539
7503.7886514879065,666264.8541648624,0.4770642201834862,0.9188034188034188,0.45614035087719296,0.5,57,0.5,0.6538461538461539
7503.7886514879065,666264.8541648624,0.4770642201834862,0.9188034188034188,0.45614035087719296,0.5,57,0.5,0.6538461538461539
7503.7886514879065,666264.8541648624,0.4770642201834862,0.9188034188034188,0.45614035087719296,0.5,57,0.5,0.6538461538461539
7326.647490989068,666087.7130043636,0.4954128440366972,0.9216524216524217,0.47368421052631576,0.5192307692307693,55,0.5192307692307693,0.6730769230769231
7326.647490989068,666087.7130043636,0.4954128440366972,0.9216524216524217,0.47368421052631576,0.5192307692307693,55,0.5192307692307693,0.6730769230769231
7326.647490989068,666087.7130043636,0.4954128440366972,0.9216524216524217,0.47368421052631576,0.5192307692307693,55,0.5192307692307693,0.6730769230769231
7146.629401840619,665907.6949152151,0.4814814814814815,0.9202279202279202,0.4642857142857143,0.5,56,0.5,0.6538461538461539
6971.789159439155,665732.8546728137,0.5,0.9230769230769231,0.48214285714285715,0.5192307692307693,54,0.5192307692307693,0.6730769230769231
6971.789159439155,665732.8546728137,0.5,0.9230769230769231,0.48214285714285715,0.5192307692307693,54,0.5192307692307693,0.6730769230769231
6971.789159439155,665732.8546728137,0.5,0.9230769230769231,0.48214285714285715,0.5192307692307693,54,0.5192307692307693,0.6730769230769231
6928.787529529887,665689.8530429044,0.4954128440366972,0.9216524216524217,0.47368421052631576,0.5192307692307693,55,0.5192307692307693,0.6730769230769231
6928.787529529887,665689.8530429044,0.4954128440366972,0.9216524216524217,0.47368421052631576,0.5192307692307693,55,0.5192307692307693,0.6730769230769231
6928.787529529887,665689.8530429044,0.4954128440366972,0.9216524216524217,0.47368421052631576,0.5192307692307693,55,0.5192307692307693,0.6730769230769231
6928.787529529887,665689.8530429044,0.4954128440366972,0.9216524216524217,0.47368421052631576,0.5192307692307693,55,0.5192307692307693,0.6730769230769231
6928.787529529887,665689.8530429044,0.4954128440366972,0.9216524216524217,0.47368421052631576,0.5192307692307693,55,0.5192307692307693,0.6730769230769231
6928.787529529887,665689.8530429044,0.4954128440366972,0.9216524216524217,0.47368421052631576,0.5192307692307693,55,0.5192307692307693,0.6730769230769231
6928.787529529887,665689.8530429044,0.4954128440366972,0.9216524216524217,0.47368421052631576,0.5192307692307693,55,0.5192307692307693,0.6730769230769231
6806.638268182054,665567.7037815566,0.5,0.9230769230769231,0.48214285714285715,0.5192307692307693,54,0.5192307692307693,0.6730769230769231
6806.638268182054,665567.7037815566,0.5,0.9230769230769231,0.48214285714285715,0.5192307692307693,54,0.5192307692307693,0.6730769230769231
6806.638268182054,665567.7037815566,0.5,0.9230769230769231,0.48214285714285715,0.5192307692307693,54,0.5192307692307693,0.6730769230769231
6806.638268182054,665567.7037815566,0.5,0.9230769230769231,0.48214285714285715,0.5192307692307693,54,0.5192307692307693,0.6730769230769231
6806.638268182054,665567.7037815566,0.5,0.9230769230769231,0.48214285714285715,0.5192307692307693,54,0.5192307692307693,0.6730769230769231
6806.638268182054,665567.7037815566,0.5,0.9230769230769231,0.48214285714285715,0.5192307692307693,54,0.5192307692307693,0.6730769230769231
6806.638268182054,665567.7037815566,0.5,0.9230769230769231,0.48214285714285715,0.5192307692307693,54,0.5192307692307693,0.6730769230769231
6806.638268182054,665567.7037815566,0.5,0.9230769230769231,0.48214285714285715,0.5192307692307693,54,0.5192307692307693,0.6730769230769231
6806.638268182054,665567.7037815566,0.5,0.9230769230769231,0.48214285714285715,0.5192307692307693,54,0.5192307692307693,0.6730769230769231
6806.638268182054,665567.7037815566,0.5,0.9230769230769231,0.48214285714285715,0.5192307692307693,54,0.5192307692307693,0.6730769230769231
6787.495430128416,665548.5609435029,0.5046728971962617,0.9245014245014245,0.4909090909090909,0.5192307692307693,53,0.5192307692307693,0.6730769230769231
6787.495430128416,665548.5609435029,0.5046728971962617,0.9245014245014245,0.4909090909090909,0.5192307692307693,53,0.5192307692307693,0.6730769230769231
6787.495430128416,665548.5609435029,0.5046728971962617,0.9245014245014245,0.4909090909090909,0.5192307692307693,53,0.5192307692307693,0.6730769230769231
6787.495430128416,665548.5609435029,0.5046728971962617,0.9245014245014245,0.4909090909090909,0.5192307692307693,53,0.5192307692307693,0.6730769230769231
6787.495430128416,665548.5609435029,0.5046728971962617,0.9245014245014245,0.4909090909090909,0.5192307692307693,53,0.5192307692307693,0.6730769230769231
6787.495430128416,665548.5609435029,0.5046728971962617,0.9245014245014245,0.4909090909090909,0.5192307692307693,53,0.5192307692307693,0.6730769230769231
6787.495430128416,665548.5609435029,0.5046728971962617,0.9245014245014245,0.4909090909090909,0.5192307692307693,53,0.5192307692307693,0.6730769230769231
6787.495430128416,665548.5609435029,0.5046728971962617,0.9245014245014245,0.4909090909090909,0.5192307692307693,53,0.5192307692307693,0.6730769230769231
6787.495430128416,665548.5609435029,0.5046728971962617,0.9245014245014245,0.4909090909090909,0.5192307692307693,53,0.5192307692307693,0.6730769230769231
6787.495430128416,665548.5609435029,0.5046728971962617,0.9245014245014245,0.4909090909090909,0.5192307692307693,53,0.5192307692307693,0.6730769230769231
6695.6338538299315,665456.6993672044,0.5,0.9230769230769231,0.48214285714285715,0.5192307692307693,54,0.5192307692307693,0.6730769230769231
6695.6338538299315,665456.6993672044,0.5,0.9230769230769231,0.48214285714285715,0.5192307692307693,54,0.5192307692307693,0.6730769230769231
6695.6338538299315,665456.6993672044,0.5,0.9230769230769231,0.48214285714285715,0.5192307692307693,54,0.5192307692307693,0.6730769230769231
6695.6338538299315,665456.6993672044,0.5,0.9230769230769231,0.48214285714285715,0.5192307692307693,54,0.5192307692307693,0.6730769230769231
6695.6338538299315,665456.6993672044,0.5,0.9230769230769231,0.48214285714285715,0.5192307692307693,54,0.5192307692307693,0.6730769230769231
6695.6338538299315,665456.6993672044,0.5,0.9230769230769231,0.48214285714285715,0.5192307692307693,54,0.5192307692307693,0.6730769230769231
6593.26524767105,665354.3307610456,0.5,0.9230769230769231,0.48214285714285715,0.5192307692307693,54,0.5192307692307693,0.6730769230769231
6593.26524767105,665354.3307610456,0.5,0.9230769230769231,0.48214285714285715,0.5192307692307693,54,0.5192307692307693,0.6730769230769231
6593.26524767105,665354.3307610456,0.5,0.9230769230769231,0.48214285714285715,0.5192307692307693,54,0.5192307692307693,0.6730769230769231
6497.128566773958,665258.1940801485,0.5046728971962617,0.9245014245014245,0.4909090909090909,0.5192307692307693,53,0.5192307692307693,0.6730769230769231
6497.128566773958,665258.1940801485,0.5046728971962617,0.9245014245014245,0.4909090909090909,0.5192307692307693,53,0.5192307692307693,0.6730769230769231
6497.128566773958,665258.1940801485,0.5046728971962617,0.9245014245014245,0.4909090909090909,0.5192307692307693,53,0.5192307692307693,0.6730769230769231
6497.128566773958,665258.1940801485,0.5046728971962617,0.9245014245014245,0.4909090909090909,0.5192307692307693,53,0.5192307692307693,0.6730769230769231
6497.128566773958,665258.1940801485,0.5046728971962617,0.9245014245014245,0.4909090909090909,0.5192307692307693,53,0.5192307692307693,0.6730769230769231
6497.128566773958,665258.1940801485,0.5046728971962617,0.9245014245014245,0.4909090909090909,0.5192307692307693,53,0.5192307692307693,0.6730769230769231
6497.128566773958,665258.1940801485,0.5046728971962617,0.9245014245014245,0.4909090909090909,0.5192307692307693,53,0.5192307692307693,0.6730769230769231
6497.128566773958,665258.1940801485,0.5046728971962617,0.9245014245014245,0.4909090909090909,0.5192307692307693,53,0.5192307692307693,0.6730769230769231
6497.128566773958,665258.1940801485,0.5046728971962617,0.9245014245014245,0.4909090909090909,0.5192307692307693,53,0.5192307692307693,0.6730769230769231
6497.128566773958,665258.1940801485,0.5046728971962617,0.9245014245014245,0.4909090909090909,0.5192307692307693,53,0.5192307692307693,0.6730769230769231
6497.128566773958,665258.1940801485,0.5046728971962617,0.9245014245014245,0.4909090909090909,0.5192307692307693,53,0.5192307692307693,0.6730769230769231
6497.128566773958,665258.1940801485,0.5046728971962617,0.9245014245014245,0.4909090909090909,0.5192307692307693,53,0.5192307692307693,0.6730769230769231
6497.128566773958,665258.1940801485,0.5046728971962617,0.9245014245014245,0.4909090909090909,0.5192307692307693,53,0.5192307692307693,0.6730769230769231
6497.128566773958,665258.1940801485,0.5046728971962617,0.9245014245014245,0.4909090909090909,0.5192307692307693,53,0.5192307692307693,0.6730769230769231
6439.552370274789,665200.6178836493,0.49090909090909085,0.9202279202279202,0.46551724137931033,0.5192307692307693,56,0.5192307692307693,0.6730769230769231
5670.351231053588,664431.4167444281,0.5,0.9230769230769231,0.48214285714285715,0.5192307692307693,54,0.5192307692307693,0.6730769230769231
5548.257244777284,664309.3227581518,0.5137614678899082,0.9245014245014245,0.49122807017543857,0.5384615384615384,53,0.5384615384615384,0.6923076923076923
5548.257244777284,664309.3227581518,0.5137614678899082,0.9245014245014245,0.49122807017543857,0.5384615384615384,53,0.5384615384615384,0.6923076923076923
5548.257244777284,664309.3227581518,0.5137614678899082,0.9245014245014245,0.49122807017543857,0.5384615384615384,53,0.5384615384615384,0.6923076923076923
5548.257244777284,664309.3227581518,0.5137614678899082,0.9245014245014245,0.49122807017543857,0.5384615384615384,53,0.5384615384615384,0.6923076923076923
5548.257244777284,664309.3227581518,0.5137614678899082,0.9245014245014245,0.49122807017543857,0.5384615384615384,53,0.5384615384615384,0.6923076923076923
5548.257244777284,664309.3227581518,0.5137614678899082,0.9245014245014245,0.49122807017543857,0.5384615384615384,53,0.5384615384615384,0.6923076923076923
5548.257244777284,664309.3227581518,0.5137614678899082,0.9245014245014245,0.49122807017543857,0.5384615384615384,53,0.5384615384615384,0.6923076923076923
5548.257244777284,664309.3227581518,0.5137614678899082,0.9245014245014245,0.49122807017543857,0.5384615384615384,53,0.5384615384615384,0.6923076923076923
5548.257244777284,664309.3227581518,0.5137614678899082,0.9245014245014245,0.49122807017543857,0.5384615384615384,53,0.5384615384615384,0.6923076923076923
5548.257244777284,664309.3227581518,0.5137614678899082,0.9245014245014245,0.49122807017543857,0.5384615384615384,53,0.5384615384615384,0.6923076923076923
5548.257244777284,664309.3227581518,0.5137614678899082,0.9245014245014245,0.49122807017543857,0.5384615384615384,53,0.5384615384615384,0.6923076923076923
5548.257244777284,664309.3227581518,0.5137614678899082,0.9245014245014245,0.49122807017543857,0.5384615384615384,53,0.5384615384615384,0.6923076923076923
5548.257244777284,664309.3227581518,0.5137614678899082,0.9245014245014245,0.49122807017543857,0.5384615384615384,53,0.5384615384615384,0.6923076923076923
5548.257244777284,664309.3227581518,0.5137614678899082,0.9245014245014245,0.49122807017543857,0.5384615384615384,53,0.5384615384615384,0.6923076923076923
5548.257244777284,664309.3227581518,0.5137614678899082,0.9245014245014245,0.49122807017543857,0.5384615384615384,53,0.5384615384615384,0.6923076923076923
5548.257244777284,664309.3227581518,0.5137614678899082,0.9245014245014245,0.49122807017543857,0.5384615384615384,53,0.5384615384615384,0.6923076923076923
5548.257244777284,664309.3227581518,0.5137614678899082,0.9245014245014245,0.49122807017543857,0.5384615384615384,53,0.5384615384615384,0.6923076923076923
5543.582141859806,664304.6476552343,0.509090909090909,0.9230769230769231,0.4827586206896552,0.5384615384615384,54,0.5384615384615384,0.6923076923076923
5487.009168996126,664248.0746823706,0.5137614678899082,0.9245014245014245,0.49122807017543857,0.5384615384615384,53,0.5384615384615384,0.6923076923076923
5487.009168996126,664248.0746823706,0.5137614678899082,0.9245014245014245,0.49122807017543857,0.5384615384615384,53,0.5384615384615384,0.6923076923076923
5487.009168996126,664248.0746823706,0.5137614678899082,0.9245014245014245,0.49122807017543857,0.5384615384615384,53,0.5384615384615384,0.6923076923076923
5487.009168996126,664248.0746823706,0.5137614678899082,0.9245014245014245,0.49122807017543857,0.5384615384615384,53,0.5384615384615384,0.6923076923076923
5487.009168996126,664248.0746823706,0.5137614678899082,0.9245014245014245,0.49122807017543857,0.5384615384615384,53,0.5384615384615384,0.6923076923076923
5487.009168996126,664248.0746823706,0.5137614678899082,0.9245014245014245,0.49122807017543857,0.5384615384615384,53,0.5384615384615384,0.6923076923076923
5487.009168996126,664248.0746823706,0.5137614678899082,0.9245014245014245,0.49122807017543857,0.5384615384615384,53,0.5384615384615384,0.6923076923076923
5487.009168996126,664248.0746823706,0.5137614678899082,0.9245014245014245,0.49122807017543857,0.5384615384615384,53,0.5384615384615384,0.6923076923076923
5487.009168996126,664248.0746823706,0.5137614678899082,0.9245014245014245,0.49122807017543857,0.5384615384615384,53,0.5384615384615384,0.6923076923076923
5487.009168996126,664248.0746823706,0.5137614678899082,0.9245014245014245,0.49122807017543857,0.5384615384615384,53,0.5384615384615384,0.6923076923076923
5487.009168996126,664248.0746823706,0.5137614678899082,0.9245014245014245,0.49122807017543857,0.5384615384615384,53,0.5384615384615384,0.6923076923076923
5487.009168996126,664248.0746823706,0.5137614678899082,0.9245014245014245,0.49122807017543857,0.5384615384615384,53,0.5384615384615384,0.6923076923076923
5487.009168996126,664248.0746823706,0.5137614678899082,0.9245014245014245,0.49122807017543857,0.5384615384615384,53,0.5384615384615384,0.6923076923076923
5451.378982505179,664212.4444958797,0.509090909090909,0.9230769230769231,0.4827586206896552,0.5384615384615384,54,0.5384615384615384,0.6923076923076923
5451.378982505179,664212.4444958797,0.509090909090909,0.9230769230769231,0.4827586206896552,0.5384615384615384,54,0.5384615384615384,0.6923076923076923
5451.378982505179,664212.4444958797,0.509090909090909,0.9230769230769231,0.4827586206896552,0.5384615384615384,54,0.5384615384615384,0.6923076923076923
5451.378982505179,664212.4444958797,0.509090909090909,0.9230769230769231,0.4827586206896552,0.5384615384615384,54,0.5384615384615384,0.6923076923076923
5451.378982505179,664212.4444958797,0.509090909090909,0.9230769230769231,0.4827586206896552,0.5384615384615384,54,0.5384615384615384,0.6923076923076923
5451.378982505179,664212.4444958797,0.509090909090909,0.9230769230769231,0.4827586206896552,0.5384615384615384,54,0.5384615384615384,0.6923076923076923
5451.378982505179,664212.4444958797,0.509090909090909,0.9230769230769231,0.4827586206896552,0.5384615384615384,54,0.5384615384615384,0.6923076923076923
5451.378982505179,664212.4444958797,0.509090909090909,0.9230769230769231,0.4827586206896552,0.5384615384615384,54,0.5384615384615384,0.6923076923076923
5451.378982505179,664212.4444958797,0.509090909090909,0.9230769230769231,0.4827586206896552,0.5384615384615384,54,0.5384615384615384,0.6923076923076923
5451.378982505179,664212.4444958797,0.509090909090909,0.9230769230769231,0.4827586206896552,0.5384615384615384,54,0.5384615384615384,0.6923076923076923
5451.378982505179,664212.4444958797,0.509090909090909,0.9230769230769231,0.4827586206896552,0.5384615384615384,54,0.5384615384615384,0.6923076923076923
5451.378982505179,664212.4444958797,0.509090909090909,0.9230769230769231,0.4827586206896552,0.5384615384615384,54,0.5384615384615384,0.6923076923076923
5451.378982505179,664212.4444958797,0.509090909090909,0.9230769230769231,0.4827586206896552,0.5384615384615384,54,0.5384615384615384,0.6923076923076923
5451.378982505179,664212.4444958797,0.509090909090909,0.9230769230769231,0.4827586206896552,0.5384615384615384,54,0.5384615384615384,0.6923076923076923
5451.378982505179,664212.4444958797,0.509090909090909,0.9230769230769231,0.4827586206896552,0.5384615384615384,54,0.5384615384615384,0.6923076923076923
5451.378982505179,664212.4444958797,0.509090909090909,0.9230769230769231,0.4827586206896552,0.5384615384615384,54,0.5384615384615384,0.6923076923076923
5451.378982505179,664212.4444958797,0.509090909090909,0.9230769230769231,0.4827586206896552,0.5384615384615384,54,0.5384615384615384,0.6923076923076923
5451.378982505179,664212.4444958797,0.509090909090909,0.9230769230769231,0.4827586206896552,0.5384615384615384,54,0.5384615384615384,0.6923076923076923
5451.378982505179,664212.4444958797,0.509090909090909,0.9230769230769231,0.4827586206896552,0.5384615384615384,54,0.5384615384615384,0.6923076923076923
5451.378982505179,664212.4444958797,0.509090909090909,0.9230769230769231,0.4827586206896552,0.5384615384615384,54,0.5384615384615384,0.6923076923076923
5451.378982505179,664212.4444958797,0.509090909090909,0.9230769230769231,0.4827586206896552,0.5384615384615384,54,0.5384615384615384,0.6923076923076923
5451.378982505179,664212.4444958797,0.509090909090909,0.9230769230769231,0.4827586206896552,0.5384615384615384,54,0.5384615384615384,0.6923076923076923
5451.378982505179,664212.4444958797,0.509090909090909,0.9230769230769231,0.4827586206896552,0.5384615384615384,54,0.5384615384615384,0.6923076923076923
5451.378982505179,664212.4444958797,0.509090909090909,0.9230769230769231,0.4827586206896552,0.5384615384615384,54,0.5384615384615384,0.6923076923076923
5451.378982505179,664212.4444958797,0.509090909090909,0.9230769230769231,0.4827586206896552,0.5384615384615384,54,0.5384615384615384,0.6923076923076923
5451.378982505179,664212.4444958797,0.509090909090909,0.9230769230769231,0.4827586206896552,0.5384615384615384,54,0.5384615384615384,0.6923076923076923
5451.378982505179,664212.4444958797,0.509090909090909,0.9230769230769231,0.4827586206896552,0.5384615384615384,54,0.5384615384615384,0.6923076923076923
5451.378982505179,664212.4444958797,0.509090909090909,0.9230769230769231,0.4827586206896552,0.5384615384615384,54,0.5384615384615384,0.6923076923076923
5451.378982505179,664212.4444958797,0.509090909090909,0.9230769230769231,0.4827586206896552,0.5384615384615384,54,0.5384615384615384,0.6923076923076923
5451.378982505179,664212.4444958797,0.509090909090909,0.9230769230769231,0.4827586206896552,0.5384615384615384,54,0.5384615384615384,0.6923076923076923
5451.378982505179,664212.4444958797,0.509090909090909,0.9230769230769231,0.4827586206896552,0.5384615384615384,54,0.5384615384615384,0.6923076923076923
5451.378982505179,664212.4444958797,0.509090909090909,0.9230769230769231,0.4827586206896552,0.5384615384615384,54,0.5384615384615384,0.6923076923076923
5451.378982505179,664212.4444958797,0.509090909090909,0.9230769230769231,0.4827586206896552,0.5384615384615384,54,0.5384615384615384,0.6923076923076923
5451.378982505179,664212.4444958797,0.509090909090909,0.9230769230769231,0.4827586206896552,0.5384615384615384,54,0.5384615384615384,0.6923076923076923
5451.378982505179,664212.4444958797,0.509090909090909,0.9230769230769231,0.4827586206896552,0.5384615384615384,54,0.5384615384615384,0.6923076923076923
5451.378982505179,664212.4444958797,0.509090909090909,0.9230769230769231,0.4827586206896552,0.5384615384615384,54,0.5384615384615384,0.6923076923076923
5451.378982505179,664212.4444958797,0.509090909090909,0.9230769230769231,0.4827586206896552,0.5384615384615384,54,0.5384615384615384,0.6923076923076923
5451.378982505179,664212.4444958797,0.509090909090909,0.9230769230769231,0.4827586206896552,0.5384615384615384,54,0.5384615384615384,0.6923076923076923
5451.378982505179,664212.4444958797,0.509090909090909,0.9230769230769231,0.4827586206896552,0.5384615384615384,54,0.5384615384615384,0.6923076923076923
5451.378982505179,664212.4444958797,0.509090909090909,0.9230769230769231,0.4827586206896552,0.5384615384615384,54,0.5384615384615384,0.6923076923076923
5451.378982505179,664212.4444958797,0.509090909090909,0.9230769230769231,0.4827586206896552,0.5384615384615384,54,0.5384615384615384,0.6923076923076923
5451.378982505179,664212.4444958797,0.509090909090909,0.9230769230769231,0.4827586206896552,0.5384615384615384,54,0.5384615384615384,0.6923076923076923
5451.378982505179,664212.4444958797,0.509090909090909,0.9230769230769231,0.4827586206896552,0.5384615384615384,54,0.5384615384615384,0.6923076923076923
5451.378982505179,664212.4444958797,0.509090909090909,0.9230769230769231,0.4827586206896552,0.5384615384615384,54,0.5384615384615384,0.6923076923076923
5451.378982505179,664212.4444958797,0.509090909090909,0.9230769230769231,0.4827586206896552,0.5384615384615384,54,0.5384615384615384,0.6923076923076923
5451.378982505179,664212.4444958797,0.509090909090909,0.9230769230769231,0.4827586206896552,0.5384615384615384,54,0.5384615384615384,0.6923076923076923
5451.378982505179,664212.4444958797,0.509090909090909,0.9230769230769231,0.4827586206896552,0.5384615384615384,54,0.5384615384615384,0.6923076923076923
5451.378982505179,664212.4444958797,0.509090909090909,0.9230769230769231,0.4827586206896552,0.5384615384615384,54,0.5384615384615384,0.6923076923076923
5451.378982505179,664212.4444958797,0.509090909090909,0.9230769230769231,0.4827586206896552,0.5384615384615384,54,0.5384615384615384,0.6923076923076923
5451.378982505179,664212.4444958797,0.509090909090909,0.9230769230769231,0.4827586206896552,0.5384615384615384,54,0.5384615384615384,0.6923076923076923
5451.378982505179,664212.4444958797,0.509090909090909,0.9230769230769231,0.4827586206896552,0.5384615384615384,54,0.5384615384615384,0.6923076923076923
5451.378982505179,664212.4444958797,0.509090909090909,0.9230769230769231,0.4827586206896552,0.5384615384615384,54,0.5384615384615384,0.6923076923076923
5451.378982505179,664212.4444958797,0.509090909090909,0.9230769230769231,0.4827586206896552,0.5384615384615384,54,0.5384615384615384,0.6923076923076923
5451.378982505179,664212.4444958797,0.509090909090909,0.9230769230769231,0.4827586206896552,0.5384615384615384,54,0.5384615384615384,0.6923076923076923
5451.378982505179,664212.4444958797,0.509090909090909,0.9230769230769231,0.4827586206896552,0.5384615384615384,54,0.5384615384615384,0.6923076923076923
5451.378982505179,664212.4444958797,0.509090909090909,0.9230769230769231,0.4827586206896552,0.5384615384615384,54,0.5384615384615384,0.6923076923076923
5451.378982505179,664212.4444958797,0.509090909090909,0.9230769230769231,0.4827586206896552,0.5384615384615384,54,0.5384615384615384,0.6923076923076923
5451.378982505179,664212.4444958797,0.509090909090909,0.9230769230769231,0.4827586206896552,0.5384615384615384,54,0.5384615384615384,0.6923076923076923
5451.378982505179,664212.4444958797,0.509090909090909,0.9230769230769231,0.4827586206896552,0.5384615384615384,54,0.5384615384615384,0.6923076923076923
5451.378982505179,664212.4444958797,0.509090909090909,0.9230769230769231,0.4827586206896552,0.5384615384615384,54,0.5384615384615384,0.6923076923076923
5451.378982505179,664212.4444958797,0.509090909090909,0.9230769230769231,0.4827586206896552,0.5384615384615384,54,0.5384615384615384,0.6923076923076923
5451.378982505179,664212.4444958797,0.509090909090909,0.9230769230769231,0.4827586206896552,0.5384615384615384,54,0.5384615384615384,0.6923076923076923
5163.239635113045,663924.3051484876,0.509090909090909,0.9230769230769231,0.4827586206896552,0.5384615384615384,54,0.5384615384615384,0.7115384615384616
5163.239635113045,663924.3051484876,0.509090909090909,0.9230769230769231,0.4827586206896552,0.5384615384615384,54,0.5384615384615384,0.7115384615384616
5163.239635113045,663924.3051484876,0.509090909090909,0.9230769230769231,0.4827586206896552,0.5384615384615384,54,0.5384615384615384,0.7115384615384616
5163.239635113045,663924.3051484876,0.509090909090909,0.9230769230769231,0.4827586206896552,0.5384615384615384,54,0.5384615384615384,0.7115384615384616
5163.239635113045,663924.3051484876,0.509090909090909,0.9230769230769231,0.4827586206896552,0.5384615384615384,54,0.5384615384615384,0.7115384615384616
5163.239635113045,663924.3051484876,0.509090909090909,0.9230769230769231,0.4827586206896552,0.5384615384615384,54,0.5384615384615384,0.7115384615384616
5163.239635113045,663924.3051484876,0.509090909090909,0.9230769230769231,0.4827586206896552,0.5384615384615384,54,0.5384615384615384,0.7115384615384616
5163.239635113045,663924.3051484876,0.509090909090909,0.9230769230769231,0.4827586206896552,0.5384615384615384,54,0.5384615384615384,0.7115384615384616
5163.239635113045,663924.3051484876,0.509090909090909,0.9230769230769231,0.4827586206896552,0.5384615384615384,54,0.5384615384615384,0.7115384615384616
5163.239635113045,663924.3051484876,0.509090909090909,0.9230769230769231,0.4827586206896552,0.5384615384615384,54,0.5384615384615384,0.7115384615384616
5163.239635113045,663924.3051484876,0.509090909090909,0.9230769230769231,0.4827586206896552,0.5384615384615384,54,0.5384615384615384,0.7115384615384616
5163.239635113045,663924.3051484876,0.509090909090909,0.9230769230769231,0.4827586206896552,0.5384615384615384,54,0.5384615384615384,0.7115384615384616
5163.239635113045,663924.3051484876,0.509090909090909,0.9230769230769231,0.4827586206896552,0.5384615384615384,54,0.5384615384615384,0.7115384615384616
5163.239635113045,663924.3051484876,0.509090909090909,0.9230769230769231,0.4827586206896552,0.5384615384615384,54,0.5384615384615384,0.7115384615384616
5163.239635113045,663924.3051484876,0.509090909090909,0.9230769230769231,0.4827586206896552,0.5384615384615384,54,0.5384615384615384,0.7115384615384616
5163.239635113045,663924.3051484876,0.509090909090909,0.9230769230769231,0.4827586206896552,0.5384615384615384,54,0.5384615384615384,0.7115384615384616
5163.239635113045,663924.3051484876,0.509090909090909,0.9230769230769231,0.4827586206896552,0.5384615384615384,54,0.5384615384615384,0.7115384615384616
5163.239635113045,663924.3051484876,0.509090909090909,0.9230769230769231,0.4827586206896552,0.5384615384615384,54,0.5384615384615384,0.7115384615384616
5163.239635113045,663924.3051484876,0.509090909090909,0.9230769230769231,0.4827586206896552,0.5384615384615384,54,0.5384615384615384,0.7115384615384616
5163.239635113045,663924.3051484876,0.509090909090909,0.9230769230769231,0.4827586206896552,0.5384615384615384,54,0.5384615384615384,0.7115384615384616
5163.239635113045,663924.3051484876,0.509090909090909,0.9230769230769231,0.4827586206896552,0.5384615384615384,54,0.5384615384615384,0.7115384615384616
5163.239635113045,663924.3051484876,0.509090909090909,0.9230769230769231,0.4827586206896552,0.5384615384615384,54,0.5384615384615384,0.7115384615384616
5163.239635113045,663924.3051484876,0.509090909090909,0.9230769230769231,0.4827586206896552,0.5384615384615384,54,0.5384615384615384,0.7115384615384616
5163.239635113045,663924.3051484876,0.509090909090909,0.9230769230769231,0.4827586206896552,0.5384615384615384,54,0.5384615384615384,0.7115384615384616
5163.239635113045,663924.3051484876,0.509090909090909,0.9230769230769231,0.4827586206896552,0.5384615384615384,54,0.5384615384615384,0.7115384615384616
5163.239635113045,663924.3051484876,0.509090909090909,0.9230769230769231,0.4827586206896552,0.5384615384615384,54,0.5384615384615384,0.7115384615384616
5163.239635113045,663924.3051484876,0.509090909090909,0.9230769230769231,0.4827586206896552,0.5384615384615384,54,0.5384615384615384,0.7115384615384616
5163.239635113045,663924.3051484876,0.509090909090909,0.9230769230769231,0.4827586206896552,0.5384615384615384,54,0.5384615384615384,0.7115384615384616
5163.239635113045,663924.3051484876,0.509090909090909,0.9230769230769231,0.4827586206896552,0.5384615384615384,54,0.5384615384615384,0.7115384615384616
5163.239635113045,663924.3051484876,0.509090909090909,0.9230769230769231,0.4827586206896552,0.5384615384615384,54,0.5384615384615384,0.7115384615384616
5163.239635113045,663924.3051484876,0.509090909090909,0.9230769230769231,0.4827586206896552,0.5384615384615384,54,0.5384615384615384,0.7115384615384616
5163.239635113045,663924.3051484876,0.509090909090909,0.9230769230769231,0.4827586206896552,0.5384615384615384,54,0.5384615384615384,0.7115384615384616
5163.239635113045,663924.3051484876,0.509090909090909,0.9230769230769231,0.4827586206896552,0.5384615384615384,54,0.5384615384615384,0.7115384615384616
5163.239635113045,663924.3051484876,0.509090909090909,0.9230769230769231,0.4827586206896552,0.5384615384615384,54,0.5384615384615384,0.7115384615384616
5163.239635113045,663924.3051484876,0.509090909090909,0.9230769230769231,0.4827586206896552,0.5384615384615384,54,0.5384615384615384,0.7115384615384616
5163.239635113045,663924.3051484876,0.509090909090909,0.9230769230769231,0.4827586206896552,0.5384615384615384,54,0.5384615384615384,0.7115384615384616
5163.239635113045,663924.3051484876,0.509090909090909,0.9230769230769231,0.4827586206896552,0.5384615384615384,54,0.5384615384615384,0.7115384615384616
5163.239635113045,663924.3051484876,0.509090909090909,0.9230769230769231,0.4827586206896552,0.5384615384615384,54,0.5384615384615384,0.7115384615384616
5083.570928327623,663844.6364417021,0.5137614678899082,0.9245014245014245,0.49122807017543857,0.5384615384615384,53,0.5384615384615384,0.7307692307692307
5047.940741836908,663809.0062552114,0.509090909090909,0.9230769230769231,0.4827586206896552,0.5384615384615384,54,0.5384615384615384,0.7307692307692307
5047.940741836908,663809.0062552114,0.509090909090909,0.9230769230769231,0.4827586206896552,0.5384615384615384,54,0.5384615384615384,0.7307692307692307
5047.940741836908,663809.0062552114,0.509090909090909,0.9230769230769231,0.4827586206896552,0.5384615384615384,54,0.5384615384615384,0.7307692307692307
5047.940741836908,663809.0062552114,0.509090909090909,0.9230769230769231,0.4827586206896552,0.5384615384615384,54,0.5384615384615384,0.7307692307692307
5047.940741836908,663809.0062552114,0.509090909090909,0.9230769230769231,0.4827586206896552,0.5384615384615384,54,0.5384615384615384,0.7307692307692307
5047.940741836908,663809.0062552114,0.509090909090909,0.9230769230769231,0.4827586206896552,0.5384615384615384,54,0.5384615384615384,0.7307692307692307
5047.940741836908,663809.0062552114,0.509090909090909,0.9230769230769231,0.4827586206896552,0.5384615384615384,54,0.5384615384615384,0.7307692307692307
5047.940741836908,663809.0062552114,0.509090909090909,0.9230769230769231,0.4827586206896552,0.5384615384615384,54,0.5384615384615384,0.7307692307692307
5047.940741836908,663809.0062552114,0.509090909090909,0.9230769230769231,0.4827586206896552,0.5384615384615384,54,0.5384615384615384,0.7307692307692307
5047.940741836908,663809.0062552114,0.509090909090909,0.9230769230769231,0.4827586206896552,0.5384615384615384,54,0.5384615384615384,0.7307692307692307
5047.940741836908,663809.0062552114,0.509090909090909,0.9230769230769231,0.4827586206896552,0.5384615384615384,54,0.5384615384615384,0.7307692307692307
5047.940741836908,663809.0062552114,0.509090909090909,0.9230769230769231,0.4827586206896552,0.5384615384615384,54,0.5384615384615384,0.7307692307692307
5047.940741836908,663809.0062552114,0.509090909090909,0.9230769230769231,0.4827586206896552,0.5384615384615384,54,0.5384615384615384,0.7307692307692307
5047.940741836908,663809.0062552114,0.509090909090909,0.9230769230769231,0.4827586206896552,0.5384615384615384,54,0.5384615384615384,0.7307692307692307
5047.940741836908,663809.0062552114,0.509090909090909,0.9230769230769231,0.4827586206896552,0.5384615384615384,54,0.5384615384615384,0.7307692307692307
5047.940741836908,663809.0062552114,0.509090909090909,0.9230769230769231,0.4827586206896552,0.5384615384615384,54,0.5384615384615384,0.7307692307692307
5047.940741836908,663809.0062552114,0.509090909090909,0.9230769230769231,0.4827586206896552,0.5384615384615384,54,0.5384615384615384,0.7307692307692307
5047.940741836908,663809.0062552114,0.509090909090909,0.9230769230769231,0.4827586206896552,0.5384615384615384,54,0.5384615384615384,0.7307692307692307
5047.940741836908,663809.0062552114,0.509090909090909,0.9230769230769231,0.4827586206896552,0.5384615384615384,54,0.5384615384615384,0.7307692307692307
5047.940741836908,663809.0062552114,0.509090909090909,0.9230769230769231,0.4827586206896552,0.5384615384615384,54,0.5384615384615384,0.7307692307692307
5047.940741836908,663809.0062552114,0.509090909090909,0.9230769230769231,0.4827586206896552,0.5384615384615384,54,0.5384615384615384,0.7307692307692307
5047.940741836908,663809.0062552114,0.509090909090909,0.9230769230769231,0.4827586206896552,0.5384615384615384,54,0.5384615384615384,0.7307692307692307
5047.940741836908,663809.0062552114,0.509090909090909,0.9230769230769231,0.4827586206896552,0.5384615384615384,54,0.5384615384615384,0.7307692307692307
5047.940741836908,663809.0062552114,0.509090909090909,0.9230769230769231,0.4827586206896552,0.5384615384615384,54,0.5384615384615384,0.7307692307692307
5047.940741836908,663809.0062552114,0.509090909090909,0.9230769230769231,0.4827586206896552,0.5384615384615384,54,0.5384615384615384,0.7307692307692307
5047.940741836908,663809.0062552114,0.509090909090909,0.9230769230769231,0.4827586206896552,0.5384615384615384,54,0.5384615384615384,0.7307692307692307
5047.940741836908,663809.0062552114,0.509090909090909,0.9230769230769231,0.4827586206896552,0.5384615384615384,54,0.5384615384615384,0.7307692307692307
5047.940741836908,663809.0062552114,0.509090909090909,0.9230769230769231,0.4827586206896552,0.5384615384615384,54,0.5384615384615384,0.7307692307692307
5047.940741836908,663809.0062552114,0.509090909090909,0.9230769230769231,0.4827586206896552,0.5384615384615384,54,0.5384615384615384,0.7307692307692307
5047.940741836908,663809.0062552114,0.509090909090909,0.9230769230769231,0.4827586206896552,0.5384615384615384,54,0.5384615384615384,0.7307692307692307
5047.940741836908,663809.0062552114,0.509090909090909,0.9230769230769231,0.4827586206896552,0.5384615384615384,54,0.5384615384615384,0.7307692307692307
5047.940741836908,663809.0062552114,0.509090909090909,0.9230769230769231,0.4827586206896552,0.5384615384615384,54,0.5384615384615384,0.7307692307692307
5047.940741836908,663809.0062552114,0.509090909090909,0.9230769230769231,0.4827586206896552,0.5384615384615384,54,0.5384615384615384,0.7307692307692307
5047.940741836908,663809.0062552114,0.509090909090909,0.9230769230769231,0.4827586206896552,0.5384615384615384,54,0.5384615384615384,0.7307692307692307
5047.940741836908,663809.0062552114,0.509090909090909,0.9230769230769231,0.4827586206896552,0.5384615384615384,54,0.5384615384615384,0.7307692307692307
5047.940741836908,663809.0062552114,0.509090909090909,0.9230769230769231,0.4827586206896552,0.5384615384615384,54,0.5384615384615384,0.7307692307692307
5047.940741836908,663809.0062552114,0.509090909090909,0.9230769230769231,0.4827586206896552,0.5384615384615384,54,0.5384615384615384,0.7307692307692307
5047.940741836908,663809.0062552114,0.509090909090909,0.9230769230769231,0.4827586206896552,0.5384615384615384,54,0.5384615384615384,0.7307692307692307
5047.940741836908,663809.0062552114,0.509090909090909,0.9230769230769231,0.4827586206896552,0.5384615384615384,54,0.5384615384615384,0.7307692307692307
5047.940741836908,663809.0062552114,0.509090909090909,0.9230769230769231,0.4827586206896552,0.5384615384615384,54,0.5384615384615384,0.7307692307692307
5047.940741836908,663809.0062552114,0.509090909090909,0.9230769230769231,0.4827586206896552,0.5384615384615384,54,0.5384615384615384,0.7307692307692307
5047.940741836908,663809.0062552114,0.509090909090909,0.9230769230769231,0.4827586206896552,0.5384615384615384,54,0.5384615384615384,0.7307692307692307
5047.940741836908,663809.0062552114,0.509090909090909,0.9230769230769231,0.4827586206896552,0.5384615384615384,54,0.5384615384615384,0.7307692307692307
5047.940741836908,663809.0062552114,0.509090909090909,0.9230769230769231,0.4827586206896552,0.5384615384615384,54,0.5384615384615384,0.7307692307692307
5047.940741836908,663809.0062552114,0.509090909090909,0.9230769230769231,0.4827586206896552,0.5384615384615384,54,0.5384615384615384,0.7307692307692307
5047.940741836908,663809.0062552114,0.509090909090909,0.9230769230769231,0.4827586206896552,0.5384615384615384,54,0.5384615384615384,0.7307692307692307
5047.940741836908,663809.0062552114,0.509090909090909,0.9230769230769231,0.4827586206896552,0.5384615384615384,54,0.5384615384615384,0.7307692307692307
5047.940741836908,663809.0062552114,0.509090909090909,0.9230769230769231,0.4827586206896552,0.5384615384615384,54,0.5384615384615384,0.7307692307692307
5047.940741836908,663809.0062552114,0.509090909090909,0.9230769230769231,0.4827586206896552,0.5384615384615384,54,0.5384615384615384,0.7307692307692307
5047.940741836908,663809.0062552114,0.509090909090909,0.9230769230769231,0.4827586206896552,0.5384615384615384,54,0.5384615384615384,0.7307692307692307
5047.940741836908,663809.0062552114,0.509090909090909,0.9230769230769231,0.4827586206896552,0.5384615384615384,54,0.5384615384615384,0.7307692307692307
5047.940741836908,663809.0062552114,0.509090909090909,0.9230769230769231,0.4827586206896552,0.5384615384615384,54,0.5384615384615384,0.7307692307692307
5047.940741836908,663809.0062552114,0.509090909090909,0.9230769230769231,0.4827586206896552,0.5384615384615384,54,0.5384615384615384,0.7307692307692307
5047.940741836908,663809.0062552114,0.509090909090909,0.9230769230769231,0.4827586206896552,0.5384615384615384,54,0.5384615384615384,0.7307692307692307
5047.940741836908,663809.0062552114,0.509090909090909,0.9230769230769231,0.4827586206896552,0.5384615384615384,54,0.5384615384615384,0.7307692307692307
5047.940741836908,663809.0062552114,0.509090909090909,0.9230769230769231,0.4827586206896552,0.5384615384615384,54,0.5384615384615384,0.7307692307692307
5047.940741836908,663809.0062552114,0.509090909090909,0.9230769230769231,0.4827586206896552,0.5384615384615384,54,0.5384615384615384,0.7307692307692307
5047.940741836908,663809.0062552114,0.509090909090909,0.9230769230769231,0.4827586206896552,0.5384615384615384,54,0.5384615384615384,0.7307692307692307
5047.940741836908,663809.0062552114,0.509090909090909,0.9230769230769231,0.4827586206896552,0.5384615384615384,54,0.5384615384615384,0.7307692307692307
5047.940741836908,663809.0062552114,0.509090909090909,0.9230769230769231,0.4827586206896552,0.5384615384615384,54,0.5384615384615384,0.7307692307692307
5047.940741836908,663809.0062552114,0.509090909090909,0.9230769230769231,0.4827586206896552,0.5384615384615384,54,0.5384615384615384,0.7307692307692307
5047.940741836908,663809.0062552114,0.509090909090909,0.9230769230769231,0.4827586206896552,0.5384615384615384,54,0.5384615384615384,0.7307692307692307
5047.940741836908,663809.0062552114,0.509090909090909,0.9230769230769231,0.4827586206896552,0.5384615384615384,54,0.5384615384615384,0.7307692307692307
5047.940741836908,663809.0062552114,0.509090909090909,0.9230769230769231,0.4827586206896552,0.5384615384615384,54,0.5384615384615384,0.7307692307692307
5047.940741836908,663809.0062552114,0.509090909090909,0.9230769230769231,0.4827586206896552,0.5384615384615384,54,0.5384615384615384,0.7307692307692307
5047.940741836908,663809.0062552114,0.509090909090909,0.9230769230769231,0.4827586206896552,0.5384615384615384,54,0.5384615384615384,0.7307692307692307
5047.940741836908,663809.0062552114,0.509090909090909,0.9230769230769231,0.4827586206896552,0.5384615384615384,54,0.5384615384615384,0.7307692307692307
5047.940741836908,663809.0062552114,0.509090909090909,0.9230769230769231,0.4827586206896552,0.5384615384615384,54,0.5384615384615384,0.7307692307692307
5047.940741836908,663809.0062552114,0.509090909090909,0.9230769230769231,0.4827586206896552,0.5384615384615384,54,0.5384615384615384,0.7307692307692307
5047.940741836908,663809.0062552114,0.509090909090909,0.9230769230769231,0.4827586206896552,0.5384615384615384,54,0.5384615384615384,0.7307692307692307
5047.940741836908,663809.0062552114,0.509090909090909,0.9230769230769231,0.4827586206896552,0.5384615384615384,54,0.5384615384615384,0.7307692307692307
5047.940741836908,663809.0062552114,0.509090909090909,0.9230769230769231,0.4827586206896552,0.5384615384615384,54,0.5384615384615384,0.7307692307692307
5047.940741836908,663809.0062552114,0.509090909090909,0.9230769230769231,0.4827586206896552,0.5384615384615384,54,0.5384615384615384,0.7307692307692307
5047.940741836908,663809.0062552114,0.509090909090909,0.9230769230769231,0.4827586206896552,0.5384615384615384,54,0.5384615384615384,0.7307692307692307
4889.221336809103,663650.2868501836,0.4954128440366972,0.9216524216524217,0.47368421052631576,0.5192307692307693,55,0.5192307692307693,0.7307692307692307
4889.221336809103,663650.2868501836,0.4954128440366972,0.9216524216524217,0.47368421052631576,0.5192307692307693,55,0.5192307692307693,0.7307692307692307
4817.535091811209,663578.6006051857,0.5225225225225225,0.9245014245014245,0.4915254237288136,0.5576923076923077,53,0.5576923076923077,0.7307692307692307
4757.1910119525855,663518.2565253271,0.5272727272727272,0.9259259259259259,0.5,0.5576923076923077,52,0.5576923076923077,0.7307692307692307
4757.1910119525855,663518.2565253271,0.5272727272727272,0.9259259259259259,0.5,0.5576923076923077,52,0.5576923076923077,0.7307692307692307
4757.1910119525855,663518.2565253271,0.5272727272727272,0.9259259259259259,0.5,0.5576923076923077,52,0.5576923076923077,0.7307692307692307
4660.9623855151,663422.0278988896,0.5272727272727272,0.9259259259259259,0.5,0.5576923076923077,52,0.5576923076923077,0.7307692307692307
4641.664672349463,663402.730185724,0.5272727272727272,0.9259259259259259,0.5,0.5576923076923077,52,0.5576923076923077,0.7307692307692307
4599.671580508701,663360.7370938832,0.5321100917431193,0.9273504273504274,0.5087719298245614,0.5576923076923077,51,0.5576923076923077,0.7307692307692307
4599.671580508701,663360.7370938832,0.5321100917431193,0.9273504273504274,0.5087719298245614,0.5576923076923077,51,0.5576923076923077,0.7307692307692307
4560.516335216467,663321.581848591,0.5321100917431193,0.9273504273504274,0.5087719298245614,0.5576923076923077,51,0.5576923076923077,0.7307692307692307
4560.516335216467,663321.581848591,0.5321100917431193,0.9273504273504274,0.5087719298245614,0.5576923076923077,51,0.5576923076923077,0.7307692307692307
4518.523243375705,663279.5887567502,0.537037037037037,0.9287749287749287,0.5178571428571429,0.5576923076923077,50,0.5576923076923077,0.7307692307692307
4518.523243375705,663279.5887567502,0.537037037037037,0.9287749287749287,0.5178571428571429,0.5576923076923077,50,0.5576923076923077,0.7307692307692307
4518.523243375705,663279.5887567502,0.537037037037037,0.9287749287749287,0.5178571428571429,0.5576923076923077,50,0.5576923076923077,0.7307692307692307
4518.523243375705,663279.5887567502,0.537037037037037,0.9287749287749287,0.5178571428571429,0.5576923076923077,50,0.5576923076923077,0.7307692307692307
4518.523243375705,663279.5887567502,0.537037037037037,0.9287749287749287,0.5178571428571429,0.5576923076923077,50,0.5576923076923077,0.7307692307692307
4518.523243375705,663279.5887567502,0.537037037037037,0.9287749287749287,0.5178571428571429,0.5576923076923077,50,0.5576923076923077,0.7307692307692307
4518.523243375705,663279.5887567502,0.537037037037037,0.9287749287749287,0.5178571428571429,0.5576923076923077,50,0.5576923076923077,0.7307692307692307
4518.523243375705,663279.5887567502,0.537037037037037,0.9287749287749287,0.5178571428571429,0.5576923076923077,50,0.5576923076923077,0.7307692307692307
4518.523243375705,663279.5887567502,0.537037037037037,0.9287749287749287,0.5178571428571429,0.5576923076923077,50,0.5576923076923077,0.7307692307692307
4434.311386512942,663195.3768998875,0.5504587155963302,0.9301994301994302,0.5263157894736842,0.5769230769230769,49,0.5769230769230769,0.75
4434.311386512942,663195.3768998875,0.5504587155963302,0.9301994301994302,0.5263157894736842,0.5769230769230769,49,0.5769230769230769,0.75
4434.311386512942,663195.3768998875,0.5504587155963302,0.9301994301994302,0.5263157894736842,0.5769230769230769,49,0.5769230769230769,0.75
4434.311386512942,663195.3768998875,0.5504587155963302,0.9301994301994302,0.5263157894736842,0.5769230769230769,49,0.5769230769230769,0.75
4434.311386512942,663195.3768998875,0.5504587155963302,0.9301994301994302,0.5263157894736842,0.5769230769230769,49,0.5769230769230769,0.75
4434.311386512942,663195.3768998875,0.5504587155963302,0.9301994301994302,0.5263157894736842,0.5769230769230769,49,0.5769230769230769,0.75
4434.311386512942,663195.3768998875,0.5504587155963302,0.9301994301994302,0.5263157894736842,0.5769230769230769,49,0.5769230769230769,0.75
4434.311386512942,663195.3768998875,0.5504587155963302,0.9301994301994302,0.5263157894736842,0.5769230769230769,49,0.5769230769230769,0.75
4434.311386512942,663195.3768998875,0.5504587155963302,0.9301994301994302,0.5263157894736842,0.5769230769230769,49,0.5769230769230769,0.75
4275.59198148537,663036.6574948599,0.537037037037037,0.9287749287749287,0.5178571428571429,0.5576923076923077,50,0.5576923076923077,0.75
4275.59198148537,663036.6574948599,0.537037037037037,0.9287749287749287,0.5178571428571429,0.5576923076923077,50,0.5576923076923077,0.75
4275.59198148537,663036.6574948599,0.537037037037037,0.9287749287749287,0.5178571428571429,0.5576923076923077,50,0.5576923076923077,0.75
4275.59198148537,663036.6574948599,0.537037037037037,0.9287749287749287,0.5178571428571429,0.5576923076923077,50,0.5576923076923077,0.75
4275.59198148537,663036.6574948599,0.537037037037037,0.9287749287749287,0.5178571428571429,0.5576923076923077,50,0.5576923076923077,0.75
4275.59198148537,663036.6574948599,0.537037037037037,0.9287749287749287,0.5178571428571429,0.5576923076923077,50,0.5576923076923077,0.75
4020.0787490826333,662781.1442624572,0.5420560747663552,0.9301994301994302,0.5272727272727272,0.5576923076923077,49,0.5576923076923077,0.75
4020.0787490826333,662781.1442624572,0.5420560747663552,0.9301994301994302,0.5272727272727272,0.5576923076923077,49,0.5576923076923077,0.75
4020.0787490826333,662781.1442624572,0.5420560747663552,0.9301994301994302,0.5272727272727272,0.5576923076923077,49,0.5576923076923077,0.75
4020.0787490826333,662781.1442624572,0.5420560747663552,0.9301994301994302,0.5272727272727272,0.5576923076923077,49,0.5576923076923077,0.75
4020.0787490826333,662781.1442624572,0.5420560747663552,0.9301994301994302,0.5272727272727272,0.5576923076923077,49,0.5576923076923077,0.75
4020.0787490826333,662781.1442624572,0.5420560747663552,0.9301994301994302,0.5272727272727272,0.5576923076923077,49,0.5576923076923077,0.75
4020.0787490826333,662781.1442624572,0.5420560747663552,0.9301994301994302,0.5272727272727272,0.5576923076923077,49,0.5576923076923077,0.75
4020.0787490826333,662781.1442624572,0.5420560747663552,0.9301994301994302,0.5272727272727272,0.5576923076923077,49,0.5576923076923077,0.75
4020.0787490826333,662781.1442624572,0.5420560747663552,0.9301994301994302,0.5272727272727272,0.5576923076923077,49,0.5576923076923077,0.75
4020.0787490826333,662781.1442624572,0.5420560747663552,0.9301994301994302,0.5272727272727272,0.5576923076923077,49,0.5576923076923077,0.75
4020.0787490826333,662781.1442624572,0.5420560747663552,0.9301994301994302,0.5272727272727272,0.5576923076923077,49,0.5576923076923077,0.75
4020.0787490826333,662781.1442624572,0.5420560747663552,0.9301994301994302,0.5272727272727272,0.5576923076923077,49,0.5576923076923077,0.75
4020.0787490826333,662781.1442624572,0.5420560747663552,0.9301994301994302,0.5272727272727272,0.5576923076923077,49,0.5576923076923077,0.75
4020.0787490826333,662781.1442624572,0.5420560747663552,0.9301994301994302,0.5272727272727272,0.5576923076923077,49,0.5576923076923077,0.75
4020.0787490826333,662781.1442624572,0.5420560747663552,0.9301994301994302,0.5272727272727272,0.5576923076923077,49,0.5576923076923077,0.75
4020.0787490826333,662781.1442624572,0.5420560747663552,0.9301994301994302,0.5272727272727272,0.5576923076923077,49,0.5576923076923077,0.75
4020.0787490826333,662781.1442624572,0.5420560747663552,0.9301994301994302,0.5272727272727272,0.5576923076923077,49,0.5576923076923077,0.75
4020.0787490826333,662781.1442624572,0.5420560747663552,0.9301994301994302,0.5272727272727272,0.5576923076923077,49,0.5576923076923077,0.75
4020.0787490826333,662781.1442624572,0.5420560747663552,0.9301994301994302,0.5272727272727272,0.5576923076923077,49,0.5576923076923077,0.75
4020.0787490826333,662781.1442624572,0.5420560747663552,0.9301994301994302,0.5272727272727272,0.5576923076923077,49,0.5576923076923077,0.75
4020.0787490826333,662781.1442624572,0.5420560747663552,0.9301994301994302,0.5272727272727272,0.5576923076923077,49,0.5576923076923077,0.75
4020.0787490826333,662781.1442624572,0.5420560747663552,0.9301994301994302,0.5272727272727272,0.5576923076923077,49,0.5576923076923077,0.75
4020.0787490826333,662781.1442624572,0.5420560747663552,0.9301994301994302,0.5272727272727272,0.5576923076923077,49,0.5576923076923077,0.75
4020.0787490826333,662781.1442624572,0.5420560747663552,0.9301994301994302,0.5272727272727272,0.5576923076923077,49,0.5576923076923077,0.75
4020.0787490826333,662781.1442624572,0.5420560747663552,0.9301994301994302,0.5272727272727272,0.5576923076923077,49,0.5576923076923077,0.75
4020.0787490826333,662781.1442624572,0.5420560747663552,0.9301994301994302,0.5272727272727272,0.5576923076923077,49,0.5576923076923077,0.75
4020.0787490826333,662781.1442624572,0.5420560747663552,0.9301994301994302,0.5272727272727272,0.5576923076923077,49,0.5576923076923077,0.75
4020.0787490826333,662781.1442624572,0.5420560747663552,0.9301994301994302,0.5272727272727272,0.5576923076923077,49,0.5576923076923077,0.75
4020.0787490826333,662781.1442624572,0.5420560747663552,0.9301994301994302,0.5272727272727272,0.5576923076923077,49,0.5576923076923077,0.75
4020.0787490826333,662781.1442624572,0.5420560747663552,0.9301994301994302,0.5272727272727272,0.5576923076923077,49,0.5576923076923077,0.75
4020.0787490826333,662781.1442624572,0.5420560747663552,0.9301994301994302,0.5272727272727272,0.5576923076923077,49,0.5576923076923077,0.75
4020.0787490826333,662781.1442624572,0.5420560747663552,0.9301994301994302,0.5272727272727272,0.5576923076923077,49,0.5576923076923077,0.75
4020.0787490826333,662781.1442624572,0.5420560747663552,0.9301994301994302,0.5272727272727272,0.5576923076923077,49,0.5576923076923077,0.75
4020.0787490826333,662781.1442624572,0.5420560747663552,0.9301994301994302,0.5272727272727272,0.5576923076923077,49,0.5576923076923077,0.75
4020.0787490826333,662781.1442624572,0.5420560747663552,0.9301994301994302,0.5272727272727272,0.5576923076923077,49,0.5576923076923077,0.75
4020.0787490826333,662781.1442624572,0.5420560747663552,0.9301994301994302,0.5272727272727272,0.5576923076923077,49,0.5576923076923077,0.75
4020.0787490826333,662781.1442624572,0.5420560747663552,0.9301994301994302,0.5272727272727272,0.5576923076923077,49,0.5576923076923077,0.75
4020.0787490826333,662781.1442624572,0.5420560747663552,0.9301994301994302,0.5272727272727272,0.5576923076923077,49,0.5576923076923077,0.75
4020.0787490826333,662781.1442624572,0.5420560747663552,0.9301994301994302,0.5272727272727272,0.5576923076923077,49,0.5576923076923077,0.75
4020.0787490826333,662781.1442624572,0.5420560747663552,0.9301994301994302,0.5272727272727272,0.5576923076923077,49,0.5576923076923077,0.75
4020.0787490826333,662781.1442624572,0.5420560747663552,0.9301994301994302,0.5272727272727272,0.5576923076923077,49,0.5576923076923077,0.75
4020.0787490826333,662781.1442624572,0.5420560747663552,0.9301994301994302,0.5272727272727272,0.5576923076923077,49,0.5576923076923077,0.75
4020.0787490826333,662781.1442624572,0.5420560747663552,0.9301994301994302,0.5272727272727272,0.5576923076923077,49,0.5576923076923077,0.75
4020.0787490826333,662781.1442624572,0.5420560747663552,0.9301994301994302,0.5272727272727272,0.5576923076923077,49,0.5576923076923077,0.75
4020.0787490826333,662781.1442624572,0.5420560747663552,0.9301994301994302,0.5272727272727272,0.5576923076923077,49,0.5576923076923077,0.75
4020.0787490826333,662781.1442624572,0.5420560747663552,0.9301994301994302,0.5272727272727272,0.5576923076923077,49,0.5576923076923077,0.75
4020.0787490826333,662781.1442624572,0.5420560747663552,0.9301994301994302,0.5272727272727272,0.5576923076923077,49,0.5576923076923077,0.75
4020.0787490826333,662781.1442624572,0.5420560747663552,0.9301994301994302,0.5272727272727272,0.5576923076923077,49,0.5576923076923077,0.75
4020.0787490826333,662781.1442624572,0.5420560747663552,0.9301994301994302,0.5272727272727272,0.5576923076923077,49,0.5576923076923077,0.75
4020.0787490826333,662781.1442624572,0.5420560747663552,0.9301994301994302,0.5272727272727272,0.5576923076923077,49,0.5576923076923077,0.75
4020.0787490826333,662781.1442624572,0.5420560747663552,0.9301994301994302,0.5272727272727272,0.5576923076923077,49,0.5576923076923077,0.75
4020.0787490826333,662781.1442624572,0.5420560747663552,0.9301994301994302,0.5272727272727272,0.5576923076923077,49,0.5576923076923077,0.75
4020.0787490826333,662781.1442624572,0.5420560747663552,0.9301994301994302,0.5272727272727272,0.5576923076923077,49,0.5576923076923077,0.75
4020.0787490826333,662781.1442624572,0.5420560747663552,0.9301994301994302,0.5272727272727272,0.5576923076923077,49,0.5576923076923077,0.75
4020.0787490826333,662781.1442624572,0.5420560747663552,0.9301994301994302,0.5272727272727272,0.5576923076923077,49,0.5576923076923077,0.75
4020.0787490826333,662781.1442624572,0.5420560747663552,0.9301994301994302,0.5272727272727272,0.5576923076923077,49,0.5576923076923077,0.75
4020.0787490826333,662781.1442624572,0.5420560747663552,0.9301994301994302,0.5272727272727272,0.5576923076923077,49,0.5576923076923077,0.75
4020.0787490826333,662781.1442624572,0.5420560747663552,0.9301994301994302,0.5272727272727272,0.5576923076923077,49,0.5576923076923077,0.75
4020.0787490826333,662781.1442624572,0.5420560747663552,0.9301994301994302,0.5272727272727272,0.5576923076923077,49,0.5576923076923077,0.75
4020.0787490826333,662781.1442624572,0.5420560747663552,0.9301994301994302,0.5272727272727272,0.5576923076923077,49,0.5576923076923077,0.75
4020.0787490826333,662781.1442624572,0.5420560747663552,0.9301994301994302,0.5272727272727272,0.5576923076923077,49,0.5576923076923077,0.75
4020.0787490826333,662781.1442624572,0.5420560747663552,0.9301994301994302,0.5272727272727272,0.5576923076923077,49,0.5576923076923077,0.75
4020.0787490826333,662781.1442624572,0.5420560747663552,0.9301994301994302,0.5272727272727272,0.5576923076923077,49,0.5576923076923077,0.75
4020.0787490826333,662781.1442624572,0.5420560747663552,0.9301994301994302,0.5272727272727272,0.5576923076923077,49,0.5576923076923077,0.75
4020.0787490826333,662781.1442624572,0.5420560747663552,0.9301994301994302,0.5272727272727272,0.5576923076923077,49,0.5576923076923077,0.75
4020.0787490826333,662781.1442624572,0.5420560747663552,0.9301994301994302,0.5272727272727272,0.5576923076923077,49,0.5576923076923077,0.75
4020.0787490826333,662781.1442624572,0.5420560747663552,0.9301994301994302,0.5272727272727272,0.5576923076923077,49,0.5576923076923077,0.75
4020.0787490826333,662781.1442624572,0.5420560747663552,0.9301994301994302,0.5272727272727272,0.5576923076923077,49,0.5576923076923077,0.75
4020.0787490826333,662781.1442624572,0.5420560747663552,0.9301994301994302,0.5272727272727272,0.5576923076923077,49,0.5576923076923077,0.75
4020.0787490826333,662781.1442624572,0.5420560747663552,0.9301994301994302,0.5272727272727272,0.5576923076923077,49,0.5576923076923077,0.75
4020.0787490826333,662781.1442624572,0.5420560747663552,0.9301994301994302,0.5272727272727272,0.5576923076923077,49,0.5576923076923077,0.75
4020.0787490826333,662781.1442624572,0.5420560747663552,0.9301994301994302,0.5272727272727272,0.5576923076923077,49,0.5576923076923077,0.75
4020.0787490826333,662781.1442624572,0.5420560747663552,0.9301994301994302,0.5272727272727272,0.5576923076923077,49,0.5576923076923077,0.75
4020.0787490826333,662781.1442624572,0.5420560747663552,0.9301994301994302,0.5272727272727272,0.5576923076923077,49,0.5576923076923077,0.75
4020.0787490826333,662781.1442624572,0.5420560747663552,0.9301994301994302,0.5272727272727272,0.5576923076923077,49,0.5576923076923077,0.75
4020.0787490826333,662781.1442624572,0.5420560747663552,0.9301994301994302,0.5272727272727272,0.5576923076923077,49,0.5576923076923077,0.75
4020.0787490826333,662781.1442624572,0.5420560747663552,0.9301994301994302,0.5272727272727272,0.5576923076923077,49,0.5576923076923077,0.75
4020.0787490826333,662781.1442624572,0.5420560747663552,0.9301994301994302,0.5272727272727272,0.5576923076923077,49,0.5576923076923077,0.75
4020.0787490826333,662781.1442624572,0.5420560747663552,0.9301994301994302,0.5272727272727272,0.5576923076923077,49,0.5576923076923077,0.75
4020.0787490826333,662781.1442624572,0.5420560747663552,0.9301994301994302,0.5272727272727272,0.5576923076923077,49,0.5576923076923077,0.75
4020.0787490826333,662781.1442624572,0.5420560747663552,0.9301994301994302,0.5272727272727272,0.5576923076923077,49,0.5576923076923077,0.75
4020.0787490826333,662781.1442624572,0.5420560747663552,0.9301994301994302,0.5272727272727272,0.5576923076923077,49,0.5576923076923077,0.75
4020.0787490826333,662781.1442624572,0.5420560747663552,0.9301994301994302,0.5272727272727272,0.5576923076923077,49,0.5576923076923077,0.75
4020.0787490826333,662781.1442624572,0.5420560747663552,0.9301994301994302,0.5272727272727272,0.5576923076923077,49,0.5576923076923077,0.75
4020.0787490826333,662781.1442624572,0.5420560747663552,0.9301994301994302,0.5272727272727272,0.5576923076923077,49,0.5576923076923077,0.75
4020.0787490826333,662781.1442624572,0.5420560747663552,0.9301994301994302,0.5272727272727272,0.5576923076923077,49,0.5576923076923077,0.75
4020.0787490826333,662781.1442624572,0.5420560747663552,0.9301994301994302,0.5272727272727272,0.5576923076923077,49,0.5576923076923077,0.75
4020.0787490826333,662781.1442624572,0.5420560747663552,0.9301994301994302,0.5272727272727272,0.5576923076923077,49,0.5576923076923077,0.75
4020.0787490826333,662781.1442624572,0.5420560747663552,0.9301994301994302,0.5272727272727272,0.5576923076923077,49,0.5576923076923077,0.75
4020.0787490826333,662781.1442624572,0.5420560747663552,0.9301994301994302,0.5272727272727272,0.5576923076923077,49,0.5576923076923077,0.75
4020.0787490826333,662781.1442624572,0.5420560747663552,0.9301994301994302,0.5272727272727272,0.5576923076923077,49,0.5576923076923077,0.75
4020.0787490826333,662781.1442624572,0.5420560747663552,0.9301994301994302,0.5272727272727272,0.5576923076923077,49,0.5576923076923077,0.75
4020.0787490826333,662781.1442624572,0.5420560747663552,0.9301994301994302,0.5272727272727272,0.5576923076923077,49,0.5576923076923077,0.75
4020.0787490826333,662781.1442624572,0.5420560747663552,0.9301994301994302,0.5272727272727272,0.5576923076923077,49,0.5576923076923077,0.75
4020.0787490826333,662781.1442624572,0.5420560747663552,0.9301994301994302,0.5272727272727272,0.5576923076923077,49,0.5576923076923077,0.75
4020.0787490826333,662781.1442624572,0.5420560747663552,0.9301994301994302,0.5272727272727272,0.5576923076923077,49,0.5576923076923077,0.75
4020.0787490826333,662781.1442624572,0.5420560747663552,0.9301994301994302,0.5272727272727272,0.5576923076923077,49,0.5576923076923077,0.75
4020.0787490826333,662781.1442624572,0.5420560747663552,0.9301994301994302,0.5272727272727272,0.5576923076923077,49,0.5576923076923077,0.75
4020.0787490826333,662781.1442624572,0.5420560747663552,0.9301994301994302,0.5272727272727272,0.5576923076923077,49,0.5576923076923077,0.75
4020.0787490826333,662781.1442624572,0.5420560747663552,0.9301994301994302,0.5272727272727272,0.5576923076923077,49,0.5576923076923077,0.75
4020.0787490826333,662781.1442624572,0.5420560747663552,0.9301994301994302,0.5272727272727272,0.5576923076923077,49,0.5576923076923077,0.75
4020.0787490826333,662781.1442624572,0.5420560747663552,0.9301994301994302,0.5272727272727272,0.5576923076923077,49,0.5576923076923077,0.75
4020.0787490826333,662781.1442624572,0.5420560747663552,0.9301994301994302,0.5272727272727272,0.5576923076923077,49,0.5576923076923077,0.75
4020.0787490826333,662781.1442624572,0.5420560747663552,0.9301994301994302,0.5272727272727272,0.5576923076923077,49,0.5576923076923077,0.75
4020.0787490826333,662781.1442624572,0.5420560747663552,0.9301994301994302,0.5272727272727272,0.5576923076923077,49,0.5576923076923077,0.75
4020.0787490826333,662781.1442624572,0.5420560747663552,0.9301994301994302,0.5272727272727272,0.5576923076923077,49,0.5576923076923077,0.75
4020.0787490826333,662781.1442624572,0.5420560747663552,0.9301994301994302,0.5272727272727272,0.5576923076923077,49,0.5576923076923077,0.75
4020.0787490826333,662781.1442624572,0.5420560747663552,0.9301994301994302,0.5272727272727272,0.5576923076923077,49,0.5576923076923077,0.75
4020.0787490826333,662781.1442624572,0.5420560747663552,0.9301994301994302,0.5272727272727272,0.5576923076923077,49,0.5576923076923077,0.75
3576.7567817332456,662337.8222951078,0.537037037037037,0.9287749287749287,0.5178571428571429,0.5576923076923077,50,0.5576923076923077,0.75
3125.3130217987346,661886.3785351733,0.5420560747663552,0.9301994301994302,0.5272727272727272,0.5576923076923077,49,0.5576923076923077,0.75
3125.3130217987346,661886.3785351733,0.5420560747663552,0.9301994301994302,0.5272727272727272,0.5576923076923077,49,0.5576923076923077,0.75
3125.3130217987346,661886.3785351733,0.5420560747663552,0.9301994301994302,0.5272727272727272,0.5576923076923077,49,0.5576923076923077,0.75
3125.3130217987346,661886.3785351733,0.5420560747663552,0.9301994301994302,0.5272727272727272,0.5576923076923077,49,0.5576923076923077,0.75
3125.3130217987346,661886.3785351733,0.5420560747663552,0.9301994301994302,0.5272727272727272,0.5576923076923077,49,0.5576923076923077,0.75
3125.3130217987346,661886.3785351733,0.5420560747663552,0.9301994301994302,0.5272727272727272,0.5576923076923077,49,0.5576923076923077,0.75
3125.3130217987346,661886.3785351733,0.5420560747663552,0.9301994301994302,0.5272727272727272,0.5576923076923077,49,0.5576923076923077,0.75
3125.3130217987346,661886.3785351733,0.5420560747663552,0.9301994301994302,0.5272727272727272,0.5576923076923077,49,0.5576923076923077,0.75
3125.3130217987346,661886.3785351733,0.5420560747663552,0.9301994301994302,0.5272727272727272,0.5576923076923077,49,0.5576923076923077,0.75
3125.3130217987346,661886.3785351733,0.5420560747663552,0.9301994301994302,0.5272727272727272,0.5576923076923077,49,0.5576923076923077,0.75
3125.3130217987346,661886.3785351733,0.5420560747663552,0.9301994301994302,0.5272727272727272,0.5576923076923077,49,0.5576923076923077,0.75
3125.3130217987346,661886.3785351733,0.5420560747663552,0.9301994301994302,0.5272727272727272,0.5576923076923077,49,0.5576923076923077,0.75
3125.3130217987346,661886.3785351733,0.5420560747663552,0.9301994301994302,0.5272727272727272,0.5576923076923077,49,0.5576923076923077,0.75
3125.3130217987346,661886.3785351733,0.5420560747663552,0.9301994301994302,0.5272727272727272,0.5576923076923077,49,0.5576923076923077,0.75
3125.3130217987346,661886.3785351733,0.5420560747663552,0.9301994301994302,0.5272727272727272,0.5576923076923077,49,0.5576923076923077,0.75
3125.3130217987346,661886.3785351733,0.5420560747663552,0.9301994301994302,0.5272727272727272,0.5576923076923077,49,0.5576923076923077,0.75
3125.3130217987346,661886.3785351733,0.5420560747663552,0.9301994301994302,0.5272727272727272,0.5576923076923077,49,0.5576923076923077,0.75
3125.3130217987346,661886.3785351733,0.5420560747663552,0.9301994301994302,0.5272727272727272,0.5576923076923077,49,0.5576923076923077,0.75
3125.3130217987346,661886.3785351733,0.5420560747663552,0.9301994301994302,0.5272727272727272,0.5576923076923077,49,0.5576923076923077,0.75
3125.3130217987346,661886.3785351733,0.5420560747663552,0.9301994301994302,0.5272727272727272,0.5576923076923077,49,0.5576923076923077,0.75
3125.3130217987346,661886.3785351733,0.5420560747663552,0.9301994301994302,0.5272727272727272,0.5576923076923077,49,0.5576923076923077,0.75
3125.3130217987346,661886.3785351733,0.5420560747663552,0.9301994301994302,0.5272727272727272,0.5576923076923077,49,0.5576923076923077,0.75
3125.3130217987346,661886.3785351733,0.5420560747663552,0.9301994301994302,0.5272727272727272,0.5576923076923077,49,0.5576923076923077,0.75
3125.3130217987346,661886.3785351733,0.5420560747663552,0.9301994301994302,0.5272727272727272,0.5576923076923077,49,0.5576923076923077,0.75
3125.3130217987346,661886.3785351733,0.5420560747663552,0.9301994301994302,0.5272727272727272,0.5576923076923077,49,0.5576923076923077,0.75
3125.3130217987346,661886.3785351733,0.5420560747663552,0.9301994301994302,0.5272727272727272,0.5576923076923077,49,0.5576923076923077,0.75
2935.938605398056,661697.0041187726,0.5607476635514018,0.9330484330484331,0.5454545454545454,0.5769230769230769,47,0.5769230769230769,0.7692307692307693
2935.938605398056,661697.0041187726,0.5607476635514018,0.9330484330484331,0.5454545454545454,0.5769230769230769,47,0.5769230769230769,0.7692307692307693
2935.938605398056,661697.0041187726,0.5607476635514018,0.9330484330484331,0.5454545454545454,0.5769230769230769,47,0.5769230769230769,0.7692307692307693
2935.938605398056,661697.0041187726,0.5607476635514018,0.9330484330484331,0.5454545454545454,0.5769230769230769,47,0.5769230769230769,0.7692307692307693
2935.938605398056,661697.0041187726,0.5607476635514018,0.9330484330484331,0.5454545454545454,0.5769230769230769,47,0.5769230769230769,0.7692307692307693
2935.938605398056,661697.0041187726,0.5607476635514018,0.9330484330484331,0.5454545454545454,0.5769230769230769,47,0.5769230769230769,0.7692307692307693
2935.938605398056,661697.0041187726,0.5607476635514018,0.9330484330484331,0.5454545454545454,0.5769230769230769,47,0.5769230769230769,0.7692307692307693
2935.938605398056,661697.0041187726,0.5607476635514018,0.9330484330484331,0.5454545454545454,0.5769230769230769,47,0.5769230769230769,0.7692307692307693
2935.938605398056,661697.0041187726,0.5607476635514018,0.9330484330484331,0.5454545454545454,0.5769230769230769,47,0.5769230769230769,0.7692307692307693
2935.938605398056,661697.0041187726,0.5607476635514018,0.9330484330484331,0.5454545454545454,0.5769230769230769,47,0.5769230769230769,0.7692307692307693
2935.938605398056,661697.0041187726,0.5607476635514018,0.9330484330484331,0.5454545454545454,0.5769230769230769,47,0.5769230769230769,0.7692307692307693
2935.938605398056,661697.0041187726,0.5607476635514018,0.9330484330484331,0.5454545454545454,0.5769230769230769,47,0.5769230769230769,0.7692307692307693
2935.938605398056,661697.0041187726,0.5607476635514018,0.9330484330484331,0.5454545454545454,0.5769230769230769,47,0.5769230769230769,0.7692307692307693
2935.938605398056,661697.0041187726,0.5607476635514018,0.9330484330484331,0.5454545454545454,0.5769230769230769,47,0.5769230769230769,0.7692307692307693
2935.938605398056,661697.0041187726,0.5607476635514018,0.9330484330484331,0.5454545454545454,0.5769230769230769,47,0.5769230769230769,0.7692307692307693
2935.938605398056,661697.0041187726,0.5607476635514018,0.9330484330484331,0.5454545454545454,0.5769230769230769,47,0.5769230769230769,0.7692307692307693
2935.938605398056,661697.0041187726,0.5607476635514018,0.9330484330484331,0.5454545454545454,0.5769230769230769,47,0.5769230769230769,0.7692307692307693
2935.938605398056,661697.0041187726,0.5607476635514018,0.9330484330484331,0.5454545454545454,0.5769230769230769,47,0.5769230769230769,0.7692307692307693
2816.9563092879253,661578.0218226624,0.5607476635514018,0.9330484330484331,0.5454545454545454,0.5769230769230769,47,0.5769230769230769,0.7884615384615384
2816.9563092879253,661578.0218226624,0.5607476635514018,0.9330484330484331,0.5454545454545454,0.5769230769230769,47,0.5769230769230769,0.7884615384615384
2816.9563092879253,661578.0218226624,0.5607476635514018,0.9330484330484331,0.5454545454545454,0.5769230769230769,47,0.5769230769230769,0.7884615384615384
2816.9563092879253,661578.0218226624,0.5607476635514018,0.9330484330484331,0.5454545454545454,0.5769230769230769,47,0.5769230769230769,0.7884615384615384
2816.9563092879253,661578.0218226624,0.5607476635514018,0.9330484330484331,0.5454545454545454,0.5769230769230769,47,0.5769230769230769,0.7884615384615384
2816.9563092879253,661578.0218226624,0.5607476635514018,0.9330484330484331,0.5454545454545454,0.5769230769230769,47,0.5769230769230769,0.7884615384615384
2816.9563092879253,661578.0218226624,0.5607476635514018,0.9330484330484331,0.5454545454545454,0.5769230769230769,47,0.5769230769230769,0.7884615384615384
2816.9563092879253,661578.0218226624,0.5607476635514018,0.9330484330484331,0.5454545454545454,0.5769230769230769,47,0.5769230769230769,0.7884615384615384
2816.9563092879253,661578.0218226624,0.5607476635514018,0.9330484330484331,0.5454545454545454,0.5769230769230769,47,0.5769230769230769,0.7884615384615384
2816.9563092879253,661578.0218226624,0.5607476635514018,0.9330484330484331,0.5454545454545454,0.5769230769230769,47,0.5769230769230769,0.7884615384615384
2816.9563092879253,661578.0218226624,0.5607476635514018,0.9330484330484331,0.5454545454545454,0.5769230769230769,47,0.5769230769230769,0.7884615384615384
2816.9563092879253,661578.0218226624,0.5607476635514018,0.9330484330484331,0.5454545454545454,0.5769230769230769,47,0.5769230769230769,0.7884615384615384
2816.9563092879253,661578.0218226624,0.5607476635514018,0.9330484330484331,0.5454545454545454,0.5769230769230769,47,0.5769230769230769,0.7884615384615384
2816.9563092879253,661578.0218226624,0.5607476635514018,0.9330484330484331,0.5454545454545454,0.5769230769230769,47,0.5769230769230769,0.7884615384615384
2816.9563092879253,661578.0218226624,0.5607476635514018,0.9330484330484331,0.5454545454545454,0.5769230769230769,47,0.5769230769230769,0.7884615384615384
2816.9563092879253,661578.0218226624,0.5607476635514018,0.9330484330484331,0.5454545454545454,0.5769230769230769,47,0.5769230769230769,0.7884615384615384
2816.9563092879253,661578.0218226624,0.5607476635514018,0.9330484330484331,0.5454545454545454,0.5769230769230769,47,0.5769230769230769,0.7884615384615384
2816.9563092879253,661578.0218226624,0.5607476635514018,0.9330484330484331,0.5454545454545454,0.5769230769230769,47,0.5769230769230769,0.7884615384615384
2816.9563092879253,661578.0218226624,0.5607476635514018,0.9330484330484331,0.5454545454545454,0.5769230769230769,47,0.5769230769230769,0.7884615384615384
2816.9563092879253,661578.0218226624,0.5607476635514018,0.9330484330484331,0.5454545454545454,0.5769230769230769,47,0.5769230769230769,0.7884615384615384
2816.9563092879253,661578.0218226624,0.5607476635514018,0.9330484330484331,0.5454545454545454,0.5769230769230769,47,0.5769230769230769,0.7884615384615384
2816.9563092879253,661578.0218226624,0.5607476635514018,0.9330484330484331,0.5454545454545454,0.5769230769230769,47,0.5769230769230769,0.7884615384615384
2816.9563092879253,661578.0218226624,0.5607476635514018,0.9330484330484331,0.5454545454545454,0.5769230769230769,47,0.5769230769230769,0.7884615384615384
2816.9563092879253,661578.0218226624,0.5607476635514018,0.9330484330484331,0.5454545454545454,0.5769230769230769,47,0.5769230769230769,0.7884615384615384
2816.9563092879253,661578.0218226624,0.5607476635514018,0.9330484330484331,0.5454545454545454,0.5769230769230769,47,0.5769230769230769,0.7884615384615384
2816.9563092879253,661578.0218226624,0.5607476635514018,0.9330484330484331,0.5454545454545454,0.5769230769230769,47,0.5769230769230769,0.7884615384615384
2816.9563092879253,661578.0218226624,0.5607476635514018,0.9330484330484331,0.5454545454545454,0.5769230769230769,47,0.5769230769230769,0.7884615384615384
2816.9563092879253,661578.0218226624,0.5607476635514018,0.9330484330484331,0.5454545454545454,0.5769230769230769,47,0.5769230769230769,0.7884615384615384
2816.9563092879253,661578.0218226624,0.5607476635514018,0.9330484330484331,0.5454545454545454,0.5769230769230769,47,0.5769230769230769,0.7884615384615384
2816.9563092879253,661578.0218226624,0.5607476635514018,0.9330484330484331,0.5454545454545454,0.5769230769230769,47,0.5769230769230769,0.7884615384615384
2816.9563092879253,661578.0218226624,0.5607476635514018,0.9330484330484331,0.5454545454545454,0.5769230769230769,47,0.5769230769230769,0.7884615384615384
2816.9563092879253,661578.0218226624,0.5607476635514018,0.9330484330484331,0.5454545454545454,0.5769230769230769,47,0.5769230769230769,0.7884615384615384
2816.9563092879253,661578.0218226624,0.5607476635514018,0.9330484330484331,0.5454545454545454,0.5769230769230769,47,0.5769230769230769,0.7884615384615384
2816.9563092879253,661578.0218226624,0.5607476635514018,0.9330484330484331,0.5454545454545454,0.5769230769230769,47,0.5769230769230769,0.7884615384615384
2816.9563092879253,661578.0218226624,0.5607476635514018,0.9330484330484331,0.5454545454545454,0.5769230769230769,47,0.5769230769230769,0.7884615384615384
2816.9563092879253,661578.0218226624,0.5607476635514018,0.9330484330484331,0.5454545454545454,0.5769230769230769,47,0.5769230769230769,0.7884615384615384
2816.9563092879253,661578.0218226624,0.5607476635514018,0.9330484330484331,0.5454545454545454,0.5769230769230769,47,0.5769230769230769,0.7884615384615384
2816.9563092879253,661578.0218226624,0.5607476635514018,0.9330484330484331,0.5454545454545454,0.5769230769230769,47,0.5769230769230769,0.7884615384615384
2816.9563092879253,661578.0218226624,0.5607476635514018,0.9330484330484331,0.5454545454545454,0.5769230769230769,47,0.5769230769230769,0.7884615384615384
2816.9563092879253,661578.0218226624,0.5607476635514018,0.9330484330484331,0.5454545454545454,0.5769230769230769,47,0.5769230769230769,0.7884615384615384
2816.9563092879253,661578.0218226624,0.5607476635514018,0.9330484330484331,0.5454545454545454,0.5769230769230769,47,0.5769230769230769,0.7884615384615384
2816.9563092879253,661578.0218226624,0.5607476635514018,0.9330484330484331,0.5454545454545454,0.5769230769230769,47,0.5769230769230769,0.7884615384615384
2816.9563092879253,661578.0218226624,0.5607476635514018,0.9330484330484331,0.5454545454545454,0.5769230769230769,47,0.5769230769230769,0.7884615384615384
2816.9563092879253,661578.0218226624,0.5607476635514018,0.9330484330484331,0.5454545454545454,0.5769230769230769,47,0.5769230769230769,0.7884615384615384
2816.9563092879253,661578.0218226624,0.5607476635514018,0.9330484330484331,0.5454545454545454,0.5769230769230769,47,0.5769230769230769,0.7884615384615384
2816.9563092879253,661578.0218226624,0.5607476635514018,0.9330484330484331,0.5454545454545454,0.5769230769230769,47,0.5769230769230769,0.7884615384615384
2816.9563092879253,661578.0218226624,0.5607476635514018,0.9330484330484331,0.5454545454545454,0.5769230769230769,47,0.5769230769230769,0.7884615384615384
2816.9563092879253,661578.0218226624,0.5607476635514018,0.9330484330484331,0.5454545454545454,0.5769230769230769,47,0.5769230769230769,0.7884615384615384
2816.9563092879253,661578.0218226624,0.5607476635514018,0.9330484330484331,0.5454545454545454,0.5769230769230769,47,0.5769230769230769,0.7884615384615384
2816.9563092879253,661578.0218226624,0.5607476635514018,0.9330484330484331,0.5454545454545454,0.5769230769230769,47,0.5769230769230769,0.7884615384615384
2816.9563092879253,661578.0218226624,0.5607476635514018,0.9330484330484331,0.5454545454545454,0.5769230769230769,47,0.5769230769230769,0.7884615384615384
2816.9563092879253,661578.0218226624,0.5607476635514018,0.9330484330484331,0.5454545454545454,0.5769230769230769,47,0.5769230769230769,0.7884615384615384
2816.9563092879253,661578.0218226624,0.5607476635514018,0.9330484330484331,0.5454545454545454,0.5769230769230769,47,0.5769230769230769,0.7884615384615384
2816.9563092879253,661578.0218226624,0.5607476635514018,0.9330484330484331,0.5454545454545454,0.5769230769230769,47,0.5769230769230769,0.7884615384615384
2816.9563092879253,661578.0218226624,0.5607476635514018,0.9330484330484331,0.5454545454545454,0.5769230769230769,47,0.5769230769230769,0.7884615384615384
2816.9563092879253,661578.0218226624,0.5607476635514018,0.9330484330484331,0.5454545454545454,0.5769230769230769,47,0.5769230769230769,0.7884615384615384
2816.9563092879253,661578.0218226624,0.5607476635514018,0.9330484330484331,0.5454545454545454,0.5769230769230769,47,0.5769230769230769,0.7884615384615384
2816.9563092879253,661578.0218226624,0.5607476635514018,0.9330484330484331,0.5454545454545454,0.5769230769230769,47,0.5769230769230769,0.7884615384615384
2816.9563092879253,661578.0218226624,0.5607476635514018,0.9330484330484331,0.5454545454545454,0.5769230769230769,47,0.5769230769230769,0.7884615384615384
2816.9563092879253,661578.0218226624,0.5607476635514018,0.9330484330484331,0.5454545454545454,0.5769230769230769,47,0.5769230769230769,0.7884615384615384
2816.9563092879253,661578.0218226624,0.5607476635514018,0.9330484330484331,0.5454545454545454,0.5769230769230769,47,0.5769230769230769,0.7884615384615384
2816.9563092879253,661578.0218226624,0.5607476635514018,0.9330484330484331,0.5454545454545454,0.5769230769230769,47,0.5769230769230769,0.7884615384615384
2816.9563092879253,661578.0218226624,0.5607476635514018,0.9330484330484331,0.5454545454545454,0.5769230769230769,47,0.5769230769230769,0.7884615384615384
2816.9563092879253,661578.0218226624,0.5607476635514018,0.9330484330484331,0.5454545454545454,0.5769230769230769,47,0.5769230769230769,0.7884615384615384
2816.9563092879253,661578.0218226624,0.5607476635514018,0.9330484330484331,0.5454545454545454,0.5769230769230769,47,0.5769230769230769,0.7884615384615384
2816.9563092879253,661578.0218226624,0.5607476635514018,0.9330484330484331,0.5454545454545454,0.5769230769230769,47,0.5769230769230769,0.7884615384615384
2816.9563092879253,661578.0218226624,0.5607476635514018,0.9330484330484331,0.5454545454545454,0.5769230769230769,47,0.5769230769230769,0.7884615384615384
2816.9563092879253,661578.0218226624,0.5607476635514018,0.9330484330484331,0.5454545454545454,0.5769230769230769,47,0.5769230769230769,0.7884615384615384
2816.9563092879253,661578.0218226624,0.5607476635514018,0.9330484330484331,0.5454545454545454,0.5769230769230769,47,0.5769230769230769,0.7884615384615384
2816.9563092879253,661578.0218226624,0.5607476635514018,0.9330484330484331,0.5454545454545454,0.5769230769230769,47,0.5769230769230769,0.7884615384615384
2816.9563092879253,661578.0218226624,0.5607476635514018,0.9330484330484331,0.5454545454545454,0.5769230769230769,47,0.5769230769230769,0.7884615384615384
2816.9563092879253,661578.0218226624,0.5607476635514018,0.9330484330484331,0.5454545454545454,0.5769230769230769,47,0.5769230769230769,0.7884615384615384
2816.9563092879253,661578.0218226624,0.5607476635514018,0.9330484330484331,0.5454545454545454,0.5769230769230769,47,0.5769230769230769,0.7884615384615384
2816.9563092879253,661578.0218226624,0.5607476635514018,0.9330484330484331,0.5454545454545454,0.5769230769230769,47,0.5769230769230769,0.7884615384615384
2816.9563092879253,661578.0218226624,0.5607476635514018,0.9330484330484331,0.5454545454545454,0.5769230769230769,47,0.5769230769230769,0.7884615384615384
2816.9563092879253,661578.0218226624,0.5607476635514018,0.9330484330484331,0.5454545454545454,0.5769230769230769,47,0.5769230769230769,0.7884615384615384
2816.9563092879253,661578.0218226624,0.5607476635514018,0.9330484330484331,0.5454545454545454,0.5769230769230769,47,0.5769230769230769,0.7884615384615384
2816.9563092879253,661578.0218226624,0.5607476635514018,0.9330484330484331,0.5454545454545454,0.5769230769230769,47,0.5769230769230769,0.7884615384615384
2816.9563092879253,661578.0218226624,0.5607476635514018,0.9330484330484331,0.5454545454545454,0.5769230769230769,47,0.5769230769230769,0.7884615384615384
2816.9563092879253,661578.0218226624,0.5607476635514018,0.9330484330484331,0.5454545454545454,0.5769230769230769,47,0.5769230769230769,0.7884615384615384
2816.9563092879253,661578.0218226624,0.5607476635514018,0.9330484330484331,0.5454545454545454,0.5769230769230769,47,0.5769230769230769,0.7884615384615384
2816.9563092879253,661578.0218226624,0.5607476635514018,0.9330484330484331,0.5454545454545454,0.5769230769230769,47,0.5769230769230769,0.7884615384615384
2816.9563092879253,661578.0218226624,0.5607476635514018,0.9330484330484331,0.5454545454545454,0.5769230769230769,47,0.5769230769230769,0.7884615384615384
2816.9563092879253,661578.0218226624,0.5607476635514018,0.9330484330484331,0.5454545454545454,0.5769230769230769,47,0.5769230769230769,0.7884615384615384
2816.9563092879253,661578.0218226624,0.5607476635514018,0.9330484330484331,0.5454545454545454,0.5769230769230769,47,0.5769230769230769,0.7884615384615384
2816.9563092879253,661578.0218226624,0.5607476635514018,0.9330484330484331,0.5454545454545454,0.5769230769230769,47,0.5769230769230769,0.7884615384615384
2816.9563092879253,661578.0218226624,0.5607476635514018,0.9330484330484331,0.5454545454545454,0.5769230769230769,47,0.5769230769230769,0.7884615384615384
2816.9563092879253,661578.0218226624,0.5607476635514018,0.9330484330484331,0.5454545454545454,0.5769230769230769,47,0.5769230769230769,0.7884615384615384
2816.9563092879253,661578.0218226624,0.5607476635514018,0.9330484330484331,0.5454545454545454,0.5769230769230769,47,0.5769230769230769,0.7884615384615384
2816.9563092879253,661578.0218226624,0.5607476635514018,0.9330484330484331,0.5454545454545454,0.5769230769230769,47,0.5769230769230769,0.7884615384615384
2816.9563092879253,661578.0218226624,0.5607476635514018,0.9330484330484331,0.5454545454545454,0.5769230769230769,47,0.5769230769230769,0.7884615384615384
2816.9563092879253,661578.0218226624,0.5607476635514018,0.9330484330484331,0.5454545454545454,0.5769230769230769,47,0.5769230769230769,0.7884615384615384
2816.9563092879253,661578.0218226624,0.5607476635514018,0.9330484330484331,0.5454545454545454,0.5769230769230769,47,0.5769230769230769,0.7884615384615384
2816.9563092879253,661578.0218226624,0.5607476635514018,0.9330484330484331,0.5454545454545454,0.5769230769230769,47,0.5769230769230769,0.7884615384615384
2816.9563092879253,661578.0218226624,0.5607476635514018,0.9330484330484331,0.5454545454545454,0.5769230769230769,47,0.5769230769230769,0.7884615384615384
2816.9563092879253,661578.0218226624,0.5607476635514018,0.9330484330484331,0.5454545454545454,0.5769230769230769,47,0.5769230769230769,0.7884615384615384
2816.9563092879253,661578.0218226624,0.5607476635514018,0.9330484330484331,0.5454545454545454,0.5769230769230769,47,0.5769230769230769,0.7884615384615384
2816.9563092879253,661578.0218226624,0.5607476635514018,0.9330484330484331,0.5454545454545454,0.5769230769230769,47,0.5769230769230769,0.7884615384615384
2816.9563092879253,661578.0218226624,0.5607476635514018,0.9330484330484331,0.5454545454545454,0.5769230769230769,47,0.5769230769230769,0.7884615384615384
2816.9563092879253,661578.0218226624,0.5607476635514018,0.9330484330484331,0.5454545454545454,0.5769230769230769,47,0.5769230769230769,0.7884615384615384
2816.9563092879253,661578.0218226624,0.5607476635514018,0.9330484330484331,0.5454545454545454,0.5769230769230769,47,0.5769230769230769,0.7884615384615384
2816.9563092879253,661578.0218226624,0.5607476635514018,0.9330484330484331,0.5454545454545454,0.5769230769230769,47,0.5769230769230769,0.7884615384615384
2816.9563092879253,661578.0218226624,0.5607476635514018,0.9330484330484331,0.5454545454545454,0.5769230769230769,47,0.5769230769230769,0.7884615384615384
2816.9563092879253,661578.0218226624,0.5607476635514018,0.9330484330484331,0.5454545454545454,0.5769230769230769,47,0.5769230769230769,0.7884615384615384
2816.9563092879253,661578.0218226624,0.5607476635514018,0.9330484330484331,0.5454545454545454,0.5769230769230769,47,0.5769230769230769,0.7884615384615384
2816.9563092879253,661578.0218226624,0.5607476635514018,0.9330484330484331,0.5454545454545454,0.5769230769230769,47,0.5769230769230769,0.7884615384615384
2816.9563092879253,661578.0218226624,0.5607476635514018,0.9330484330484331,0.5454545454545454,0.5769230769230769,47,0.5769230769230769,0.7884615384615384
2816.9563092879253,661578.0218226624,0.5607476635514018,0.9330484330484331,0.5454545454545454,0.5769230769230769,47,0.5769230769230769,0.7884615384615384
2816.9563092879253,661578.0218226624,0.5607476635514018,0.9330484330484331,0.5454545454545454,0.5769230769230769,47,0.5769230769230769,0.7884615384615384
2816.9563092879253,661578.0218226624,0.5607476635514018,0.9330484330484331,0.5454545454545454,0.5769230769230769,47,0.5769230769230769,0.7884615384615384
2816.9563092879253,661578.0218226624,0.5607476635514018,0.9330484330484331,0.5454545454545454,0.5769230769230769,47,0.5769230769230769,0.7884615384615384
2816.9563092879253,661578.0218226624,0.5607476635514018,0.9330484330484331,0.5454545454545454,0.5769230769230769,47,0.5769230769230769,0.7884615384615384
2816.9563092879253,661578.0218226624,0.5607476635514018,0.9330484330484331,0.5454545454545454,0.5769230769230769,47,0.5769230769230769,0.7884615384615384
2816.9563092879253,661578.0218226624,0.5607476635514018,0.9330484330484331,0.5454545454545454,0.5769230769230769,47,0.5769230769230769,0.7884615384615384
2816.9563092879253,661578.0218226624,0.5607476635514018,0.9330484330484331,0.5454545454545454,0.5769230769230769,47,0.5769230769230769,0.7884615384615384
2816.9563092879253,661578.0218226624,0.5607476635514018,0.9330484330484331,0.5454545454545454,0.5769230769230769,47,0.5769230769230769,0.7884615384615384
2816.9563092879253,661578.0218226624,0.5607476635514018,0.9330484330484331,0.5454545454545454,0.5769230769230769,47,0.5769230769230769,0.7884615384615384
2816.9563092879253,661578.0218226624,0.5607476635514018,0.9330484330484331,0.5454545454545454,0.5769230769230769,47,0.5769230769230769,0.7884615384615384
2816.9563092879253,661578.0218226624,0.5607476635514018,0.9330484330484331,0.5454545454545454,0.5769230769230769,47,0.5769230769230769,0.7884615384615384
2816.9563092879253,661578.0218226624,0.5607476635514018,0.9330484330484331,0.5454545454545454,0.5769230769230769,47,0.5769230769230769,0.7884615384615384
2816.9563092879253,661578.0218226624,0.5607476635514018,0.9330484330484331,0.5454545454545454,0.5769230769230769,47,0.5769230769230769,0.7884615384615384
2816.9563092879253,661578.0218226624,0.5607476635514018,0.9330484330484331,0.5454545454545454,0.5769230769230769,47,0.5769230769230769,0.7884615384615384
2816.9563092879253,661578.0218226624,0.5607476635514018,0.9330484330484331,0.5454545454545454,0.5769230769230769,47,0.5769230769230769,0.7884615384615384
2816.9563092879253,661578.0218226624,0.5607476635514018,0.9330484330484331,0.5454545454545454,0.5769230769230769,47,0.5769230769230769,0.7884615384615384
2816.9563092879253,661578.0218226624,0.5607476635514018,0.9330484330484331,0.5454545454545454,0.5769230769230769,47,0.5769230769230769,0.7884615384615384
2816.9563092879253,661578.0218226624,0.5607476635514018,0.9330484330484331,0.5454545454545454,0.5769230769230769,47,0.5769230769230769,0.7884615384615384
2816.9563092879253,661578.0218226624,0.5607476635514018,0.9330484330484331,0.5454545454545454,0.5769230769230769,47,0.5769230769230769,0.7884615384615384
2816.9563092879253,661578.0218226624,0.5607476635514018,0.9330484330484331,0.5454545454545454,0.5769230769230769,47,0.5769230769230769,0.7884615384615384
2816.9563092879253,661578.0218226624,0.5607476635514018,0.9330484330484331,0.5454545454545454,0.5769230769230769,47,0.5769230769230769,0.7884615384615384
2816.9563092879253,661578.0218226624,0.5607476635514018,0.9330484330484331,0.5454545454545454,0.5769230769230769,47,0.5769230769230769,0.7884615384615384
2816.9563092879253,661578.0218226624,0.5607476635514018,0.9330484330484331,0.5454545454545454,0.5769230769230769,47,0.5769230769230769,0.7884615384615384
2816.9563092879253,661578.0218226624,0.5607476635514018,0.9330484330484331,0.5454545454545454,0.5769230769230769,47,0.5769230769230769,0.7884615384615384
2816.9563092879253,661578.0218226624,0.5607476635514018,0.9330484330484331,0.5454545454545454,0.5769230769230769,47,0.5769230769230769,0.7884615384615384
2643.3523437051335,661404.4178570797,0.5607476635514018,0.9330484330484331,0.5454545454545454,0.5769230769230769,47,0.5769230769230769,0.8076923076923077
2643.3523437051335,661404.4178570797,0.5607476635514018,0.9330484330484331,0.5454545454545454,0.5769230769230769,47,0.5769230769230769,0.8076923076923077
2643.3523437051335,661404.4178570797,0.5607476635514018,0.9330484330484331,0.5454545454545454,0.5769230769230769,47,0.5769230769230769,0.8076923076923077
2643.3523437051335,661404.4178570797,0.5607476635514018,0.9330484330484331,0.5454545454545454,0.5769230769230769,47,0.5769230769230769,0.8076923076923077
2643.3523437051335,661404.4178570797,0.5607476635514018,0.9330484330484331,0.5454545454545454,0.5769230769230769,47,0.5769230769230769,0.8076923076923077
2643.3523437051335,661404.4178570797,0.5607476635514018,0.9330484330484331,0.5454545454545454,0.5769230769230769,47,0.5769230769230769,0.8076923076923077
2643.3523437051335,661404.4178570797,0.5607476635514018,0.9330484330484331,0.5454545454545454,0.5769230769230769,47,0.5769230769230769,0.8076923076923077
2643.3523437051335,661404.4178570797,0.5607476635514018,0.9330484330484331,0.5454545454545454,0.5769230769230769,47,0.5769230769230769,0.8076923076923077
2643.3523437051335,661404.4178570797,0.5607476635514018,0.9330484330484331,0.5454545454545454,0.5769230769230769,47,0.5769230769230769,0.8076923076923077
2643.3523437051335,661404.4178570797,0.5607476635514018,0.9330484330484331,0.5454545454545454,0.5769230769230769,47,0.5769230769230769,0.8076923076923077
2643.3523437051335,661404.4178570797,0.5607476635514018,0.9330484330484331,0.5454545454545454,0.5769230769230769,47,0.5769230769230769,0.8076923076923077
2643.3523437051335,661404.4178570797,0.5607476635514018,0.9330484330484331,0.5454545454545454,0.5769230769230769,47,0.5769230769230769,0.8076923076923077
2643.3523437051335,661404.4178570797,0.5607476635514018,0.9330484330484331,0.5454545454545454,0.5769230769230769,47,0.5769230769230769,0.8076923076923077
2643.3523437051335,661404.4178570797,0.5607476635514018,0.9330484330484331,0.5454545454545454,0.5769230769230769,47,0.5769230769230769,0.8076923076923077
2643.3523437051335,661404.4178570797,0.5607476635514018,0.9330484330484331,0.5454545454545454,0.5769230769230769,47,0.5769230769230769,0.8076923076923077
2643.3523437051335,661404.4178570797,0.5607476635514018,0.9330484330484331,0.5454545454545454,0.5769230769230769,47,0.5769230769230769,0.8076923076923077
2643.3523437051335,661404.4178570797,0.5607476635514018,0.9330484330484331,0.5454545454545454,0.5769230769230769,47,0.5769230769230769,0.8076923076923077
2643.3523437051335,661404.4178570797,0.5607476635514018,0.9330484330484331,0.5454545454545454,0.5769230769230769,47,0.5769230769230769,0.8076923076923077
2643.3523437051335,661404.4178570797,0.5607476635514018,0.9330484330484331,0.5454545454545454,0.5769230769230769,47,0.5769230769230769,0.8076923076923077
2643.3523437051335,661404.4178570797,0.5607476635514018,0.9330484330484331,0.5454545454545454,0.5769230769230769,47,0.5769230769230769,0.8076923076923077
2643.3523437051335,661404.4178570797,0.5607476635514018,0.9330484330484331,0.5454545454545454,0.5769230769230769,47,0.5769230769230769,0.8076923076923077
2643.3523437051335,661404.4178570797,0.5607476635514018,0.9330484330484331,0.5454545454545454,0.5769230769230769,47,0.5769230769230769,0.8076923076923077
2643.3523437051335,661404.4178570797,0.5607476635514018,0.9330484330484331,0.5454545454545454,0.5769230769230769,47,0.5769230769230769,0.8076923076923077
2643.3523437051335,661404.4178570797,0.5607476635514018,0.9330484330484331,0.5454545454545454,0.5769230769230769,47,0.5769230769230769,0.8076923076923077
2643.3523437051335,661404.4178570797,0.5607476635514018,0.9330484330484331,0.5454545454545454,0.5769230769230769,47,0.5769230769230769,0.8076923076923077
2643.3523437051335,661404.4178570797,0.5607476635514018,0.9330484330484331,0.5454545454545454,0.5769230769230769,47,0.5769230769230769,0.8076923076923077
2643.3523437051335,661404.4178570797,0.5607476635514018,0.9330484330484331,0.5454545454545454,0.5769230769230769,47,0.5769230769230769,0.8076923076923077
2643.3523437051335,661404.4178570797,0.5607476635514018,0.9330484330484331,0.5454545454545454,0.5769230769230769,47,0.5769230769230769,0.8076923076923077
2593.1263263205765,661354.1918396951,0.5233644859813084,0.9273504273504274,0.509090909090909,0.5384615384615384,51,0.5384615384615384,0.7884615384615384
2587.2057535928907,661348.2712669674,0.5233644859813084,0.9273504273504274,0.509090909090909,0.5384615384615384,51,0.5384615384615384,0.7884615384615384
2587.2057535928907,661348.2712669674,0.5233644859813084,0.9273504273504274,0.509090909090909,0.5384615384615384,51,0.5384615384615384,0.7884615384615384
2587.2057535928907,661348.2712669674,0.5233644859813084,0.9273504273504274,0.509090909090909,0.5384615384615384,51,0.5384615384615384,0.7884615384615384
2563.186726017273,661324.2522393918,0.5233644859813084,0.9273504273504274,0.509090909090909,0.5384615384615384,51,0.5384615384615384,0.7884615384615384
2468.063176233205,661229.1286896077,0.5283018867924528,0.9287749287749287,0.5185185185185185,0.5384615384615384,50,0.5384615384615384,0.7884615384615384
2468.063176233205,661229.1286896077,0.5283018867924528,0.9287749287749287,0.5185185185185185,0.5384615384615384,50,0.5384615384615384,0.7884615384615384
2468.063176233205,661229.1286896077,0.5283018867924528,0.9287749287749287,0.5185185185185185,0.5384615384615384,50,0.5384615384615384,0.7884615384615384
2468.063176233205,661229.1286896077,0.5283018867924528,0.9287749287749287,0.5185185185185185,0.5384615384615384,50,0.5384615384615384,0.7884615384615384
2468.063176233205,661229.1286896077,0.5283018867924528,0.9287749287749287,0.5185185185185185,0.5384615384615384,50,0.5384615384615384,0.7884615384615384
2468.063176233205,661229.1286896077,0.5283018867924528,0.9287749287749287,0.5185185185185185,0.5384615384615384,50,0.5384615384615384,0.7884615384615384
2468.063176233205,661229.1286896077,0.5283018867924528,0.9287749287749287,0.5185185185185185,0.5384615384615384,50,0.5384615384615384,0.7884615384615384
2468.063176233205,661229.1286896077,0.5283018867924528,0.9287749287749287,0.5185185185185185,0.5384615384615384,50,0.5384615384615384,0.7884615384615384
2468.063176233205,661229.1286896077,0.5283018867924528,0.9287749287749287,0.5185185185185185,0.5384615384615384,50,0.5384615384615384,0.7884615384615384
2468.063176233205,661229.1286896077,0.5283018867924528,0.9287749287749287,0.5185185185185185,0.5384615384615384,50,0.5384615384615384,0.7884615384615384
2468.063176233205,661229.1286896077,0.5283018867924528,0.9287749287749287,0.5185185185185185,0.5384615384615384,50,0.5384615384615384,0.7884615384615384
2468.063176233205,661229.1286896077,0.5283018867924528,0.9287749287749287,0.5185185185185185,0.5384615384615384,50,0.5384615384615384,0.7884615384615384
2468.063176233205,661229.1286896077,0.5283018867924528,0.9287749287749287,0.5185185185185185,0.5384615384615384,50,0.5384615384615384,0.7884615384615384
2468.063176233205,661229.1286896077,0.5283018867924528,0.9287749287749287,0.5185185185185185,0.5384615384615384,50,0.5384615384615384,0.7884615384615384
2468.063176233205,661229.1286896077,0.5283018867924528,0.9287749287749287,0.5185185185185185,0.5384615384615384,50,0.5384615384615384,0.7884615384615384
2468.063176233205,661229.1286896077,0.5283018867924528,0.9287749287749287,0.5185185185185185,0.5384615384615384,50,0.5384615384615384,0.7884615384615384
2468.063176233205,661229.1286896077,0.5283018867924528,0.9287749287749287,0.5185185185185185,0.5384615384615384,50,0.5384615384615384,0.7884615384615384
2468.063176233205,661229.1286896077,0.5283018867924528,0.9287749287749287,0.5185185185185185,0.5384615384615384,50,0.5384615384615384,0.7884615384615384
2468.063176233205,661229.1286896077,0.5283018867924528,0.9287749287749287,0.5185185185185185,0.5384615384615384,50,0.5384615384615384,0.7884615384615384
2468.063176233205,661229.1286896077,0.5283018867924528,0.9287749287749287,0.5185185185185185,0.5384615384615384,50,0.5384615384615384,0.7884615384615384
2468.063176233205,661229.1286896077,0.5283018867924528,0.9287749287749287,0.5185185185185185,0.5384615384615384,50,0.5384615384615384,0.7884615384615384
2468.063176233205,661229.1286896077,0.5283018867924528,0.9287749287749287,0.5185185185185185,0.5384615384615384,50,0.5384615384615384,0.7884615384615384
2468.063176233205,661229.1286896077,0.5283018867924528,0.9287749287749287,0.5185185185185185,0.5384615384615384,50,0.5384615384615384,0.7884615384615384
2468.063176233205,661229.1286896077,0.5283018867924528,0.9287749287749287,0.5185185185185185,0.5384615384615384,50,0.5384615384615384,0.7884615384615384
2468.063176233205,661229.1286896077,0.5283018867924528,0.9287749287749287,0.5185185185185185,0.5384615384615384,50,0.5384615384615384,0.7884615384615384
2468.063176233205,661229.1286896077,0.5283018867924528,0.9287749287749287,0.5185185185185185,0.5384615384615384,50,0.5384615384615384,0.7884615384615384
2468.063176233205,661229.1286896077,0.5283018867924528,0.9287749287749287,0.5185185185185185,0.5384615384615384,50,0.5384615384615384,0.7884615384615384
2468.063176233205,661229.1286896077,0.5283018867924528,0.9287749287749287,0.5185185185185185,0.5384615384615384,50,0.5384615384615384,0.7884615384615384
2468.063176233205,661229.1286896077,0.5283018867924528,0.9287749287749287,0.5185185185185185,0.5384615384615384,50,0.5384615384615384,0.7884615384615384
2468.063176233205,661229.1286896077,0.5283018867924528,0.9287749287749287,0.5185185185185185,0.5384615384615384,50,0.5384615384615384,0.7884615384615384
2468.063176233205,661229.1286896077,0.5283018867924528,0.9287749287749287,0.5185185185185185,0.5384615384615384,50,0.5384615384615384,0.7884615384615384
2468.063176233205,661229.1286896077,0.5283018867924528,0.9287749287749287,0.5185185185185185,0.5384615384615384,50,0.5384615384615384,0.7884615384615384
2468.063176233205,661229.1286896077,0.5283018867924528,0.9287749287749287,0.5185185185185185,0.5384615384615384,50,0.5384615384615384,0.7884615384615384
2468.063176233205,661229.1286896077,0.5283018867924528,0.9287749287749287,0.5185185185185185,0.5384615384615384,50,0.5384615384615384,0.7884615384615384
2468.063176233205,661229.1286896077,0.5283018867924528,0.9287749287749287,0.5185185185185185,0.5384615384615384,50,0.5384615384615384,0.7884615384615384
2468.063176233205,661229.1286896077,0.5283018867924528,0.9287749287749287,0.5185185185185185,0.5384615384615384,50,0.5384615384615384,0.7884615384615384
2468.063176233205,661229.1286896077,0.5283018867924528,0.9287749287749287,0.5185185185185185,0.5384615384615384,50,0.5384615384615384,0.7884615384615384
2468.063176233205,661229.1286896077,0.5283018867924528,0.9287749287749287,0.5185185185185185,0.5384615384615384,50,0.5384615384615384,0.7884615384615384
2468.063176233205,661229.1286896077,0.5283018867924528,0.9287749287749287,0.5185185185185185,0.5384615384615384,50,0.5384615384615384,0.7884615384615384
2468.063176233205,661229.1286896077,0.5283018867924528,0.9287749287749287,0.5185185185185185,0.5384615384615384,50,0.5384615384615384,0.7884615384615384
2468.063176233205,661229.1286896077,0.5283018867924528,0.9287749287749287,0.5185185185185185,0.5384615384615384,50,0.5384615384615384,0.7884615384615384
2468.063176233205,661229.1286896077,0.5283018867924528,0.9287749287749287,0.5185185185185185,0.5384615384615384,50,0.5384615384615384,0.7884615384615384
2468.063176233205,661229.1286896077,0.5283018867924528,0.9287749287749287,0.5185185185185185,0.5384615384615384,50,0.5384615384615384,0.7884615384615384
2468.063176233205,661229.1286896077,0.5283018867924528,0.9287749287749287,0.5185185185185185,0.5384615384615384,50,0.5384615384615384,0.7884615384615384
2468.063176233205,661229.1286896077,0.5283018867924528,0.9287749287749287,0.5185185185185185,0.5384615384615384,50,0.5384615384615384,0.7884615384615384
2468.063176233205,661229.1286896077,0.5283018867924528,0.9287749287749287,0.5185185185185185,0.5384615384615384,50,0.5384615384615384,0.7884615384615384
2468.063176233205,661229.1286896077,0.5283018867924528,0.9287749287749287,0.5185185185185185,0.5384615384615384,50,0.5384615384615384,0.7884615384615384
2468.063176233205,661229.1286896077,0.5283018867924528,0.9287749287749287,0.5185185185185185,0.5384615384615384,50,0.5384615384615384,0.7884615384615384
2468.063176233205,661229.1286896077,0.5283018867924528,0.9287749287749287,0.5185185185185185,0.5384615384615384,50,0.5384615384615384,0.7884615384615384
2468.063176233205,661229.1286896077,0.5283018867924528,0.9287749287749287,0.5185185185185185,0.5384615384615384,50,0.5384615384615384,0.7884615384615384
2468.063176233205,661229.1286896077,0.5283018867924528,0.9287749287749287,0.5185185185185185,0.5384615384615384,50,0.5384615384615384,0.7884615384615384
2468.063176233205,661229.1286896077,0.5283018867924528,0.9287749287749287,0.5185185185185185,0.5384615384615384,50,0.5384615384615384,0.7884615384615384
2468.063176233205,661229.1286896077,0.5283018867924528,0.9287749287749287,0.5185185185185185,0.5384615384615384,50,0.5384615384615384,0.7884615384615384
2468.063176233205,661229.1286896077,0.5283018867924528,0.9287749287749287,0.5185185185185185,0.5384615384615384,50,0.5384615384615384,0.7884615384615384
2468.063176233205,661229.1286896077,0.5283018867924528,0.9287749287749287,0.5185185185185185,0.5384615384615384,50,0.5384615384615384,0.7884615384615384
2468.063176233205,661229.1286896077,0.5283018867924528,0.9287749287749287,0.5185185185185185,0.5384615384615384,50,0.5384615384615384,0.7884615384615384
2468.063176233205,661229.1286896077,0.5283018867924528,0.9287749287749287,0.5185185185185185,0.5384615384615384,50,0.5384615384615384,0.7884615384615384
2468.063176233205,661229.1286896077,0.5283018867924528,0.9287749287749287,0.5185185185185185,0.5384615384615384,50,0.5384615384615384,0.7884615384615384
2468.063176233205,661229.1286896077,0.5283018867924528,0.9287749287749287,0.5185185185185185,0.5384615384615384,50,0.5384615384615384,0.7884615384615384
2468.063176233205,661229.1286896077,0.5283018867924528,0.9287749287749287,0.5185185185185185,0.5384615384615384,50,0.5384615384615384,0.7884615384615384
2468.063176233205,661229.1286896077,0.5283018867924528,0.9287749287749287,0.5185185185185185,0.5384615384615384,50,0.5384615384615384,0.7884615384615384
2468.063176233205,661229.1286896077,0.5283018867924528,0.9287749287749287,0.5185185185185185,0.5384615384615384,50,0.5384615384615384,0.7884615384615384
2468.063176233205,661229.1286896077,0.5283018867924528,0.9287749287749287,0.5185185185185185,0.5384615384615384,50,0.5384615384615384,0.7884615384615384
2468.063176233205,661229.1286896077,0.5283018867924528,0.9287749287749287,0.5185185185185185,0.5384615384615384,50,0.5384615384615384,0.7884615384615384
2468.063176233205,661229.1286896077,0.5283018867924528,0.9287749287749287,0.5185185185185185,0.5384615384615384,50,0.5384615384615384,0.7884615384615384
2468.063176233205,661229.1286896077,0.5283018867924528,0.9287749287749287,0.5185185185185185,0.5384615384615384,50,0.5384615384615384,0.7884615384615384
2468.063176233205,661229.1286896077,0.5283018867924528,0.9287749287749287,0.5185185185185185,0.5384615384615384,50,0.5384615384615384,0.7884615384615384
2468.063176233205,661229.1286896077,0.5283018867924528,0.9287749287749287,0.5185185185185185,0.5384615384615384,50,0.5384615384615384,0.7884615384615384
2468.063176233205,661229.1286896077,0.5283018867924528,0.9287749287749287,0.5185185185185185,0.5384615384615384,50,0.5384615384615384,0.7884615384615384
2468.063176233205,661229.1286896077,0.5283018867924528,0.9287749287749287,0.5185185185185185,0.5384615384615384,50,0.5384615384615384,0.7884615384615384
2468.063176233205,661229.1286896077,0.5283018867924528,0.9287749287749287,0.5185185185185185,0.5384615384615384,50,0.5384615384615384,0.7884615384615384
2468.063176233205,661229.1286896077,0.5283018867924528,0.9287749287749287,0.5185185185185185,0.5384615384615384,50,0.5384615384615384,0.7884615384615384
2468.063176233205,661229.1286896077,0.5283018867924528,0.9287749287749287,0.5185185185185185,0.5384615384615384,50,0.5384615384615384,0.7884615384615384
2468.063176233205,661229.1286896077,0.5283018867924528,0.9287749287749287,0.5185185185185185,0.5384615384615384,50,0.5384615384615384,0.7884615384615384
2468.063176233205,661229.1286896077,0.5283018867924528,0.9287749287749287,0.5185185185185185,0.5384615384615384,50,0.5384615384615384,0.7884615384615384
2468.063176233205,661229.1286896077,0.5283018867924528,0.9287749287749287,0.5185185185185185,0.5384615384615384,50,0.5384615384615384,0.7884615384615384
2468.063176233205,661229.1286896077,0.5283018867924528,0.9287749287749287,0.5185185185185185,0.5384615384615384,50,0.5384615384615384,0.7884615384615384
2468.063176233205,661229.1286896077,0.5283018867924528,0.9287749287749287,0.5185185185185185,0.5384615384615384,50,0.5384615384615384,0.7884615384615384
2468.063176233205,661229.1286896077,0.5283018867924528,0.9287749287749287,0.5185185185185185,0.5384615384615384,50,0.5384615384615384,0.7884615384615384
2468.063176233205,661229.1286896077,0.5283018867924528,0.9287749287749287,0.5185185185185185,0.5384615384615384,50,0.5384615384615384,0.7884615384615384
2468.063176233205,661229.1286896077,0.5283018867924528,0.9287749287749287,0.5185185185185185,0.5384615384615384,50,0.5384615384615384,0.7884615384615384
2468.063176233205,661229.1286896077,0.5283018867924528,0.9287749287749287,0.5185185185185185,0.5384615384615384,50,0.5384615384615384,0.7884615384615384
2468.063176233205,661229.1286896077,0.5283018867924528,0.9287749287749287,0.5185185185185185,0.5384615384615384,50,0.5384615384615384,0.7884615384615384
2468.063176233205,661229.1286896077,0.5283018867924528,0.9287749287749287,0.5185185185185185,0.5384615384615384,50,0.5384615384615384,0.7884615384615384
2468.063176233205,661229.1286896077,0.5283018867924528,0.9287749287749287,0.5185185185185185,0.5384615384615384,50,0.5384615384615384,0.7884615384615384
2468.063176233205,661229.1286896077,0.5283018867924528,0.9287749287749287,0.5185185185185185,0.5384615384615384,50,0.5384615384615384,0.7884615384615384
2468.063176233205,661229.1286896077,0.5283018867924528,0.9287749287749287,0.5185185185185185,0.5384615384615384,50,0.5384615384615384,0.7884615384615384
2468.063176233205,661229.1286896077,0.5283018867924528,0.9287749287749287,0.5185185185185185,0.5384615384615384,50,0.5384615384615384,0.7884615384615384
2468.063176233205,661229.1286896077,0.5283018867924528,0.9287749287749287,0.5185185185185185,0.5384615384615384,50,0.5384615384615384,0.7884615384615384
2468.063176233205,661229.1286896077,0.5283018867924528,0.9287749287749287,0.5185185185185185,0.5384615384615384,50,0.5384615384615384,0.7884615384615384
2468.063176233205,661229.1286896077,0.5283018867924528,0.9287749287749287,0.5185185185185185,0.5384615384615384,50,0.5384615384615384,0.7884615384615384
2468.063176233205,661229.1286896077,0.5283018867924528,0.9287749287749287,0.5185185185185185,0.5384615384615384,50,0.5384615384615384,0.7884615384615384
2468.063176233205,661229.1286896077,0.5283018867924528,0.9287749287749287,0.5185185185185185,0.5384615384615384,50,0.5384615384615384,0.7884615384615384
2468.063176233205,661229.1286896077,0.5283018867924528,0.9287749287749287,0.5185185185185185,0.5384615384615384,50,0.5384615384615384,0.7884615384615384
2468.063176233205,661229.1286896077,0.5283018867924528,0.9287749287749287,0.5185185185185185,0.5384615384615384,50,0.5384615384615384,0.7884615384615384
2468.063176233205,661229.1286896077,0.5283018867924528,0.9287749287749287,0.5185185185185185,0.5384615384615384,50,0.5384615384615384,0.7884615384615384
2468.063176233205,661229.1286896077,0.5283018867924528,0.9287749287749287,0.5185185185185185,0.5384615384615384,50,0.5384615384615384,0.7884615384615384
2468.063176233205,661229.1286896077,0.5283018867924528,0.9287749287749287,0.5185185185185185,0.5384615384615384,50,0.5384615384615384,0.7884615384615384
2468.063176233205,661229.1286896077,0.5283018867924528,0.9287749287749287,0.5185185185185185,0.5384615384615384,50,0.5384615384615384,0.7884615384615384
2468.063176233205,661229.1286896077,0.5283018867924528,0.9287749287749287,0.5185185185185185,0.5384615384615384,50,0.5384615384615384,0.7884615384615384
2468.063176233205,661229.1286896077,0.5283018867924528,0.9287749287749287,0.5185185185185185,0.5384615384615384,50,0.5384615384615384,0.7884615384615384
2468.063176233205,661229.1286896077,0.5283018867924528,0.9287749287749287,0.5185185185185185,0.5384615384615384,50,0.5384615384615384,0.7884615384615384
2468.063176233205,661229.1286896077,0.5283018867924528,0.9287749287749287,0.5185185185185185,0.5384615384615384,50,0.5384615384615384,0.7884615384615384
2468.063176233205,661229.1286896077,0.5283018867924528,0.9287749287749287,0.5185185185185185,0.5384615384615384,50,0.5384615384615384,0.7884615384615384
2468.063176233205,661229.1286896077,0.5283018867924528,0.9287749287749287,0.5185185185185185,0.5384615384615384,50,0.5384615384615384,0.7884615384615384
2468.063176233205,661229.1286896077,0.5283018867924528,0.9287749287749287,0.5185185185185185,0.5384615384615384,50,0.5384615384615384,0.7884615384615384
2468.063176233205,661229.1286896077,0.5283018867924528,0.9287749287749287,0.5185185185185185,0.5384615384615384,50,0.5384615384615384,0.7884615384615384
2468.063176233205,661229.1286896077,0.5283018867924528,0.9287749287749287,0.5185185185185185,0.5384615384615384,50,0.5384615384615384,0.7884615384615384
2468.063176233205,661229.1286896077,0.5283018867924528,0.9287749287749287,0.5185185185185185,0.5384615384615384,50,0.5384615384615384,0.7884615384615384
2468.063176233205,661229.1286896077,0.5283018867924528,0.9287749287749287,0.5185185185185185,0.5384615384615384,50,0.5384615384615384,0.7884615384615384
2468.063176233205,661229.1286896077,0.5283018867924528,0.9287749287749287,0.5185185185185185,0.5384615384615384,50,0.5384615384615384,0.7884615384615384
2468.063176233205,661229.1286896077,0.5283018867924528,0.9287749287749287,0.5185185185185185,0.5384615384615384,50,0.5384615384615384,0.7884615384615384
2468.063176233205,661229.1286896077,0.5283018867924528,0.9287749287749287,0.5185185185185185,0.5384615384615384,50,0.5384615384615384,0.7884615384615384
2468.063176233205,661229.1286896077,0.5283018867924528,0.9287749287749287,0.5185185185185185,0.5384615384615384,50,0.5384615384615384,0.7884615384615384
2468.063176233205,661229.1286896077,0.5283018867924528,0.9287749287749287,0.5185185185185185,0.5384615384615384,50,0.5384615384615384,0.7884615384615384
2468.063176233205,661229.1286896077,0.5283018867924528,0.9287749287749287,0.5185185185185185,0.5384615384615384,50,0.5384615384615384,0.7884615384615384
2468.063176233205,661229.1286896077,0.5283018867924528,0.9287749287749287,0.5185185185185185,0.5384615384615384,50,0.5384615384615384,0.7884615384615384
2468.063176233205,661229.1286896077,0.5283018867924528,0.9287749287749287,0.5185185185185185,0.5384615384615384,50,0.5384615384615384,0.7884615384615384
2468.063176233205,661229.1286896077,0.5283018867924528,0.9287749287749287,0.5185185185185185,0.5384615384615384,50,0.5384615384615384,0.7884615384615384
2468.063176233205,661229.1286896077,0.5283018867924528,0.9287749287749287,0.5185185185185185,0.5384615384615384,50,0.5384615384615384,0.7884615384615384
2468.063176233205,661229.1286896077,0.5283018867924528,0.9287749287749287,0.5185185185185185,0.5384615384615384,50,0.5384615384615384,0.7884615384615384
2468.063176233205,661229.1286896077,0.5283018867924528,0.9287749287749287,0.5185185185185185,0.5384615384615384,50,0.5384615384615384,0.7884615384615384
2468.063176233205,661229.1286896077,0.5283018867924528,0.9287749287749287,0.5185185185185185,0.5384615384615384,50,0.5384615384615384,0.7884615384615384
2468.063176233205,661229.1286896077,0.5283018867924528,0.9287749287749287,0.5185185185185185,0.5384615384615384,50,0.5384615384615384,0.7884615384615384
2468.063176233205,661229.1286896077,0.5283018867924528,0.9287749287749287,0.5185185185185185,0.5384615384615384,50,0.5384615384615384,0.7884615384615384
2468.063176233205,661229.1286896077,0.5283018867924528,0.9287749287749287,0.5185185185185185,0.5384615384615384,50,0.5384615384615384,0.7884615384615384
2468.063176233205,661229.1286896077,0.5283018867924528,0.9287749287749287,0.5185185185185185,0.5384615384615384,50,0.5384615384615384,0.7884615384615384
2468.063176233205,661229.1286896077,0.5283018867924528,0.9287749287749287,0.5185185185185185,0.5384615384615384,50,0.5384615384615384,0.7884615384615384
2468.063176233205,661229.1286896077,0.5283018867924528,0.9287749287749287,0.5185185185185185,0.5384615384615384,50,0.5384615384615384,0.7884615384615384
2468.063176233205,661229.1286896077,0.5283018867924528,0.9287749287749287,0.5185185185185185,0.5384615384615384,50,0.5384615384615384,0.7884615384615384
2468.063176233205,661229.1286896077,0.5283018867924528,0.9287749287749287,0.5185185185185185,0.5384615384615384,50,0.5384615384615384,0.7884615384615384
2468.063176233205,661229.1286896077,0.5283018867924528,0.9287749287749287,0.5185185185185185,0.5384615384615384,50,0.5384615384615384,0.7884615384615384
2468.063176233205,661229.1286896077,0.5283018867924528,0.9287749287749287,0.5185185185185185,0.5384615384615384,50,0.5384615384615384,0.7884615384615384
2468.063176233205,661229.1286896077,0.5283018867924528,0.9287749287749287,0.5185185185185185,0.5384615384615384,50,0.5384615384615384,0.7884615384615384
2468.063176233205,661229.1286896077,0.5283018867924528,0.9287749287749287,0.5185185185185185,0.5384615384615384,50,0.5384615384615384,0.7884615384615384
2468.063176233205,661229.1286896077,0.5283018867924528,0.9287749287749287,0.5185185185185185,0.5384615384615384,50,0.5384615384615384,0.7884615384615384
2468.063176233205,661229.1286896077,0.5283018867924528,0.9287749287749287,0.5185185185185185,0.5384615384615384,50,0.5384615384615384,0.7884615384615384
2468.063176233205,661229.1286896077,0.5283018867924528,0.9287749287749287,0.5185185185185185,0.5384615384615384,50,0.5384615384615384,0.7884615384615384
2468.063176233205,661229.1286896077,0.5283018867924528,0.9287749287749287,0.5185185185185185,0.5384615384615384,50,0.5384615384615384,0.7884615384615384
2468.063176233205,661229.1286896077,0.5283018867924528,0.9287749287749287,0.5185185185185185,0.5384615384615384,50,0.5384615384615384,0.7884615384615384
2468.063176233205,661229.1286896077,0.5283018867924528,0.9287749287749287,0.5185185185185185,0.5384615384615384,50,0.5384615384615384,0.7884615384615384
2468.063176233205,661229.1286896077,0.5283018867924528,0.9287749287749287,0.5185185185185185,0.5384615384615384,50,0.5384615384615384,0.7884615384615384
2468.063176233205,661229.1286896077,0.5283018867924528,0.9287749287749287,0.5185185185185185,0.5384615384615384,50,0.5384615384615384,0.7884615384615384
2468.063176233205,661229.1286896077,0.5283018867924528,0.9287749287749287,0.5185185185185185,0.5384615384615384,50,0.5384615384615384,0.7884615384615384
2468.063176233205,661229.1286896077,0.5283018867924528,0.9287749287749287,0.5185185185185185,0.5384615384615384,50,0.5384615384615384,0.7884615384615384
2468.063176233205,661229.1286896077,0.5283018867924528,0.9287749287749287,0.5185185185185185,0.5384615384615384,50,0.5384615384615384,0.7884615384615384
2468.063176233205,661229.1286896077,0.5283018867924528,0.9287749287749287,0.5185185185185185,0.5384615384615384,50,0.5384615384615384,0.7884615384615384
2468.063176233205,661229.1286896077,0.5283018867924528,0.9287749287749287,0.5185185185185185,0.5384615384615384,50,0.5384615384615384,0.7884615384615384
2468.063176233205,661229.1286896077,0.5283018867924528,0.9287749287749287,0.5185185185185185,0.5384615384615384,50,0.5384615384615384,0.7884615384615384
2468.063176233205,661229.1286896077,0.5283018867924528,0.9287749287749287,0.5185185185185185,0.5384615384615384,50,0.5384615384615384,0.7884615384615384
2468.063176233205,661229.1286896077,0.5283018867924528,0.9287749287749287,0.5185185185185185,0.5384615384615384,50,0.5384615384615384,0.7884615384615384
2468.063176233205,661229.1286896077,0.5283018867924528,0.9287749287749287,0.5185185185185185,0.5384615384615384,50,0.5384615384615384,0.7884615384615384
2468.063176233205,661229.1286896077,0.5283018867924528,0.9287749287749287,0.5185185185185185,0.5384615384615384,50,0.5384615384615384,0.7884615384615384
2468.063176233205,661229.1286896077,0.5283018867924528,0.9287749287749287,0.5185185185185185,0.5384615384615384,50,0.5384615384615384,0.7884615384615384
2468.063176233205,661229.1286896077,0.5283018867924528,0.9287749287749287,0.5185185185185185,0.5384615384615384,50,0.5384615384615384,0.7884615384615384
2468.063176233205,661229.1286896077,0.5283018867924528,0.9287749287749287,0.5185185185185185,0.5384615384615384,50,0.5384615384615384,0.7884615384615384
2468.063176233205,661229.1286896077,0.5283018867924528,0.9287749287749287,0.5185185185185185,0.5384615384615384,50,0.5384615384615384,0.7884615384615384
2468.063176233205,661229.1286896077,0.5283018867924528,0.9287749287749287,0.5185185185185185,0.5384615384615384,50,0.5384615384615384,0.7884615384615384
2468.063176233205,661229.1286896077,0.5283018867924528,0.9287749287749287,0.5185185185185185,0.5384615384615384,50,0.5384615384615384,0.7884615384615384
2468.063176233205,661229.1286896077,0.5283018867924528,0.9287749287749287,0.5185185185185185,0.5384615384615384,50,0.5384615384615384,0.7884615384615384
2468.063176233205,661229.1286896077,0.5283018867924528,0.9287749287749287,0.5185185185185185,0.5384615384615384,50,0.5384615384615384,0.7884615384615384
2468.063176233205,661229.1286896077,0.5283018867924528,0.9287749287749287,0.5185185185185185,0.5384615384615384,50,0.5384615384615384,0.7884615384615384
2468.063176233205,661229.1286896077,0.5283018867924528,0.9287749287749287,0.5185185185185185,0.5384615384615384,50,0.5384615384615384,0.7884615384615384
2468.063176233205,661229.1286896077,0.5283018867924528,0.9287749287749287,0.5185185185185185,0.5384615384615384,50,0.5384615384615384,0.7884615384615384
2468.063176233205,661229.1286896077,0.5283018867924528,0.9287749287749287,0.5185185185185185,0.5384615384615384,50,0.5384615384615384,0.7884615384615384
2468.063176233205,661229.1286896077,0.5283018867924528,0.9287749287749287,0.5185185185185185,0.5384615384615384,50,0.5384615384615384,0.7884615384615384
2468.063176233205,661229.1286896077,0.5283018867924528,0.9287749287749287,0.5185185185185185,0.5384615384615384,50,0.5384615384615384,0.7884615384615384
2468.063176233205,661229.1286896077,0.5283018867924528,0.9287749287749287,0.5185185185185185,0.5384615384615384,50,0.5384615384615384,0.7884615384615384
2468.063176233205,661229.1286896077,0.5283018867924528,0.9287749287749287,0.5185185185185185,0.5384615384615384,50,0.5384615384615384,0.7884615384615384
2468.063176233205,661229.1286896077,0.5283018867924528,0.9287749287749287,0.5185185185185185,0.5384615384615384,50,0.5384615384615384,0.7884615384615384
2468.063176233205,661229.1286896077,0.5283018867924528,0.9287749287749287,0.5185185185185185,0.5384615384615384,50,0.5384615384615384,0.7884615384615384
2468.063176233205,661229.1286896077,0.5283018867924528,0.9287749287749287,0.5185185185185185,0.5384615384615384,50,0.5384615384615384,0.7884615384615384
2468.063176233205,661229.1286896077,0.5283018867924528,0.9287749287749287,0.5185185185185185,0.5384615384615384,50,0.5384615384615384,0.7884615384615384
2468.063176233205,661229.1286896077,0.5283018867924528,0.9287749287749287,0.5185185185185185,0.5384615384615384,50,0.5384615384615384,0.7884615384615384
2468.063176233205,661229.1286896077,0.5283018867924528,0.9287749287749287,0.5185185185185185,0.5384615384615384,50,0.5384615384615384,0.7884615384615384
2468.063176233205,661229.1286896077,0.5283018867924528,0.9287749287749287,0.5185185185185185,0.5384615384615384,50,0.5384615384615384,0.7884615384615384
2468.063176233205,661229.1286896077,0.5283018867924528,0.9287749287749287,0.5185185185185185,0.5384615384615384,50,0.5384615384615384,0.7884615384615384
2468.063176233205,661229.1286896077,0.5283018867924528,0.9287749287749287,0.5185185185185185,0.5384615384615384,50,0.5384615384615384,0.7884615384615384
2468.063176233205,661229.1286896077,0.5283018867924528,0.9287749287749287,0.5185185185185185,0.5384615384615384,50,0.5384615384615384,0.7884615384615384
2468.063176233205,661229.1286896077,0.5283018867924528,0.9287749287749287,0.5185185185185185,0.5384615384615384,50,0.5384615384615384,0.7884615384615384
2468.063176233205,661229.1286896077,0.5283018867924528,0.9287749287749287,0.5185185185185185,0.5384615384615384,50,0.5384615384615384,0.7884615384615384
2468.063176233205,661229.1286896077,0.5283018867924528,0.9287749287749287,0.5185185185185185,0.5384615384615384,50,0.5384615384615384,0.7884615384615384
2468.063176233205,661229.1286896077,0.5283018867924528,0.9287749287749287,0.5185185185185185,0.5384615384615384,50,0.5384615384615384,0.7884615384615384
2468.063176233205,661229.1286896077,0.5283018867924528,0.9287749287749287,0.5185185185185185,0.5384615384615384,50,0.5384615384615384,0.7884615384615384
2468.063176233205,661229.1286896077,0.5283018867924528,0.9287749287749287,0.5185185185185185,0.5384615384615384,50,0.5384615384615384,0.7884615384615384
2468.063176233205,661229.1286896077,0.5283018867924528,0.9287749287749287,0.5185185185185185,0.5384615384615384,50,0.5384615384615384,0.7884615384615384
2468.063176233205,661229.1286896077,0.5283018867924528,0.9287749287749287,0.5185185185185185,0.5384615384615384,50,0.5384615384615384,0.7884615384615384
2468.063176233205,661229.1286896077,0.5283018867924528,0.9287749287749287,0.5185185185185185,0.5384615384615384,50,0.5384615384615384,0.7884615384615384
2468.063176233205,661229.1286896077,0.5283018867924528,0.9287749287749287,0.5185185185185185,0.5384615384615384,50,0.5384615384615384,0.7884615384615384
2468.063176233205,661229.1286896077,0.5283018867924528,0.9287749287749287,0.5185185185185185,0.5384615384615384,50,0.5384615384615384,0.7884615384615384
2468.063176233205,661229.1286896077,0.5283018867924528,0.9287749287749287,0.5185185185185185,0.5384615384615384,50,0.5384615384615384,0.7884615384615384
2468.063176233205,661229.1286896077,0.5283018867924528,0.9287749287749287,0.5185185185185185,0.5384615384615384,50,0.5384615384615384,0.7884615384615384
2468.063176233205,661229.1286896077,0.5283018867924528,0.9287749287749287,0.5185185185185185,0.5384615384615384,50,0.5384615384615384,0.7884615384615384
2468.063176233205,661229.1286896077,0.5283018867924528,0.9287749287749287,0.5185185185185185,0.5384615384615384,50,0.5384615384615384,0.7884615384615384
2468.063176233205,661229.1286896077,0.5283018867924528,0.9287749287749287,0.5185185185185185,0.5384615384615384,50,0.5384615384615384,0.7884615384615384
2468.063176233205,661229.1286896077,0.5283018867924528,0.9287749287749287,0.5185185185185185,0.5384615384615384,50,0.5384615384615384,0.7884615384615384
2468.063176233205,661229.1286896077,0.5283018867924528,0.9287749287749287,0.5185185185185185,0.5384615384615384,50,0.5384615384615384,0.7884615384615384
2468.063176233205,661229.1286896077,0.5283018867924528,0.9287749287749287,0.5185185185185185,0.5384615384615384,50,0.5384615384615384,0.7884615384615384
2468.063176233205,661229.1286896077,0.5283018867924528,0.9287749287749287,0.5185185185185185,0.5384615384615384,50,0.5384615384615384,0.7884615384615384
2468.063176233205,661229.1286896077,0.5283018867924528,0.9287749287749287,0.5185185185185185,0.5384615384615384,50,0.5384615384615384,0.7884615384615384
2468.063176233205,661229.1286896077,0.5283018867924528,0.9287749287749287,0.5185185185185185,0.5384615384615384,50,0.5384615384615384,0.7884615384615384
2468.063176233205,661229.1286896077,0.5283018867924528,0.9287749287749287,0.5185185185185185,0.5384615384615384,50,0.5384615384615384,0.7884615384615384
2468.063176233205,661229.1286896077,0.5283018867924528,0.9287749287749287,0.5185185185185185,0.5384615384615384,50,0.5384615384615384,0.7884615384615384
2468.063176233205,661229.1286896077,0.5283018867924528,0.9287749287749287,0.5185185185185185,0.5384615384615384,50,0.5384615384615384,0.7884615384615384
2468.063176233205,661229.1286896077,0.5283018867924528,0.9287749287749287,0.5185185185185185,0.5384615384615384,50,0.5384615384615384,0.7884615384615384
2468.063176233205,661229.1286896077,0.5283018867924528,0.9287749287749287,0.5185185185185185,0.5384615384615384,50,0.5384615384615384,0.7884615384615384
2468.063176233205,661229.1286896077,0.5283018867924528,0.9287749287749287,0.5185185185185185,0.5384615384615384,50,0.5384615384615384,0.7884615384615384
2468.063176233205,661229.1286896077,0.5283018867924528,0.9287749287749287,0.5185185185185185,0.5384615384615384,50,0.5384615384615384,0.7884615384615384
2468.063176233205,661229.1286896077,0.5283018867924528,0.9287749287749287,0.5185185185185185,0.5384615384615384,50,0.5384615384615384,0.7884615384615384
2468.063176233205,661229.1286896077,0.5283018867924528,0.9287749287749287,0.5185185185185185,0.5384615384615384,50,0.5384615384615384,0.7884615384615384
2468.063176233205,661229.1286896077,0.5283018867924528,0.9287749287749287,0.5185185185185185,0.5384615384615384,50,0.5384615384615384,0.7884615384615384
2468.063176233205,661229.1286896077,0.5283018867924528,0.9287749287749287,0.5185185185185185,0.5384615384615384,50,0.5384615384615384,0.7884615384615384
2468.063176233205,661229.1286896077,0.5283018867924528,0.9287749287749287,0.5185185185185185,0.5384615384615384,50,0.5384615384615384,0.7884615384615384
2468.063176233205,661229.1286896077,0.5283018867924528,0.9287749287749287,0.5185185185185185,0.5384615384615384,50,0.5384615384615384,0.7884615384615384
2468.063176233205,661229.1286896077,0.5283018867924528,0.9287749287749287,0.5185185185185185,0.5384615384615384,50,0.5384615384615384,0.7884615384615384
2468.063176233205,661229.1286896077,0.5283018867924528,0.9287749287749287,0.5185185185185185,0.5384615384615384,50,0.5384615384615384,0.7884615384615384
2468.063176233205,661229.1286896077,0.5283018867924528,0.9287749287749287,0.5185185185185185,0.5384615384615384,50,0.5384615384615384,0.7884615384615384
2468.063176233205,661229.1286896077,0.5283018867924528,0.9287749287749287,0.5185185185185185,0.5384615384615384,50,0.5384615384615384,0.7884615384615384
2468.063176233205,661229.1286896077,0.5283018867924528,0.9287749287749287,0.5185185185185185,0.5384615384615384,50,0.5384615384615384,0.7884615384615384
2468.063176233205,661229.1286896077,0.5283018867924528,0.9287749287749287,0.5185185185185185,0.5384615384615384,50,0.5384615384615384,0.7884615384615384
2468.063176233205,661229.1286896077,0.5283018867924528,0.9287749287749287,0.5185185185185185,0.5384615384615384,50,0.5384615384615384,0.7884615384615384
2468.063176233205,661229.1286896077,0.5283018867924528,0.9287749287749287,0.5185185185185185,0.5384615384615384,50,0.5384615384615384,0.7884615384615384
2468.063176233205,661229.1286896077,0.5283018867924528,0.9287749287749287,0.5185185185185185,0.5384615384615384,50,0.5384615384615384,0.7884615384615384
2468.063176233205,661229.1286896077,0.5283018867924528,0.9287749287749287,0.5185185185185185,0.5384615384615384,50,0.5384615384615384,0.7884615384615384
2468.063176233205,661229.1286896077,0.5283018867924528,0.9287749287749287,0.5185185185185185,0.5384615384615384,50,0.5384615384615384,0.7884615384615384
2468.063176233205,661229.1286896077,0.5283018867924528,0.9287749287749287,0.5185185185185185,0.5384615384615384,50,0.5384615384615384,0.7884615384615384
2468.063176233205,661229.1286896077,0.5283018867924528,0.9287749287749287,0.5185185185185185,0.5384615384615384,50,0.5384615384615384,0.7884615384615384
2468.063176233205,661229.1286896077,0.5283018867924528,0.9287749287749287,0.5185185185185185,0.5384615384615384,50,0.5384615384615384,0.7884615384615384
2468.063176233205,661229.1286896077,0.5283018867924528,0.9287749287749287,0.5185185185185185,0.5384615384615384,50,0.5384615384615384,0.7884615384615384
2468.063176233205,661229.1286896077,0.5283018867924528,0.9287749287749287,0.5185185185185185,0.5384615384615384,50,0.5384615384615384,0.7884615384615384
2468.063176233205,661229.1286896077,0.5283018867924528,0.9287749287749287,0.5185185185185185,0.5384615384615384,50,0.5384615384615384,0.7884615384615384
2468.063176233205,661229.1286896077,0.5283018867924528,0.9287749287749287,0.5185185185185185,0.5384615384615384,50,0.5384615384615384,0.7884615384615384
2468.063176233205,661229.1286896077,0.5283018867924528,0.9287749287749287,0.5185185185185185,0.5384615384615384,50,0.5384615384615384,0.7884615384615384
2468.063176233205,661229.1286896077,0.5283018867924528,0.9287749287749287,0.5185185185185185,0.5384615384615384,50,0.5384615384615384,0.7884615384615384
2468.063176233205,661229.1286896077,0.5283018867924528,0.9287749287749287,0.5185185185185185,0.5384615384615384,50,0.5384615384615384,0.7884615384615384
2468.063176233205,661229.1286896077,0.5283018867924528,0.9287749287749287,0.5185185185185185,0.5384615384615384,50,0.5384615384615384,0.7884615384615384
2468.063176233205,661229.1286896077,0.5283018867924528,0.9287749287749287,0.5185185185185185,0.5384615384615384,50,0.5384615384615384,0.7884615384615384
2468.063176233205,661229.1286896077,0.5283018867924528,0.9287749287749287,0.5185185185185185,0.5384615384615384,50,0.5384615384615384,0.7884615384615384
2468.063176233205,661229.1286896077,0.5283018867924528,0.9287749287749287,0.5185185185185185,0.5384615384615384,50,0.5384615384615384,0.7884615384615384
2468.063176233205,661229.1286896077,0.5283018867924528,0.9287749287749287,0.5185185185185185,0.5384615384615384,50,0.5384615384615384,0.7884615384615384
2468.063176233205,661229.1286896077,0.5283018867924528,0.9287749287749287,0.5185185185185185,0.5384615384615384,50,0.5384615384615384,0.7884615384615384
2468.063176233205,661229.1286896077,0.5283018867924528,0.9287749287749287,0.5185185185185185,0.5384615384615384,50,0.5384615384615384,0.7884615384615384
2468.063176233205,661229.1286896077,0.5283018867924528,0.9287749287749287,0.5185185185185185,0.5384615384615384,50,0.5384615384615384,0.7884615384615384
2468.063176233205,661229.1286896077,0.5283018867924528,0.9287749287749287,0.5185185185185185,0.5384615384615384,50,0.5384615384615384,0.7884615384615384
2468.063176233205,661229.1286896077,0.5283018867924528,0.9287749287749287,0.5185185185185185,0.5384615384615384,50,0.5384615384615384,0.7884615384615384
2468.063176233205,661229.1286896077,0.5283018867924528,0.9287749287749287,0.5185185185185185,0.5384615384615384,50,0.5384615384615384,0.7884615384615384
2468.063176233205,661229.1286896077,0.5283018867924528,0.9287749287749287,0.5185185185185185,0.5384615384615384,50,0.5384615384615384,0.7884615384615384
2468.063176233205,661229.1286896077,0.5283018867924528,0.9287749287749287,0.5185185185185185,0.5384615384615384,50,0.5384615384615384,0.7884615384615384
2468.063176233205,661229.1286896077,0.5283018867924528,0.9287749287749287,0.5185185185185185,0.5384615384615384,50,0.5384615384615384,0.7884615384615384
2468.063176233205,661229.1286896077,0.5283018867924528,0.9287749287749287,0.5185185185185185,0.5384615384615384,50,0.5384615384615384,0.7884615384615384
2468.063176233205,661229.1286896077,0.5283018867924528,0.9287749287749287,0.5185185185185185,0.5384615384615384,50,0.5384615384615384,0.7884615384615384
2468.063176233205,661229.1286896077,0.5283018867924528,0.9287749287749287,0.5185185185185185,0.5384615384615384,50,0.5384615384615384,0.7884615384615384
2468.063176233205,661229.1286896077,0.5283018867924528,0.9287749287749287,0.5185185185185185,0.5384615384615384,50,0.5384615384615384,0.7884615384615384
2468.063176233205,661229.1286896077,0.5283018867924528,0.9287749287749287,0.5185185185185185,0.5384615384615384,50,0.5384615384615384,0.7884615384615384
2468.063176233205,661229.1286896077,0.5283018867924528,0.9287749287749287,0.5185185185185185,0.5384615384615384,50,0.5384615384615384,0.7884615384615384
2468.063176233205,661229.1286896077,0.5283018867924528,0.9287749287749287,0.5185185185185185,0.5384615384615384,50,0.5384615384615384,0.7884615384615384
2468.063176233205,661229.1286896077,0.5283018867924528,0.9287749287749287,0.5185185185185185,0.5384615384615384,50,0.5384615384615384,0.7884615384615384
2468.063176233205,661229.1286896077,0.5283018867924528,0.9287749287749287,0.5185185185185185,0.5384615384615384,50,0.5384615384615384,0.7884615384615384
2468.063176233205,661229.1286896077,0.5283018867924528,0.9287749287749287,0.5185185185185185,0.5384615384615384,50,0.5384615384615384,0.7884615384615384
2468.063176233205,661229.1286896077,0.5283018867924528,0.9287749287749287,0.5185185185185185,0.5384615384615384,50,0.5384615384615384,0.7884615384615384
2468.063176233205,661229.1286896077,0.5283018867924528,0.9287749287749287,0.5185185185185185,0.5384615384615384,50,0.5384615384615384,0.7884615384615384
2468.063176233205,661229.1286896077,0.5283018867924528,0.9287749287749287,0.5185185185185185,0.5384615384615384,50,0.5384615384615384,0.7884615384615384
2468.063176233205,661229.1286896077,0.5283018867924528,0.9287749287749287,0.5185185185185185,0.5384615384615384,50,0.5384615384615384,0.7884615384615384
2468.063176233205,661229.1286896077,0.5283018867924528,0.9287749287749287,0.5185185185185185,0.5384615384615384,50,0.5384615384615384,0.7884615384615384
2468.063176233205,661229.1286896077,0.5283018867924528,0.9287749287749287,0.5185185185185185,0.5384615384615384,50,0.5384615384615384,0.7884615384615384
2468.063176233205,661229.1286896077,0.5283018867924528,0.9287749287749287,0.5185185185185185,0.5384615384615384,50,0.5384615384615384,0.7884615384615384
2468.063176233205,661229.1286896077,0.5283018867924528,0.9287749287749287,0.5185185185185185,0.5384615384615384,50,0.5384615384615384,0.7884615384615384
2468.063176233205,661229.1286896077,0.5283018867924528,0.9287749287749287,0.5185185185185185,0.5384615384615384,50,0.5384615384615384,0.7884615384615384
2468.063176233205,661229.1286896077,0.5283018867924528,0.9287749287749287,0.5185185185185185,0.5384615384615384,50,0.5384615384615384,0.7884615384615384
2468.063176233205,661229.1286896077,0.5283018867924528,0.9287749287749287,0.5185185185185185,0.5384615384615384,50,0.5384615384615384,0.7884615384615384
2468.063176233205,661229.1286896077,0.5283018867924528,0.9287749287749287,0.5185185185185185,0.5384615384615384,50,0.5384615384615384,0.7884615384615384
2468.063176233205,661229.1286896077,0.5283018867924528,0.9287749287749287,0.5185185185185185,0.5384615384615384,50,0.5384615384615384,0.7884615384615384
2468.063176233205,661229.1286896077,0.5283018867924528,0.9287749287749287,0.5185185185185185,0.5384615384615384,50,0.5384615384615384,0.7884615384615384
2468.063176233205,661229.1286896077,0.5283018867924528,0.9287749287749287,0.5185185185185185,0.5384615384615384,50,0.5384615384615384,0.7884615384615384
2468.063176233205,661229.1286896077,0.5283018867924528,0.9287749287749287,0.5185185185185185,0.5384615384615384,50,0.5384615384615384,0.7884615384615384
2468.063176233205,661229.1286896077,0.5283018867924528,0.9287749287749287,0.5185185185185185,0.5384615384615384,50,0.5384615384615384,0.7884615384615384
2468.063176233205,661229.1286896077,0.5283018867924528,0.9287749287749287,0.5185185185185185,0.5384615384615384,50,0.5384615384615384,0.7884615384615384
2468.063176233205,661229.1286896077,0.5283018867924528,0.9287749287749287,0.5185185185185185,0.5384615384615384,50,0.5384615384615384,0.7884615384615384
2468.063176233205,661229.1286896077,0.5283018867924528,0.9287749287749287,0.5185185185185185,0.5384615384615384,50,0.5384615384615384,0.7884615384615384
2468.063176233205,661229.1286896077,0.5283018867924528,0.9287749287749287,0.5185185185185185,0.5384615384615384,50,0.5384615384615384,0.7884615384615384
2468.063176233205,661229.1286896077,0.5283018867924528,0.9287749287749287,0.5185185185185185,0.5384615384615384,50,0.5384615384615384,0.7884615384615384
2468.063176233205,661229.1286896077,0.5283018867924528,0.9287749287749287,0.5185185185185185,0.5384615384615384,50,0.5384615384615384,0.7884615384615384
2468.063176233205,661229.1286896077,0.5283018867924528,0.9287749287749287,0.5185185185185185,0.5384615384615384,50,0.5384615384615384,0.7884615384615384
2468.063176233205,661229.1286896077,0.5283018867924528,0.9287749287749287,0.5185185185185185,0.5384615384615384,50,0.5384615384615384,0.7884615384615384
2468.063176233205,661229.1286896077,0.5283018867924528,0.9287749287749287,0.5185185185185185,0.5384615384615384,50,0.5384615384615384,0.7884615384615384
2468.063176233205,661229.1286896077,0.5283018867924528,0.9287749287749287,0.5185185185185185,0.5384615384615384,50,0.5384615384615384,0.7884615384615384
2468.063176233205,661229.1286896077,0.5283018867924528,0.9287749287749287,0.5185185185185185,0.5384615384615384,50,0.5384615384615384,0.7884615384615384
2468.063176233205,661229.1286896077,0.5283018867924528,0.9287749287749287,0.5185185185185185,0.5384615384615384,50,0.5384615384615384,0.7884615384615384
2468.063176233205,661229.1286896077,0.5283018867924528,0.9287749287749287,0.5185185185185185,0.5384615384615384,50,0.5384615384615384,0.7884615384615384
2468.063176233205,661229.1286896077,0.5283018867924528,0.9287749287749287,0.5185185185185185,0.5384615384615384,50,0.5384615384615384,0.7884615384615384
2468.063176233205,661229.1286896077,0.5283018867924528,0.9287749287749287,0.5185185185185185,0.5384615384615384,50,0.5384615384615384,0.7884615384615384
2468.063176233205,661229.1286896077,0.5283018867924528,0.9287749287749287,0.5185185185185185,0.5384615384615384,50,0.5384615384615384,0.7884615384615384
2468.063176233205,661229.1286896077,0.5283018867924528,0.9287749287749287,0.5185185185185185,0.5384615384615384,50,0.5384615384615384,0.7884615384615384
2468.063176233205,661229.1286896077,0.5283018867924528,0.9287749287749287,0.5185185185185185,0.5384615384615384,50,0.5384615384615384,0.7884615384615384
2468.063176233205,661229.1286896077,0.5283018867924528,0.9287749287749287,0.5185185185185185,0.5384615384615384,50,0.5384615384615384,0.7884615384615384
2468.063176233205,661229.1286896077,0.5283018867924528,0.9287749287749287,0.5185185185185185,0.5384615384615384,50,0.5384615384615384,0.7884615384615384
2468.063176233205,661229.1286896077,0.5283018867924528,0.9287749287749287,0.5185185185185185,0.5384615384615384,50,0.5384615384615384,0.7884615384615384
2468.063176233205,661229.1286896077,0.5283018867924528,0.9287749287749287,0.5185185185185185,0.5384615384615384,50,0.5384615384615384,0.7884615384615384
2468.063176233205,661229.1286896077,0.5283018867924528,0.9287749287749287,0.5185185185185185,0.5384615384615384,50,0.5384615384615384,0.7884615384615384
2468.063176233205,661229.1286896077,0.5283018867924528,0.9287749287749287,0.5185185185185185,0.5384615384615384,50,0.5384615384615384,0.7884615384615384
2468.063176233205,661229.1286896077,0.5283018867924528,0.9287749287749287,0.5185185185185185,0.5384615384615384,50,0.5384615384615384,0.7884615384615384
2468.063176233205,661229.1286896077,0.5283018867924528,0.9287749287749287,0.5185185185185185,0.5384615384615384,50,0.5384615384615384,0.7884615384615384
2468.063176233205,661229.1286896077,0.5283018867924528,0.9287749287749287,0.5185185185185185,0.5384615384615384,50,0.5384615384615384,0.7884615384615384
2468.063176233205,661229.1286896077,0.5283018867924528,0.9287749287749287,0.5185185185185185,0.5384615384615384,50,0.5384615384615384,0.7884615384615384
