BIC - Goal,BIC,F1 Score,Accuracy,Precision,Recall,SHD,SLF,TLF
206372.70465375355,864552.9114675979,0.16981132075471697,0.8746438746438746,0.16666666666666666,0.17307692307692307,88,0.17307692307692307,0.2692307692307692
204101.6464177993,862281.8532316437,0.11881188118811882,0.8732193732193733,0.12244897959183673,0.11538461538461539,89,0.11538461538461539,0.21153846153846154
172033.1016594388,830213.3084732832,0.10309278350515465,0.8760683760683761,0.1111111111111111,0.09615384615384616,87,0.09615384615384616,0.3076923076923077
168480.4971152339,826660.7039290783,0.12000000000000001,0.8746438746438746,0.125,0.11538461538461539,88,0.11538461538461539,0.25
158641.50519160426,816821.7120054486,0.14678899082568805,0.8675213675213675,0.14035087719298245,0.15384615384615385,93,0.15384615384615385,0.28846153846153844
157342.4109000637,815522.6177139081,0.15533980582524273,0.8760683760683761,0.1568627450980392,0.15384615384615385,87,0.15384615384615385,0.28846153846153844
139364.4260780858,797544.6328919302,0.1851851851851852,0.8746438746438746,0.17857142857142858,0.19230769230769232,88,0.19230769230769232,0.34615384615384615
134281.14258482703,792461.3493986714,0.16822429906542058,0.8732193732193733,0.16363636363636364,0.17307692307692307,89,0.17307692307692307,0.3269230769230769
129775.56204015366,787955.768853998,0.18867924528301885,0.8774928774928775,0.18518518518518517,0.19230769230769232,86,0.19230769230769232,0.34615384615384615
125484.83726446726,783665.0440783117,0.1509433962264151,0.8717948717948718,0.14814814814814814,0.15384615384615385,90,0.15384615384615385,0.34615384615384615
117325.18347980804,775505.3902936524,0.1747572815533981,0.8789173789173789,0.17647058823529413,0.17307692307692307,85,0.17307692307692307,0.36538461538461536
114609.31420828111,772789.5210221255,0.17307692307692307,0.8774928774928775,0.17307692307692307,0.17307692307692307,86,0.17307692307692307,0.36538461538461536
106724.56267791113,764904.7694917555,0.17142857142857143,0.8760683760683761,0.16981132075471697,0.17307692307692307,87,0.17307692307692307,0.3269230769230769
98596.16970296658,756776.376516811,0.1782178217821782,0.8817663817663818,0.1836734693877551,0.17307692307692307,83,0.17307692307692307,0.34615384615384615
94149.39038745128,752329.5972012957,0.1747572815533981,0.8789173789173789,0.17647058823529413,0.17307692307692307,85,0.17307692307692307,0.34615384615384615
87798.40787632274,745978.6146901671,0.1747572815533981,0.8789173789173789,0.17647058823529413,0.17307692307692307,85,0.17307692307692307,0.34615384615384615
87550.48459744162,745730.691411286,0.17647058823529413,0.8803418803418803,0.18,0.17307692307692307,84,0.17307692307692307,0.34615384615384615
85839.21441257035,744019.4212264147,0.17142857142857143,0.8760683760683761,0.16981132075471697,0.17307692307692307,87,0.17307692307692307,0.36538461538461536
83466.36913480959,741646.575948654,0.18691588785046728,0.8760683760683761,0.18181818181818182,0.19230769230769232,87,0.19230769230769232,0.38461538461538464
79598.95504470251,737779.1618585469,0.17142857142857143,0.8760683760683761,0.16981132075471697,0.17307692307692307,87,0.17307692307692307,0.34615384615384615
79037.29664692807,737217.5034607725,0.1834862385321101,0.8732193732193733,0.17543859649122806,0.19230769230769232,89,0.19230769230769232,0.36538461538461536
76417.04732142854,734597.2541352729,0.1864406779661017,0.8632478632478633,0.16666666666666666,0.21153846153846154,96,0.21153846153846154,0.40384615384615385
70848.81192326476,729029.0187371091,0.1896551724137931,0.8660968660968661,0.171875,0.21153846153846154,94,0.21153846153846154,0.40384615384615385
67028.88459358795,725209.0914074323,0.1964285714285714,0.8717948717948718,0.18333333333333332,0.21153846153846154,90,0.21153846153846154,0.40384615384615385
61426.170473234146,719606.3772870785,0.21428571428571427,0.8746438746438746,0.2,0.23076923076923078,88,0.23076923076923078,0.40384615384615385
61377.91092373326,719558.1177375776,0.21621621621621623,0.8760683760683761,0.2033898305084746,0.23076923076923078,87,0.23076923076923078,0.40384615384615385
58954.18692718388,717134.3937410283,0.21621621621621623,0.8760683760683761,0.2033898305084746,0.23076923076923078,87,0.23076923076923078,0.4230769230769231
58520.55288162199,716700.7596954664,0.22018348623853212,0.8789173789173789,0.21052631578947367,0.23076923076923078,85,0.23076923076923078,0.4230769230769231
53932.06018761685,712112.2670014612,0.23423423423423426,0.8789173789173789,0.22033898305084745,0.25,85,0.25,0.4423076923076923
52228.6365438418,710408.8433576862,0.2300884955752212,0.8760683760683761,0.21311475409836064,0.25,87,0.25,0.4423076923076923
51837.12349642732,710017.3303102717,0.2300884955752212,0.8760683760683761,0.21311475409836064,0.25,87,0.25,0.4423076923076923
48780.21184881113,706960.4186626555,0.2385321100917431,0.8817663817663818,0.22807017543859648,0.25,83,0.25,0.4423076923076923
48780.21184881113,706960.4186626555,0.2385321100917431,0.8817663817663818,0.22807017543859648,0.25,83,0.25,0.4423076923076923
48780.21184881113,706960.4186626555,0.2385321100917431,0.8817663817663818,0.22807017543859648,0.25,83,0.25,0.4423076923076923
48045.935892700916,706226.1427065453,0.2545454545454545,0.8831908831908832,0.2413793103448276,0.2692307692307692,82,0.2692307692307692,0.46153846153846156
47160.95843899867,705341.165252843,0.2522522522522523,0.8817663817663818,0.23728813559322035,0.2692307692307692,83,0.2692307692307692,0.46153846153846156
45972.841650713584,704153.048464558,0.2568807339449541,0.8846153846153846,0.24561403508771928,0.2692307692307692,81,0.2692307692307692,0.46153846153846156
45636.93811954069,703817.1449333851,0.2385321100917431,0.8817663817663818,0.22807017543859648,0.25,83,0.25,0.4807692307692308
40130.44402911188,698310.6508429563,0.2727272727272727,0.886039886039886,0.25862068965517243,0.28846153846153844,80,0.28846153846153844,0.5
39402.924545518705,697583.1313593631,0.27027027027027023,0.8846153846153846,0.2542372881355932,0.28846153846153844,81,0.28846153846153844,0.5
38743.914042483666,696924.120856328,0.26785714285714285,0.8831908831908832,0.25,0.28846153846153844,82,0.28846153846153844,0.5192307692307693
38638.98928397708,696819.1960978215,0.2631578947368421,0.8803418803418803,0.24193548387096775,0.28846153846153844,84,0.28846153846153844,0.5192307692307693
36676.07869836211,694856.2855122065,0.28571428571428575,0.886039886039886,0.26666666666666666,0.3076923076923077,80,0.3076923076923077,0.5192307692307693
35207.43789942167,693387.644713266,0.2807017543859649,0.8831908831908832,0.25806451612903225,0.3076923076923077,82,0.3076923076923077,0.5192307692307693
34178.51560056873,692358.7224144131,0.2831858407079646,0.8846153846153846,0.26229508196721313,0.3076923076923077,81,0.3076923076923077,0.5
34034.958554170444,692215.1653680148,0.2831858407079646,0.8846153846153846,0.26229508196721313,0.3076923076923077,81,0.3076923076923077,0.5
33359.64655037434,691539.8533642187,0.2807017543859649,0.8831908831908832,0.25806451612903225,0.3076923076923077,82,0.3076923076923077,0.5192307692307693
31939.192415983765,690119.3992298282,0.2807017543859649,0.8831908831908832,0.25806451612903225,0.3076923076923077,82,0.3076923076923077,0.5192307692307693
31939.192415983765,690119.3992298282,0.2807017543859649,0.8831908831908832,0.25806451612903225,0.3076923076923077,82,0.3076923076923077,0.5192307692307693
31784.34361689398,689964.5504307384,0.27586206896551724,0.8803418803418803,0.25,0.3076923076923077,84,0.3076923076923077,0.5192307692307693
31298.29670285771,689478.5035167021,0.29565217391304344,0.8846153846153846,0.2698412698412698,0.3269230769230769,81,0.3269230769230769,0.5384615384615384
30241.909017518978,688422.1158313634,0.2807017543859649,0.8831908831908832,0.25806451612903225,0.3076923076923077,82,0.3076923076923077,0.5192307692307693
29635.346979501657,687815.553793346,0.2608695652173913,0.8789173789173789,0.23809523809523808,0.28846153846153844,85,0.28846153846153844,0.5192307692307693
29422.554877267103,687602.7616911115,0.2782608695652174,0.8817663817663818,0.25396825396825395,0.3076923076923077,83,0.3076923076923077,0.5384615384615384
29422.554877267103,687602.7616911115,0.2782608695652174,0.8817663817663818,0.25396825396825395,0.3076923076923077,83,0.3076923076923077,0.5384615384615384
29370.818646207685,687551.0254600521,0.27586206896551724,0.8803418803418803,0.25,0.3076923076923077,84,0.3076923076923077,0.5576923076923077
29370.818646207685,687551.0254600521,0.27586206896551724,0.8803418803418803,0.25,0.3076923076923077,84,0.3076923076923077,0.5576923076923077
28667.63757634093,686847.8443901853,0.25641025641025644,0.8760683760683761,0.23076923076923078,0.28846153846153844,87,0.28846153846153844,0.5384615384615384
28153.755678025773,686333.9624918702,0.27350427350427353,0.8789173789173789,0.24615384615384617,0.3076923076923077,85,0.3076923076923077,0.5769230769230769
28153.755678025773,686333.9624918702,0.27350427350427353,0.8789173789173789,0.24615384615384617,0.3076923076923077,85,0.3076923076923077,0.5769230769230769
27458.97271422553,685639.1795280699,0.2831858407079646,0.8846153846153846,0.26229508196721313,0.3076923076923077,81,0.3076923076923077,0.5384615384615384
26515.297193627805,684695.5040074722,0.29824561403508776,0.886039886039886,0.27419354838709675,0.3269230769230769,80,0.3269230769230769,0.5769230769230769
26515.297193627805,684695.5040074722,0.29824561403508776,0.886039886039886,0.27419354838709675,0.3269230769230769,80,0.3269230769230769,0.5769230769230769
26232.0717406302,684412.2785544746,0.2931034482758621,0.8831908831908832,0.265625,0.3269230769230769,82,0.3269230769230769,0.5769230769230769
25553.46520969004,683733.6720235344,0.29565217391304344,0.8846153846153846,0.2698412698412698,0.3269230769230769,81,0.3269230769230769,0.5769230769230769
25553.46520969004,683733.6720235344,0.29565217391304344,0.8846153846153846,0.2698412698412698,0.3269230769230769,81,0.3269230769230769,0.5769230769230769
25553.46520969004,683733.6720235344,0.29565217391304344,0.8846153846153846,0.2698412698412698,0.3269230769230769,81,0.3269230769230769,0.5769230769230769
25553.46520969004,683733.6720235344,0.29565217391304344,0.8846153846153846,0.2698412698412698,0.3269230769230769,81,0.3269230769230769,0.5769230769230769
25553.46520969004,683733.6720235344,0.29565217391304344,0.8846153846153846,0.2698412698412698,0.3269230769230769,81,0.3269230769230769,0.5769230769230769
25553.46520969004,683733.6720235344,0.29565217391304344,0.8846153846153846,0.2698412698412698,0.3269230769230769,81,0.3269230769230769,0.5769230769230769
24435.45368835819,682615.6605022026,0.288135593220339,0.8803418803418803,0.25757575757575757,0.3269230769230769,84,0.3269230769230769,0.5769230769230769
24291.27280388598,682471.4796177304,0.2931034482758621,0.8831908831908832,0.265625,0.3269230769230769,82,0.3269230769230769,0.5769230769230769
23009.604783761082,681189.8115976055,0.2931034482758621,0.8831908831908832,0.265625,0.3269230769230769,82,0.3269230769230769,0.5769230769230769
22865.776687685633,681045.98350153,0.3076923076923077,0.8846153846153846,0.27692307692307694,0.34615384615384615,81,0.34615384615384615,0.5961538461538461
21477.555087532033,679657.7619013764,0.29999999999999993,0.8803418803418803,0.2647058823529412,0.34615384615384615,84,0.34615384615384615,0.5961538461538461
21458.206763041555,679638.4135768859,0.3025210084033613,0.8817663817663818,0.26865671641791045,0.34615384615384615,83,0.34615384615384615,0.5961538461538461
20719.11662879819,678899.3234426426,0.3076923076923077,0.8846153846153846,0.27692307692307694,0.34615384615384615,81,0.34615384615384615,0.5961538461538461
20475.03173506388,678655.2385489083,0.288135593220339,0.8803418803418803,0.25757575757575757,0.3269230769230769,84,0.3269230769230769,0.5769230769230769
19896.24826058338,678076.4550744278,0.2905982905982906,0.8817663817663818,0.26153846153846155,0.3269230769230769,83,0.3269230769230769,0.5769230769230769
19601.69004375243,677781.8968575968,0.2857142857142857,0.8789173789173789,0.2537313432835821,0.3269230769230769,85,0.3269230769230769,0.5769230769230769
18996.812757858657,677177.019571703,0.288135593220339,0.8803418803418803,0.25757575757575757,0.3269230769230769,84,0.3269230769230769,0.5769230769230769
18996.812757858657,677177.019571703,0.288135593220339,0.8803418803418803,0.25757575757575757,0.3269230769230769,84,0.3269230769230769,0.5769230769230769
18562.90431565896,676743.1111295033,0.2931034482758621,0.8831908831908832,0.265625,0.3269230769230769,82,0.3269230769230769,0.5769230769230769
18562.90431565896,676743.1111295033,0.2931034482758621,0.8831908831908832,0.265625,0.3269230769230769,82,0.3269230769230769,0.5769230769230769
18562.90431565896,676743.1111295033,0.2931034482758621,0.8831908831908832,0.265625,0.3269230769230769,82,0.3269230769230769,0.5769230769230769
18526.341920230072,676706.5487340745,0.29565217391304344,0.8846153846153846,0.2698412698412698,0.3269230769230769,81,0.3269230769230769,0.5769230769230769
18258.913499854156,676439.1203136985,0.2931034482758621,0.8831908831908832,0.265625,0.3269230769230769,82,0.3269230769230769,0.5769230769230769
18156.26960812637,676336.4764219708,0.29824561403508776,0.886039886039886,0.27419354838709675,0.3269230769230769,80,0.3269230769230769,0.5769230769230769
18156.26960812637,676336.4764219708,0.29824561403508776,0.886039886039886,0.27419354838709675,0.3269230769230769,80,0.3269230769230769,0.5769230769230769
18156.26960812637,676336.4764219708,0.29824561403508776,0.886039886039886,0.27419354838709675,0.3269230769230769,80,0.3269230769230769,0.5769230769230769
17770.616475335206,675950.8232891796,0.2905982905982906,0.8817663817663818,0.26153846153846155,0.3269230769230769,83,0.3269230769230769,0.5769230769230769
17417.20164117636,675597.4084550207,0.288135593220339,0.8803418803418803,0.25757575757575757,0.3269230769230769,84,0.3269230769230769,0.5769230769230769
17122.24994594627,675302.4567597907,0.2905982905982906,0.8817663817663818,0.26153846153846155,0.3269230769230769,83,0.3269230769230769,0.5769230769230769
17041.21819566586,675221.4250095102,0.3076923076923077,0.8846153846153846,0.27692307692307694,0.34615384615384615,81,0.34615384615384615,0.5961538461538461
17004.617538433522,675184.8243522779,0.2931034482758621,0.8831908831908832,0.265625,0.3269230769230769,82,0.3269230769230769,0.5769230769230769
16865.362934841658,675045.569748686,0.29824561403508776,0.886039886039886,0.27419354838709675,0.3269230769230769,80,0.3269230769230769,0.5769230769230769
16862.978922298527,675043.1857361429,0.29565217391304344,0.8846153846153846,0.2698412698412698,0.3269230769230769,81,0.3269230769230769,0.5769230769230769
16862.978922298527,675043.1857361429,0.29565217391304344,0.8846153846153846,0.2698412698412698,0.3269230769230769,81,0.3269230769230769,0.5769230769230769
16862.978922298527,675043.1857361429,0.29565217391304344,0.8846153846153846,0.2698412698412698,0.3269230769230769,81,0.3269230769230769,0.5769230769230769
16801.320845936076,674981.5276597805,0.2905982905982906,0.8817663817663818,0.26153846153846155,0.3269230769230769,83,0.3269230769230769,0.5769230769230769
16788.056378790527,674968.2631926349,0.2931034482758621,0.8831908831908832,0.265625,0.3269230769230769,82,0.3269230769230769,0.5769230769230769
16670.423971277778,674850.6307851222,0.29565217391304344,0.8846153846153846,0.2698412698412698,0.3269230769230769,81,0.3269230769230769,0.5769230769230769
16479.65925288212,674659.8660667265,0.29824561403508776,0.886039886039886,0.27419354838709675,0.3269230769230769,80,0.3269230769230769,0.5769230769230769
16479.65925288212,674659.8660667265,0.29824561403508776,0.886039886039886,0.27419354838709675,0.3269230769230769,80,0.3269230769230769,0.5769230769230769
16468.153304468957,674648.3601183133,0.30357142857142855,0.8888888888888888,0.2833333333333333,0.3269230769230769,78,0.3269230769230769,0.5769230769230769
16261.209630027995,674441.4164438724,0.30088495575221236,0.8874643874643875,0.2786885245901639,0.3269230769230769,79,0.3269230769230769,0.5769230769230769
16198.280084544793,674378.4868983892,0.29824561403508776,0.886039886039886,0.27419354838709675,0.3269230769230769,80,0.3269230769230769,0.5769230769230769
16180.84348922642,674361.0503030708,0.30088495575221236,0.8874643874643875,0.2786885245901639,0.3269230769230769,79,0.3269230769230769,0.5769230769230769
16081.330070596421,674261.5368844408,0.30357142857142855,0.8888888888888888,0.2833333333333333,0.3269230769230769,78,0.3269230769230769,0.5769230769230769
15137.78811997408,673317.9949338185,0.3185840707964602,0.8903133903133903,0.29508196721311475,0.34615384615384615,77,0.34615384615384615,0.5961538461538461
15137.78811997408,673317.9949338185,0.3185840707964602,0.8903133903133903,0.29508196721311475,0.34615384615384615,77,0.34615384615384615,0.5961538461538461
15137.78811997408,673317.9949338185,0.3185840707964602,0.8903133903133903,0.29508196721311475,0.34615384615384615,77,0.34615384615384615,0.5961538461538461
14885.536116976175,673065.7429308206,0.32142857142857145,0.8917378917378918,0.3,0.34615384615384615,76,0.34615384615384615,0.5961538461538461
14662.553827291587,672842.760641136,0.33333333333333337,0.8917378917378918,0.3064516129032258,0.36538461538461536,76,0.36538461538461536,0.6346153846153846
14662.553827291587,672842.760641136,0.33333333333333337,0.8917378917378918,0.3064516129032258,0.36538461538461536,76,0.36538461538461536,0.6346153846153846
14346.050642978284,672526.2574568227,0.3185840707964602,0.8903133903133903,0.29508196721311475,0.34615384615384615,77,0.34615384615384615,0.6153846153846154
14290.52098812128,672470.7278019657,0.32142857142857145,0.8917378917378918,0.3,0.34615384615384615,76,0.34615384615384615,0.6153846153846154
14142.861511424533,672323.0683252689,0.3157894736842105,0.8888888888888888,0.2903225806451613,0.34615384615384615,78,0.34615384615384615,0.6153846153846154
14142.861511424533,672323.0683252689,0.3157894736842105,0.8888888888888888,0.2903225806451613,0.34615384615384615,78,0.34615384615384615,0.6153846153846154
14142.861511424533,672323.0683252689,0.3157894736842105,0.8888888888888888,0.2903225806451613,0.34615384615384615,78,0.34615384615384615,0.6153846153846154
14087.331856567529,672267.5386704119,0.3185840707964602,0.8903133903133903,0.29508196721311475,0.34615384615384615,77,0.34615384615384615,0.6153846153846154
14087.331856567529,672267.5386704119,0.3185840707964602,0.8903133903133903,0.29508196721311475,0.34615384615384615,77,0.34615384615384615,0.6153846153846154
14017.190640228102,672197.3974540725,0.3185840707964602,0.8903133903133903,0.29508196721311475,0.34615384615384615,77,0.34615384615384615,0.6153846153846154
13961.660985371098,672141.8677992155,0.32142857142857145,0.8917378917378918,0.3,0.34615384615384615,76,0.34615384615384615,0.6153846153846154
13961.660985371098,672141.8677992155,0.32142857142857145,0.8917378917378918,0.3,0.34615384615384615,76,0.34615384615384615,0.6153846153846154
13961.660985371098,672141.8677992155,0.32142857142857145,0.8917378917378918,0.3,0.34615384615384615,76,0.34615384615384615,0.6153846153846154
12529.250088714645,670709.456902559,0.336283185840708,0.8931623931623932,0.3114754098360656,0.36538461538461536,75,0.36538461538461536,0.6346153846153846
11934.240141373943,670114.4469552183,0.34234234234234234,0.896011396011396,0.3220338983050847,0.36538461538461536,73,0.36538461538461536,0.6346153846153846
11835.304875217029,670015.5116890614,0.33928571428571425,0.8945868945868946,0.31666666666666665,0.36538461538461536,74,0.36538461538461536,0.6346153846153846
11798.74247978814,669978.9492936325,0.34234234234234234,0.896011396011396,0.3220338983050847,0.36538461538461536,73,0.36538461538461536,0.6346153846153846
11798.74247978814,669978.9492936325,0.34234234234234234,0.896011396011396,0.3220338983050847,0.36538461538461536,73,0.36538461538461536,0.6346153846153846
11664.45413443807,669844.6609482825,0.33928571428571425,0.8945868945868946,0.31666666666666665,0.36538461538461536,74,0.36538461538461536,0.6538461538461539
11664.45413443807,669844.6609482825,0.33928571428571425,0.8945868945868946,0.31666666666666665,0.36538461538461536,74,0.36538461538461536,0.6538461538461539
11664.45413443807,669844.6609482825,0.33928571428571425,0.8945868945868946,0.31666666666666665,0.36538461538461536,74,0.36538461538461536,0.6538461538461539
11554.841596486513,669735.0484103309,0.34234234234234234,0.896011396011396,0.3220338983050847,0.36538461538461536,73,0.36538461538461536,0.6346153846153846
11366.880028360407,669547.0868422048,0.33928571428571425,0.8945868945868946,0.31666666666666665,0.36538461538461536,74,0.36538461538461536,0.6538461538461539
11249.007440612884,669429.2142544573,0.33928571428571425,0.8945868945868946,0.31666666666666665,0.36538461538461536,74,0.36538461538461536,0.6538461538461539
11203.197449499974,669383.4042633444,0.34234234234234234,0.896011396011396,0.3220338983050847,0.36538461538461536,73,0.36538461538461536,0.6538461538461539
11198.773568323697,669378.9803821681,0.34545454545454546,0.8974358974358975,0.3275862068965517,0.36538461538461536,72,0.36538461538461536,0.6538461538461539
10936.428940937389,669116.6357547818,0.34234234234234234,0.896011396011396,0.3220338983050847,0.36538461538461536,73,0.36538461538461536,0.6538461538461539
10936.428940937389,669116.6357547818,0.34234234234234234,0.896011396011396,0.3220338983050847,0.36538461538461536,73,0.36538461538461536,0.6538461538461539
10936.428940937389,669116.6357547818,0.34234234234234234,0.896011396011396,0.3220338983050847,0.36538461538461536,73,0.36538461538461536,0.6538461538461539
10858.513551368844,669038.7203652132,0.34862385321100914,0.8988603988603988,0.3333333333333333,0.36538461538461536,71,0.36538461538461536,0.6346153846153846
10858.513551368844,669038.7203652132,0.34862385321100914,0.8988603988603988,0.3333333333333333,0.36538461538461536,71,0.36538461538461536,0.6346153846153846
10759.578285212046,668939.7850990564,0.34545454545454546,0.8974358974358975,0.3275862068965517,0.36538461538461536,72,0.36538461538461536,0.6346153846153846
10759.578285212046,668939.7850990564,0.34545454545454546,0.8974358974358975,0.3275862068965517,0.36538461538461536,72,0.36538461538461536,0.6346153846153846
10759.578285212046,668939.7850990564,0.34545454545454546,0.8974358974358975,0.3275862068965517,0.36538461538461536,72,0.36538461538461536,0.6346153846153846
10759.578285212046,668939.7850990564,0.34545454545454546,0.8974358974358975,0.3275862068965517,0.36538461538461536,72,0.36538461538461536,0.6346153846153846
10759.578285212046,668939.7850990564,0.34545454545454546,0.8974358974358975,0.3275862068965517,0.36538461538461536,72,0.36538461538461536,0.6346153846153846
10759.578285212046,668939.7850990564,0.34545454545454546,0.8974358974358975,0.3275862068965517,0.36538461538461536,72,0.36538461538461536,0.6346153846153846
10663.103022690164,668843.3098365346,0.3603603603603604,0.8988603988603988,0.3389830508474576,0.38461538461538464,71,0.38461538461538464,0.6538461538461539
10663.103022690164,668843.3098365346,0.3603603603603604,0.8988603988603988,0.3389830508474576,0.38461538461538464,71,0.38461538461538464,0.6538461538461539
10663.103022690164,668843.3098365346,0.3603603603603604,0.8988603988603988,0.3389830508474576,0.38461538461538464,71,0.38461538461538464,0.6538461538461539
10633.5401453597,668813.7469592041,0.3571428571428571,0.8974358974358975,0.3333333333333333,0.38461538461538464,72,0.38461538461538464,0.6730769230769231
10633.5401453597,668813.7469592041,0.3571428571428571,0.8974358974358975,0.3333333333333333,0.38461538461538464,72,0.38461538461538464,0.6730769230769231
10633.5401453597,668813.7469592041,0.3571428571428571,0.8974358974358975,0.3333333333333333,0.38461538461538464,72,0.38461538461538464,0.6730769230769231
10633.5401453597,668813.7469592041,0.3571428571428571,0.8974358974358975,0.3333333333333333,0.38461538461538464,72,0.38461538461538464,0.6730769230769231
10633.5401453597,668813.7469592041,0.3571428571428571,0.8974358974358975,0.3333333333333333,0.38461538461538464,72,0.38461538461538464,0.6730769230769231
10633.5401453597,668813.7469592041,0.3571428571428571,0.8974358974358975,0.3333333333333333,0.38461538461538464,72,0.38461538461538464,0.6730769230769231
10633.5401453597,668813.7469592041,0.3571428571428571,0.8974358974358975,0.3333333333333333,0.38461538461538464,72,0.38461538461538464,0.6730769230769231
10633.5401453597,668813.7469592041,0.3571428571428571,0.8974358974358975,0.3333333333333333,0.38461538461538464,72,0.38461538461538464,0.6730769230769231
10510.199327972601,668690.406141817,0.3603603603603604,0.8988603988603988,0.3389830508474576,0.38461538461538464,71,0.38461538461538464,0.6730769230769231
10510.199327972601,668690.406141817,0.3603603603603604,0.8988603988603988,0.3389830508474576,0.38461538461538464,71,0.38461538461538464,0.6730769230769231
10510.199327972601,668690.406141817,0.3603603603603604,0.8988603988603988,0.3389830508474576,0.38461538461538464,71,0.38461538461538464,0.6730769230769231
10510.199327972601,668690.406141817,0.3603603603603604,0.8988603988603988,0.3389830508474576,0.38461538461538464,71,0.38461538461538464,0.6730769230769231
10510.199327972601,668690.406141817,0.3603603603603604,0.8988603988603988,0.3389830508474576,0.38461538461538464,71,0.38461538461538464,0.6730769230769231
10510.199327972601,668690.406141817,0.3603603603603604,0.8988603988603988,0.3389830508474576,0.38461538461538464,71,0.38461538461538464,0.6730769230769231
10438.671272302861,668618.8780861472,0.3636363636363637,0.9002849002849003,0.3448275862068966,0.38461538461538464,70,0.38461538461538464,0.6730769230769231
10438.671272302861,668618.8780861472,0.3636363636363637,0.9002849002849003,0.3448275862068966,0.38461538461538464,70,0.38461538461538464,0.6730769230769231
10438.671272302861,668618.8780861472,0.3636363636363637,0.9002849002849003,0.3448275862068966,0.38461538461538464,70,0.38461538461538464,0.6730769230769231
10438.671272302861,668618.8780861472,0.3636363636363637,0.9002849002849003,0.3448275862068966,0.38461538461538464,70,0.38461538461538464,0.6730769230769231
10438.671272302861,668618.8780861472,0.3636363636363637,0.9002849002849003,0.3448275862068966,0.38461538461538464,70,0.38461538461538464,0.6730769230769231
10438.671272302861,668618.8780861472,0.3636363636363637,0.9002849002849003,0.3448275862068966,0.38461538461538464,70,0.38461538461538464,0.6730769230769231
10438.671272302861,668618.8780861472,0.3636363636363637,0.9002849002849003,0.3448275862068966,0.38461538461538464,70,0.38461538461538464,0.6730769230769231
10438.671272302861,668618.8780861472,0.3636363636363637,0.9002849002849003,0.3448275862068966,0.38461538461538464,70,0.38461538461538464,0.6730769230769231
10438.671272302861,668618.8780861472,0.3636363636363637,0.9002849002849003,0.3448275862068966,0.38461538461538464,70,0.38461538461538464,0.6730769230769231
10438.671272302861,668618.8780861472,0.3636363636363637,0.9002849002849003,0.3448275862068966,0.38461538461538464,70,0.38461538461538464,0.6730769230769231
10438.671272302861,668618.8780861472,0.3636363636363637,0.9002849002849003,0.3448275862068966,0.38461538461538464,70,0.38461538461538464,0.6730769230769231
10438.671272302861,668618.8780861472,0.3636363636363637,0.9002849002849003,0.3448275862068966,0.38461538461538464,70,0.38461538461538464,0.6730769230769231
10438.671272302861,668618.8780861472,0.3636363636363637,0.9002849002849003,0.3448275862068966,0.38461538461538464,70,0.38461538461538464,0.6730769230769231
10388.502071913099,668568.7088857575,0.3669724770642202,0.9017094017094017,0.3508771929824561,0.38461538461538464,69,0.38461538461538464,0.6538461538461539
10388.502071913099,668568.7088857575,0.3669724770642202,0.9017094017094017,0.3508771929824561,0.38461538461538464,69,0.38461538461538464,0.6538461538461539
10388.502071913099,668568.7088857575,0.3669724770642202,0.9017094017094017,0.3508771929824561,0.38461538461538464,69,0.38461538461538464,0.6538461538461539
10388.502071913099,668568.7088857575,0.3669724770642202,0.9017094017094017,0.3508771929824561,0.38461538461538464,69,0.38461538461538464,0.6538461538461539
10388.502071913099,668568.7088857575,0.3669724770642202,0.9017094017094017,0.3508771929824561,0.38461538461538464,69,0.38461538461538464,0.6538461538461539
10388.502071913099,668568.7088857575,0.3669724770642202,0.9017094017094017,0.3508771929824561,0.38461538461538464,69,0.38461538461538464,0.6538461538461539
10388.502071913099,668568.7088857575,0.3669724770642202,0.9017094017094017,0.3508771929824561,0.38461538461538464,69,0.38461538461538464,0.6538461538461539
10388.502071913099,668568.7088857575,0.3669724770642202,0.9017094017094017,0.3508771929824561,0.38461538461538464,69,0.38461538461538464,0.6538461538461539
10388.502071913099,668568.7088857575,0.3669724770642202,0.9017094017094017,0.3508771929824561,0.38461538461538464,69,0.38461538461538464,0.6538461538461539
10388.502071913099,668568.7088857575,0.3669724770642202,0.9017094017094017,0.3508771929824561,0.38461538461538464,69,0.38461538461538464,0.6538461538461539
10388.502071913099,668568.7088857575,0.3669724770642202,0.9017094017094017,0.3508771929824561,0.38461538461538464,69,0.38461538461538464,0.6538461538461539
10388.502071913099,668568.7088857575,0.3669724770642202,0.9017094017094017,0.3508771929824561,0.38461538461538464,69,0.38461538461538464,0.6538461538461539
10388.502071913099,668568.7088857575,0.3669724770642202,0.9017094017094017,0.3508771929824561,0.38461538461538464,69,0.38461538461538464,0.6538461538461539
10388.502071913099,668568.7088857575,0.3669724770642202,0.9017094017094017,0.3508771929824561,0.38461538461538464,69,0.38461538461538464,0.6538461538461539
10388.502071913099,668568.7088857575,0.3669724770642202,0.9017094017094017,0.3508771929824561,0.38461538461538464,69,0.38461538461538464,0.6538461538461539
10388.502071913099,668568.7088857575,0.3669724770642202,0.9017094017094017,0.3508771929824561,0.38461538461538464,69,0.38461538461538464,0.6538461538461539
10388.502071913099,668568.7088857575,0.3669724770642202,0.9017094017094017,0.3508771929824561,0.38461538461538464,69,0.38461538461538464,0.6538461538461539
10388.502071913099,668568.7088857575,0.3669724770642202,0.9017094017094017,0.3508771929824561,0.38461538461538464,69,0.38461538461538464,0.6538461538461539
10388.502071912983,668568.7088857574,0.3669724770642202,0.9017094017094017,0.3508771929824561,0.38461538461538464,69,0.38461538461538464,0.6538461538461539
10388.502071912983,668568.7088857574,0.3669724770642202,0.9017094017094017,0.3508771929824561,0.38461538461538464,69,0.38461538461538464,0.6538461538461539
10388.502071912983,668568.7088857574,0.3669724770642202,0.9017094017094017,0.3508771929824561,0.38461538461538464,69,0.38461538461538464,0.6538461538461539
10388.502071912983,668568.7088857574,0.3669724770642202,0.9017094017094017,0.3508771929824561,0.38461538461538464,69,0.38461538461538464,0.6538461538461539
10388.502071912983,668568.7088857574,0.3669724770642202,0.9017094017094017,0.3508771929824561,0.38461538461538464,69,0.38461538461538464,0.6538461538461539
10388.502071912983,668568.7088857574,0.3669724770642202,0.9017094017094017,0.3508771929824561,0.38461538461538464,69,0.38461538461538464,0.6538461538461539
10388.502071912983,668568.7088857574,0.3669724770642202,0.9017094017094017,0.3508771929824561,0.38461538461538464,69,0.38461538461538464,0.6538461538461539
10388.502071912983,668568.7088857574,0.3669724770642202,0.9017094017094017,0.3508771929824561,0.38461538461538464,69,0.38461538461538464,0.6538461538461539
10388.502071912983,668568.7088857574,0.3669724770642202,0.9017094017094017,0.3508771929824561,0.38461538461538464,69,0.38461538461538464,0.6538461538461539
10388.502071912983,668568.7088857574,0.3669724770642202,0.9017094017094017,0.3508771929824561,0.38461538461538464,69,0.38461538461538464,0.6538461538461539
10388.502071912983,668568.7088857574,0.3669724770642202,0.9017094017094017,0.3508771929824561,0.38461538461538464,69,0.38461538461538464,0.6538461538461539
10388.502071912983,668568.7088857574,0.3669724770642202,0.9017094017094017,0.3508771929824561,0.38461538461538464,69,0.38461538461538464,0.6538461538461539
10388.502071912983,668568.7088857574,0.3669724770642202,0.9017094017094017,0.3508771929824561,0.38461538461538464,69,0.38461538461538464,0.6538461538461539
10388.502071912983,668568.7088857574,0.3669724770642202,0.9017094017094017,0.3508771929824561,0.38461538461538464,69,0.38461538461538464,0.6538461538461539
10388.502071912983,668568.7088857574,0.3669724770642202,0.9017094017094017,0.3508771929824561,0.38461538461538464,69,0.38461538461538464,0.6538461538461539
10388.502071912983,668568.7088857574,0.3669724770642202,0.9017094017094017,0.3508771929824561,0.38461538461538464,69,0.38461538461538464,0.6538461538461539
10388.502071912983,668568.7088857574,0.3669724770642202,0.9017094017094017,0.3508771929824561,0.38461538461538464,69,0.38461538461538464,0.6538461538461539
10388.502071912983,668568.7088857574,0.3669724770642202,0.9017094017094017,0.3508771929824561,0.38461538461538464,69,0.38461538461538464,0.6538461538461539
10388.502071912983,668568.7088857574,0.3669724770642202,0.9017094017094017,0.3508771929824561,0.38461538461538464,69,0.38461538461538464,0.6538461538461539
10388.502071912983,668568.7088857574,0.3669724770642202,0.9017094017094017,0.3508771929824561,0.38461538461538464,69,0.38461538461538464,0.6538461538461539
10388.502071912983,668568.7088857574,0.3669724770642202,0.9017094017094017,0.3508771929824561,0.38461538461538464,69,0.38461538461538464,0.6538461538461539
10388.502071912983,668568.7088857574,0.3669724770642202,0.9017094017094017,0.3508771929824561,0.38461538461538464,69,0.38461538461538464,0.6538461538461539
10388.502071912983,668568.7088857574,0.3669724770642202,0.9017094017094017,0.3508771929824561,0.38461538461538464,69,0.38461538461538464,0.6538461538461539
10388.502071912983,668568.7088857574,0.3669724770642202,0.9017094017094017,0.3508771929824561,0.38461538461538464,69,0.38461538461538464,0.6538461538461539
10388.502071912983,668568.7088857574,0.3669724770642202,0.9017094017094017,0.3508771929824561,0.38461538461538464,69,0.38461538461538464,0.6538461538461539
10388.502071912983,668568.7088857574,0.3669724770642202,0.9017094017094017,0.3508771929824561,0.38461538461538464,69,0.38461538461538464,0.6538461538461539
10388.502071912983,668568.7088857574,0.3669724770642202,0.9017094017094017,0.3508771929824561,0.38461538461538464,69,0.38461538461538464,0.6538461538461539
10388.502071912983,668568.7088857574,0.3669724770642202,0.9017094017094017,0.3508771929824561,0.38461538461538464,69,0.38461538461538464,0.6538461538461539
10388.502071912983,668568.7088857574,0.3669724770642202,0.9017094017094017,0.3508771929824561,0.38461538461538464,69,0.38461538461538464,0.6538461538461539
10388.502071912983,668568.7088857574,0.3669724770642202,0.9017094017094017,0.3508771929824561,0.38461538461538464,69,0.38461538461538464,0.6538461538461539
10388.502071912983,668568.7088857574,0.3669724770642202,0.9017094017094017,0.3508771929824561,0.38461538461538464,69,0.38461538461538464,0.6538461538461539
10388.502071912983,668568.7088857574,0.3669724770642202,0.9017094017094017,0.3508771929824561,0.38461538461538464,69,0.38461538461538464,0.6538461538461539
10263.044642022345,668443.2514558667,0.3636363636363637,0.9002849002849003,0.3448275862068966,0.38461538461538464,70,0.38461538461538464,0.6730769230769231
10263.044642022345,668443.2514558667,0.3636363636363637,0.9002849002849003,0.3448275862068966,0.38461538461538464,70,0.38461538461538464,0.6730769230769231
10263.044642022345,668443.2514558667,0.3636363636363637,0.9002849002849003,0.3448275862068966,0.38461538461538464,70,0.38461538461538464,0.6730769230769231
10263.044642022345,668443.2514558667,0.3636363636363637,0.9002849002849003,0.3448275862068966,0.38461538461538464,70,0.38461538461538464,0.6730769230769231
10263.044642022345,668443.2514558667,0.3636363636363637,0.9002849002849003,0.3448275862068966,0.38461538461538464,70,0.38461538461538464,0.6730769230769231
10263.044642022345,668443.2514558667,0.3636363636363637,0.9002849002849003,0.3448275862068966,0.38461538461538464,70,0.38461538461538464,0.6730769230769231
10263.044642022345,668443.2514558667,0.3636363636363637,0.9002849002849003,0.3448275862068966,0.38461538461538464,70,0.38461538461538464,0.6730769230769231
10263.044642022345,668443.2514558667,0.3636363636363637,0.9002849002849003,0.3448275862068966,0.38461538461538464,70,0.38461538461538464,0.6730769230769231
10263.044642022345,668443.2514558667,0.3636363636363637,0.9002849002849003,0.3448275862068966,0.38461538461538464,70,0.38461538461538464,0.6730769230769231
10263.044642022345,668443.2514558667,0.3636363636363637,0.9002849002849003,0.3448275862068966,0.38461538461538464,70,0.38461538461538464,0.6730769230769231
10263.044642022345,668443.2514558667,0.3636363636363637,0.9002849002849003,0.3448275862068966,0.38461538461538464,70,0.38461538461538464,0.6730769230769231
10263.044642022345,668443.2514558667,0.3636363636363637,0.9002849002849003,0.3448275862068966,0.38461538461538464,70,0.38461538461538464,0.6730769230769231
10263.044642022345,668443.2514558667,0.3636363636363637,0.9002849002849003,0.3448275862068966,0.38461538461538464,70,0.38461538461538464,0.6730769230769231
10263.044642022345,668443.2514558667,0.3636363636363637,0.9002849002849003,0.3448275862068966,0.38461538461538464,70,0.38461538461538464,0.6730769230769231
10263.044642022345,668443.2514558667,0.3636363636363637,0.9002849002849003,0.3448275862068966,0.38461538461538464,70,0.38461538461538464,0.6730769230769231
10263.044642022345,668443.2514558667,0.3636363636363637,0.9002849002849003,0.3448275862068966,0.38461538461538464,70,0.38461538461538464,0.6730769230769231
10201.732086392818,668381.9389002372,0.3636363636363637,0.9002849002849003,0.3448275862068966,0.38461538461538464,70,0.38461538461538464,0.6730769230769231
10201.732086392818,668381.9389002372,0.3636363636363637,0.9002849002849003,0.3448275862068966,0.38461538461538464,70,0.38461538461538464,0.6730769230769231
10201.732086392818,668381.9389002372,0.3636363636363637,0.9002849002849003,0.3448275862068966,0.38461538461538464,70,0.38461538461538464,0.6730769230769231
10201.732086392818,668381.9389002372,0.3636363636363637,0.9002849002849003,0.3448275862068966,0.38461538461538464,70,0.38461538461538464,0.6730769230769231
10201.732086392818,668381.9389002372,0.3636363636363637,0.9002849002849003,0.3448275862068966,0.38461538461538464,70,0.38461538461538464,0.6730769230769231
10201.732086392818,668381.9389002372,0.3636363636363637,0.9002849002849003,0.3448275862068966,0.38461538461538464,70,0.38461538461538464,0.6730769230769231
10189.438508917461,668369.6453227618,0.3603603603603604,0.8988603988603988,0.3389830508474576,0.38461538461538464,71,0.38461538461538464,0.6730769230769231
10189.438508917461,668369.6453227618,0.3603603603603604,0.8988603988603988,0.3389830508474576,0.38461538461538464,71,0.38461538461538464,0.6730769230769231
10189.438508917461,668369.6453227618,0.3603603603603604,0.8988603988603988,0.3389830508474576,0.38461538461538464,71,0.38461538461538464,0.6730769230769231
10189.438508917461,668369.6453227618,0.3603603603603604,0.8988603988603988,0.3389830508474576,0.38461538461538464,71,0.38461538461538464,0.6730769230769231
10189.438508917461,668369.6453227618,0.3603603603603604,0.8988603988603988,0.3389830508474576,0.38461538461538464,71,0.38461538461538464,0.6730769230769231
10184.26139045856,668364.468204303,0.375,0.9002849002849003,0.35,0.40384615384615385,70,0.40384615384615385,0.6730769230769231
10002.52924919338,668182.7360630378,0.3818181818181818,0.9031339031339032,0.3620689655172414,0.40384615384615385,68,0.40384615384615385,0.6730769230769231
10002.52924919338,668182.7360630378,0.3818181818181818,0.9031339031339032,0.3620689655172414,0.40384615384615385,68,0.40384615384615385,0.6730769230769231
9971.709000320407,668151.9158141648,0.3716814159292035,0.8988603988603988,0.3442622950819672,0.40384615384615385,71,0.40384615384615385,0.6923076923076923
9380.389176064753,667560.5959899091,0.3783783783783784,0.9017094017094017,0.3559322033898305,0.40384615384615385,69,0.40384615384615385,0.6923076923076923
9380.389176064753,667560.5959899091,0.3783783783783784,0.9017094017094017,0.3559322033898305,0.40384615384615385,69,0.40384615384615385,0.6923076923076923
9380.389176064753,667560.5959899091,0.3783783783783784,0.9017094017094017,0.3559322033898305,0.40384615384615385,69,0.40384615384615385,0.6923076923076923
9380.389176064753,667560.5959899091,0.3783783783783784,0.9017094017094017,0.3559322033898305,0.40384615384615385,69,0.40384615384615385,0.6923076923076923
9380.389176064753,667560.5959899091,0.3783783783783784,0.9017094017094017,0.3559322033898305,0.40384615384615385,69,0.40384615384615385,0.6923076923076923
9380.389176064753,667560.5959899091,0.3783783783783784,0.9017094017094017,0.3559322033898305,0.40384615384615385,69,0.40384615384615385,0.6923076923076923
8997.84948638198,667178.0563002264,0.3684210526315789,0.8974358974358975,0.3387096774193548,0.40384615384615385,72,0.40384615384615385,0.6923076923076923
8341.434535039007,666521.6413488834,0.39639639639639646,0.9045584045584045,0.3728813559322034,0.4230769230769231,67,0.4230769230769231,0.6923076923076923
8341.434535039007,666521.6413488834,0.39639639639639646,0.9045584045584045,0.3728813559322034,0.4230769230769231,67,0.4230769230769231,0.6923076923076923
7951.234801270068,666131.4416151145,0.4,0.905982905982906,0.3793103448275862,0.4230769230769231,66,0.4230769230769231,0.6923076923076923
7951.234801270068,666131.4416151145,0.4,0.905982905982906,0.3793103448275862,0.4230769230769231,66,0.4230769230769231,0.6923076923076923
7951.234801270068,666131.4416151145,0.4,0.905982905982906,0.3793103448275862,0.4230769230769231,66,0.4230769230769231,0.6923076923076923
7222.63084060268,665402.8376544471,0.4036697247706422,0.9074074074074074,0.38596491228070173,0.4230769230769231,65,0.4230769230769231,0.6923076923076923
6872.277463051141,665052.4842768955,0.4,0.905982905982906,0.3793103448275862,0.4230769230769231,66,0.4230769230769231,0.6923076923076923
6711.767205454176,664891.9740192986,0.4036697247706422,0.9074074074074074,0.38596491228070173,0.4230769230769231,65,0.4230769230769231,0.6923076923076923
6711.767205454176,664891.9740192986,0.4036697247706422,0.9074074074074074,0.38596491228070173,0.4230769230769231,65,0.4230769230769231,0.6923076923076923
6654.7869424581295,664834.9937563025,0.4036697247706422,0.9074074074074074,0.38596491228070173,0.4230769230769231,65,0.4230769230769231,0.6923076923076923
6550.042711783783,664730.2495256282,0.4074074074074074,0.9088319088319088,0.39285714285714285,0.4230769230769231,64,0.4230769230769231,0.6923076923076923
6550.042711783783,664730.2495256282,0.4074074074074074,0.9088319088319088,0.39285714285714285,0.4230769230769231,64,0.4230769230769231,0.6923076923076923
6550.042711783783,664730.2495256282,0.4074074074074074,0.9088319088319088,0.39285714285714285,0.4230769230769231,64,0.4230769230769231,0.6923076923076923
6440.593691303977,664620.8005051484,0.4036697247706422,0.9074074074074074,0.38596491228070173,0.4230769230769231,65,0.4230769230769231,0.6923076923076923
5856.745526839048,664036.9523406834,0.4,0.905982905982906,0.3793103448275862,0.4230769230769231,66,0.4230769230769231,0.7115384615384616
5650.475699468632,663830.682513313,0.4,0.905982905982906,0.3793103448275862,0.4230769230769231,66,0.4230769230769231,0.7115384615384616
5650.475699468632,663830.682513313,0.4,0.905982905982906,0.3793103448275862,0.4230769230769231,66,0.4230769230769231,0.7115384615384616
5629.9821399501525,663810.1889537945,0.4036697247706422,0.9074074074074074,0.38596491228070173,0.4230769230769231,65,0.4230769230769231,0.7115384615384616
5629.9821399501525,663810.1889537945,0.4036697247706422,0.9074074074074074,0.38596491228070173,0.4230769230769231,65,0.4230769230769231,0.7115384615384616
5629.9821399501525,663810.1889537945,0.4036697247706422,0.9074074074074074,0.38596491228070173,0.4230769230769231,65,0.4230769230769231,0.7115384615384616
5629.9821399501525,663810.1889537945,0.4036697247706422,0.9074074074074074,0.38596491228070173,0.4230769230769231,65,0.4230769230769231,0.7115384615384616
5629.9821399501525,663810.1889537945,0.4036697247706422,0.9074074074074074,0.38596491228070173,0.4230769230769231,65,0.4230769230769231,0.7115384615384616
5629.9821399501525,663810.1889537945,0.4036697247706422,0.9074074074074074,0.38596491228070173,0.4230769230769231,65,0.4230769230769231,0.7115384615384616
5380.702319636708,663560.9091334811,0.4074074074074074,0.9088319088319088,0.39285714285714285,0.4230769230769231,64,0.4230769230769231,0.7115384615384616
5380.702319636708,663560.9091334811,0.4074074074074074,0.9088319088319088,0.39285714285714285,0.4230769230769231,64,0.4230769230769231,0.7115384615384616
5380.702319636708,663560.9091334811,0.4074074074074074,0.9088319088319088,0.39285714285714285,0.4230769230769231,64,0.4230769230769231,0.7115384615384616
5380.702319636708,663560.9091334811,0.4074074074074074,0.9088319088319088,0.39285714285714285,0.4230769230769231,64,0.4230769230769231,0.7115384615384616
5380.702319636708,663560.9091334811,0.4074074074074074,0.9088319088319088,0.39285714285714285,0.4230769230769231,64,0.4230769230769231,0.7115384615384616
5380.702319636708,663560.9091334811,0.4074074074074074,0.9088319088319088,0.39285714285714285,0.4230769230769231,64,0.4230769230769231,0.7115384615384616
5380.702319636708,663560.9091334811,0.4074074074074074,0.9088319088319088,0.39285714285714285,0.4230769230769231,64,0.4230769230769231,0.7115384615384616
5380.702319636708,663560.9091334811,0.4074074074074074,0.9088319088319088,0.39285714285714285,0.4230769230769231,64,0.4230769230769231,0.7115384615384616
5380.702319636708,663560.9091334811,0.4074074074074074,0.9088319088319088,0.39285714285714285,0.4230769230769231,64,0.4230769230769231,0.7115384615384616
5380.702319636708,663560.9091334811,0.4074074074074074,0.9088319088319088,0.39285714285714285,0.4230769230769231,64,0.4230769230769231,0.7115384615384616
5380.702319636708,663560.9091334811,0.4074074074074074,0.9088319088319088,0.39285714285714285,0.4230769230769231,64,0.4230769230769231,0.7115384615384616
5380.702319636708,663560.9091334811,0.4074074074074074,0.9088319088319088,0.39285714285714285,0.4230769230769231,64,0.4230769230769231,0.7115384615384616
5380.702319636708,663560.9091334811,0.4074074074074074,0.9088319088319088,0.39285714285714285,0.4230769230769231,64,0.4230769230769231,0.7115384615384616
5380.702319636708,663560.9091334811,0.4074074074074074,0.9088319088319088,0.39285714285714285,0.4230769230769231,64,0.4230769230769231,0.7115384615384616
5380.702319636708,663560.9091334811,0.4074074074074074,0.9088319088319088,0.39285714285714285,0.4230769230769231,64,0.4230769230769231,0.7115384615384616
5380.702319636708,663560.9091334811,0.4074074074074074,0.9088319088319088,0.39285714285714285,0.4230769230769231,64,0.4230769230769231,0.7115384615384616
5380.702319636708,663560.9091334811,0.4074074074074074,0.9088319088319088,0.39285714285714285,0.4230769230769231,64,0.4230769230769231,0.7115384615384616
5380.702319636708,663560.9091334811,0.4074074074074074,0.9088319088319088,0.39285714285714285,0.4230769230769231,64,0.4230769230769231,0.7115384615384616
5346.514382283436,663526.7211961278,0.4112149532710281,0.9102564102564102,0.4,0.4230769230769231,63,0.4230769230769231,0.7115384615384616
5346.514382283436,663526.7211961278,0.4112149532710281,0.9102564102564102,0.4,0.4230769230769231,63,0.4230769230769231,0.7115384615384616
5346.514382283436,663526.7211961278,0.4112149532710281,0.9102564102564102,0.4,0.4230769230769231,63,0.4230769230769231,0.7115384615384616
5346.514382283436,663526.7211961278,0.4112149532710281,0.9102564102564102,0.4,0.4230769230769231,63,0.4230769230769231,0.7115384615384616
5346.514382283436,663526.7211961278,0.4112149532710281,0.9102564102564102,0.4,0.4230769230769231,63,0.4230769230769231,0.7115384615384616
5346.514382283436,663526.7211961278,0.4112149532710281,0.9102564102564102,0.4,0.4230769230769231,63,0.4230769230769231,0.7115384615384616
5346.514382283436,663526.7211961278,0.4112149532710281,0.9102564102564102,0.4,0.4230769230769231,63,0.4230769230769231,0.7115384615384616
5346.514382283436,663526.7211961278,0.4112149532710281,0.9102564102564102,0.4,0.4230769230769231,63,0.4230769230769231,0.7115384615384616
5346.514382283436,663526.7211961278,0.4112149532710281,0.9102564102564102,0.4,0.4230769230769231,63,0.4230769230769231,0.7115384615384616
5346.514382283436,663526.7211961278,0.4112149532710281,0.9102564102564102,0.4,0.4230769230769231,63,0.4230769230769231,0.7115384615384616
5346.514382283436,663526.7211961278,0.4112149532710281,0.9102564102564102,0.4,0.4230769230769231,63,0.4230769230769231,0.7115384615384616
5346.514382283436,663526.7211961278,0.4112149532710281,0.9102564102564102,0.4,0.4230769230769231,63,0.4230769230769231,0.7115384615384616
5346.514382283436,663526.7211961278,0.4112149532710281,0.9102564102564102,0.4,0.4230769230769231,63,0.4230769230769231,0.7115384615384616
5346.514382283436,663526.7211961278,0.4112149532710281,0.9102564102564102,0.4,0.4230769230769231,63,0.4230769230769231,0.7115384615384616
5346.514382283436,663526.7211961278,0.4112149532710281,0.9102564102564102,0.4,0.4230769230769231,63,0.4230769230769231,0.7115384615384616
5346.514382283436,663526.7211961278,0.4112149532710281,0.9102564102564102,0.4,0.4230769230769231,63,0.4230769230769231,0.7115384615384616
5346.514382283436,663526.7211961278,0.4112149532710281,0.9102564102564102,0.4,0.4230769230769231,63,0.4230769230769231,0.7115384615384616
5346.514382283436,663526.7211961278,0.4112149532710281,0.9102564102564102,0.4,0.4230769230769231,63,0.4230769230769231,0.7115384615384616
5346.514382283436,663526.7211961278,0.4112149532710281,0.9102564102564102,0.4,0.4230769230769231,63,0.4230769230769231,0.7115384615384616
5346.514382283436,663526.7211961278,0.4112149532710281,0.9102564102564102,0.4,0.4230769230769231,63,0.4230769230769231,0.7115384615384616
5346.514382283436,663526.7211961278,0.4112149532710281,0.9102564102564102,0.4,0.4230769230769231,63,0.4230769230769231,0.7115384615384616
5346.514382283436,663526.7211961278,0.4112149532710281,0.9102564102564102,0.4,0.4230769230769231,63,0.4230769230769231,0.7115384615384616
5346.514382283436,663526.7211961278,0.4112149532710281,0.9102564102564102,0.4,0.4230769230769231,63,0.4230769230769231,0.7115384615384616
5346.514382283436,663526.7211961278,0.4112149532710281,0.9102564102564102,0.4,0.4230769230769231,63,0.4230769230769231,0.7115384615384616
5346.514382283436,663526.7211961278,0.4112149532710281,0.9102564102564102,0.4,0.4230769230769231,63,0.4230769230769231,0.7115384615384616
5346.514382283436,663526.7211961278,0.4112149532710281,0.9102564102564102,0.4,0.4230769230769231,63,0.4230769230769231,0.7115384615384616
5346.514382283436,663526.7211961278,0.4112149532710281,0.9102564102564102,0.4,0.4230769230769231,63,0.4230769230769231,0.7115384615384616
5346.514382283436,663526.7211961278,0.4112149532710281,0.9102564102564102,0.4,0.4230769230769231,63,0.4230769230769231,0.7115384615384616
5346.514382283436,663526.7211961278,0.4112149532710281,0.9102564102564102,0.4,0.4230769230769231,63,0.4230769230769231,0.7115384615384616
5346.514382283436,663526.7211961278,0.4112149532710281,0.9102564102564102,0.4,0.4230769230769231,63,0.4230769230769231,0.7115384615384616
5346.514382283436,663526.7211961278,0.4112149532710281,0.9102564102564102,0.4,0.4230769230769231,63,0.4230769230769231,0.7115384615384616
5101.27948262298,663281.4862964674,0.4299065420560747,0.9131054131054132,0.41818181818181815,0.4423076923076923,61,0.4423076923076923,0.7307692307692307
5101.27948262298,663281.4862964674,0.4299065420560747,0.9131054131054132,0.41818181818181815,0.4423076923076923,61,0.4423076923076923,0.7307692307692307
5101.27948262298,663281.4862964674,0.4299065420560747,0.9131054131054132,0.41818181818181815,0.4423076923076923,61,0.4423076923076923,0.7307692307692307
5101.27948262298,663281.4862964674,0.4299065420560747,0.9131054131054132,0.41818181818181815,0.4423076923076923,61,0.4423076923076923,0.7307692307692307
5101.27948262298,663281.4862964674,0.4299065420560747,0.9131054131054132,0.41818181818181815,0.4423076923076923,61,0.4423076923076923,0.7307692307692307
5101.27948262298,663281.4862964674,0.4299065420560747,0.9131054131054132,0.41818181818181815,0.4423076923076923,61,0.4423076923076923,0.7307692307692307
5101.27948262298,663281.4862964674,0.4299065420560747,0.9131054131054132,0.41818181818181815,0.4423076923076923,61,0.4423076923076923,0.7307692307692307
3198.4755308149615,661378.6823446593,0.4528301886792453,0.9173789173789174,0.4444444444444444,0.46153846153846156,58,0.46153846153846156,0.75
3198.4755308149615,661378.6823446593,0.4528301886792453,0.9173789173789174,0.4444444444444444,0.46153846153846156,58,0.46153846153846156,0.75
3198.4755308149615,661378.6823446593,0.4528301886792453,0.9173789173789174,0.4444444444444444,0.46153846153846156,58,0.46153846153846156,0.75
3198.4755308149615,661378.6823446593,0.4528301886792453,0.9173789173789174,0.4444444444444444,0.46153846153846156,58,0.46153846153846156,0.75
3198.4755308149615,661378.6823446593,0.4528301886792453,0.9173789173789174,0.4444444444444444,0.46153846153846156,58,0.46153846153846156,0.75
3198.4755308149615,661378.6823446593,0.4528301886792453,0.9173789173789174,0.4444444444444444,0.46153846153846156,58,0.46153846153846156,0.75
3198.4755308149615,661378.6823446593,0.4528301886792453,0.9173789173789174,0.4444444444444444,0.46153846153846156,58,0.46153846153846156,0.75
3198.4755308149615,661378.6823446593,0.4528301886792453,0.9173789173789174,0.4444444444444444,0.46153846153846156,58,0.46153846153846156,0.75
3198.4755308149615,661378.6823446593,0.4528301886792453,0.9173789173789174,0.4444444444444444,0.46153846153846156,58,0.46153846153846156,0.75
3198.4755308149615,661378.6823446593,0.4528301886792453,0.9173789173789174,0.4444444444444444,0.46153846153846156,58,0.46153846153846156,0.75
3198.4755308149615,661378.6823446593,0.4528301886792453,0.9173789173789174,0.4444444444444444,0.46153846153846156,58,0.46153846153846156,0.75
3198.4755308149615,661378.6823446593,0.4528301886792453,0.9173789173789174,0.4444444444444444,0.46153846153846156,58,0.46153846153846156,0.75
3198.4755308149615,661378.6823446593,0.4528301886792453,0.9173789173789174,0.4444444444444444,0.46153846153846156,58,0.46153846153846156,0.75
3198.4755308149615,661378.6823446593,0.4528301886792453,0.9173789173789174,0.4444444444444444,0.46153846153846156,58,0.46153846153846156,0.75
3198.4755308149615,661378.6823446593,0.4528301886792453,0.9173789173789174,0.4444444444444444,0.46153846153846156,58,0.46153846153846156,0.75
3198.4755308149615,661378.6823446593,0.4528301886792453,0.9173789173789174,0.4444444444444444,0.46153846153846156,58,0.46153846153846156,0.75
3198.4755308149615,661378.6823446593,0.4528301886792453,0.9173789173789174,0.4444444444444444,0.46153846153846156,58,0.46153846153846156,0.75
3198.4755308149615,661378.6823446593,0.4528301886792453,0.9173789173789174,0.4444444444444444,0.46153846153846156,58,0.46153846153846156,0.75
3198.4755308149615,661378.6823446593,0.4528301886792453,0.9173789173789174,0.4444444444444444,0.46153846153846156,58,0.46153846153846156,0.75
3198.4755308149615,661378.6823446593,0.4528301886792453,0.9173789173789174,0.4444444444444444,0.46153846153846156,58,0.46153846153846156,0.75
3198.4755308149615,661378.6823446593,0.4528301886792453,0.9173789173789174,0.4444444444444444,0.46153846153846156,58,0.46153846153846156,0.75
3198.4755308149615,661378.6823446593,0.4528301886792453,0.9173789173789174,0.4444444444444444,0.46153846153846156,58,0.46153846153846156,0.75
3198.4755308149615,661378.6823446593,0.4528301886792453,0.9173789173789174,0.4444444444444444,0.46153846153846156,58,0.46153846153846156,0.75
3198.4755308149615,661378.6823446593,0.4528301886792453,0.9173789173789174,0.4444444444444444,0.46153846153846156,58,0.46153846153846156,0.75
3198.4755308149615,661378.6823446593,0.4528301886792453,0.9173789173789174,0.4444444444444444,0.46153846153846156,58,0.46153846153846156,0.75
3198.4755308149615,661378.6823446593,0.4528301886792453,0.9173789173789174,0.4444444444444444,0.46153846153846156,58,0.46153846153846156,0.75
3198.4755308149615,661378.6823446593,0.4528301886792453,0.9173789173789174,0.4444444444444444,0.46153846153846156,58,0.46153846153846156,0.75
3198.4755308149615,661378.6823446593,0.4528301886792453,0.9173789173789174,0.4444444444444444,0.46153846153846156,58,0.46153846153846156,0.75
2929.7144706874387,661109.9212845318,0.4485981308411215,0.915954415954416,0.43636363636363634,0.46153846153846156,59,0.46153846153846156,0.75
2929.7144706874387,661109.9212845318,0.4485981308411215,0.915954415954416,0.43636363636363634,0.46153846153846156,59,0.46153846153846156,0.75
2929.7144706874387,661109.9212845318,0.4485981308411215,0.915954415954416,0.43636363636363634,0.46153846153846156,59,0.46153846153846156,0.75
2929.7144706874387,661109.9212845318,0.4485981308411215,0.915954415954416,0.43636363636363634,0.46153846153846156,59,0.46153846153846156,0.75
2929.7144706874387,661109.9212845318,0.4485981308411215,0.915954415954416,0.43636363636363634,0.46153846153846156,59,0.46153846153846156,0.75
2929.7144706874387,661109.9212845318,0.4485981308411215,0.915954415954416,0.43636363636363634,0.46153846153846156,59,0.46153846153846156,0.75
2929.7144706874387,661109.9212845318,0.4485981308411215,0.915954415954416,0.43636363636363634,0.46153846153846156,59,0.46153846153846156,0.75
2929.7144706874387,661109.9212845318,0.4485981308411215,0.915954415954416,0.43636363636363634,0.46153846153846156,59,0.46153846153846156,0.75
2929.7144706874387,661109.9212845318,0.4485981308411215,0.915954415954416,0.43636363636363634,0.46153846153846156,59,0.46153846153846156,0.75
2929.7144706874387,661109.9212845318,0.4485981308411215,0.915954415954416,0.43636363636363634,0.46153846153846156,59,0.46153846153846156,0.75
2929.7144706874387,661109.9212845318,0.4485981308411215,0.915954415954416,0.43636363636363634,0.46153846153846156,59,0.46153846153846156,0.75
2929.7144706874387,661109.9212845318,0.4485981308411215,0.915954415954416,0.43636363636363634,0.46153846153846156,59,0.46153846153846156,0.75
2929.7144706874387,661109.9212845318,0.4485981308411215,0.915954415954416,0.43636363636363634,0.46153846153846156,59,0.46153846153846156,0.75
2929.7144706874387,661109.9212845318,0.4485981308411215,0.915954415954416,0.43636363636363634,0.46153846153846156,59,0.46153846153846156,0.75
2929.7144706874387,661109.9212845318,0.4485981308411215,0.915954415954416,0.43636363636363634,0.46153846153846156,59,0.46153846153846156,0.75
2929.7144706874387,661109.9212845318,0.4485981308411215,0.915954415954416,0.43636363636363634,0.46153846153846156,59,0.46153846153846156,0.75
2929.7144706874387,661109.9212845318,0.4485981308411215,0.915954415954416,0.43636363636363634,0.46153846153846156,59,0.46153846153846156,0.75
2929.7144706874387,661109.9212845318,0.4485981308411215,0.915954415954416,0.43636363636363634,0.46153846153846156,59,0.46153846153846156,0.75
2929.7144706874387,661109.9212845318,0.4485981308411215,0.915954415954416,0.43636363636363634,0.46153846153846156,59,0.46153846153846156,0.75
2929.7144706874387,661109.9212845318,0.4485981308411215,0.915954415954416,0.43636363636363634,0.46153846153846156,59,0.46153846153846156,0.75
2929.7144706874387,661109.9212845318,0.4485981308411215,0.915954415954416,0.43636363636363634,0.46153846153846156,59,0.46153846153846156,0.75
2929.7144706874387,661109.9212845318,0.4485981308411215,0.915954415954416,0.43636363636363634,0.46153846153846156,59,0.46153846153846156,0.75
2929.7144706874387,661109.9212845318,0.4485981308411215,0.915954415954416,0.43636363636363634,0.46153846153846156,59,0.46153846153846156,0.75
2929.7144706874387,661109.9212845318,0.4485981308411215,0.915954415954416,0.43636363636363634,0.46153846153846156,59,0.46153846153846156,0.75
2929.7144706874387,661109.9212845318,0.4485981308411215,0.915954415954416,0.43636363636363634,0.46153846153846156,59,0.46153846153846156,0.75
2929.7144706874387,661109.9212845318,0.4485981308411215,0.915954415954416,0.43636363636363634,0.46153846153846156,59,0.46153846153846156,0.75
2929.7144706874387,661109.9212845318,0.4485981308411215,0.915954415954416,0.43636363636363634,0.46153846153846156,59,0.46153846153846156,0.75
2929.7144706874387,661109.9212845318,0.4485981308411215,0.915954415954416,0.43636363636363634,0.46153846153846156,59,0.46153846153846156,0.75
2929.7144706874387,661109.9212845318,0.4485981308411215,0.915954415954416,0.43636363636363634,0.46153846153846156,59,0.46153846153846156,0.75
2929.7144706874387,661109.9212845318,0.4485981308411215,0.915954415954416,0.43636363636363634,0.46153846153846156,59,0.46153846153846156,0.75
2929.7144706874387,661109.9212845318,0.4485981308411215,0.915954415954416,0.43636363636363634,0.46153846153846156,59,0.46153846153846156,0.75
2929.7144706874387,661109.9212845318,0.4485981308411215,0.915954415954416,0.43636363636363634,0.46153846153846156,59,0.46153846153846156,0.75
2929.7144706874387,661109.9212845318,0.4485981308411215,0.915954415954416,0.43636363636363634,0.46153846153846156,59,0.46153846153846156,0.75
2929.7144706874387,661109.9212845318,0.4485981308411215,0.915954415954416,0.43636363636363634,0.46153846153846156,59,0.46153846153846156,0.75
2929.7144706874387,661109.9212845318,0.4485981308411215,0.915954415954416,0.43636363636363634,0.46153846153846156,59,0.46153846153846156,0.75
2929.7144706874387,661109.9212845318,0.4485981308411215,0.915954415954416,0.43636363636363634,0.46153846153846156,59,0.46153846153846156,0.75
2929.7144706874387,661109.9212845318,0.4485981308411215,0.915954415954416,0.43636363636363634,0.46153846153846156,59,0.46153846153846156,0.75
2929.7144706874387,661109.9212845318,0.4485981308411215,0.915954415954416,0.43636363636363634,0.46153846153846156,59,0.46153846153846156,0.75
2929.7144706874387,661109.9212845318,0.4485981308411215,0.915954415954416,0.43636363636363634,0.46153846153846156,59,0.46153846153846156,0.75
2929.7144706874387,661109.9212845318,0.4485981308411215,0.915954415954416,0.43636363636363634,0.46153846153846156,59,0.46153846153846156,0.75
2929.7144706874387,661109.9212845318,0.4485981308411215,0.915954415954416,0.43636363636363634,0.46153846153846156,59,0.46153846153846156,0.75
2929.7144706874387,661109.9212845318,0.4485981308411215,0.915954415954416,0.43636363636363634,0.46153846153846156,59,0.46153846153846156,0.75
2929.7144706874387,661109.9212845318,0.4485981308411215,0.915954415954416,0.43636363636363634,0.46153846153846156,59,0.46153846153846156,0.75
2929.7144706874387,661109.9212845318,0.4485981308411215,0.915954415954416,0.43636363636363634,0.46153846153846156,59,0.46153846153846156,0.75
2929.7144706874387,661109.9212845318,0.4485981308411215,0.915954415954416,0.43636363636363634,0.46153846153846156,59,0.46153846153846156,0.75
2929.7144706874387,661109.9212845318,0.4485981308411215,0.915954415954416,0.43636363636363634,0.46153846153846156,59,0.46153846153846156,0.75
2929.7144706874387,661109.9212845318,0.4485981308411215,0.915954415954416,0.43636363636363634,0.46153846153846156,59,0.46153846153846156,0.75
2929.7144706874387,661109.9212845318,0.4485981308411215,0.915954415954416,0.43636363636363634,0.46153846153846156,59,0.46153846153846156,0.75
2929.7144706874387,661109.9212845318,0.4485981308411215,0.915954415954416,0.43636363636363634,0.46153846153846156,59,0.46153846153846156,0.75
2929.7144706874387,661109.9212845318,0.4485981308411215,0.915954415954416,0.43636363636363634,0.46153846153846156,59,0.46153846153846156,0.75
2929.7144706874387,661109.9212845318,0.4485981308411215,0.915954415954416,0.43636363636363634,0.46153846153846156,59,0.46153846153846156,0.75
2929.7144706874387,661109.9212845318,0.4485981308411215,0.915954415954416,0.43636363636363634,0.46153846153846156,59,0.46153846153846156,0.75
2929.7144706874387,661109.9212845318,0.4485981308411215,0.915954415954416,0.43636363636363634,0.46153846153846156,59,0.46153846153846156,0.75
2929.7144706874387,661109.9212845318,0.4485981308411215,0.915954415954416,0.43636363636363634,0.46153846153846156,59,0.46153846153846156,0.75
2929.7144706874387,661109.9212845318,0.4485981308411215,0.915954415954416,0.43636363636363634,0.46153846153846156,59,0.46153846153846156,0.75
2929.7144706874387,661109.9212845318,0.4485981308411215,0.915954415954416,0.43636363636363634,0.46153846153846156,59,0.46153846153846156,0.75
2929.7144706874387,661109.9212845318,0.4485981308411215,0.915954415954416,0.43636363636363634,0.46153846153846156,59,0.46153846153846156,0.75
2929.7144706874387,661109.9212845318,0.4485981308411215,0.915954415954416,0.43636363636363634,0.46153846153846156,59,0.46153846153846156,0.75
2929.7144706874387,661109.9212845318,0.4485981308411215,0.915954415954416,0.43636363636363634,0.46153846153846156,59,0.46153846153846156,0.75
2929.7144706874387,661109.9212845318,0.4485981308411215,0.915954415954416,0.43636363636363634,0.46153846153846156,59,0.46153846153846156,0.75
2929.7144706874387,661109.9212845318,0.4485981308411215,0.915954415954416,0.43636363636363634,0.46153846153846156,59,0.46153846153846156,0.75
2929.7144706874387,661109.9212845318,0.4485981308411215,0.915954415954416,0.43636363636363634,0.46153846153846156,59,0.46153846153846156,0.75
2929.7144706874387,661109.9212845318,0.4485981308411215,0.915954415954416,0.43636363636363634,0.46153846153846156,59,0.46153846153846156,0.75
2929.7144706874387,661109.9212845318,0.4485981308411215,0.915954415954416,0.43636363636363634,0.46153846153846156,59,0.46153846153846156,0.75
2929.7144706874387,661109.9212845318,0.4485981308411215,0.915954415954416,0.43636363636363634,0.46153846153846156,59,0.46153846153846156,0.75
2929.7144706874387,661109.9212845318,0.4485981308411215,0.915954415954416,0.43636363636363634,0.46153846153846156,59,0.46153846153846156,0.75
2929.7144706874387,661109.9212845318,0.4485981308411215,0.915954415954416,0.43636363636363634,0.46153846153846156,59,0.46153846153846156,0.75
2929.7144706874387,661109.9212845318,0.4485981308411215,0.915954415954416,0.43636363636363634,0.46153846153846156,59,0.46153846153846156,0.75
2929.7144706874387,661109.9212845318,0.4485981308411215,0.915954415954416,0.43636363636363634,0.46153846153846156,59,0.46153846153846156,0.75
2929.7144706874387,661109.9212845318,0.4485981308411215,0.915954415954416,0.43636363636363634,0.46153846153846156,59,0.46153846153846156,0.75
2929.7144706874387,661109.9212845318,0.4485981308411215,0.915954415954416,0.43636363636363634,0.46153846153846156,59,0.46153846153846156,0.75
2929.7144706874387,661109.9212845318,0.4485981308411215,0.915954415954416,0.43636363636363634,0.46153846153846156,59,0.46153846153846156,0.75
2929.7144706874387,661109.9212845318,0.4485981308411215,0.915954415954416,0.43636363636363634,0.46153846153846156,59,0.46153846153846156,0.75
2929.7144706874387,661109.9212845318,0.4485981308411215,0.915954415954416,0.43636363636363634,0.46153846153846156,59,0.46153846153846156,0.75
2929.7144706874387,661109.9212845318,0.4485981308411215,0.915954415954416,0.43636363636363634,0.46153846153846156,59,0.46153846153846156,0.75
2929.7144706874387,661109.9212845318,0.4485981308411215,0.915954415954416,0.43636363636363634,0.46153846153846156,59,0.46153846153846156,0.75
2929.7144706874387,661109.9212845318,0.4485981308411215,0.915954415954416,0.43636363636363634,0.46153846153846156,59,0.46153846153846156,0.75
2929.7144706874387,661109.9212845318,0.4485981308411215,0.915954415954416,0.43636363636363634,0.46153846153846156,59,0.46153846153846156,0.75
2929.7144706874387,661109.9212845318,0.4485981308411215,0.915954415954416,0.43636363636363634,0.46153846153846156,59,0.46153846153846156,0.75
2929.7144706874387,661109.9212845318,0.4485981308411215,0.915954415954416,0.43636363636363634,0.46153846153846156,59,0.46153846153846156,0.75
2929.7144706874387,661109.9212845318,0.4485981308411215,0.915954415954416,0.43636363636363634,0.46153846153846156,59,0.46153846153846156,0.75
2929.7144706874387,661109.9212845318,0.4485981308411215,0.915954415954416,0.43636363636363634,0.46153846153846156,59,0.46153846153846156,0.75
2929.7144706874387,661109.9212845318,0.4485981308411215,0.915954415954416,0.43636363636363634,0.46153846153846156,59,0.46153846153846156,0.75
2929.7144706874387,661109.9212845318,0.4485981308411215,0.915954415954416,0.43636363636363634,0.46153846153846156,59,0.46153846153846156,0.75
2929.7144706874387,661109.9212845318,0.4485981308411215,0.915954415954416,0.43636363636363634,0.46153846153846156,59,0.46153846153846156,0.75
2929.7144706874387,661109.9212845318,0.4485981308411215,0.915954415954416,0.43636363636363634,0.46153846153846156,59,0.46153846153846156,0.75
2929.7144706874387,661109.9212845318,0.4485981308411215,0.915954415954416,0.43636363636363634,0.46153846153846156,59,0.46153846153846156,0.75
2929.7144706874387,661109.9212845318,0.4485981308411215,0.915954415954416,0.43636363636363634,0.46153846153846156,59,0.46153846153846156,0.75
2929.7144706874387,661109.9212845318,0.4485981308411215,0.915954415954416,0.43636363636363634,0.46153846153846156,59,0.46153846153846156,0.75
2929.7144706874387,661109.9212845318,0.4485981308411215,0.915954415954416,0.43636363636363634,0.46153846153846156,59,0.46153846153846156,0.75
2929.7144706874387,661109.9212845318,0.4485981308411215,0.915954415954416,0.43636363636363634,0.46153846153846156,59,0.46153846153846156,0.75
2929.7144706874387,661109.9212845318,0.4485981308411215,0.915954415954416,0.43636363636363634,0.46153846153846156,59,0.46153846153846156,0.75
2929.7144706874387,661109.9212845318,0.4485981308411215,0.915954415954416,0.43636363636363634,0.46153846153846156,59,0.46153846153846156,0.75
2929.7144706874387,661109.9212845318,0.4485981308411215,0.915954415954416,0.43636363636363634,0.46153846153846156,59,0.46153846153846156,0.75
2929.7144706874387,661109.9212845318,0.4485981308411215,0.915954415954416,0.43636363636363634,0.46153846153846156,59,0.46153846153846156,0.75
2929.7144706874387,661109.9212845318,0.4485981308411215,0.915954415954416,0.43636363636363634,0.46153846153846156,59,0.46153846153846156,0.75
2417.95684168383,660598.1636555282,0.4716981132075472,0.9202279202279202,0.46296296296296297,0.4807692307692308,56,0.4807692307692308,0.75
2417.95684168383,660598.1636555282,0.4716981132075472,0.9202279202279202,0.46296296296296297,0.4807692307692308,56,0.4807692307692308,0.75
2417.95684168383,660598.1636555282,0.4716981132075472,0.9202279202279202,0.46296296296296297,0.4807692307692308,56,0.4807692307692308,0.75
2417.95684168383,660598.1636555282,0.4716981132075472,0.9202279202279202,0.46296296296296297,0.4807692307692308,56,0.4807692307692308,0.75
2162.5826992628863,660342.7895131073,0.4761904761904762,0.9216524216524217,0.4716981132075472,0.4807692307692308,55,0.4807692307692308,0.75
2162.5826992628863,660342.7895131073,0.4761904761904762,0.9216524216524217,0.4716981132075472,0.4807692307692308,55,0.4807692307692308,0.75
2162.5826992628863,660342.7895131073,0.4761904761904762,0.9216524216524217,0.4716981132075472,0.4807692307692308,55,0.4807692307692308,0.75
2162.5826992628863,660342.7895131073,0.4761904761904762,0.9216524216524217,0.4716981132075472,0.4807692307692308,55,0.4807692307692308,0.75
2162.5826992628863,660342.7895131073,0.4761904761904762,0.9216524216524217,0.4716981132075472,0.4807692307692308,55,0.4807692307692308,0.75
2072.3172793587437,660252.5240932031,0.49056603773584906,0.9230769230769231,0.48148148148148145,0.5,54,0.5,0.75
1817.996941618272,659998.2037554627,0.49523809523809526,0.9245014245014245,0.49056603773584906,0.5,53,0.5,0.75
1689.5752149374457,659869.7820287818,0.48598130841121495,0.9216524216524217,0.4727272727272727,0.5,55,0.5,0.7692307692307693
1689.5752149374457,659869.7820287818,0.48598130841121495,0.9216524216524217,0.4727272727272727,0.5,55,0.5,0.7692307692307693
1673.345547510893,659853.5523613553,0.49056603773584906,0.9230769230769231,0.48148148148148145,0.5,54,0.5,0.7692307692307693
1673.345547510893,659853.5523613553,0.49056603773584906,0.9230769230769231,0.48148148148148145,0.5,54,0.5,0.7692307692307693
1673.345547510893,659853.5523613553,0.49056603773584906,0.9230769230769231,0.48148148148148145,0.5,54,0.5,0.7692307692307693
1673.345547510893,659853.5523613553,0.49056603773584906,0.9230769230769231,0.48148148148148145,0.5,54,0.5,0.7692307692307693
1673.345547510893,659853.5523613553,0.49056603773584906,0.9230769230769231,0.48148148148148145,0.5,54,0.5,0.7692307692307693
1673.345547510893,659853.5523613553,0.49056603773584906,0.9230769230769231,0.48148148148148145,0.5,54,0.5,0.7692307692307693
1673.345547510893,659853.5523613553,0.49056603773584906,0.9230769230769231,0.48148148148148145,0.5,54,0.5,0.7692307692307693
1673.345547510893,659853.5523613553,0.49056603773584906,0.9230769230769231,0.48148148148148145,0.5,54,0.5,0.7692307692307693
1673.345547510893,659853.5523613553,0.49056603773584906,0.9230769230769231,0.48148148148148145,0.5,54,0.5,0.7692307692307693
1673.345547510893,659853.5523613553,0.49056603773584906,0.9230769230769231,0.48148148148148145,0.5,54,0.5,0.7692307692307693
1673.345547510893,659853.5523613553,0.49056603773584906,0.9230769230769231,0.48148148148148145,0.5,54,0.5,0.7692307692307693
1673.345547510893,659853.5523613553,0.49056603773584906,0.9230769230769231,0.48148148148148145,0.5,54,0.5,0.7692307692307693
1673.345547510893,659853.5523613553,0.49056603773584906,0.9230769230769231,0.48148148148148145,0.5,54,0.5,0.7692307692307693
1673.345547510893,659853.5523613553,0.49056603773584906,0.9230769230769231,0.48148148148148145,0.5,54,0.5,0.7692307692307693
1673.345547510893,659853.5523613553,0.49056603773584906,0.9230769230769231,0.48148148148148145,0.5,54,0.5,0.7692307692307693
1673.345547510893,659853.5523613553,0.49056603773584906,0.9230769230769231,0.48148148148148145,0.5,54,0.5,0.7692307692307693
1673.345547510893,659853.5523613553,0.49056603773584906,0.9230769230769231,0.48148148148148145,0.5,54,0.5,0.7692307692307693
1673.345547510893,659853.5523613553,0.49056603773584906,0.9230769230769231,0.48148148148148145,0.5,54,0.5,0.7692307692307693
1673.345547510893,659853.5523613553,0.49056603773584906,0.9230769230769231,0.48148148148148145,0.5,54,0.5,0.7692307692307693
1673.345547510893,659853.5523613553,0.49056603773584906,0.9230769230769231,0.48148148148148145,0.5,54,0.5,0.7692307692307693
1673.345547510893,659853.5523613553,0.49056603773584906,0.9230769230769231,0.48148148148148145,0.5,54,0.5,0.7692307692307693
1673.345547510893,659853.5523613553,0.49056603773584906,0.9230769230769231,0.48148148148148145,0.5,54,0.5,0.7692307692307693
1673.345547510893,659853.5523613553,0.49056603773584906,0.9230769230769231,0.48148148148148145,0.5,54,0.5,0.7692307692307693
1673.345547510893,659853.5523613553,0.49056603773584906,0.9230769230769231,0.48148148148148145,0.5,54,0.5,0.7692307692307693
1673.345547510893,659853.5523613553,0.49056603773584906,0.9230769230769231,0.48148148148148145,0.5,54,0.5,0.7692307692307693
1673.345547510893,659853.5523613553,0.49056603773584906,0.9230769230769231,0.48148148148148145,0.5,54,0.5,0.7692307692307693
1673.345547510893,659853.5523613553,0.49056603773584906,0.9230769230769231,0.48148148148148145,0.5,54,0.5,0.7692307692307693
1673.345547510893,659853.5523613553,0.49056603773584906,0.9230769230769231,0.48148148148148145,0.5,54,0.5,0.7692307692307693
1673.345547510893,659853.5523613553,0.49056603773584906,0.9230769230769231,0.48148148148148145,0.5,54,0.5,0.7692307692307693
1673.345547510893,659853.5523613553,0.49056603773584906,0.9230769230769231,0.48148148148148145,0.5,54,0.5,0.7692307692307693
1673.345547510893,659853.5523613553,0.49056603773584906,0.9230769230769231,0.48148148148148145,0.5,54,0.5,0.7692307692307693
1673.345547510893,659853.5523613553,0.49056603773584906,0.9230769230769231,0.48148148148148145,0.5,54,0.5,0.7692307692307693
1673.345547510893,659853.5523613553,0.49056603773584906,0.9230769230769231,0.48148148148148145,0.5,54,0.5,0.7692307692307693
1673.345547510893,659853.5523613553,0.49056603773584906,0.9230769230769231,0.48148148148148145,0.5,54,0.5,0.7692307692307693
1673.345547510893,659853.5523613553,0.49056603773584906,0.9230769230769231,0.48148148148148145,0.5,54,0.5,0.7692307692307693
1673.345547510893,659853.5523613553,0.49056603773584906,0.9230769230769231,0.48148148148148145,0.5,54,0.5,0.7692307692307693
1673.345547510893,659853.5523613553,0.49056603773584906,0.9230769230769231,0.48148148148148145,0.5,54,0.5,0.7692307692307693
1673.345547510893,659853.5523613553,0.49056603773584906,0.9230769230769231,0.48148148148148145,0.5,54,0.5,0.7692307692307693
1673.345547510893,659853.5523613553,0.49056603773584906,0.9230769230769231,0.48148148148148145,0.5,54,0.5,0.7692307692307693
1673.345547510893,659853.5523613553,0.49056603773584906,0.9230769230769231,0.48148148148148145,0.5,54,0.5,0.7692307692307693
1673.345547510893,659853.5523613553,0.49056603773584906,0.9230769230769231,0.48148148148148145,0.5,54,0.5,0.7692307692307693
1673.345547510893,659853.5523613553,0.49056603773584906,0.9230769230769231,0.48148148148148145,0.5,54,0.5,0.7692307692307693
1673.345547510893,659853.5523613553,0.49056603773584906,0.9230769230769231,0.48148148148148145,0.5,54,0.5,0.7692307692307693
1673.345547510893,659853.5523613553,0.49056603773584906,0.9230769230769231,0.48148148148148145,0.5,54,0.5,0.7692307692307693
1673.345547510893,659853.5523613553,0.49056603773584906,0.9230769230769231,0.48148148148148145,0.5,54,0.5,0.7692307692307693
1673.345547510893,659853.5523613553,0.49056603773584906,0.9230769230769231,0.48148148148148145,0.5,54,0.5,0.7692307692307693
1673.345547510893,659853.5523613553,0.49056603773584906,0.9230769230769231,0.48148148148148145,0.5,54,0.5,0.7692307692307693
1673.345547510893,659853.5523613553,0.49056603773584906,0.9230769230769231,0.48148148148148145,0.5,54,0.5,0.7692307692307693
1673.345547510893,659853.5523613553,0.49056603773584906,0.9230769230769231,0.48148148148148145,0.5,54,0.5,0.7692307692307693
1673.345547510893,659853.5523613553,0.49056603773584906,0.9230769230769231,0.48148148148148145,0.5,54,0.5,0.7692307692307693
1673.345547510893,659853.5523613553,0.49056603773584906,0.9230769230769231,0.48148148148148145,0.5,54,0.5,0.7692307692307693
1673.345547510893,659853.5523613553,0.49056603773584906,0.9230769230769231,0.48148148148148145,0.5,54,0.5,0.7692307692307693
1673.345547510893,659853.5523613553,0.49056603773584906,0.9230769230769231,0.48148148148148145,0.5,54,0.5,0.7692307692307693
1673.345547510893,659853.5523613553,0.49056603773584906,0.9230769230769231,0.48148148148148145,0.5,54,0.5,0.7692307692307693
1643.181471554446,659823.3882853988,0.49056603773584906,0.9230769230769231,0.48148148148148145,0.5,54,0.5,0.7692307692307693
1491.0463776342804,659671.2531914787,0.49523809523809526,0.9245014245014245,0.49056603773584906,0.5,53,0.5,0.7692307692307693
1491.0463776342804,659671.2531914787,0.49523809523809526,0.9245014245014245,0.49056603773584906,0.5,53,0.5,0.7692307692307693
1491.0463776342804,659671.2531914787,0.49523809523809526,0.9245014245014245,0.49056603773584906,0.5,53,0.5,0.7692307692307693
1491.0463776342804,659671.2531914787,0.49523809523809526,0.9245014245014245,0.49056603773584906,0.5,53,0.5,0.7692307692307693
1491.0463776342804,659671.2531914787,0.49523809523809526,0.9245014245014245,0.49056603773584906,0.5,53,0.5,0.7692307692307693
1162.9087286781287,659343.1155425225,0.5142857142857143,0.9273504273504274,0.5094339622641509,0.5192307692307693,51,0.5192307692307693,0.7884615384615384
1162.9087286781287,659343.1155425225,0.5142857142857143,0.9273504273504274,0.5094339622641509,0.5192307692307693,51,0.5192307692307693,0.7884615384615384
1162.9087286781287,659343.1155425225,0.5142857142857143,0.9273504273504274,0.5094339622641509,0.5192307692307693,51,0.5192307692307693,0.7884615384615384
1162.9087286781287,659343.1155425225,0.5142857142857143,0.9273504273504274,0.5094339622641509,0.5192307692307693,51,0.5192307692307693,0.7884615384615384
1162.9087286781287,659343.1155425225,0.5142857142857143,0.9273504273504274,0.5094339622641509,0.5192307692307693,51,0.5192307692307693,0.7884615384615384
1162.9087286781287,659343.1155425225,0.5142857142857143,0.9273504273504274,0.5094339622641509,0.5192307692307693,51,0.5192307692307693,0.7884615384615384
1162.9087286781287,659343.1155425225,0.5142857142857143,0.9273504273504274,0.5094339622641509,0.5192307692307693,51,0.5192307692307693,0.7884615384615384
1162.9087286781287,659343.1155425225,0.5142857142857143,0.9273504273504274,0.5094339622641509,0.5192307692307693,51,0.5192307692307693,0.7884615384615384
1162.9087286781287,659343.1155425225,0.5142857142857143,0.9273504273504274,0.5094339622641509,0.5192307692307693,51,0.5192307692307693,0.7884615384615384
1162.9087286781287,659343.1155425225,0.5142857142857143,0.9273504273504274,0.5094339622641509,0.5192307692307693,51,0.5192307692307693,0.7884615384615384
1162.9087286781287,659343.1155425225,0.5142857142857143,0.9273504273504274,0.5094339622641509,0.5192307692307693,51,0.5192307692307693,0.7884615384615384
1162.9087286781287,659343.1155425225,0.5142857142857143,0.9273504273504274,0.5094339622641509,0.5192307692307693,51,0.5192307692307693,0.7884615384615384
1162.9087286781287,659343.1155425225,0.5142857142857143,0.9273504273504274,0.5094339622641509,0.5192307692307693,51,0.5192307692307693,0.7884615384615384
1162.9087286781287,659343.1155425225,0.5142857142857143,0.9273504273504274,0.5094339622641509,0.5192307692307693,51,0.5192307692307693,0.7884615384615384
1162.9087286781287,659343.1155425225,0.5142857142857143,0.9273504273504274,0.5094339622641509,0.5192307692307693,51,0.5192307692307693,0.7884615384615384
1162.9087286781287,659343.1155425225,0.5142857142857143,0.9273504273504274,0.5094339622641509,0.5192307692307693,51,0.5192307692307693,0.7884615384615384
1162.9087286781287,659343.1155425225,0.5142857142857143,0.9273504273504274,0.5094339622641509,0.5192307692307693,51,0.5192307692307693,0.7884615384615384
1162.9087286781287,659343.1155425225,0.5142857142857143,0.9273504273504274,0.5094339622641509,0.5192307692307693,51,0.5192307692307693,0.7884615384615384
1162.9087286781287,659343.1155425225,0.5142857142857143,0.9273504273504274,0.5094339622641509,0.5192307692307693,51,0.5192307692307693,0.7884615384615384
1162.9087286781287,659343.1155425225,0.5142857142857143,0.9273504273504274,0.5094339622641509,0.5192307692307693,51,0.5192307692307693,0.7884615384615384
1162.9087286781287,659343.1155425225,0.5142857142857143,0.9273504273504274,0.5094339622641509,0.5192307692307693,51,0.5192307692307693,0.7884615384615384
1162.9087286781287,659343.1155425225,0.5142857142857143,0.9273504273504274,0.5094339622641509,0.5192307692307693,51,0.5192307692307693,0.7884615384615384
1162.9087286781287,659343.1155425225,0.5142857142857143,0.9273504273504274,0.5094339622641509,0.5192307692307693,51,0.5192307692307693,0.7884615384615384
1162.9087286781287,659343.1155425225,0.5142857142857143,0.9273504273504274,0.5094339622641509,0.5192307692307693,51,0.5192307692307693,0.7884615384615384
1162.9087286781287,659343.1155425225,0.5142857142857143,0.9273504273504274,0.5094339622641509,0.5192307692307693,51,0.5192307692307693,0.7884615384615384
1162.9087286781287,659343.1155425225,0.5142857142857143,0.9273504273504274,0.5094339622641509,0.5192307692307693,51,0.5192307692307693,0.7884615384615384
1162.9087286781287,659343.1155425225,0.5142857142857143,0.9273504273504274,0.5094339622641509,0.5192307692307693,51,0.5192307692307693,0.7884615384615384
1162.9087286781287,659343.1155425225,0.5142857142857143,0.9273504273504274,0.5094339622641509,0.5192307692307693,51,0.5192307692307693,0.7884615384615384
1162.9087286781287,659343.1155425225,0.5142857142857143,0.9273504273504274,0.5094339622641509,0.5192307692307693,51,0.5192307692307693,0.7884615384615384
1162.9087286781287,659343.1155425225,0.5142857142857143,0.9273504273504274,0.5094339622641509,0.5192307692307693,51,0.5192307692307693,0.7884615384615384
1162.9087286781287,659343.1155425225,0.5142857142857143,0.9273504273504274,0.5094339622641509,0.5192307692307693,51,0.5192307692307693,0.7884615384615384
1162.9087286781287,659343.1155425225,0.5142857142857143,0.9273504273504274,0.5094339622641509,0.5192307692307693,51,0.5192307692307693,0.7884615384615384
1162.9087286781287,659343.1155425225,0.5142857142857143,0.9273504273504274,0.5094339622641509,0.5192307692307693,51,0.5192307692307693,0.7884615384615384
1162.9087286781287,659343.1155425225,0.5142857142857143,0.9273504273504274,0.5094339622641509,0.5192307692307693,51,0.5192307692307693,0.7884615384615384
1162.9087286781287,659343.1155425225,0.5142857142857143,0.9273504273504274,0.5094339622641509,0.5192307692307693,51,0.5192307692307693,0.7884615384615384
1162.9087286781287,659343.1155425225,0.5142857142857143,0.9273504273504274,0.5094339622641509,0.5192307692307693,51,0.5192307692307693,0.7884615384615384
1162.9087286781287,659343.1155425225,0.5142857142857143,0.9273504273504274,0.5094339622641509,0.5192307692307693,51,0.5192307692307693,0.7884615384615384
1162.9087286781287,659343.1155425225,0.5142857142857143,0.9273504273504274,0.5094339622641509,0.5192307692307693,51,0.5192307692307693,0.7884615384615384
1162.9087286781287,659343.1155425225,0.5142857142857143,0.9273504273504274,0.5094339622641509,0.5192307692307693,51,0.5192307692307693,0.7884615384615384
1162.9087286781287,659343.1155425225,0.5142857142857143,0.9273504273504274,0.5094339622641509,0.5192307692307693,51,0.5192307692307693,0.7884615384615384
1162.9087286781287,659343.1155425225,0.5142857142857143,0.9273504273504274,0.5094339622641509,0.5192307692307693,51,0.5192307692307693,0.7884615384615384
1162.9087286781287,659343.1155425225,0.5142857142857143,0.9273504273504274,0.5094339622641509,0.5192307692307693,51,0.5192307692307693,0.7884615384615384
1162.9087286781287,659343.1155425225,0.5142857142857143,0.9273504273504274,0.5094339622641509,0.5192307692307693,51,0.5192307692307693,0.7884615384615384
1162.9087286781287,659343.1155425225,0.5142857142857143,0.9273504273504274,0.5094339622641509,0.5192307692307693,51,0.5192307692307693,0.7884615384615384
1162.9087286781287,659343.1155425225,0.5142857142857143,0.9273504273504274,0.5094339622641509,0.5192307692307693,51,0.5192307692307693,0.7884615384615384
1162.9087286781287,659343.1155425225,0.5142857142857143,0.9273504273504274,0.5094339622641509,0.5192307692307693,51,0.5192307692307693,0.7884615384615384
1162.9087286781287,659343.1155425225,0.5142857142857143,0.9273504273504274,0.5094339622641509,0.5192307692307693,51,0.5192307692307693,0.7884615384615384
1162.9087286781287,659343.1155425225,0.5142857142857143,0.9273504273504274,0.5094339622641509,0.5192307692307693,51,0.5192307692307693,0.7884615384615384
1162.9087286781287,659343.1155425225,0.5142857142857143,0.9273504273504274,0.5094339622641509,0.5192307692307693,51,0.5192307692307693,0.7884615384615384
1162.9087286781287,659343.1155425225,0.5142857142857143,0.9273504273504274,0.5094339622641509,0.5192307692307693,51,0.5192307692307693,0.7884615384615384
1162.9087286781287,659343.1155425225,0.5142857142857143,0.9273504273504274,0.5094339622641509,0.5192307692307693,51,0.5192307692307693,0.7884615384615384
1162.9087286781287,659343.1155425225,0.5142857142857143,0.9273504273504274,0.5094339622641509,0.5192307692307693,51,0.5192307692307693,0.7884615384615384
1162.9087286781287,659343.1155425225,0.5142857142857143,0.9273504273504274,0.5094339622641509,0.5192307692307693,51,0.5192307692307693,0.7884615384615384
1162.9087286781287,659343.1155425225,0.5142857142857143,0.9273504273504274,0.5094339622641509,0.5192307692307693,51,0.5192307692307693,0.7884615384615384
1162.9087286781287,659343.1155425225,0.5142857142857143,0.9273504273504274,0.5094339622641509,0.5192307692307693,51,0.5192307692307693,0.7884615384615384
1162.9087286781287,659343.1155425225,0.5142857142857143,0.9273504273504274,0.5094339622641509,0.5192307692307693,51,0.5192307692307693,0.7884615384615384
1162.9087286781287,659343.1155425225,0.5142857142857143,0.9273504273504274,0.5094339622641509,0.5192307692307693,51,0.5192307692307693,0.7884615384615384
1162.9087286781287,659343.1155425225,0.5142857142857143,0.9273504273504274,0.5094339622641509,0.5192307692307693,51,0.5192307692307693,0.7884615384615384
1162.9087286781287,659343.1155425225,0.5142857142857143,0.9273504273504274,0.5094339622641509,0.5192307692307693,51,0.5192307692307693,0.7884615384615384
1162.9087286781287,659343.1155425225,0.5142857142857143,0.9273504273504274,0.5094339622641509,0.5192307692307693,51,0.5192307692307693,0.7884615384615384
1162.9087286781287,659343.1155425225,0.5142857142857143,0.9273504273504274,0.5094339622641509,0.5192307692307693,51,0.5192307692307693,0.7884615384615384
1162.9087286781287,659343.1155425225,0.5142857142857143,0.9273504273504274,0.5094339622641509,0.5192307692307693,51,0.5192307692307693,0.7884615384615384
1162.9087286781287,659343.1155425225,0.5142857142857143,0.9273504273504274,0.5094339622641509,0.5192307692307693,51,0.5192307692307693,0.7884615384615384
1162.9087286781287,659343.1155425225,0.5142857142857143,0.9273504273504274,0.5094339622641509,0.5192307692307693,51,0.5192307692307693,0.7884615384615384
1162.9087286781287,659343.1155425225,0.5142857142857143,0.9273504273504274,0.5094339622641509,0.5192307692307693,51,0.5192307692307693,0.7884615384615384
1162.9087286781287,659343.1155425225,0.5142857142857143,0.9273504273504274,0.5094339622641509,0.5192307692307693,51,0.5192307692307693,0.7884615384615384
1162.9087286781287,659343.1155425225,0.5142857142857143,0.9273504273504274,0.5094339622641509,0.5192307692307693,51,0.5192307692307693,0.7884615384615384
1162.9087286781287,659343.1155425225,0.5142857142857143,0.9273504273504274,0.5094339622641509,0.5192307692307693,51,0.5192307692307693,0.7884615384615384
1162.9087286781287,659343.1155425225,0.5142857142857143,0.9273504273504274,0.5094339622641509,0.5192307692307693,51,0.5192307692307693,0.7884615384615384
1162.9087286781287,659343.1155425225,0.5142857142857143,0.9273504273504274,0.5094339622641509,0.5192307692307693,51,0.5192307692307693,0.7884615384615384
1162.9087286781287,659343.1155425225,0.5142857142857143,0.9273504273504274,0.5094339622641509,0.5192307692307693,51,0.5192307692307693,0.7884615384615384
1162.9087286781287,659343.1155425225,0.5142857142857143,0.9273504273504274,0.5094339622641509,0.5192307692307693,51,0.5192307692307693,0.7884615384615384
1162.9087286781287,659343.1155425225,0.5142857142857143,0.9273504273504274,0.5094339622641509,0.5192307692307693,51,0.5192307692307693,0.7884615384615384
1162.9087286781287,659343.1155425225,0.5142857142857143,0.9273504273504274,0.5094339622641509,0.5192307692307693,51,0.5192307692307693,0.7884615384615384
1162.9087286781287,659343.1155425225,0.5142857142857143,0.9273504273504274,0.5094339622641509,0.5192307692307693,51,0.5192307692307693,0.7884615384615384
1162.9087286781287,659343.1155425225,0.5142857142857143,0.9273504273504274,0.5094339622641509,0.5192307692307693,51,0.5192307692307693,0.7884615384615384
1162.9087286781287,659343.1155425225,0.5142857142857143,0.9273504273504274,0.5094339622641509,0.5192307692307693,51,0.5192307692307693,0.7884615384615384
1162.9087286781287,659343.1155425225,0.5142857142857143,0.9273504273504274,0.5094339622641509,0.5192307692307693,51,0.5192307692307693,0.7884615384615384
1162.9087286781287,659343.1155425225,0.5142857142857143,0.9273504273504274,0.5094339622641509,0.5192307692307693,51,0.5192307692307693,0.7884615384615384
1162.9087286781287,659343.1155425225,0.5142857142857143,0.9273504273504274,0.5094339622641509,0.5192307692307693,51,0.5192307692307693,0.7884615384615384
1162.9087286781287,659343.1155425225,0.5142857142857143,0.9273504273504274,0.5094339622641509,0.5192307692307693,51,0.5192307692307693,0.7884615384615384
1162.9087286781287,659343.1155425225,0.5142857142857143,0.9273504273504274,0.5094339622641509,0.5192307692307693,51,0.5192307692307693,0.7884615384615384
1162.9087286781287,659343.1155425225,0.5142857142857143,0.9273504273504274,0.5094339622641509,0.5192307692307693,51,0.5192307692307693,0.7884615384615384
1162.9087286781287,659343.1155425225,0.5142857142857143,0.9273504273504274,0.5094339622641509,0.5192307692307693,51,0.5192307692307693,0.7884615384615384
1162.9087286781287,659343.1155425225,0.5142857142857143,0.9273504273504274,0.5094339622641509,0.5192307692307693,51,0.5192307692307693,0.7884615384615384
1162.9087286781287,659343.1155425225,0.5142857142857143,0.9273504273504274,0.5094339622641509,0.5192307692307693,51,0.5192307692307693,0.7884615384615384
1162.9087286781287,659343.1155425225,0.5142857142857143,0.9273504273504274,0.5094339622641509,0.5192307692307693,51,0.5192307692307693,0.7884615384615384
1162.9087286781287,659343.1155425225,0.5142857142857143,0.9273504273504274,0.5094339622641509,0.5192307692307693,51,0.5192307692307693,0.7884615384615384
1162.9087286781287,659343.1155425225,0.5142857142857143,0.9273504273504274,0.5094339622641509,0.5192307692307693,51,0.5192307692307693,0.7884615384615384
1162.9087286781287,659343.1155425225,0.5142857142857143,0.9273504273504274,0.5094339622641509,0.5192307692307693,51,0.5192307692307693,0.7884615384615384
1162.9087286781287,659343.1155425225,0.5142857142857143,0.9273504273504274,0.5094339622641509,0.5192307692307693,51,0.5192307692307693,0.7884615384615384
1162.9087286781287,659343.1155425225,0.5142857142857143,0.9273504273504274,0.5094339622641509,0.5192307692307693,51,0.5192307692307693,0.7884615384615384
1162.9087286781287,659343.1155425225,0.5142857142857143,0.9273504273504274,0.5094339622641509,0.5192307692307693,51,0.5192307692307693,0.7884615384615384
1162.9087286781287,659343.1155425225,0.5142857142857143,0.9273504273504274,0.5094339622641509,0.5192307692307693,51,0.5192307692307693,0.7884615384615384
1162.9087286781287,659343.1155425225,0.5142857142857143,0.9273504273504274,0.5094339622641509,0.5192307692307693,51,0.5192307692307693,0.7884615384615384
1162.9087286781287,659343.1155425225,0.5142857142857143,0.9273504273504274,0.5094339622641509,0.5192307692307693,51,0.5192307692307693,0.7884615384615384
1162.9087286781287,659343.1155425225,0.5142857142857143,0.9273504273504274,0.5094339622641509,0.5192307692307693,51,0.5192307692307693,0.7884615384615384
1162.9087286781287,659343.1155425225,0.5142857142857143,0.9273504273504274,0.5094339622641509,0.5192307692307693,51,0.5192307692307693,0.7884615384615384
1162.9087286781287,659343.1155425225,0.5142857142857143,0.9273504273504274,0.5094339622641509,0.5192307692307693,51,0.5192307692307693,0.7884615384615384
1162.9087286781287,659343.1155425225,0.5142857142857143,0.9273504273504274,0.5094339622641509,0.5192307692307693,51,0.5192307692307693,0.7884615384615384
1162.9087286781287,659343.1155425225,0.5142857142857143,0.9273504273504274,0.5094339622641509,0.5192307692307693,51,0.5192307692307693,0.7884615384615384
1162.9087286781287,659343.1155425225,0.5142857142857143,0.9273504273504274,0.5094339622641509,0.5192307692307693,51,0.5192307692307693,0.7884615384615384
1162.9087286781287,659343.1155425225,0.5142857142857143,0.9273504273504274,0.5094339622641509,0.5192307692307693,51,0.5192307692307693,0.7884615384615384
1162.9087286781287,659343.1155425225,0.5142857142857143,0.9273504273504274,0.5094339622641509,0.5192307692307693,51,0.5192307692307693,0.7884615384615384
1162.9087286781287,659343.1155425225,0.5142857142857143,0.9273504273504274,0.5094339622641509,0.5192307692307693,51,0.5192307692307693,0.7884615384615384
1162.9087286781287,659343.1155425225,0.5142857142857143,0.9273504273504274,0.5094339622641509,0.5192307692307693,51,0.5192307692307693,0.7884615384615384
1162.9087286781287,659343.1155425225,0.5142857142857143,0.9273504273504274,0.5094339622641509,0.5192307692307693,51,0.5192307692307693,0.7884615384615384
1162.9087286781287,659343.1155425225,0.5142857142857143,0.9273504273504274,0.5094339622641509,0.5192307692307693,51,0.5192307692307693,0.7884615384615384
1162.9087286781287,659343.1155425225,0.5142857142857143,0.9273504273504274,0.5094339622641509,0.5192307692307693,51,0.5192307692307693,0.7884615384615384
1162.9087286781287,659343.1155425225,0.5142857142857143,0.9273504273504274,0.5094339622641509,0.5192307692307693,51,0.5192307692307693,0.7884615384615384
1162.9087286781287,659343.1155425225,0.5142857142857143,0.9273504273504274,0.5094339622641509,0.5192307692307693,51,0.5192307692307693,0.7884615384615384
1162.9087286781287,659343.1155425225,0.5142857142857143,0.9273504273504274,0.5094339622641509,0.5192307692307693,51,0.5192307692307693,0.7884615384615384
1162.9087286781287,659343.1155425225,0.5142857142857143,0.9273504273504274,0.5094339622641509,0.5192307692307693,51,0.5192307692307693,0.7884615384615384
1162.9087286781287,659343.1155425225,0.5142857142857143,0.9273504273504274,0.5094339622641509,0.5192307692307693,51,0.5192307692307693,0.7884615384615384
1162.9087286781287,659343.1155425225,0.5142857142857143,0.9273504273504274,0.5094339622641509,0.5192307692307693,51,0.5192307692307693,0.7884615384615384
1162.9087286781287,659343.1155425225,0.5142857142857143,0.9273504273504274,0.5094339622641509,0.5192307692307693,51,0.5192307692307693,0.7884615384615384
1162.9087286781287,659343.1155425225,0.5142857142857143,0.9273504273504274,0.5094339622641509,0.5192307692307693,51,0.5192307692307693,0.7884615384615384
1162.9087286781287,659343.1155425225,0.5142857142857143,0.9273504273504274,0.5094339622641509,0.5192307692307693,51,0.5192307692307693,0.7884615384615384
1162.9087286781287,659343.1155425225,0.5142857142857143,0.9273504273504274,0.5094339622641509,0.5192307692307693,51,0.5192307692307693,0.7884615384615384
1162.9087286781287,659343.1155425225,0.5142857142857143,0.9273504273504274,0.5094339622641509,0.5192307692307693,51,0.5192307692307693,0.7884615384615384
1162.9087286781287,659343.1155425225,0.5142857142857143,0.9273504273504274,0.5094339622641509,0.5192307692307693,51,0.5192307692307693,0.7884615384615384
1162.9087286781287,659343.1155425225,0.5142857142857143,0.9273504273504274,0.5094339622641509,0.5192307692307693,51,0.5192307692307693,0.7884615384615384
1162.9087286781287,659343.1155425225,0.5142857142857143,0.9273504273504274,0.5094339622641509,0.5192307692307693,51,0.5192307692307693,0.7884615384615384
1162.9087286781287,659343.1155425225,0.5142857142857143,0.9273504273504274,0.5094339622641509,0.5192307692307693,51,0.5192307692307693,0.7884615384615384
1162.9087286781287,659343.1155425225,0.5142857142857143,0.9273504273504274,0.5094339622641509,0.5192307692307693,51,0.5192307692307693,0.7884615384615384
1162.9087286781287,659343.1155425225,0.5142857142857143,0.9273504273504274,0.5094339622641509,0.5192307692307693,51,0.5192307692307693,0.7884615384615384
1162.9087286781287,659343.1155425225,0.5142857142857143,0.9273504273504274,0.5094339622641509,0.5192307692307693,51,0.5192307692307693,0.7884615384615384
1162.9087286781287,659343.1155425225,0.5142857142857143,0.9273504273504274,0.5094339622641509,0.5192307692307693,51,0.5192307692307693,0.7884615384615384
1162.9087286781287,659343.1155425225,0.5142857142857143,0.9273504273504274,0.5094339622641509,0.5192307692307693,51,0.5192307692307693,0.7884615384615384
1162.9087286781287,659343.1155425225,0.5142857142857143,0.9273504273504274,0.5094339622641509,0.5192307692307693,51,0.5192307692307693,0.7884615384615384
1162.9087286781287,659343.1155425225,0.5142857142857143,0.9273504273504274,0.5094339622641509,0.5192307692307693,51,0.5192307692307693,0.7884615384615384
1162.9087286781287,659343.1155425225,0.5142857142857143,0.9273504273504274,0.5094339622641509,0.5192307692307693,51,0.5192307692307693,0.7884615384615384
1162.9087286781287,659343.1155425225,0.5142857142857143,0.9273504273504274,0.5094339622641509,0.5192307692307693,51,0.5192307692307693,0.7884615384615384
1162.9087286781287,659343.1155425225,0.5142857142857143,0.9273504273504274,0.5094339622641509,0.5192307692307693,51,0.5192307692307693,0.7884615384615384
1162.9087286781287,659343.1155425225,0.5142857142857143,0.9273504273504274,0.5094339622641509,0.5192307692307693,51,0.5192307692307693,0.7884615384615384
1162.9087286781287,659343.1155425225,0.5142857142857143,0.9273504273504274,0.5094339622641509,0.5192307692307693,51,0.5192307692307693,0.7884615384615384
1162.9087286781287,659343.1155425225,0.5142857142857143,0.9273504273504274,0.5094339622641509,0.5192307692307693,51,0.5192307692307693,0.7884615384615384
1162.9087286781287,659343.1155425225,0.5142857142857143,0.9273504273504274,0.5094339622641509,0.5192307692307693,51,0.5192307692307693,0.7884615384615384
1162.9087286781287,659343.1155425225,0.5142857142857143,0.9273504273504274,0.5094339622641509,0.5192307692307693,51,0.5192307692307693,0.7884615384615384
1162.9087286781287,659343.1155425225,0.5142857142857143,0.9273504273504274,0.5094339622641509,0.5192307692307693,51,0.5192307692307693,0.7884615384615384
1162.9087286781287,659343.1155425225,0.5142857142857143,0.9273504273504274,0.5094339622641509,0.5192307692307693,51,0.5192307692307693,0.7884615384615384
1162.9087286781287,659343.1155425225,0.5142857142857143,0.9273504273504274,0.5094339622641509,0.5192307692307693,51,0.5192307692307693,0.7884615384615384
1162.9087286781287,659343.1155425225,0.5142857142857143,0.9273504273504274,0.5094339622641509,0.5192307692307693,51,0.5192307692307693,0.7884615384615384
1162.9087286781287,659343.1155425225,0.5142857142857143,0.9273504273504274,0.5094339622641509,0.5192307692307693,51,0.5192307692307693,0.7884615384615384
1162.9087286781287,659343.1155425225,0.5142857142857143,0.9273504273504274,0.5094339622641509,0.5192307692307693,51,0.5192307692307693,0.7884615384615384
1162.9087286781287,659343.1155425225,0.5142857142857143,0.9273504273504274,0.5094339622641509,0.5192307692307693,51,0.5192307692307693,0.7884615384615384
1162.9087286781287,659343.1155425225,0.5142857142857143,0.9273504273504274,0.5094339622641509,0.5192307692307693,51,0.5192307692307693,0.7884615384615384
1162.9087286781287,659343.1155425225,0.5142857142857143,0.9273504273504274,0.5094339622641509,0.5192307692307693,51,0.5192307692307693,0.7884615384615384
1162.9087286781287,659343.1155425225,0.5142857142857143,0.9273504273504274,0.5094339622641509,0.5192307692307693,51,0.5192307692307693,0.7884615384615384
1162.9087286781287,659343.1155425225,0.5142857142857143,0.9273504273504274,0.5094339622641509,0.5192307692307693,51,0.5192307692307693,0.7884615384615384
1162.9087286781287,659343.1155425225,0.5142857142857143,0.9273504273504274,0.5094339622641509,0.5192307692307693,51,0.5192307692307693,0.7884615384615384
1162.9087286781287,659343.1155425225,0.5142857142857143,0.9273504273504274,0.5094339622641509,0.5192307692307693,51,0.5192307692307693,0.7884615384615384
1162.9087286781287,659343.1155425225,0.5142857142857143,0.9273504273504274,0.5094339622641509,0.5192307692307693,51,0.5192307692307693,0.7884615384615384
1162.9087286781287,659343.1155425225,0.5142857142857143,0.9273504273504274,0.5094339622641509,0.5192307692307693,51,0.5192307692307693,0.7884615384615384
1162.9087286781287,659343.1155425225,0.5142857142857143,0.9273504273504274,0.5094339622641509,0.5192307692307693,51,0.5192307692307693,0.7884615384615384
1162.9087286781287,659343.1155425225,0.5142857142857143,0.9273504273504274,0.5094339622641509,0.5192307692307693,51,0.5192307692307693,0.7884615384615384
1162.9087286781287,659343.1155425225,0.5142857142857143,0.9273504273504274,0.5094339622641509,0.5192307692307693,51,0.5192307692307693,0.7884615384615384
1162.9087286781287,659343.1155425225,0.5142857142857143,0.9273504273504274,0.5094339622641509,0.5192307692307693,51,0.5192307692307693,0.7884615384615384
1162.9087286781287,659343.1155425225,0.5142857142857143,0.9273504273504274,0.5094339622641509,0.5192307692307693,51,0.5192307692307693,0.7884615384615384
1162.9087286781287,659343.1155425225,0.5142857142857143,0.9273504273504274,0.5094339622641509,0.5192307692307693,51,0.5192307692307693,0.7884615384615384
1162.9087286781287,659343.1155425225,0.5142857142857143,0.9273504273504274,0.5094339622641509,0.5192307692307693,51,0.5192307692307693,0.7884615384615384
1162.9087286781287,659343.1155425225,0.5142857142857143,0.9273504273504274,0.5094339622641509,0.5192307692307693,51,0.5192307692307693,0.7884615384615384
1162.9087286781287,659343.1155425225,0.5142857142857143,0.9273504273504274,0.5094339622641509,0.5192307692307693,51,0.5192307692307693,0.7884615384615384
1162.9087286781287,659343.1155425225,0.5142857142857143,0.9273504273504274,0.5094339622641509,0.5192307692307693,51,0.5192307692307693,0.7884615384615384
1162.9087286781287,659343.1155425225,0.5142857142857143,0.9273504273504274,0.5094339622641509,0.5192307692307693,51,0.5192307692307693,0.7884615384615384
1162.9087286781287,659343.1155425225,0.5142857142857143,0.9273504273504274,0.5094339622641509,0.5192307692307693,51,0.5192307692307693,0.7884615384615384
1162.9087286781287,659343.1155425225,0.5142857142857143,0.9273504273504274,0.5094339622641509,0.5192307692307693,51,0.5192307692307693,0.7884615384615384
1162.9087286781287,659343.1155425225,0.5142857142857143,0.9273504273504274,0.5094339622641509,0.5192307692307693,51,0.5192307692307693,0.7884615384615384
1162.9087286781287,659343.1155425225,0.5142857142857143,0.9273504273504274,0.5094339622641509,0.5192307692307693,51,0.5192307692307693,0.7884615384615384
1162.9087286781287,659343.1155425225,0.5142857142857143,0.9273504273504274,0.5094339622641509,0.5192307692307693,51,0.5192307692307693,0.7884615384615384
1162.9087286781287,659343.1155425225,0.5142857142857143,0.9273504273504274,0.5094339622641509,0.5192307692307693,51,0.5192307692307693,0.7884615384615384
1162.9087286781287,659343.1155425225,0.5142857142857143,0.9273504273504274,0.5094339622641509,0.5192307692307693,51,0.5192307692307693,0.7884615384615384
1162.9087286781287,659343.1155425225,0.5142857142857143,0.9273504273504274,0.5094339622641509,0.5192307692307693,51,0.5192307692307693,0.7884615384615384
1162.9087286781287,659343.1155425225,0.5142857142857143,0.9273504273504274,0.5094339622641509,0.5192307692307693,51,0.5192307692307693,0.7884615384615384
1162.9087286781287,659343.1155425225,0.5142857142857143,0.9273504273504274,0.5094339622641509,0.5192307692307693,51,0.5192307692307693,0.7884615384615384
1162.9087286781287,659343.1155425225,0.5142857142857143,0.9273504273504274,0.5094339622641509,0.5192307692307693,51,0.5192307692307693,0.7884615384615384
1162.9087286781287,659343.1155425225,0.5142857142857143,0.9273504273504274,0.5094339622641509,0.5192307692307693,51,0.5192307692307693,0.7884615384615384
1162.9087286781287,659343.1155425225,0.5142857142857143,0.9273504273504274,0.5094339622641509,0.5192307692307693,51,0.5192307692307693,0.7884615384615384
1162.9087286781287,659343.1155425225,0.5142857142857143,0.9273504273504274,0.5094339622641509,0.5192307692307693,51,0.5192307692307693,0.7884615384615384
1162.9087286781287,659343.1155425225,0.5142857142857143,0.9273504273504274,0.5094339622641509,0.5192307692307693,51,0.5192307692307693,0.7884615384615384
1162.9087286781287,659343.1155425225,0.5142857142857143,0.9273504273504274,0.5094339622641509,0.5192307692307693,51,0.5192307692307693,0.7884615384615384
1162.9087286781287,659343.1155425225,0.5142857142857143,0.9273504273504274,0.5094339622641509,0.5192307692307693,51,0.5192307692307693,0.7884615384615384
1162.9087286781287,659343.1155425225,0.5142857142857143,0.9273504273504274,0.5094339622641509,0.5192307692307693,51,0.5192307692307693,0.7884615384615384
1162.9087286781287,659343.1155425225,0.5142857142857143,0.9273504273504274,0.5094339622641509,0.5192307692307693,51,0.5192307692307693,0.7884615384615384
1162.9087286781287,659343.1155425225,0.5142857142857143,0.9273504273504274,0.5094339622641509,0.5192307692307693,51,0.5192307692307693,0.7884615384615384
1162.9087286781287,659343.1155425225,0.5142857142857143,0.9273504273504274,0.5094339622641509,0.5192307692307693,51,0.5192307692307693,0.7884615384615384
1162.9087286781287,659343.1155425225,0.5142857142857143,0.9273504273504274,0.5094339622641509,0.5192307692307693,51,0.5192307692307693,0.7884615384615384
1162.9087286781287,659343.1155425225,0.5142857142857143,0.9273504273504274,0.5094339622641509,0.5192307692307693,51,0.5192307692307693,0.7884615384615384
1162.9087286781287,659343.1155425225,0.5142857142857143,0.9273504273504274,0.5094339622641509,0.5192307692307693,51,0.5192307692307693,0.7884615384615384
1162.9087286781287,659343.1155425225,0.5142857142857143,0.9273504273504274,0.5094339622641509,0.5192307692307693,51,0.5192307692307693,0.7884615384615384
1162.9087286781287,659343.1155425225,0.5142857142857143,0.9273504273504274,0.5094339622641509,0.5192307692307693,51,0.5192307692307693,0.7884615384615384
1162.9087286781287,659343.1155425225,0.5142857142857143,0.9273504273504274,0.5094339622641509,0.5192307692307693,51,0.5192307692307693,0.7884615384615384
1162.9087286781287,659343.1155425225,0.5142857142857143,0.9273504273504274,0.5094339622641509,0.5192307692307693,51,0.5192307692307693,0.7884615384615384
1162.9087286781287,659343.1155425225,0.5142857142857143,0.9273504273504274,0.5094339622641509,0.5192307692307693,51,0.5192307692307693,0.7884615384615384
1162.9087286781287,659343.1155425225,0.5142857142857143,0.9273504273504274,0.5094339622641509,0.5192307692307693,51,0.5192307692307693,0.7884615384615384
1162.9087286781287,659343.1155425225,0.5142857142857143,0.9273504273504274,0.5094339622641509,0.5192307692307693,51,0.5192307692307693,0.7884615384615384
1162.9087286781287,659343.1155425225,0.5142857142857143,0.9273504273504274,0.5094339622641509,0.5192307692307693,51,0.5192307692307693,0.7884615384615384
1162.9087286781287,659343.1155425225,0.5142857142857143,0.9273504273504274,0.5094339622641509,0.5192307692307693,51,0.5192307692307693,0.7884615384615384
1162.9087286781287,659343.1155425225,0.5142857142857143,0.9273504273504274,0.5094339622641509,0.5192307692307693,51,0.5192307692307693,0.7884615384615384
1162.9087286781287,659343.1155425225,0.5142857142857143,0.9273504273504274,0.5094339622641509,0.5192307692307693,51,0.5192307692307693,0.7884615384615384
1162.9087286781287,659343.1155425225,0.5142857142857143,0.9273504273504274,0.5094339622641509,0.5192307692307693,51,0.5192307692307693,0.7884615384615384
1162.9087286781287,659343.1155425225,0.5142857142857143,0.9273504273504274,0.5094339622641509,0.5192307692307693,51,0.5192307692307693,0.7884615384615384
1162.9087286781287,659343.1155425225,0.5142857142857143,0.9273504273504274,0.5094339622641509,0.5192307692307693,51,0.5192307692307693,0.7884615384615384
1162.9087286781287,659343.1155425225,0.5142857142857143,0.9273504273504274,0.5094339622641509,0.5192307692307693,51,0.5192307692307693,0.7884615384615384
1162.9087286781287,659343.1155425225,0.5142857142857143,0.9273504273504274,0.5094339622641509,0.5192307692307693,51,0.5192307692307693,0.7884615384615384
1162.9087286781287,659343.1155425225,0.5142857142857143,0.9273504273504274,0.5094339622641509,0.5192307692307693,51,0.5192307692307693,0.7884615384615384
1162.9087286781287,659343.1155425225,0.5142857142857143,0.9273504273504274,0.5094339622641509,0.5192307692307693,51,0.5192307692307693,0.7884615384615384
1162.9087286781287,659343.1155425225,0.5142857142857143,0.9273504273504274,0.5094339622641509,0.5192307692307693,51,0.5192307692307693,0.7884615384615384
1162.9087286781287,659343.1155425225,0.5142857142857143,0.9273504273504274,0.5094339622641509,0.5192307692307693,51,0.5192307692307693,0.7884615384615384
1162.9087286781287,659343.1155425225,0.5142857142857143,0.9273504273504274,0.5094339622641509,0.5192307692307693,51,0.5192307692307693,0.7884615384615384
1162.9087286781287,659343.1155425225,0.5142857142857143,0.9273504273504274,0.5094339622641509,0.5192307692307693,51,0.5192307692307693,0.7884615384615384
1162.9087286781287,659343.1155425225,0.5142857142857143,0.9273504273504274,0.5094339622641509,0.5192307692307693,51,0.5192307692307693,0.7884615384615384
1162.9087286781287,659343.1155425225,0.5142857142857143,0.9273504273504274,0.5094339622641509,0.5192307692307693,51,0.5192307692307693,0.7884615384615384
734.9113934453344,658915.1182072897,0.5384615384615384,0.9316239316239316,0.5384615384615384,0.5384615384615384,48,0.5384615384615384,0.7884615384615384
734.9113934453344,658915.1182072897,0.5384615384615384,0.9316239316239316,0.5384615384615384,0.5384615384615384,48,0.5384615384615384,0.7884615384615384
734.9113934453344,658915.1182072897,0.5384615384615384,0.9316239316239316,0.5384615384615384,0.5384615384615384,48,0.5384615384615384,0.7884615384615384
734.9113934453344,658915.1182072897,0.5384615384615384,0.9316239316239316,0.5384615384615384,0.5384615384615384,48,0.5384615384615384,0.7884615384615384
734.9113934453344,658915.1182072897,0.5384615384615384,0.9316239316239316,0.5384615384615384,0.5384615384615384,48,0.5384615384615384,0.7884615384615384
734.9113934453344,658915.1182072897,0.5384615384615384,0.9316239316239316,0.5384615384615384,0.5384615384615384,48,0.5384615384615384,0.7884615384615384
734.9113934453344,658915.1182072897,0.5384615384615384,0.9316239316239316,0.5384615384615384,0.5384615384615384,48,0.5384615384615384,0.7884615384615384
734.9113934453344,658915.1182072897,0.5384615384615384,0.9316239316239316,0.5384615384615384,0.5384615384615384,48,0.5384615384615384,0.7884615384615384
734.9113934453344,658915.1182072897,0.5384615384615384,0.9316239316239316,0.5384615384615384,0.5384615384615384,48,0.5384615384615384,0.7884615384615384
734.9113934453344,658915.1182072897,0.5384615384615384,0.9316239316239316,0.5384615384615384,0.5384615384615384,48,0.5384615384615384,0.7884615384615384
734.9113934453344,658915.1182072897,0.5384615384615384,0.9316239316239316,0.5384615384615384,0.5384615384615384,48,0.5384615384615384,0.7884615384615384
734.9113934453344,658915.1182072897,0.5384615384615384,0.9316239316239316,0.5384615384615384,0.5384615384615384,48,0.5384615384615384,0.7884615384615384
734.9113934453344,658915.1182072897,0.5384615384615384,0.9316239316239316,0.5384615384615384,0.5384615384615384,48,0.5384615384615384,0.7884615384615384
734.9113934453344,658915.1182072897,0.5384615384615384,0.9316239316239316,0.5384615384615384,0.5384615384615384,48,0.5384615384615384,0.7884615384615384
726.9139366997406,658907.1207505441,0.5384615384615384,0.9316239316239316,0.5384615384615384,0.5384615384615384,48,0.5384615384615384,0.8076923076923077
726.9139366997406,658907.1207505441,0.5384615384615384,0.9316239316239316,0.5384615384615384,0.5384615384615384,48,0.5384615384615384,0.8076923076923077
726.9139366997406,658907.1207505441,0.5384615384615384,0.9316239316239316,0.5384615384615384,0.5384615384615384,48,0.5384615384615384,0.8076923076923077
726.9139366997406,658907.1207505441,0.5384615384615384,0.9316239316239316,0.5384615384615384,0.5384615384615384,48,0.5384615384615384,0.8076923076923077
726.9139366997406,658907.1207505441,0.5384615384615384,0.9316239316239316,0.5384615384615384,0.5384615384615384,48,0.5384615384615384,0.8076923076923077
726.9139366997406,658907.1207505441,0.5384615384615384,0.9316239316239316,0.5384615384615384,0.5384615384615384,48,0.5384615384615384,0.8076923076923077
726.9139366997406,658907.1207505441,0.5384615384615384,0.9316239316239316,0.5384615384615384,0.5384615384615384,48,0.5384615384615384,0.8076923076923077
726.9139366997406,658907.1207505441,0.5384615384615384,0.9316239316239316,0.5384615384615384,0.5384615384615384,48,0.5384615384615384,0.8076923076923077
726.9139366997406,658907.1207505441,0.5384615384615384,0.9316239316239316,0.5384615384615384,0.5384615384615384,48,0.5384615384615384,0.8076923076923077
726.9139366997406,658907.1207505441,0.5384615384615384,0.9316239316239316,0.5384615384615384,0.5384615384615384,48,0.5384615384615384,0.8076923076923077
726.9139366997406,658907.1207505441,0.5384615384615384,0.9316239316239316,0.5384615384615384,0.5384615384615384,48,0.5384615384615384,0.8076923076923077
726.9139366997406,658907.1207505441,0.5384615384615384,0.9316239316239316,0.5384615384615384,0.5384615384615384,48,0.5384615384615384,0.8076923076923077
726.9139366997406,658907.1207505441,0.5384615384615384,0.9316239316239316,0.5384615384615384,0.5384615384615384,48,0.5384615384615384,0.8076923076923077
726.9139366997406,658907.1207505441,0.5384615384615384,0.9316239316239316,0.5384615384615384,0.5384615384615384,48,0.5384615384615384,0.8076923076923077
726.9139366997406,658907.1207505441,0.5384615384615384,0.9316239316239316,0.5384615384615384,0.5384615384615384,48,0.5384615384615384,0.8076923076923077
726.9139366997406,658907.1207505441,0.5384615384615384,0.9316239316239316,0.5384615384615384,0.5384615384615384,48,0.5384615384615384,0.8076923076923077
726.9139366997406,658907.1207505441,0.5384615384615384,0.9316239316239316,0.5384615384615384,0.5384615384615384,48,0.5384615384615384,0.8076923076923077
726.9139366997406,658907.1207505441,0.5384615384615384,0.9316239316239316,0.5384615384615384,0.5384615384615384,48,0.5384615384615384,0.8076923076923077
726.9139366997406,658907.1207505441,0.5384615384615384,0.9316239316239316,0.5384615384615384,0.5384615384615384,48,0.5384615384615384,0.8076923076923077
726.9139366997406,658907.1207505441,0.5384615384615384,0.9316239316239316,0.5384615384615384,0.5384615384615384,48,0.5384615384615384,0.8076923076923077
726.9139366997406,658907.1207505441,0.5384615384615384,0.9316239316239316,0.5384615384615384,0.5384615384615384,48,0.5384615384615384,0.8076923076923077
726.9139366997406,658907.1207505441,0.5384615384615384,0.9316239316239316,0.5384615384615384,0.5384615384615384,48,0.5384615384615384,0.8076923076923077
726.9139366997406,658907.1207505441,0.5384615384615384,0.9316239316239316,0.5384615384615384,0.5384615384615384,48,0.5384615384615384,0.8076923076923077
726.9139366997406,658907.1207505441,0.5384615384615384,0.9316239316239316,0.5384615384615384,0.5384615384615384,48,0.5384615384615384,0.8076923076923077
726.9139366997406,658907.1207505441,0.5384615384615384,0.9316239316239316,0.5384615384615384,0.5384615384615384,48,0.5384615384615384,0.8076923076923077
726.9139366997406,658907.1207505441,0.5384615384615384,0.9316239316239316,0.5384615384615384,0.5384615384615384,48,0.5384615384615384,0.8076923076923077
726.9139366997406,658907.1207505441,0.5384615384615384,0.9316239316239316,0.5384615384615384,0.5384615384615384,48,0.5384615384615384,0.8076923076923077
726.9139366997406,658907.1207505441,0.5384615384615384,0.9316239316239316,0.5384615384615384,0.5384615384615384,48,0.5384615384615384,0.8076923076923077
726.9139366997406,658907.1207505441,0.5384615384615384,0.9316239316239316,0.5384615384615384,0.5384615384615384,48,0.5384615384615384,0.8076923076923077
726.9139366997406,658907.1207505441,0.5384615384615384,0.9316239316239316,0.5384615384615384,0.5384615384615384,48,0.5384615384615384,0.8076923076923077
726.9139366997406,658907.1207505441,0.5384615384615384,0.9316239316239316,0.5384615384615384,0.5384615384615384,48,0.5384615384615384,0.8076923076923077
726.9139366997406,658907.1207505441,0.5384615384615384,0.9316239316239316,0.5384615384615384,0.5384615384615384,48,0.5384615384615384,0.8076923076923077
606.1061858589528,658786.3129997033,0.5384615384615384,0.9316239316239316,0.5384615384615384,0.5384615384615384,48,0.5384615384615384,0.8076923076923077
606.1061858589528,658786.3129997033,0.5384615384615384,0.9316239316239316,0.5384615384615384,0.5384615384615384,48,0.5384615384615384,0.8076923076923077
606.1061858589528,658786.3129997033,0.5384615384615384,0.9316239316239316,0.5384615384615384,0.5384615384615384,48,0.5384615384615384,0.8076923076923077
606.1061858589528,658786.3129997033,0.5384615384615384,0.9316239316239316,0.5384615384615384,0.5384615384615384,48,0.5384615384615384,0.8076923076923077
606.1061858589528,658786.3129997033,0.5384615384615384,0.9316239316239316,0.5384615384615384,0.5384615384615384,48,0.5384615384615384,0.8076923076923077
606.1061858589528,658786.3129997033,0.5384615384615384,0.9316239316239316,0.5384615384615384,0.5384615384615384,48,0.5384615384615384,0.8076923076923077
606.1061858589528,658786.3129997033,0.5384615384615384,0.9316239316239316,0.5384615384615384,0.5384615384615384,48,0.5384615384615384,0.8076923076923077
606.1061858589528,658786.3129997033,0.5384615384615384,0.9316239316239316,0.5384615384615384,0.5384615384615384,48,0.5384615384615384,0.8076923076923077
606.1061858589528,658786.3129997033,0.5384615384615384,0.9316239316239316,0.5384615384615384,0.5384615384615384,48,0.5384615384615384,0.8076923076923077
606.1061858589528,658786.3129997033,0.5384615384615384,0.9316239316239316,0.5384615384615384,0.5384615384615384,48,0.5384615384615384,0.8076923076923077
606.1061858589528,658786.3129997033,0.5384615384615384,0.9316239316239316,0.5384615384615384,0.5384615384615384,48,0.5384615384615384,0.8076923076923077
606.1061858589528,658786.3129997033,0.5384615384615384,0.9316239316239316,0.5384615384615384,0.5384615384615384,48,0.5384615384615384,0.8076923076923077
606.1061858589528,658786.3129997033,0.5384615384615384,0.9316239316239316,0.5384615384615384,0.5384615384615384,48,0.5384615384615384,0.8076923076923077
606.1061858589528,658786.3129997033,0.5384615384615384,0.9316239316239316,0.5384615384615384,0.5384615384615384,48,0.5384615384615384,0.8076923076923077
606.1061858589528,658786.3129997033,0.5384615384615384,0.9316239316239316,0.5384615384615384,0.5384615384615384,48,0.5384615384615384,0.8076923076923077
606.1061858589528,658786.3129997033,0.5384615384615384,0.9316239316239316,0.5384615384615384,0.5384615384615384,48,0.5384615384615384,0.8076923076923077
606.1061858589528,658786.3129997033,0.5384615384615384,0.9316239316239316,0.5384615384615384,0.5384615384615384,48,0.5384615384615384,0.8076923076923077
606.1061858589528,658786.3129997033,0.5384615384615384,0.9316239316239316,0.5384615384615384,0.5384615384615384,48,0.5384615384615384,0.8076923076923077
606.1061858589528,658786.3129997033,0.5384615384615384,0.9316239316239316,0.5384615384615384,0.5384615384615384,48,0.5384615384615384,0.8076923076923077
606.1061858589528,658786.3129997033,0.5384615384615384,0.9316239316239316,0.5384615384615384,0.5384615384615384,48,0.5384615384615384,0.8076923076923077
606.1061858589528,658786.3129997033,0.5384615384615384,0.9316239316239316,0.5384615384615384,0.5384615384615384,48,0.5384615384615384,0.8076923076923077
606.1061858589528,658786.3129997033,0.5384615384615384,0.9316239316239316,0.5384615384615384,0.5384615384615384,48,0.5384615384615384,0.8076923076923077
606.1061858589528,658786.3129997033,0.5384615384615384,0.9316239316239316,0.5384615384615384,0.5384615384615384,48,0.5384615384615384,0.8076923076923077
606.1061858589528,658786.3129997033,0.5384615384615384,0.9316239316239316,0.5384615384615384,0.5384615384615384,48,0.5384615384615384,0.8076923076923077
606.1061858589528,658786.3129997033,0.5384615384615384,0.9316239316239316,0.5384615384615384,0.5384615384615384,48,0.5384615384615384,0.8076923076923077
606.1061858589528,658786.3129997033,0.5384615384615384,0.9316239316239316,0.5384615384615384,0.5384615384615384,48,0.5384615384615384,0.8076923076923077
606.1061858589528,658786.3129997033,0.5384615384615384,0.9316239316239316,0.5384615384615384,0.5384615384615384,48,0.5384615384615384,0.8076923076923077
606.1061858589528,658786.3129997033,0.5384615384615384,0.9316239316239316,0.5384615384615384,0.5384615384615384,48,0.5384615384615384,0.8076923076923077
606.1061858589528,658786.3129997033,0.5384615384615384,0.9316239316239316,0.5384615384615384,0.5384615384615384,48,0.5384615384615384,0.8076923076923077
606.1061858589528,658786.3129997033,0.5384615384615384,0.9316239316239316,0.5384615384615384,0.5384615384615384,48,0.5384615384615384,0.8076923076923077
606.1061858589528,658786.3129997033,0.5384615384615384,0.9316239316239316,0.5384615384615384,0.5384615384615384,48,0.5384615384615384,0.8076923076923077
606.1061858589528,658786.3129997033,0.5384615384615384,0.9316239316239316,0.5384615384615384,0.5384615384615384,48,0.5384615384615384,0.8076923076923077
606.1061858589528,658786.3129997033,0.5384615384615384,0.9316239316239316,0.5384615384615384,0.5384615384615384,48,0.5384615384615384,0.8076923076923077
606.1061858589528,658786.3129997033,0.5384615384615384,0.9316239316239316,0.5384615384615384,0.5384615384615384,48,0.5384615384615384,0.8076923076923077
606.1061858589528,658786.3129997033,0.5384615384615384,0.9316239316239316,0.5384615384615384,0.5384615384615384,48,0.5384615384615384,0.8076923076923077
606.1061858589528,658786.3129997033,0.5384615384615384,0.9316239316239316,0.5384615384615384,0.5384615384615384,48,0.5384615384615384,0.8076923076923077
606.1061858589528,658786.3129997033,0.5384615384615384,0.9316239316239316,0.5384615384615384,0.5384615384615384,48,0.5384615384615384,0.8076923076923077
606.1061858589528,658786.3129997033,0.5384615384615384,0.9316239316239316,0.5384615384615384,0.5384615384615384,48,0.5384615384615384,0.8076923076923077
606.1061858589528,658786.3129997033,0.5384615384615384,0.9316239316239316,0.5384615384615384,0.5384615384615384,48,0.5384615384615384,0.8076923076923077
606.1061858589528,658786.3129997033,0.5384615384615384,0.9316239316239316,0.5384615384615384,0.5384615384615384,48,0.5384615384615384,0.8076923076923077
606.1061858589528,658786.3129997033,0.5384615384615384,0.9316239316239316,0.5384615384615384,0.5384615384615384,48,0.5384615384615384,0.8076923076923077
606.1061858589528,658786.3129997033,0.5384615384615384,0.9316239316239316,0.5384615384615384,0.5384615384615384,48,0.5384615384615384,0.8076923076923077
606.1061858589528,658786.3129997033,0.5384615384615384,0.9316239316239316,0.5384615384615384,0.5384615384615384,48,0.5384615384615384,0.8076923076923077
606.1061858589528,658786.3129997033,0.5384615384615384,0.9316239316239316,0.5384615384615384,0.5384615384615384,48,0.5384615384615384,0.8076923076923077
606.1061858589528,658786.3129997033,0.5384615384615384,0.9316239316239316,0.5384615384615384,0.5384615384615384,48,0.5384615384615384,0.8076923076923077
606.1061858589528,658786.3129997033,0.5384615384615384,0.9316239316239316,0.5384615384615384,0.5384615384615384,48,0.5384615384615384,0.8076923076923077
606.1061858589528,658786.3129997033,0.5384615384615384,0.9316239316239316,0.5384615384615384,0.5384615384615384,48,0.5384615384615384,0.8076923076923077
606.1061858589528,658786.3129997033,0.5384615384615384,0.9316239316239316,0.5384615384615384,0.5384615384615384,48,0.5384615384615384,0.8076923076923077
606.1061858589528,658786.3129997033,0.5384615384615384,0.9316239316239316,0.5384615384615384,0.5384615384615384,48,0.5384615384615384,0.8076923076923077
606.1061858589528,658786.3129997033,0.5384615384615384,0.9316239316239316,0.5384615384615384,0.5384615384615384,48,0.5384615384615384,0.8076923076923077
606.1061858589528,658786.3129997033,0.5384615384615384,0.9316239316239316,0.5384615384615384,0.5384615384615384,48,0.5384615384615384,0.8076923076923077
606.1061858589528,658786.3129997033,0.5384615384615384,0.9316239316239316,0.5384615384615384,0.5384615384615384,48,0.5384615384615384,0.8076923076923077
606.1061858589528,658786.3129997033,0.5384615384615384,0.9316239316239316,0.5384615384615384,0.5384615384615384,48,0.5384615384615384,0.8076923076923077
606.1061858589528,658786.3129997033,0.5384615384615384,0.9316239316239316,0.5384615384615384,0.5384615384615384,48,0.5384615384615384,0.8076923076923077
606.1061858589528,658786.3129997033,0.5384615384615384,0.9316239316239316,0.5384615384615384,0.5384615384615384,48,0.5384615384615384,0.8076923076923077
606.1061858589528,658786.3129997033,0.5384615384615384,0.9316239316239316,0.5384615384615384,0.5384615384615384,48,0.5384615384615384,0.8076923076923077
606.1061858589528,658786.3129997033,0.5384615384615384,0.9316239316239316,0.5384615384615384,0.5384615384615384,48,0.5384615384615384,0.8076923076923077
606.1061858589528,658786.3129997033,0.5384615384615384,0.9316239316239316,0.5384615384615384,0.5384615384615384,48,0.5384615384615384,0.8076923076923077
606.1061858589528,658786.3129997033,0.5384615384615384,0.9316239316239316,0.5384615384615384,0.5384615384615384,48,0.5384615384615384,0.8076923076923077
606.1061858589528,658786.3129997033,0.5384615384615384,0.9316239316239316,0.5384615384615384,0.5384615384615384,48,0.5384615384615384,0.8076923076923077
606.1061858589528,658786.3129997033,0.5384615384615384,0.9316239316239316,0.5384615384615384,0.5384615384615384,48,0.5384615384615384,0.8076923076923077
606.1061858589528,658786.3129997033,0.5384615384615384,0.9316239316239316,0.5384615384615384,0.5384615384615384,48,0.5384615384615384,0.8076923076923077
606.1061858589528,658786.3129997033,0.5384615384615384,0.9316239316239316,0.5384615384615384,0.5384615384615384,48,0.5384615384615384,0.8076923076923077
606.1061858589528,658786.3129997033,0.5384615384615384,0.9316239316239316,0.5384615384615384,0.5384615384615384,48,0.5384615384615384,0.8076923076923077
606.1061858589528,658786.3129997033,0.5384615384615384,0.9316239316239316,0.5384615384615384,0.5384615384615384,48,0.5384615384615384,0.8076923076923077
606.1061858589528,658786.3129997033,0.5384615384615384,0.9316239316239316,0.5384615384615384,0.5384615384615384,48,0.5384615384615384,0.8076923076923077
606.1061858589528,658786.3129997033,0.5384615384615384,0.9316239316239316,0.5384615384615384,0.5384615384615384,48,0.5384615384615384,0.8076923076923077
606.1061858589528,658786.3129997033,0.5384615384615384,0.9316239316239316,0.5384615384615384,0.5384615384615384,48,0.5384615384615384,0.8076923076923077
606.1061858589528,658786.3129997033,0.5384615384615384,0.9316239316239316,0.5384615384615384,0.5384615384615384,48,0.5384615384615384,0.8076923076923077
606.1061858589528,658786.3129997033,0.5384615384615384,0.9316239316239316,0.5384615384615384,0.5384615384615384,48,0.5384615384615384,0.8076923076923077
606.1061858589528,658786.3129997033,0.5384615384615384,0.9316239316239316,0.5384615384615384,0.5384615384615384,48,0.5384615384615384,0.8076923076923077
606.1061858589528,658786.3129997033,0.5384615384615384,0.9316239316239316,0.5384615384615384,0.5384615384615384,48,0.5384615384615384,0.8076923076923077
606.1061858589528,658786.3129997033,0.5384615384615384,0.9316239316239316,0.5384615384615384,0.5384615384615384,48,0.5384615384615384,0.8076923076923077
606.1061858589528,658786.3129997033,0.5384615384615384,0.9316239316239316,0.5384615384615384,0.5384615384615384,48,0.5384615384615384,0.8076923076923077
606.1061858589528,658786.3129997033,0.5384615384615384,0.9316239316239316,0.5384615384615384,0.5384615384615384,48,0.5384615384615384,0.8076923076923077
606.1061858589528,658786.3129997033,0.5384615384615384,0.9316239316239316,0.5384615384615384,0.5384615384615384,48,0.5384615384615384,0.8076923076923077
606.1061858589528,658786.3129997033,0.5384615384615384,0.9316239316239316,0.5384615384615384,0.5384615384615384,48,0.5384615384615384,0.8076923076923077
606.1061858589528,658786.3129997033,0.5384615384615384,0.9316239316239316,0.5384615384615384,0.5384615384615384,48,0.5384615384615384,0.8076923076923077
606.1061858589528,658786.3129997033,0.5384615384615384,0.9316239316239316,0.5384615384615384,0.5384615384615384,48,0.5384615384615384,0.8076923076923077
606.1061858589528,658786.3129997033,0.5384615384615384,0.9316239316239316,0.5384615384615384,0.5384615384615384,48,0.5384615384615384,0.8076923076923077
606.1061858589528,658786.3129997033,0.5384615384615384,0.9316239316239316,0.5384615384615384,0.5384615384615384,48,0.5384615384615384,0.8076923076923077
606.1061858589528,658786.3129997033,0.5384615384615384,0.9316239316239316,0.5384615384615384,0.5384615384615384,48,0.5384615384615384,0.8076923076923077
606.1061858589528,658786.3129997033,0.5384615384615384,0.9316239316239316,0.5384615384615384,0.5384615384615384,48,0.5384615384615384,0.8076923076923077
606.1061858589528,658786.3129997033,0.5384615384615384,0.9316239316239316,0.5384615384615384,0.5384615384615384,48,0.5384615384615384,0.8076923076923077
606.1061858589528,658786.3129997033,0.5384615384615384,0.9316239316239316,0.5384615384615384,0.5384615384615384,48,0.5384615384615384,0.8076923076923077
606.1061858589528,658786.3129997033,0.5384615384615384,0.9316239316239316,0.5384615384615384,0.5384615384615384,48,0.5384615384615384,0.8076923076923077
606.1061858589528,658786.3129997033,0.5384615384615384,0.9316239316239316,0.5384615384615384,0.5384615384615384,48,0.5384615384615384,0.8076923076923077
606.1061858589528,658786.3129997033,0.5384615384615384,0.9316239316239316,0.5384615384615384,0.5384615384615384,48,0.5384615384615384,0.8076923076923077
606.1061858589528,658786.3129997033,0.5384615384615384,0.9316239316239316,0.5384615384615384,0.5384615384615384,48,0.5384615384615384,0.8076923076923077
606.1061858589528,658786.3129997033,0.5384615384615384,0.9316239316239316,0.5384615384615384,0.5384615384615384,48,0.5384615384615384,0.8076923076923077
606.1061858589528,658786.3129997033,0.5384615384615384,0.9316239316239316,0.5384615384615384,0.5384615384615384,48,0.5384615384615384,0.8076923076923077
606.1061858589528,658786.3129997033,0.5384615384615384,0.9316239316239316,0.5384615384615384,0.5384615384615384,48,0.5384615384615384,0.8076923076923077
606.1061858589528,658786.3129997033,0.5384615384615384,0.9316239316239316,0.5384615384615384,0.5384615384615384,48,0.5384615384615384,0.8076923076923077
606.1061858589528,658786.3129997033,0.5384615384615384,0.9316239316239316,0.5384615384615384,0.5384615384615384,48,0.5384615384615384,0.8076923076923077
606.1061858589528,658786.3129997033,0.5384615384615384,0.9316239316239316,0.5384615384615384,0.5384615384615384,48,0.5384615384615384,0.8076923076923077
606.1061858589528,658786.3129997033,0.5384615384615384,0.9316239316239316,0.5384615384615384,0.5384615384615384,48,0.5384615384615384,0.8076923076923077
606.1061858589528,658786.3129997033,0.5384615384615384,0.9316239316239316,0.5384615384615384,0.5384615384615384,48,0.5384615384615384,0.8076923076923077
606.1061858589528,658786.3129997033,0.5384615384615384,0.9316239316239316,0.5384615384615384,0.5384615384615384,48,0.5384615384615384,0.8076923076923077
606.1061858589528,658786.3129997033,0.5384615384615384,0.9316239316239316,0.5384615384615384,0.5384615384615384,48,0.5384615384615384,0.8076923076923077
606.1061858589528,658786.3129997033,0.5384615384615384,0.9316239316239316,0.5384615384615384,0.5384615384615384,48,0.5384615384615384,0.8076923076923077
606.1061858589528,658786.3129997033,0.5384615384615384,0.9316239316239316,0.5384615384615384,0.5384615384615384,48,0.5384615384615384,0.8076923076923077
606.1061858589528,658786.3129997033,0.5384615384615384,0.9316239316239316,0.5384615384615384,0.5384615384615384,48,0.5384615384615384,0.8076923076923077
606.1061858589528,658786.3129997033,0.5384615384615384,0.9316239316239316,0.5384615384615384,0.5384615384615384,48,0.5384615384615384,0.8076923076923077
606.1061858589528,658786.3129997033,0.5384615384615384,0.9316239316239316,0.5384615384615384,0.5384615384615384,48,0.5384615384615384,0.8076923076923077
606.1061858589528,658786.3129997033,0.5384615384615384,0.9316239316239316,0.5384615384615384,0.5384615384615384,48,0.5384615384615384,0.8076923076923077
606.1061858589528,658786.3129997033,0.5384615384615384,0.9316239316239316,0.5384615384615384,0.5384615384615384,48,0.5384615384615384,0.8076923076923077
606.1061858589528,658786.3129997033,0.5384615384615384,0.9316239316239316,0.5384615384615384,0.5384615384615384,48,0.5384615384615384,0.8076923076923077
606.1061858589528,658786.3129997033,0.5384615384615384,0.9316239316239316,0.5384615384615384,0.5384615384615384,48,0.5384615384615384,0.8076923076923077
606.1061858589528,658786.3129997033,0.5384615384615384,0.9316239316239316,0.5384615384615384,0.5384615384615384,48,0.5384615384615384,0.8076923076923077
606.1061858589528,658786.3129997033,0.5384615384615384,0.9316239316239316,0.5384615384615384,0.5384615384615384,48,0.5384615384615384,0.8076923076923077
606.1061858589528,658786.3129997033,0.5384615384615384,0.9316239316239316,0.5384615384615384,0.5384615384615384,48,0.5384615384615384,0.8076923076923077
606.1061858589528,658786.3129997033,0.5384615384615384,0.9316239316239316,0.5384615384615384,0.5384615384615384,48,0.5384615384615384,0.8076923076923077
606.1061858589528,658786.3129997033,0.5384615384615384,0.9316239316239316,0.5384615384615384,0.5384615384615384,48,0.5384615384615384,0.8076923076923077
606.1061858589528,658786.3129997033,0.5384615384615384,0.9316239316239316,0.5384615384615384,0.5384615384615384,48,0.5384615384615384,0.8076923076923077
606.1061858589528,658786.3129997033,0.5384615384615384,0.9316239316239316,0.5384615384615384,0.5384615384615384,48,0.5384615384615384,0.8076923076923077
606.1061858589528,658786.3129997033,0.5384615384615384,0.9316239316239316,0.5384615384615384,0.5384615384615384,48,0.5384615384615384,0.8076923076923077
606.1061858589528,658786.3129997033,0.5384615384615384,0.9316239316239316,0.5384615384615384,0.5384615384615384,48,0.5384615384615384,0.8076923076923077
606.1061858589528,658786.3129997033,0.5384615384615384,0.9316239316239316,0.5384615384615384,0.5384615384615384,48,0.5384615384615384,0.8076923076923077
606.1061858589528,658786.3129997033,0.5384615384615384,0.9316239316239316,0.5384615384615384,0.5384615384615384,48,0.5384615384615384,0.8076923076923077
606.1061858589528,658786.3129997033,0.5384615384615384,0.9316239316239316,0.5384615384615384,0.5384615384615384,48,0.5384615384615384,0.8076923076923077
606.1061858589528,658786.3129997033,0.5384615384615384,0.9316239316239316,0.5384615384615384,0.5384615384615384,48,0.5384615384615384,0.8076923076923077
606.1061858589528,658786.3129997033,0.5384615384615384,0.9316239316239316,0.5384615384615384,0.5384615384615384,48,0.5384615384615384,0.8076923076923077
606.1061858589528,658786.3129997033,0.5384615384615384,0.9316239316239316,0.5384615384615384,0.5384615384615384,48,0.5384615384615384,0.8076923076923077
606.1061858589528,658786.3129997033,0.5384615384615384,0.9316239316239316,0.5384615384615384,0.5384615384615384,48,0.5384615384615384,0.8076923076923077
606.1061858589528,658786.3129997033,0.5384615384615384,0.9316239316239316,0.5384615384615384,0.5384615384615384,48,0.5384615384615384,0.8076923076923077
606.1061858589528,658786.3129997033,0.5384615384615384,0.9316239316239316,0.5384615384615384,0.5384615384615384,48,0.5384615384615384,0.8076923076923077
606.1061858589528,658786.3129997033,0.5384615384615384,0.9316239316239316,0.5384615384615384,0.5384615384615384,48,0.5384615384615384,0.8076923076923077
606.1061858589528,658786.3129997033,0.5384615384615384,0.9316239316239316,0.5384615384615384,0.5384615384615384,48,0.5384615384615384,0.8076923076923077
606.1061858589528,658786.3129997033,0.5384615384615384,0.9316239316239316,0.5384615384615384,0.5384615384615384,48,0.5384615384615384,0.8076923076923077
606.1061858589528,658786.3129997033,0.5384615384615384,0.9316239316239316,0.5384615384615384,0.5384615384615384,48,0.5384615384615384,0.8076923076923077
606.1061858589528,658786.3129997033,0.5384615384615384,0.9316239316239316,0.5384615384615384,0.5384615384615384,48,0.5384615384615384,0.8076923076923077
606.1061858589528,658786.3129997033,0.5384615384615384,0.9316239316239316,0.5384615384615384,0.5384615384615384,48,0.5384615384615384,0.8076923076923077
606.1061858589528,658786.3129997033,0.5384615384615384,0.9316239316239316,0.5384615384615384,0.5384615384615384,48,0.5384615384615384,0.8076923076923077
606.1061858589528,658786.3129997033,0.5384615384615384,0.9316239316239316,0.5384615384615384,0.5384615384615384,48,0.5384615384615384,0.8076923076923077
606.1061858589528,658786.3129997033,0.5384615384615384,0.9316239316239316,0.5384615384615384,0.5384615384615384,48,0.5384615384615384,0.8076923076923077
606.1061858589528,658786.3129997033,0.5384615384615384,0.9316239316239316,0.5384615384615384,0.5384615384615384,48,0.5384615384615384,0.8076923076923077
606.1061858589528,658786.3129997033,0.5384615384615384,0.9316239316239316,0.5384615384615384,0.5384615384615384,48,0.5384615384615384,0.8076923076923077
606.1061858589528,658786.3129997033,0.5384615384615384,0.9316239316239316,0.5384615384615384,0.5384615384615384,48,0.5384615384615384,0.8076923076923077
606.1061858589528,658786.3129997033,0.5384615384615384,0.9316239316239316,0.5384615384615384,0.5384615384615384,48,0.5384615384615384,0.8076923076923077
606.1061858589528,658786.3129997033,0.5384615384615384,0.9316239316239316,0.5384615384615384,0.5384615384615384,48,0.5384615384615384,0.8076923076923077
606.1061858589528,658786.3129997033,0.5384615384615384,0.9316239316239316,0.5384615384615384,0.5384615384615384,48,0.5384615384615384,0.8076923076923077
606.1061858589528,658786.3129997033,0.5384615384615384,0.9316239316239316,0.5384615384615384,0.5384615384615384,48,0.5384615384615384,0.8076923076923077
606.1061858589528,658786.3129997033,0.5384615384615384,0.9316239316239316,0.5384615384615384,0.5384615384615384,48,0.5384615384615384,0.8076923076923077
606.1061858589528,658786.3129997033,0.5384615384615384,0.9316239316239316,0.5384615384615384,0.5384615384615384,48,0.5384615384615384,0.8076923076923077
606.1061858589528,658786.3129997033,0.5384615384615384,0.9316239316239316,0.5384615384615384,0.5384615384615384,48,0.5384615384615384,0.8076923076923077
606.1061858589528,658786.3129997033,0.5384615384615384,0.9316239316239316,0.5384615384615384,0.5384615384615384,48,0.5384615384615384,0.8076923076923077
606.1061858589528,658786.3129997033,0.5384615384615384,0.9316239316239316,0.5384615384615384,0.5384615384615384,48,0.5384615384615384,0.8076923076923077
606.1061858589528,658786.3129997033,0.5384615384615384,0.9316239316239316,0.5384615384615384,0.5384615384615384,48,0.5384615384615384,0.8076923076923077
606.1061858589528,658786.3129997033,0.5384615384615384,0.9316239316239316,0.5384615384615384,0.5384615384615384,48,0.5384615384615384,0.8076923076923077
606.1061858589528,658786.3129997033,0.5384615384615384,0.9316239316239316,0.5384615384615384,0.5384615384615384,48,0.5384615384615384,0.8076923076923077
606.1061858589528,658786.3129997033,0.5384615384615384,0.9316239316239316,0.5384615384615384,0.5384615384615384,48,0.5384615384615384,0.8076923076923077
606.1061858589528,658786.3129997033,0.5384615384615384,0.9316239316239316,0.5384615384615384,0.5384615384615384,48,0.5384615384615384,0.8076923076923077
606.1061858589528,658786.3129997033,0.5384615384615384,0.9316239316239316,0.5384615384615384,0.5384615384615384,48,0.5384615384615384,0.8076923076923077
606.1061858589528,658786.3129997033,0.5384615384615384,0.9316239316239316,0.5384615384615384,0.5384615384615384,48,0.5384615384615384,0.8076923076923077
606.1061858589528,658786.3129997033,0.5384615384615384,0.9316239316239316,0.5384615384615384,0.5384615384615384,48,0.5384615384615384,0.8076923076923077
606.1061858589528,658786.3129997033,0.5384615384615384,0.9316239316239316,0.5384615384615384,0.5384615384615384,48,0.5384615384615384,0.8076923076923077
606.1061858589528,658786.3129997033,0.5384615384615384,0.9316239316239316,0.5384615384615384,0.5384615384615384,48,0.5384615384615384,0.8076923076923077
606.1061858589528,658786.3129997033,0.5384615384615384,0.9316239316239316,0.5384615384615384,0.5384615384615384,48,0.5384615384615384,0.8076923076923077
606.1061858589528,658786.3129997033,0.5384615384615384,0.9316239316239316,0.5384615384615384,0.5384615384615384,48,0.5384615384615384,0.8076923076923077
606.1061858589528,658786.3129997033,0.5384615384615384,0.9316239316239316,0.5384615384615384,0.5384615384615384,48,0.5384615384615384,0.8076923076923077
606.1061858589528,658786.3129997033,0.5384615384615384,0.9316239316239316,0.5384615384615384,0.5384615384615384,48,0.5384615384615384,0.8076923076923077
606.1061858589528,658786.3129997033,0.5384615384615384,0.9316239316239316,0.5384615384615384,0.5384615384615384,48,0.5384615384615384,0.8076923076923077
606.1061858589528,658786.3129997033,0.5384615384615384,0.9316239316239316,0.5384615384615384,0.5384615384615384,48,0.5384615384615384,0.8076923076923077
606.1061858589528,658786.3129997033,0.5384615384615384,0.9316239316239316,0.5384615384615384,0.5384615384615384,48,0.5384615384615384,0.8076923076923077
606.1061858589528,658786.3129997033,0.5384615384615384,0.9316239316239316,0.5384615384615384,0.5384615384615384,48,0.5384615384615384,0.8076923076923077
606.1061858589528,658786.3129997033,0.5384615384615384,0.9316239316239316,0.5384615384615384,0.5384615384615384,48,0.5384615384615384,0.8076923076923077
606.1061858589528,658786.3129997033,0.5384615384615384,0.9316239316239316,0.5384615384615384,0.5384615384615384,48,0.5384615384615384,0.8076923076923077
606.1061858589528,658786.3129997033,0.5384615384615384,0.9316239316239316,0.5384615384615384,0.5384615384615384,48,0.5384615384615384,0.8076923076923077
606.1061858589528,658786.3129997033,0.5384615384615384,0.9316239316239316,0.5384615384615384,0.5384615384615384,48,0.5384615384615384,0.8076923076923077
606.1061858589528,658786.3129997033,0.5384615384615384,0.9316239316239316,0.5384615384615384,0.5384615384615384,48,0.5384615384615384,0.8076923076923077
606.1061858589528,658786.3129997033,0.5384615384615384,0.9316239316239316,0.5384615384615384,0.5384615384615384,48,0.5384615384615384,0.8076923076923077
606.1061858589528,658786.3129997033,0.5384615384615384,0.9316239316239316,0.5384615384615384,0.5384615384615384,48,0.5384615384615384,0.8076923076923077
606.1061858589528,658786.3129997033,0.5384615384615384,0.9316239316239316,0.5384615384615384,0.5384615384615384,48,0.5384615384615384,0.8076923076923077
606.1061858589528,658786.3129997033,0.5384615384615384,0.9316239316239316,0.5384615384615384,0.5384615384615384,48,0.5384615384615384,0.8076923076923077
606.1061858589528,658786.3129997033,0.5384615384615384,0.9316239316239316,0.5384615384615384,0.5384615384615384,48,0.5384615384615384,0.8076923076923077
606.1061858589528,658786.3129997033,0.5384615384615384,0.9316239316239316,0.5384615384615384,0.5384615384615384,48,0.5384615384615384,0.8076923076923077
606.1061858589528,658786.3129997033,0.5384615384615384,0.9316239316239316,0.5384615384615384,0.5384615384615384,48,0.5384615384615384,0.8076923076923077
606.1061858589528,658786.3129997033,0.5384615384615384,0.9316239316239316,0.5384615384615384,0.5384615384615384,48,0.5384615384615384,0.8076923076923077
606.1061858589528,658786.3129997033,0.5384615384615384,0.9316239316239316,0.5384615384615384,0.5384615384615384,48,0.5384615384615384,0.8076923076923077
606.1061858589528,658786.3129997033,0.5384615384615384,0.9316239316239316,0.5384615384615384,0.5384615384615384,48,0.5384615384615384,0.8076923076923077
606.1061858589528,658786.3129997033,0.5384615384615384,0.9316239316239316,0.5384615384615384,0.5384615384615384,48,0.5384615384615384,0.8076923076923077
606.1061858589528,658786.3129997033,0.5384615384615384,0.9316239316239316,0.5384615384615384,0.5384615384615384,48,0.5384615384615384,0.8076923076923077
606.1061858589528,658786.3129997033,0.5384615384615384,0.9316239316239316,0.5384615384615384,0.5384615384615384,48,0.5384615384615384,0.8076923076923077
606.1061858589528,658786.3129997033,0.5384615384615384,0.9316239316239316,0.5384615384615384,0.5384615384615384,48,0.5384615384615384,0.8076923076923077
606.1061858589528,658786.3129997033,0.5384615384615384,0.9316239316239316,0.5384615384615384,0.5384615384615384,48,0.5384615384615384,0.8076923076923077
606.1061858589528,658786.3129997033,0.5384615384615384,0.9316239316239316,0.5384615384615384,0.5384615384615384,48,0.5384615384615384,0.8076923076923077
606.1061858589528,658786.3129997033,0.5384615384615384,0.9316239316239316,0.5384615384615384,0.5384615384615384,48,0.5384615384615384,0.8076923076923077
606.1061858589528,658786.3129997033,0.5384615384615384,0.9316239316239316,0.5384615384615384,0.5384615384615384,48,0.5384615384615384,0.8076923076923077
606.1061858589528,658786.3129997033,0.5384615384615384,0.9316239316239316,0.5384615384615384,0.5384615384615384,48,0.5384615384615384,0.8076923076923077
606.1061858589528,658786.3129997033,0.5384615384615384,0.9316239316239316,0.5384615384615384,0.5384615384615384,48,0.5384615384615384,0.8076923076923077
606.1061858589528,658786.3129997033,0.5384615384615384,0.9316239316239316,0.5384615384615384,0.5384615384615384,48,0.5384615384615384,0.8076923076923077
606.1061858589528,658786.3129997033,0.5384615384615384,0.9316239316239316,0.5384615384615384,0.5384615384615384,48,0.5384615384615384,0.8076923076923077
606.1061858589528,658786.3129997033,0.5384615384615384,0.9316239316239316,0.5384615384615384,0.5384615384615384,48,0.5384615384615384,0.8076923076923077
606.1061858589528,658786.3129997033,0.5384615384615384,0.9316239316239316,0.5384615384615384,0.5384615384615384,48,0.5384615384615384,0.8076923076923077
606.1061858589528,658786.3129997033,0.5384615384615384,0.9316239316239316,0.5384615384615384,0.5384615384615384,48,0.5384615384615384,0.8076923076923077
606.1061858589528,658786.3129997033,0.5384615384615384,0.9316239316239316,0.5384615384615384,0.5384615384615384,48,0.5384615384615384,0.8076923076923077
606.1061858589528,658786.3129997033,0.5384615384615384,0.9316239316239316,0.5384615384615384,0.5384615384615384,48,0.5384615384615384,0.8076923076923077
606.1061858589528,658786.3129997033,0.5384615384615384,0.9316239316239316,0.5384615384615384,0.5384615384615384,48,0.5384615384615384,0.8076923076923077
606.1061858589528,658786.3129997033,0.5384615384615384,0.9316239316239316,0.5384615384615384,0.5384615384615384,48,0.5384615384615384,0.8076923076923077
606.1061858589528,658786.3129997033,0.5384615384615384,0.9316239316239316,0.5384615384615384,0.5384615384615384,48,0.5384615384615384,0.8076923076923077
606.1061858589528,658786.3129997033,0.5384615384615384,0.9316239316239316,0.5384615384615384,0.5384615384615384,48,0.5384615384615384,0.8076923076923077
606.1061858589528,658786.3129997033,0.5384615384615384,0.9316239316239316,0.5384615384615384,0.5384615384615384,48,0.5384615384615384,0.8076923076923077
606.1061858589528,658786.3129997033,0.5384615384615384,0.9316239316239316,0.5384615384615384,0.5384615384615384,48,0.5384615384615384,0.8076923076923077
606.1061858589528,658786.3129997033,0.5384615384615384,0.9316239316239316,0.5384615384615384,0.5384615384615384,48,0.5384615384615384,0.8076923076923077
606.1061858589528,658786.3129997033,0.5384615384615384,0.9316239316239316,0.5384615384615384,0.5384615384615384,48,0.5384615384615384,0.8076923076923077
606.1061858589528,658786.3129997033,0.5384615384615384,0.9316239316239316,0.5384615384615384,0.5384615384615384,48,0.5384615384615384,0.8076923076923077
606.1061858589528,658786.3129997033,0.5384615384615384,0.9316239316239316,0.5384615384615384,0.5384615384615384,48,0.5384615384615384,0.8076923076923077
606.1061858589528,658786.3129997033,0.5384615384615384,0.9316239316239316,0.5384615384615384,0.5384615384615384,48,0.5384615384615384,0.8076923076923077
606.1061858589528,658786.3129997033,0.5384615384615384,0.9316239316239316,0.5384615384615384,0.5384615384615384,48,0.5384615384615384,0.8076923076923077
606.1061858589528,658786.3129997033,0.5384615384615384,0.9316239316239316,0.5384615384615384,0.5384615384615384,48,0.5384615384615384,0.8076923076923077
606.1061858589528,658786.3129997033,0.5384615384615384,0.9316239316239316,0.5384615384615384,0.5384615384615384,48,0.5384615384615384,0.8076923076923077
606.1061858589528,658786.3129997033,0.5384615384615384,0.9316239316239316,0.5384615384615384,0.5384615384615384,48,0.5384615384615384,0.8076923076923077
606.1061858589528,658786.3129997033,0.5384615384615384,0.9316239316239316,0.5384615384615384,0.5384615384615384,48,0.5384615384615384,0.8076923076923077
606.1061858589528,658786.3129997033,0.5384615384615384,0.9316239316239316,0.5384615384615384,0.5384615384615384,48,0.5384615384615384,0.8076923076923077
606.1061858589528,658786.3129997033,0.5384615384615384,0.9316239316239316,0.5384615384615384,0.5384615384615384,48,0.5384615384615384,0.8076923076923077
606.1061858589528,658786.3129997033,0.5384615384615384,0.9316239316239316,0.5384615384615384,0.5384615384615384,48,0.5384615384615384,0.8076923076923077
606.1061858589528,658786.3129997033,0.5384615384615384,0.9316239316239316,0.5384615384615384,0.5384615384615384,48,0.5384615384615384,0.8076923076923077
606.1061858589528,658786.3129997033,0.5384615384615384,0.9316239316239316,0.5384615384615384,0.5384615384615384,48,0.5384615384615384,0.8076923076923077
606.1061858589528,658786.3129997033,0.5384615384615384,0.9316239316239316,0.5384615384615384,0.5384615384615384,48,0.5384615384615384,0.8076923076923077
606.1061858589528,658786.3129997033,0.5384615384615384,0.9316239316239316,0.5384615384615384,0.5384615384615384,48,0.5384615384615384,0.8076923076923077
606.1061858589528,658786.3129997033,0.5384615384615384,0.9316239316239316,0.5384615384615384,0.5384615384615384,48,0.5384615384615384,0.8076923076923077
606.1061858589528,658786.3129997033,0.5384615384615384,0.9316239316239316,0.5384615384615384,0.5384615384615384,48,0.5384615384615384,0.8076923076923077
606.1061858589528,658786.3129997033,0.5384615384615384,0.9316239316239316,0.5384615384615384,0.5384615384615384,48,0.5384615384615384,0.8076923076923077
606.1061858589528,658786.3129997033,0.5384615384615384,0.9316239316239316,0.5384615384615384,0.5384615384615384,48,0.5384615384615384,0.8076923076923077
543.2728699902073,658723.4796838346,0.5192307692307693,0.9287749287749287,0.5192307692307693,0.5192307692307693,50,0.5192307692307693,0.8076923076923077
440.6452692676103,658620.852083112,0.5242718446601942,0.9301994301994302,0.5294117647058824,0.5192307692307693,49,0.5192307692307693,0.8076923076923077
440.6452692676103,658620.852083112,0.5242718446601942,0.9301994301994302,0.5294117647058824,0.5192307692307693,49,0.5192307692307693,0.8076923076923077
440.6452692676103,658620.852083112,0.5242718446601942,0.9301994301994302,0.5294117647058824,0.5192307692307693,49,0.5192307692307693,0.8076923076923077
440.6452692676103,658620.852083112,0.5242718446601942,0.9301994301994302,0.5294117647058824,0.5192307692307693,49,0.5192307692307693,0.8076923076923077
440.6452692676103,658620.852083112,0.5242718446601942,0.9301994301994302,0.5294117647058824,0.5192307692307693,49,0.5192307692307693,0.8076923076923077
440.6452692676103,658620.852083112,0.5242718446601942,0.9301994301994302,0.5294117647058824,0.5192307692307693,49,0.5192307692307693,0.8076923076923077
440.6452692676103,658620.852083112,0.5242718446601942,0.9301994301994302,0.5294117647058824,0.5192307692307693,49,0.5192307692307693,0.8076923076923077
440.6452692676103,658620.852083112,0.5242718446601942,0.9301994301994302,0.5294117647058824,0.5192307692307693,49,0.5192307692307693,0.8076923076923077
440.6452692676103,658620.852083112,0.5242718446601942,0.9301994301994302,0.5294117647058824,0.5192307692307693,49,0.5192307692307693,0.8076923076923077
440.6452692676103,658620.852083112,0.5242718446601942,0.9301994301994302,0.5294117647058824,0.5192307692307693,49,0.5192307692307693,0.8076923076923077
440.6452692676103,658620.852083112,0.5242718446601942,0.9301994301994302,0.5294117647058824,0.5192307692307693,49,0.5192307692307693,0.8076923076923077
440.6452692676103,658620.852083112,0.5242718446601942,0.9301994301994302,0.5294117647058824,0.5192307692307693,49,0.5192307692307693,0.8076923076923077
440.6452692676103,658620.852083112,0.5242718446601942,0.9301994301994302,0.5294117647058824,0.5192307692307693,49,0.5192307692307693,0.8076923076923077
440.6452692676103,658620.852083112,0.5242718446601942,0.9301994301994302,0.5294117647058824,0.5192307692307693,49,0.5192307692307693,0.8076923076923077
440.6452692676103,658620.852083112,0.5242718446601942,0.9301994301994302,0.5294117647058824,0.5192307692307693,49,0.5192307692307693,0.8076923076923077
440.6452692676103,658620.852083112,0.5242718446601942,0.9301994301994302,0.5294117647058824,0.5192307692307693,49,0.5192307692307693,0.8076923076923077
440.6452692676103,658620.852083112,0.5242718446601942,0.9301994301994302,0.5294117647058824,0.5192307692307693,49,0.5192307692307693,0.8076923076923077
440.6452692676103,658620.852083112,0.5242718446601942,0.9301994301994302,0.5294117647058824,0.5192307692307693,49,0.5192307692307693,0.8076923076923077
440.6452692676103,658620.852083112,0.5242718446601942,0.9301994301994302,0.5294117647058824,0.5192307692307693,49,0.5192307692307693,0.8076923076923077
440.6452692676103,658620.852083112,0.5242718446601942,0.9301994301994302,0.5294117647058824,0.5192307692307693,49,0.5192307692307693,0.8076923076923077
440.6452692676103,658620.852083112,0.5242718446601942,0.9301994301994302,0.5294117647058824,0.5192307692307693,49,0.5192307692307693,0.8076923076923077
440.6452692676103,658620.852083112,0.5242718446601942,0.9301994301994302,0.5294117647058824,0.5192307692307693,49,0.5192307692307693,0.8076923076923077
440.6452692676103,658620.852083112,0.5242718446601942,0.9301994301994302,0.5294117647058824,0.5192307692307693,49,0.5192307692307693,0.8076923076923077
440.6452692676103,658620.852083112,0.5242718446601942,0.9301994301994302,0.5294117647058824,0.5192307692307693,49,0.5192307692307693,0.8076923076923077
440.6452692676103,658620.852083112,0.5242718446601942,0.9301994301994302,0.5294117647058824,0.5192307692307693,49,0.5192307692307693,0.8076923076923077
440.6452692676103,658620.852083112,0.5242718446601942,0.9301994301994302,0.5294117647058824,0.5192307692307693,49,0.5192307692307693,0.8076923076923077
440.6452692676103,658620.852083112,0.5242718446601942,0.9301994301994302,0.5294117647058824,0.5192307692307693,49,0.5192307692307693,0.8076923076923077
440.6452692676103,658620.852083112,0.5242718446601942,0.9301994301994302,0.5294117647058824,0.5192307692307693,49,0.5192307692307693,0.8076923076923077
440.6452692676103,658620.852083112,0.5242718446601942,0.9301994301994302,0.5294117647058824,0.5192307692307693,49,0.5192307692307693,0.8076923076923077
440.6452692676103,658620.852083112,0.5242718446601942,0.9301994301994302,0.5294117647058824,0.5192307692307693,49,0.5192307692307693,0.8076923076923077
440.6452692676103,658620.852083112,0.5242718446601942,0.9301994301994302,0.5294117647058824,0.5192307692307693,49,0.5192307692307693,0.8076923076923077
440.6452692676103,658620.852083112,0.5242718446601942,0.9301994301994302,0.5294117647058824,0.5192307692307693,49,0.5192307692307693,0.8076923076923077
440.6452692676103,658620.852083112,0.5242718446601942,0.9301994301994302,0.5294117647058824,0.5192307692307693,49,0.5192307692307693,0.8076923076923077
440.6452692676103,658620.852083112,0.5242718446601942,0.9301994301994302,0.5294117647058824,0.5192307692307693,49,0.5192307692307693,0.8076923076923077
440.6452692676103,658620.852083112,0.5242718446601942,0.9301994301994302,0.5294117647058824,0.5192307692307693,49,0.5192307692307693,0.8076923076923077
440.6452692676103,658620.852083112,0.5242718446601942,0.9301994301994302,0.5294117647058824,0.5192307692307693,49,0.5192307692307693,0.8076923076923077
440.6452692676103,658620.852083112,0.5242718446601942,0.9301994301994302,0.5294117647058824,0.5192307692307693,49,0.5192307692307693,0.8076923076923077
440.6452692676103,658620.852083112,0.5242718446601942,0.9301994301994302,0.5294117647058824,0.5192307692307693,49,0.5192307692307693,0.8076923076923077
440.6452692676103,658620.852083112,0.5242718446601942,0.9301994301994302,0.5294117647058824,0.5192307692307693,49,0.5192307692307693,0.8076923076923077
440.6452692676103,658620.852083112,0.5242718446601942,0.9301994301994302,0.5294117647058824,0.5192307692307693,49,0.5192307692307693,0.8076923076923077
440.6452692676103,658620.852083112,0.5242718446601942,0.9301994301994302,0.5294117647058824,0.5192307692307693,49,0.5192307692307693,0.8076923076923077
440.6452692676103,658620.852083112,0.5242718446601942,0.9301994301994302,0.5294117647058824,0.5192307692307693,49,0.5192307692307693,0.8076923076923077
440.6452692676103,658620.852083112,0.5242718446601942,0.9301994301994302,0.5294117647058824,0.5192307692307693,49,0.5192307692307693,0.8076923076923077
440.6452692676103,658620.852083112,0.5242718446601942,0.9301994301994302,0.5294117647058824,0.5192307692307693,49,0.5192307692307693,0.8076923076923077
440.6452692676103,658620.852083112,0.5242718446601942,0.9301994301994302,0.5294117647058824,0.5192307692307693,49,0.5192307692307693,0.8076923076923077
440.6452692676103,658620.852083112,0.5242718446601942,0.9301994301994302,0.5294117647058824,0.5192307692307693,49,0.5192307692307693,0.8076923076923077
440.6452692676103,658620.852083112,0.5242718446601942,0.9301994301994302,0.5294117647058824,0.5192307692307693,49,0.5192307692307693,0.8076923076923077
