BIC - Goal,BIC,F1 Score,Accuracy,Precision,Recall,SHD,SLF,TLF
216553.22678258677,875178.2297162312,0.0784313725490196,0.8660968660968661,0.08,0.07692307692307693,94,0.07692307692307693,0.15384615384615385
205781.34047550627,864406.3434091507,0.10204081632653061,0.8746438746438746,0.10869565217391304,0.09615384615384616,88,0.09615384615384616,0.19230769230769232
195918.1743270997,854543.1772607442,0.10309278350515465,0.8760683760683761,0.1111111111111111,0.09615384615384616,87,0.09615384615384616,0.17307692307692307
179702.7252346709,838327.7281683154,0.1320754716981132,0.8689458689458689,0.12962962962962962,0.1346153846153846,92,0.1346153846153846,0.23076923076923078
162400.86353253585,821025.8664661803,0.12000000000000001,0.8746438746438746,0.125,0.11538461538461539,88,0.11538461538461539,0.25
162400.86353253585,821025.8664661803,0.12000000000000001,0.8746438746438746,0.125,0.11538461538461539,88,0.11538461538461539,0.25
154229.04778691835,812854.0507205628,0.12499999999999997,0.8803418803418803,0.13636363636363635,0.11538461538461539,84,0.11538461538461539,0.23076923076923078
151725.58638460003,810350.5893182445,0.17999999999999997,0.8831908831908832,0.1875,0.17307692307692307,82,0.17307692307692307,0.2692307692307692
146637.31753608258,805262.320469727,0.15841584158415842,0.8789173789173789,0.16326530612244897,0.15384615384615385,85,0.15384615384615385,0.2692307692307692
145243.98236270156,803868.985296346,0.15533980582524273,0.8760683760683761,0.1568627450980392,0.15384615384615385,87,0.15384615384615385,0.2692307692307692
131858.630277668,790483.6332113125,0.16666666666666666,0.8717948717948718,0.16071428571428573,0.17307692307692307,90,0.17307692307692307,0.28846153846153844
113208.88351215608,771833.8864458005,0.20560747663551404,0.8789173789173789,0.2,0.21153846153846154,85,0.21153846153846154,0.3269230769230769
113208.88351215608,771833.8864458005,0.20560747663551404,0.8789173789173789,0.2,0.21153846153846154,85,0.21153846153846154,0.3269230769230769
112651.19064953865,771276.1935831831,0.21359223300970875,0.8846153846153846,0.21568627450980393,0.21153846153846154,81,0.21153846153846154,0.3269230769230769
107711.74708358629,766336.7500172307,0.19801980198019803,0.8846153846153846,0.20408163265306123,0.19230769230769232,81,0.19230769230769232,0.3076923076923077
99227.44873576658,757852.451669411,0.23529411764705882,0.8888888888888888,0.24,0.23076923076923078,78,0.23076923076923078,0.34615384615384615
97531.47021924355,756156.473152888,0.2156862745098039,0.886039886039886,0.22,0.21153846153846154,80,0.21153846153846154,0.34615384615384615
91942.31376978452,750567.316703429,0.26,0.8945868945868946,0.2708333333333333,0.25,74,0.25,0.38461538461538464
84649.52139741811,743274.5243310626,0.25,0.8888888888888888,0.25,0.25,78,0.25,0.38461538461538464
76954.09734460863,735579.1002782531,0.30303030303030304,0.9017094017094017,0.3191489361702128,0.28846153846153844,69,0.28846153846153844,0.40384615384615385
68074.90290309605,726699.9058367405,0.31067961165048547,0.8988603988603988,0.3137254901960784,0.3076923076923077,71,0.3076923076923077,0.4230769230769231
67877.53546002996,726502.5383936744,0.3076923076923077,0.8974358974358975,0.3076923076923077,0.3076923076923077,72,0.3076923076923077,0.4230769230769231
65318.743467445485,723943.74640109,0.29411764705882354,0.8974358974358975,0.3,0.28846153846153844,72,0.28846153846153844,0.40384615384615385
63092.71662485204,721717.7195584965,0.31067961165048547,0.8988603988603988,0.3137254901960784,0.3076923076923077,71,0.3076923076923077,0.4230769230769231
62425.33383624011,721050.3367698846,0.3269230769230769,0.9002849002849003,0.3269230769230769,0.3269230769230769,70,0.3269230769230769,0.4423076923076923
61888.36580107454,720513.368734719,0.30303030303030304,0.9017094017094017,0.3191489361702128,0.28846153846153844,69,0.28846153846153844,0.4230769230769231
54178.59252767719,712803.5954613216,0.32380952380952377,0.8988603988603988,0.32075471698113206,0.3269230769230769,71,0.3269230769230769,0.4423076923076923
50521.58416079823,709146.5870944427,0.32075471698113206,0.8974358974358975,0.3148148148148148,0.3269230769230769,72,0.3269230769230769,0.46153846153846156
48772.99429069809,707397.9972243425,0.3269230769230769,0.9002849002849003,0.3269230769230769,0.3269230769230769,70,0.3269230769230769,0.46153846153846156
47358.88666227576,705983.8895959202,0.3762376237623762,0.9102564102564102,0.3877551020408163,0.36538461538461536,63,0.36538461538461536,0.5
44362.912165783695,702987.9150994282,0.3653846153846153,0.905982905982906,0.36538461538461536,0.36538461538461536,66,0.36538461538461536,0.5
42555.165009632125,701180.1679432766,0.3653846153846153,0.905982905982906,0.36538461538461536,0.36538461538461536,66,0.36538461538461536,0.5
42555.165009632125,701180.1679432766,0.3653846153846153,0.905982905982906,0.36538461538461536,0.36538461538461536,66,0.36538461538461536,0.5
41520.45096126909,700145.4538949135,0.3584905660377358,0.9031339031339032,0.35185185185185186,0.36538461538461536,68,0.36538461538461536,0.5384615384615384
41144.270627678605,699769.2735613231,0.3636363636363637,0.9002849002849003,0.3448275862068966,0.38461538461538464,70,0.38461538461538464,0.5384615384615384
38747.572014557314,697372.5749482018,0.3962264150943396,0.9088319088319088,0.3888888888888889,0.40384615384615385,64,0.40384615384615385,0.5192307692307693
38201.83869399375,696826.8416276382,0.3636363636363637,0.9002849002849003,0.3448275862068966,0.38461538461538464,70,0.38461538461538464,0.5192307692307693
35324.36065388378,693949.3635875282,0.37383177570093457,0.9045584045584045,0.36363636363636365,0.38461538461538464,67,0.38461538461538464,0.5192307692307693
32715.622100090026,691340.6250337345,0.3669724770642202,0.9017094017094017,0.3508771929824561,0.38461538461538464,69,0.38461538461538464,0.5192307692307693
31373.892120288918,689998.8950539334,0.3818181818181818,0.9031339031339032,0.3620689655172414,0.40384615384615385,68,0.40384615384615385,0.5384615384615384
31017.39045990724,689642.3933935517,0.3783783783783784,0.9017094017094017,0.3559322033898305,0.40384615384615385,69,0.40384615384615385,0.5384615384615384
29917.20308170514,688542.2060153496,0.3571428571428571,0.8974358974358975,0.3333333333333333,0.38461538461538464,72,0.38461538461538464,0.5576923076923077
27613.580824945937,686238.5837585904,0.35398230088495575,0.896011396011396,0.32786885245901637,0.38461538461538464,73,0.38461538461538464,0.5576923076923077
24989.72878936201,683614.7317230065,0.375,0.9002849002849003,0.35,0.40384615384615385,70,0.40384615384615385,0.5576923076923077
23859.581271611503,682484.584205256,0.3853211009174312,0.9045584045584045,0.3684210526315789,0.40384615384615385,67,0.40384615384615385,0.5576923076923077
21887.312895975076,680512.3158296195,0.375,0.9002849002849003,0.35,0.40384615384615385,70,0.40384615384615385,0.5576923076923077
20910.961147179827,679535.9640808243,0.3818181818181818,0.9031339031339032,0.3620689655172414,0.40384615384615385,68,0.40384615384615385,0.5576923076923077
20584.45707167103,679209.4600053155,0.3853211009174312,0.9045584045584045,0.3684210526315789,0.40384615384615385,67,0.40384615384615385,0.5576923076923077
19762.947245217976,678387.9501788624,0.3818181818181818,0.9031339031339032,0.3620689655172414,0.40384615384615385,68,0.40384615384615385,0.5576923076923077
19641.618828448118,678266.6217620926,0.3818181818181818,0.9031339031339032,0.3620689655172414,0.40384615384615385,68,0.40384615384615385,0.5576923076923077
19342.852756311535,677967.855689956,0.38888888888888895,0.905982905982906,0.375,0.40384615384615385,66,0.40384615384615385,0.5576923076923077
18594.427789319074,677219.4307229635,0.3818181818181818,0.9031339031339032,0.3620689655172414,0.40384615384615385,68,0.40384615384615385,0.5769230769230769
18099.10655762232,676724.1094912668,0.3925233644859813,0.9074074074074074,0.38181818181818183,0.40384615384615385,65,0.40384615384615385,0.5769230769230769
17225.84687180689,675850.8498054513,0.38888888888888895,0.905982905982906,0.375,0.40384615384615385,66,0.40384615384615385,0.5961538461538461
17194.755634312518,675819.758567957,0.38888888888888895,0.905982905982906,0.375,0.40384615384615385,66,0.40384615384615385,0.5961538461538461
17012.854545264854,675637.8574789093,0.38888888888888895,0.905982905982906,0.375,0.40384615384615385,66,0.40384615384615385,0.5961538461538461
16554.21680508775,675179.2197387322,0.3925233644859813,0.9074074074074074,0.38181818181818183,0.40384615384615385,65,0.40384615384615385,0.5961538461538461
16517.293565285858,675142.2964989303,0.3962264150943396,0.9088319088319088,0.3888888888888889,0.40384615384615385,64,0.40384615384615385,0.5961538461538461
15814.323964598356,674439.3268982428,0.4074074074074074,0.9088319088319088,0.39285714285714285,0.4230769230769231,64,0.4230769230769231,0.6153846153846154
13939.770741264103,672564.7736749086,0.4074074074074074,0.9088319088319088,0.39285714285714285,0.4230769230769231,64,0.4230769230769231,0.6153846153846154
13939.770741264103,672564.7736749086,0.4074074074074074,0.9088319088319088,0.39285714285714285,0.4230769230769231,64,0.4230769230769231,0.6153846153846154
12848.91729845421,671473.9202320987,0.42201834862385323,0.9102564102564102,0.40350877192982454,0.4423076923076923,63,0.4423076923076923,0.6346153846153846
12848.91729845421,671473.9202320987,0.42201834862385323,0.9102564102564102,0.40350877192982454,0.4423076923076923,63,0.4423076923076923,0.6346153846153846
12641.336998092826,671266.3399317373,0.41818181818181815,0.9088319088319088,0.39655172413793105,0.4423076923076923,64,0.4423076923076923,0.6346153846153846
12156.58685878513,670781.5897924296,0.4299065420560747,0.9131054131054132,0.41818181818181815,0.4423076923076923,61,0.4423076923076923,0.6346153846153846
12156.58685878513,670781.5897924296,0.4299065420560747,0.9131054131054132,0.41818181818181815,0.4423076923076923,61,0.4423076923076923,0.6346153846153846
12053.443895068136,670678.4468287126,0.4299065420560747,0.9131054131054132,0.41818181818181815,0.4423076923076923,61,0.4423076923076923,0.6346153846153846
12053.443895068136,670678.4468287126,0.4299065420560747,0.9131054131054132,0.41818181818181815,0.4423076923076923,61,0.4423076923076923,0.6346153846153846
11599.295396648231,670224.2983302927,0.42592592592592593,0.9116809116809117,0.4107142857142857,0.4423076923076923,62,0.4423076923076923,0.6346153846153846
11408.045249988325,670033.0481836328,0.42592592592592593,0.9116809116809117,0.4107142857142857,0.4423076923076923,62,0.4423076923076923,0.6346153846153846
11391.252199505805,670016.2551331503,0.42592592592592593,0.9116809116809117,0.4107142857142857,0.4423076923076923,62,0.4423076923076923,0.6346153846153846
11266.873911049217,669891.8768446937,0.42201834862385323,0.9102564102564102,0.40350877192982454,0.4423076923076923,63,0.4423076923076923,0.6346153846153846
11196.581165321637,669821.5840989661,0.4144144144144144,0.9074074074074074,0.3898305084745763,0.4423076923076923,65,0.4423076923076923,0.6346153846153846
10873.097819334245,669498.1007529787,0.42592592592592593,0.9116809116809117,0.4107142857142857,0.4423076923076923,62,0.4423076923076923,0.6346153846153846
10364.701275908854,668989.7042095533,0.4299065420560747,0.9131054131054132,0.41818181818181815,0.4423076923076923,61,0.4423076923076923,0.6346153846153846
10364.701275908854,668989.7042095533,0.4299065420560747,0.9131054131054132,0.41818181818181815,0.4423076923076923,61,0.4423076923076923,0.6346153846153846
10331.387816964532,668956.390750609,0.4339622641509434,0.9145299145299145,0.42592592592592593,0.4423076923076923,60,0.4423076923076923,0.6346153846153846
9822.99127353914,668447.9942071836,0.4380952380952381,0.915954415954416,0.4339622641509434,0.4423076923076923,59,0.4423076923076923,0.6346153846153846
9733.923221219564,668358.926154864,0.4339622641509434,0.9145299145299145,0.42592592592592593,0.4423076923076923,60,0.4423076923076923,0.6346153846153846
9728.999533688999,668354.0024673335,0.4380952380952381,0.915954415954416,0.4339622641509434,0.4423076923076923,59,0.4423076923076923,0.6346153846153846
9728.999533688999,668354.0024673335,0.4380952380952381,0.915954415954416,0.4339622641509434,0.4423076923076923,59,0.4423076923076923,0.6346153846153846
9728.999533688999,668354.0024673335,0.4380952380952381,0.915954415954416,0.4339622641509434,0.4423076923076923,59,0.4423076923076923,0.6346153846153846
9576.701068650582,668201.704002295,0.4380952380952381,0.915954415954416,0.4339622641509434,0.4423076923076923,59,0.4423076923076923,0.6346153846153846
9284.790781367337,667909.7937150118,0.4339622641509434,0.9145299145299145,0.42592592592592593,0.4423076923076923,60,0.4423076923076923,0.6346153846153846
9284.790781367337,667909.7937150118,0.4339622641509434,0.9145299145299145,0.42592592592592593,0.4423076923076923,60,0.4423076923076923,0.6346153846153846
9259.927116278559,667884.930049923,0.4339622641509434,0.9145299145299145,0.42592592592592593,0.4423076923076923,60,0.4423076923076923,0.6346153846153846
9242.748027779395,667867.7509614239,0.4528301886792453,0.9173789173789174,0.4444444444444444,0.46153846153846156,58,0.46153846153846156,0.6538461538461539
9182.580245725228,667807.5831793697,0.4485981308411215,0.915954415954416,0.43636363636363634,0.46153846153846156,59,0.46153846153846156,0.6538461538461539
9011.61479095323,667636.6177245977,0.45714285714285713,0.9188034188034188,0.4528301886792453,0.46153846153846156,57,0.46153846153846156,0.6346153846153846
8987.606452896725,667612.6093865412,0.4716981132075472,0.9202279202279202,0.46296296296296297,0.4807692307692308,56,0.4807692307692308,0.6538461538461539
8987.606452896725,667612.6093865412,0.4716981132075472,0.9202279202279202,0.46296296296296297,0.4807692307692308,56,0.4807692307692308,0.6538461538461539
8924.087145699072,667549.0900793435,0.4761904761904762,0.9216524216524217,0.4716981132075472,0.4807692307692308,55,0.4807692307692308,0.6538461538461539
8858.975373425637,667483.9783070701,0.4761904761904762,0.9216524216524217,0.4716981132075472,0.4807692307692308,55,0.4807692307692308,0.6538461538461539
8796.510690772324,667421.5136244168,0.48598130841121495,0.9216524216524217,0.4727272727272727,0.5,55,0.5,0.6730769230769231
8796.510690772324,667421.5136244168,0.48598130841121495,0.9216524216524217,0.4727272727272727,0.5,55,0.5,0.6730769230769231
8672.157879899722,667297.1608135442,0.49523809523809526,0.9245014245014245,0.49056603773584906,0.5,53,0.5,0.6730769230769231
8672.157879899722,667297.1608135442,0.49523809523809526,0.9245014245014245,0.49056603773584906,0.5,53,0.5,0.6730769230769231
7922.773555158055,666547.7764888025,0.5,0.9259259259259259,0.5,0.5,52,0.5,0.6730769230769231
7922.773555158055,666547.7764888025,0.5,0.9259259259259259,0.5,0.5,52,0.5,0.6730769230769231
7922.773555158055,666547.7764888025,0.5,0.9259259259259259,0.5,0.5,52,0.5,0.6730769230769231
7922.773555158055,666547.7764888025,0.5,0.9259259259259259,0.5,0.5,52,0.5,0.6730769230769231
7922.773555158055,666547.7764888025,0.5,0.9259259259259259,0.5,0.5,52,0.5,0.6730769230769231
7922.773555158055,666547.7764888025,0.5,0.9259259259259259,0.5,0.5,52,0.5,0.6730769230769231
7904.691442346899,666529.6943759914,0.49523809523809526,0.9245014245014245,0.49056603773584906,0.5,53,0.5,0.6730769230769231
7599.0720141862985,666224.0749478308,0.49056603773584906,0.9230769230769231,0.48148148148148145,0.5,54,0.5,0.6730769230769231
7526.1229504192015,666151.1258840637,0.49523809523809526,0.9245014245014245,0.49056603773584906,0.5,53,0.5,0.6730769230769231
7526.1229504192015,666151.1258840637,0.49523809523809526,0.9245014245014245,0.49056603773584906,0.5,53,0.5,0.6730769230769231
7439.530005062115,666064.5329387066,0.49523809523809526,0.9245014245014245,0.49056603773584906,0.5,53,0.5,0.6730769230769231
6569.754988556146,665194.7579222006,0.5142857142857143,0.9273504273504274,0.5094339622641509,0.5192307692307693,51,0.5192307692307693,0.6730769230769231
6483.16204319906,665108.1649768435,0.5142857142857143,0.9273504273504274,0.5094339622641509,0.5192307692307693,51,0.5192307692307693,0.6730769230769231
6395.389412847348,665020.3923464918,0.5046728971962617,0.9245014245014245,0.4909090909090909,0.5192307692307693,53,0.5192307692307693,0.6730769230769231
5937.505114160944,664562.5080478054,0.509433962264151,0.9259259259259259,0.5,0.5192307692307693,52,0.5192307692307693,0.6730769230769231
5900.1629244716605,664525.1658581161,0.49090909090909085,0.9202279202279202,0.46551724137931033,0.5192307692307693,56,0.5192307692307693,0.6923076923076923
5896.568044141401,664521.5709777859,0.5142857142857143,0.9273504273504274,0.5094339622641509,0.5192307692307693,51,0.5192307692307693,0.6730769230769231
5896.568044141401,664521.5709777859,0.5142857142857143,0.9273504273504274,0.5094339622641509,0.5192307692307693,51,0.5192307692307693,0.6730769230769231
5506.208000374958,664131.2109340194,0.509433962264151,0.9259259259259259,0.5,0.5192307692307693,52,0.5192307692307693,0.6923076923076923
5506.208000374958,664131.2109340194,0.509433962264151,0.9259259259259259,0.5,0.5192307692307693,52,0.5192307692307693,0.6923076923076923
5466.162858943688,664091.1657925881,0.5,0.9230769230769231,0.48214285714285715,0.5192307692307693,54,0.5192307692307693,0.6923076923076923
5345.571786753833,663970.5747203983,0.5046728971962617,0.9245014245014245,0.4909090909090909,0.5192307692307693,53,0.5192307692307693,0.6923076923076923
5345.571786753833,663970.5747203983,0.5046728971962617,0.9245014245014245,0.4909090909090909,0.5192307692307693,53,0.5192307692307693,0.6923076923076923
5345.571786753833,663970.5747203983,0.5046728971962617,0.9245014245014245,0.4909090909090909,0.5192307692307693,53,0.5192307692307693,0.6923076923076923
5345.571786753833,663970.5747203983,0.5046728971962617,0.9245014245014245,0.4909090909090909,0.5192307692307693,53,0.5192307692307693,0.6923076923076923
5345.571786753833,663970.5747203983,0.5046728971962617,0.9245014245014245,0.4909090909090909,0.5192307692307693,53,0.5192307692307693,0.6923076923076923
5345.571786753833,663970.5747203983,0.5046728971962617,0.9245014245014245,0.4909090909090909,0.5192307692307693,53,0.5192307692307693,0.6923076923076923
5345.571786753833,663970.5747203983,0.5046728971962617,0.9245014245014245,0.4909090909090909,0.5192307692307693,53,0.5192307692307693,0.6923076923076923
5330.770383381052,663955.7733170255,0.509433962264151,0.9259259259259259,0.5,0.5192307692307693,52,0.5192307692307693,0.6923076923076923
5330.770383381052,663955.7733170255,0.509433962264151,0.9259259259259259,0.5,0.5192307692307693,52,0.5192307692307693,0.6923076923076923
5116.991601092159,663741.9945347366,0.5233644859813084,0.9273504273504274,0.509090909090909,0.5384615384615384,51,0.5384615384615384,0.7115384615384616
5116.991601092159,663741.9945347366,0.5233644859813084,0.9273504273504274,0.509090909090909,0.5384615384615384,51,0.5384615384615384,0.7115384615384616
5116.991601092159,663741.9945347366,0.5233644859813084,0.9273504273504274,0.509090909090909,0.5384615384615384,51,0.5384615384615384,0.7115384615384616
5116.991601092159,663741.9945347366,0.5233644859813084,0.9273504273504274,0.509090909090909,0.5384615384615384,51,0.5384615384615384,0.7115384615384616
5033.034276788239,663658.0372104327,0.537037037037037,0.9287749287749287,0.5178571428571429,0.5576923076923077,50,0.5576923076923077,0.7307692307692307
5033.034276788239,663658.0372104327,0.537037037037037,0.9287749287749287,0.5178571428571429,0.5576923076923077,50,0.5576923076923077,0.7307692307692307
4770.629480727715,663395.6324143722,0.5504587155963302,0.9301994301994302,0.5263157894736842,0.5769230769230769,49,0.5769230769230769,0.75
4770.629480727715,663395.6324143722,0.5504587155963302,0.9301994301994302,0.5263157894736842,0.5769230769230769,49,0.5769230769230769,0.75
4770.629480727715,663395.6324143722,0.5504587155963302,0.9301994301994302,0.5263157894736842,0.5769230769230769,49,0.5769230769230769,0.75
4770.629480727715,663395.6324143722,0.5504587155963302,0.9301994301994302,0.5263157894736842,0.5769230769230769,49,0.5769230769230769,0.75
4770.629480727715,663395.6324143722,0.5504587155963302,0.9301994301994302,0.5263157894736842,0.5769230769230769,49,0.5769230769230769,0.75
4770.629480727715,663395.6324143722,0.5504587155963302,0.9301994301994302,0.5263157894736842,0.5769230769230769,49,0.5769230769230769,0.75
4770.629480727715,663395.6324143722,0.5504587155963302,0.9301994301994302,0.5263157894736842,0.5769230769230769,49,0.5769230769230769,0.75
4770.629480727715,663395.6324143722,0.5504587155963302,0.9301994301994302,0.5263157894736842,0.5769230769230769,49,0.5769230769230769,0.75
4770.629480727715,663395.6324143722,0.5504587155963302,0.9301994301994302,0.5263157894736842,0.5769230769230769,49,0.5769230769230769,0.75
4764.543593132752,663389.5465267772,0.5555555555555555,0.9316239316239316,0.5357142857142857,0.5769230769230769,48,0.5769230769230769,0.75
4764.543593132752,663389.5465267772,0.5555555555555555,0.9316239316239316,0.5357142857142857,0.5769230769230769,48,0.5769230769230769,0.75
4764.543593132752,663389.5465267772,0.5555555555555555,0.9316239316239316,0.5357142857142857,0.5769230769230769,48,0.5769230769230769,0.75
4764.543593132752,663389.5465267772,0.5555555555555555,0.9316239316239316,0.5357142857142857,0.5769230769230769,48,0.5769230769230769,0.75
4764.543593132752,663389.5465267772,0.5555555555555555,0.9316239316239316,0.5357142857142857,0.5769230769230769,48,0.5769230769230769,0.75
4728.683010544861,663353.6859441893,0.5504587155963302,0.9301994301994302,0.5263157894736842,0.5769230769230769,49,0.5769230769230769,0.7692307692307693
4728.683010544861,663353.6859441893,0.5504587155963302,0.9301994301994302,0.5263157894736842,0.5769230769230769,49,0.5769230769230769,0.7692307692307693
4538.458593273652,663163.4615269181,0.5555555555555555,0.9316239316239316,0.5357142857142857,0.5769230769230769,48,0.5769230769230769,0.7692307692307693
4538.458593273652,663163.4615269181,0.5555555555555555,0.9316239316239316,0.5357142857142857,0.5769230769230769,48,0.5769230769230769,0.7692307692307693
4538.458593273652,663163.4615269181,0.5555555555555555,0.9316239316239316,0.5357142857142857,0.5769230769230769,48,0.5769230769230769,0.7692307692307693
4459.235988202621,663084.2389218471,0.5555555555555555,0.9316239316239316,0.5357142857142857,0.5769230769230769,48,0.5769230769230769,0.7692307692307693
4444.43458482984,663069.4375184743,0.5607476635514018,0.9330484330484331,0.5454545454545454,0.5769230769230769,47,0.5769230769230769,0.7692307692307693
4444.43458482984,663069.4375184743,0.5607476635514018,0.9330484330484331,0.5454545454545454,0.5769230769230769,47,0.5769230769230769,0.7692307692307693
4444.43458482984,663069.4375184743,0.5607476635514018,0.9330484330484331,0.5454545454545454,0.5769230769230769,47,0.5769230769230769,0.7692307692307693
4444.43458482984,663069.4375184743,0.5607476635514018,0.9330484330484331,0.5454545454545454,0.5769230769230769,47,0.5769230769230769,0.7692307692307693
4444.43458482984,663069.4375184743,0.5607476635514018,0.9330484330484331,0.5454545454545454,0.5769230769230769,47,0.5769230769230769,0.7692307692307693
4444.43458482984,663069.4375184743,0.5607476635514018,0.9330484330484331,0.5454545454545454,0.5769230769230769,47,0.5769230769230769,0.7692307692307693
4444.43458482984,663069.4375184743,0.5607476635514018,0.9330484330484331,0.5454545454545454,0.5769230769230769,47,0.5769230769230769,0.7692307692307693
4444.43458482984,663069.4375184743,0.5607476635514018,0.9330484330484331,0.5454545454545454,0.5769230769230769,47,0.5769230769230769,0.7692307692307693
4444.43458482984,663069.4375184743,0.5607476635514018,0.9330484330484331,0.5454545454545454,0.5769230769230769,47,0.5769230769230769,0.7692307692307693
4444.43458482984,663069.4375184743,0.5607476635514018,0.9330484330484331,0.5454545454545454,0.5769230769230769,47,0.5769230769230769,0.7692307692307693
4444.43458482984,663069.4375184743,0.5607476635514018,0.9330484330484331,0.5454545454545454,0.5769230769230769,47,0.5769230769230769,0.7692307692307693
4444.43458482984,663069.4375184743,0.5607476635514018,0.9330484330484331,0.5454545454545454,0.5769230769230769,47,0.5769230769230769,0.7692307692307693
4444.43458482984,663069.4375184743,0.5607476635514018,0.9330484330484331,0.5454545454545454,0.5769230769230769,47,0.5769230769230769,0.7692307692307693
4444.43458482984,663069.4375184743,0.5607476635514018,0.9330484330484331,0.5454545454545454,0.5769230769230769,47,0.5769230769230769,0.7692307692307693
4444.43458482984,663069.4375184743,0.5607476635514018,0.9330484330484331,0.5454545454545454,0.5769230769230769,47,0.5769230769230769,0.7692307692307693
4432.743504780694,663057.7464384252,0.5471698113207548,0.9316239316239316,0.5370370370370371,0.5576923076923077,48,0.5576923076923077,0.75
4432.743504780694,663057.7464384252,0.5471698113207548,0.9316239316239316,0.5370370370370371,0.5576923076923077,48,0.5576923076923077,0.75
4432.743504780694,663057.7464384252,0.5471698113207548,0.9316239316239316,0.5370370370370371,0.5576923076923077,48,0.5576923076923077,0.75
4432.743504780694,663057.7464384252,0.5471698113207548,0.9316239316239316,0.5370370370370371,0.5576923076923077,48,0.5576923076923077,0.75
4432.743504780694,663057.7464384252,0.5471698113207548,0.9316239316239316,0.5370370370370371,0.5576923076923077,48,0.5576923076923077,0.75
4432.743504780694,663057.7464384252,0.5471698113207548,0.9316239316239316,0.5370370370370371,0.5576923076923077,48,0.5576923076923077,0.75
4426.735492298263,663051.7384259427,0.5420560747663552,0.9301994301994302,0.5272727272727272,0.5576923076923077,49,0.5576923076923077,0.75
4426.564751950675,663051.5676855951,0.537037037037037,0.9287749287749287,0.5178571428571429,0.5576923076923077,50,0.5576923076923077,0.75
4426.564751950675,663051.5676855951,0.537037037037037,0.9287749287749287,0.5178571428571429,0.5576923076923077,50,0.5576923076923077,0.75
4426.564751950675,663051.5676855951,0.537037037037037,0.9287749287749287,0.5178571428571429,0.5576923076923077,50,0.5576923076923077,0.75
4426.564751950675,663051.5676855951,0.537037037037037,0.9287749287749287,0.5178571428571429,0.5576923076923077,50,0.5576923076923077,0.75
4426.564751950675,663051.5676855951,0.537037037037037,0.9287749287749287,0.5178571428571429,0.5576923076923077,50,0.5576923076923077,0.75
4426.564751950675,663051.5676855951,0.537037037037037,0.9287749287749287,0.5178571428571429,0.5576923076923077,50,0.5576923076923077,0.75
4426.564751950675,663051.5676855951,0.537037037037037,0.9287749287749287,0.5178571428571429,0.5576923076923077,50,0.5576923076923077,0.75
4426.564751950675,663051.5676855951,0.537037037037037,0.9287749287749287,0.5178571428571429,0.5576923076923077,50,0.5576923076923077,0.75
4426.564751950675,663051.5676855951,0.537037037037037,0.9287749287749287,0.5178571428571429,0.5576923076923077,50,0.5576923076923077,0.75
4426.564751950558,663051.567685595,0.537037037037037,0.9287749287749287,0.5178571428571429,0.5576923076923077,50,0.5576923076923077,0.75
4426.564751950558,663051.567685595,0.537037037037037,0.9287749287749287,0.5178571428571429,0.5576923076923077,50,0.5576923076923077,0.75
4426.564751950558,663051.567685595,0.537037037037037,0.9287749287749287,0.5178571428571429,0.5576923076923077,50,0.5576923076923077,0.75
4426.564751950558,663051.567685595,0.537037037037037,0.9287749287749287,0.5178571428571429,0.5576923076923077,50,0.5576923076923077,0.75
4426.564751950558,663051.567685595,0.537037037037037,0.9287749287749287,0.5178571428571429,0.5576923076923077,50,0.5576923076923077,0.75
4426.564751950558,663051.567685595,0.537037037037037,0.9287749287749287,0.5178571428571429,0.5576923076923077,50,0.5576923076923077,0.75
4426.564751950558,663051.567685595,0.537037037037037,0.9287749287749287,0.5178571428571429,0.5576923076923077,50,0.5576923076923077,0.75
4426.564751950558,663051.567685595,0.537037037037037,0.9287749287749287,0.5178571428571429,0.5576923076923077,50,0.5576923076923077,0.75
4426.564751950558,663051.567685595,0.537037037037037,0.9287749287749287,0.5178571428571429,0.5576923076923077,50,0.5576923076923077,0.75
4426.564751950558,663051.567685595,0.537037037037037,0.9287749287749287,0.5178571428571429,0.5576923076923077,50,0.5576923076923077,0.75
4426.564751950558,663051.567685595,0.537037037037037,0.9287749287749287,0.5178571428571429,0.5576923076923077,50,0.5576923076923077,0.75
4399.561743751983,663024.5646773964,0.537037037037037,0.9287749287749287,0.5178571428571429,0.5576923076923077,50,0.5576923076923077,0.75
4399.561743751983,663024.5646773964,0.537037037037037,0.9287749287749287,0.5178571428571429,0.5576923076923077,50,0.5576923076923077,0.75
4399.561743751983,663024.5646773964,0.537037037037037,0.9287749287749287,0.5178571428571429,0.5576923076923077,50,0.5576923076923077,0.75
4399.561743751983,663024.5646773964,0.537037037037037,0.9287749287749287,0.5178571428571429,0.5576923076923077,50,0.5576923076923077,0.75
4399.561743751983,663024.5646773964,0.537037037037037,0.9287749287749287,0.5178571428571429,0.5576923076923077,50,0.5576923076923077,0.75
4399.561743751983,663024.5646773964,0.537037037037037,0.9287749287749287,0.5178571428571429,0.5576923076923077,50,0.5576923076923077,0.75
4399.561743751983,663024.5646773964,0.537037037037037,0.9287749287749287,0.5178571428571429,0.5576923076923077,50,0.5576923076923077,0.75
4399.561743751983,663024.5646773964,0.537037037037037,0.9287749287749287,0.5178571428571429,0.5576923076923077,50,0.5576923076923077,0.75
4399.561743751983,663024.5646773964,0.537037037037037,0.9287749287749287,0.5178571428571429,0.5576923076923077,50,0.5576923076923077,0.75
4345.98131058563,662970.9842442301,0.5321100917431193,0.9273504273504274,0.5087719298245614,0.5576923076923077,51,0.5576923076923077,0.75
4345.98131058563,662970.9842442301,0.5321100917431193,0.9273504273504274,0.5087719298245614,0.5576923076923077,51,0.5576923076923077,0.75
4345.98131058563,662970.9842442301,0.5321100917431193,0.9273504273504274,0.5087719298245614,0.5576923076923077,51,0.5576923076923077,0.75
4345.98131058563,662970.9842442301,0.5321100917431193,0.9273504273504274,0.5087719298245614,0.5576923076923077,51,0.5576923076923077,0.75
4345.98131058563,662970.9842442301,0.5321100917431193,0.9273504273504274,0.5087719298245614,0.5576923076923077,51,0.5576923076923077,0.75
4345.98131058563,662970.9842442301,0.5321100917431193,0.9273504273504274,0.5087719298245614,0.5576923076923077,51,0.5576923076923077,0.75
4345.98131058563,662970.9842442301,0.5321100917431193,0.9273504273504274,0.5087719298245614,0.5576923076923077,51,0.5576923076923077,0.75
4345.98131058563,662970.9842442301,0.5321100917431193,0.9273504273504274,0.5087719298245614,0.5576923076923077,51,0.5576923076923077,0.75
4345.98131058563,662970.9842442301,0.5321100917431193,0.9273504273504274,0.5087719298245614,0.5576923076923077,51,0.5576923076923077,0.75
4345.98131058563,662970.9842442301,0.5321100917431193,0.9273504273504274,0.5087719298245614,0.5576923076923077,51,0.5576923076923077,0.75
4345.98131058563,662970.9842442301,0.5321100917431193,0.9273504273504274,0.5087719298245614,0.5576923076923077,51,0.5576923076923077,0.75
4345.98131058563,662970.9842442301,0.5321100917431193,0.9273504273504274,0.5087719298245614,0.5576923076923077,51,0.5576923076923077,0.75
4345.98131058563,662970.9842442301,0.5321100917431193,0.9273504273504274,0.5087719298245614,0.5576923076923077,51,0.5576923076923077,0.75
4345.98131058563,662970.9842442301,0.5321100917431193,0.9273504273504274,0.5087719298245614,0.5576923076923077,51,0.5576923076923077,0.75
4345.98131058563,662970.9842442301,0.5321100917431193,0.9273504273504274,0.5087719298245614,0.5576923076923077,51,0.5576923076923077,0.75
4345.98131058563,662970.9842442301,0.5321100917431193,0.9273504273504274,0.5087719298245614,0.5576923076923077,51,0.5576923076923077,0.75
4345.98131058563,662970.9842442301,0.5321100917431193,0.9273504273504274,0.5087719298245614,0.5576923076923077,51,0.5576923076923077,0.75
4345.98131058563,662970.9842442301,0.5321100917431193,0.9273504273504274,0.5087719298245614,0.5576923076923077,51,0.5576923076923077,0.75
4345.98131058563,662970.9842442301,0.5321100917431193,0.9273504273504274,0.5087719298245614,0.5576923076923077,51,0.5576923076923077,0.75
4345.98131058563,662970.9842442301,0.5321100917431193,0.9273504273504274,0.5087719298245614,0.5576923076923077,51,0.5576923076923077,0.75
4345.98131058563,662970.9842442301,0.5321100917431193,0.9273504273504274,0.5087719298245614,0.5576923076923077,51,0.5576923076923077,0.75
4345.98131058563,662970.9842442301,0.5321100917431193,0.9273504273504274,0.5087719298245614,0.5576923076923077,51,0.5576923076923077,0.75
4345.98131058563,662970.9842442301,0.5321100917431193,0.9273504273504274,0.5087719298245614,0.5576923076923077,51,0.5576923076923077,0.75
4345.98131058563,662970.9842442301,0.5321100917431193,0.9273504273504274,0.5087719298245614,0.5576923076923077,51,0.5576923076923077,0.75
4345.98131058563,662970.9842442301,0.5321100917431193,0.9273504273504274,0.5087719298245614,0.5576923076923077,51,0.5576923076923077,0.75
4345.98131058563,662970.9842442301,0.5321100917431193,0.9273504273504274,0.5087719298245614,0.5576923076923077,51,0.5576923076923077,0.75
4345.98131058563,662970.9842442301,0.5321100917431193,0.9273504273504274,0.5087719298245614,0.5576923076923077,51,0.5576923076923077,0.75
4345.98131058563,662970.9842442301,0.5321100917431193,0.9273504273504274,0.5087719298245614,0.5576923076923077,51,0.5576923076923077,0.75
4345.98131058563,662970.9842442301,0.5321100917431193,0.9273504273504274,0.5087719298245614,0.5576923076923077,51,0.5576923076923077,0.75
4345.98131058563,662970.9842442301,0.5321100917431193,0.9273504273504274,0.5087719298245614,0.5576923076923077,51,0.5576923076923077,0.75
4345.98131058563,662970.9842442301,0.5321100917431193,0.9273504273504274,0.5087719298245614,0.5576923076923077,51,0.5576923076923077,0.75
4345.98131058563,662970.9842442301,0.5321100917431193,0.9273504273504274,0.5087719298245614,0.5576923076923077,51,0.5576923076923077,0.75
4306.636841285741,662931.6397749302,0.5321100917431193,0.9273504273504274,0.5087719298245614,0.5576923076923077,51,0.5576923076923077,0.75
4306.636841285741,662931.6397749302,0.5321100917431193,0.9273504273504274,0.5087719298245614,0.5576923076923077,51,0.5576923076923077,0.75
4306.636841285741,662931.6397749302,0.5321100917431193,0.9273504273504274,0.5087719298245614,0.5576923076923077,51,0.5576923076923077,0.75
4306.636841285741,662931.6397749302,0.5321100917431193,0.9273504273504274,0.5087719298245614,0.5576923076923077,51,0.5576923076923077,0.75
4306.636841285741,662931.6397749302,0.5321100917431193,0.9273504273504274,0.5087719298245614,0.5576923076923077,51,0.5576923076923077,0.75
4306.636841285741,662931.6397749302,0.5321100917431193,0.9273504273504274,0.5087719298245614,0.5576923076923077,51,0.5576923076923077,0.75
4306.636841285741,662931.6397749302,0.5321100917431193,0.9273504273504274,0.5087719298245614,0.5576923076923077,51,0.5576923076923077,0.75
4306.636841285741,662931.6397749302,0.5321100917431193,0.9273504273504274,0.5087719298245614,0.5576923076923077,51,0.5576923076923077,0.75
4306.636841285741,662931.6397749302,0.5321100917431193,0.9273504273504274,0.5087719298245614,0.5576923076923077,51,0.5576923076923077,0.75
4306.636841285741,662931.6397749302,0.5321100917431193,0.9273504273504274,0.5087719298245614,0.5576923076923077,51,0.5576923076923077,0.75
4306.636841285741,662931.6397749302,0.5321100917431193,0.9273504273504274,0.5087719298245614,0.5576923076923077,51,0.5576923076923077,0.75
4306.636841285741,662931.6397749302,0.5321100917431193,0.9273504273504274,0.5087719298245614,0.5576923076923077,51,0.5576923076923077,0.75
4306.636841285741,662931.6397749302,0.5321100917431193,0.9273504273504274,0.5087719298245614,0.5576923076923077,51,0.5576923076923077,0.75
4306.636841285741,662931.6397749302,0.5321100917431193,0.9273504273504274,0.5087719298245614,0.5576923076923077,51,0.5576923076923077,0.75
4306.636841285741,662931.6397749302,0.5321100917431193,0.9273504273504274,0.5087719298245614,0.5576923076923077,51,0.5576923076923077,0.75
4306.636841285741,662931.6397749302,0.5321100917431193,0.9273504273504274,0.5087719298245614,0.5576923076923077,51,0.5576923076923077,0.75
4306.636841285741,662931.6397749302,0.5321100917431193,0.9273504273504274,0.5087719298245614,0.5576923076923077,51,0.5576923076923077,0.75
4306.636841285741,662931.6397749302,0.5321100917431193,0.9273504273504274,0.5087719298245614,0.5576923076923077,51,0.5576923076923077,0.75
4306.636841285741,662931.6397749302,0.5321100917431193,0.9273504273504274,0.5087719298245614,0.5576923076923077,51,0.5576923076923077,0.75
4306.636841285741,662931.6397749302,0.5321100917431193,0.9273504273504274,0.5087719298245614,0.5576923076923077,51,0.5576923076923077,0.75
4306.636841285741,662931.6397749302,0.5321100917431193,0.9273504273504274,0.5087719298245614,0.5576923076923077,51,0.5576923076923077,0.75
4306.636841285741,662931.6397749302,0.5321100917431193,0.9273504273504274,0.5087719298245614,0.5576923076923077,51,0.5576923076923077,0.75
4306.636841285741,662931.6397749302,0.5321100917431193,0.9273504273504274,0.5087719298245614,0.5576923076923077,51,0.5576923076923077,0.75
4306.636841285741,662931.6397749302,0.5321100917431193,0.9273504273504274,0.5087719298245614,0.5576923076923077,51,0.5576923076923077,0.75
4306.636841285741,662931.6397749302,0.5321100917431193,0.9273504273504274,0.5087719298245614,0.5576923076923077,51,0.5576923076923077,0.75
4306.636841285741,662931.6397749302,0.5321100917431193,0.9273504273504274,0.5087719298245614,0.5576923076923077,51,0.5576923076923077,0.75
4306.636841285741,662931.6397749302,0.5321100917431193,0.9273504273504274,0.5087719298245614,0.5576923076923077,51,0.5576923076923077,0.75
4306.636841285741,662931.6397749302,0.5321100917431193,0.9273504273504274,0.5087719298245614,0.5576923076923077,51,0.5576923076923077,0.75
4306.636841285741,662931.6397749302,0.5321100917431193,0.9273504273504274,0.5087719298245614,0.5576923076923077,51,0.5576923076923077,0.75
4306.636841285741,662931.6397749302,0.5321100917431193,0.9273504273504274,0.5087719298245614,0.5576923076923077,51,0.5576923076923077,0.75
4306.636841285741,662931.6397749302,0.5321100917431193,0.9273504273504274,0.5087719298245614,0.5576923076923077,51,0.5576923076923077,0.75
4306.636841285741,662931.6397749302,0.5321100917431193,0.9273504273504274,0.5087719298245614,0.5576923076923077,51,0.5576923076923077,0.75
4306.636841285741,662931.6397749302,0.5321100917431193,0.9273504273504274,0.5087719298245614,0.5576923076923077,51,0.5576923076923077,0.75
4306.636841285741,662931.6397749302,0.5321100917431193,0.9273504273504274,0.5087719298245614,0.5576923076923077,51,0.5576923076923077,0.75
4306.636841285741,662931.6397749302,0.5321100917431193,0.9273504273504274,0.5087719298245614,0.5576923076923077,51,0.5576923076923077,0.75
4202.893100282759,662827.8960339272,0.5454545454545454,0.9287749287749287,0.5172413793103449,0.5769230769230769,50,0.5769230769230769,0.7692307692307693
4202.893100282759,662827.8960339272,0.5454545454545454,0.9287749287749287,0.5172413793103449,0.5769230769230769,50,0.5769230769230769,0.7692307692307693
4202.893100282759,662827.8960339272,0.5454545454545454,0.9287749287749287,0.5172413793103449,0.5769230769230769,50,0.5769230769230769,0.7692307692307693
4202.893100282759,662827.8960339272,0.5454545454545454,0.9287749287749287,0.5172413793103449,0.5769230769230769,50,0.5769230769230769,0.7692307692307693
4202.893100282759,662827.8960339272,0.5454545454545454,0.9287749287749287,0.5172413793103449,0.5769230769230769,50,0.5769230769230769,0.7692307692307693
4202.893100282759,662827.8960339272,0.5454545454545454,0.9287749287749287,0.5172413793103449,0.5769230769230769,50,0.5769230769230769,0.7692307692307693
4202.893100282759,662827.8960339272,0.5454545454545454,0.9287749287749287,0.5172413793103449,0.5769230769230769,50,0.5769230769230769,0.7692307692307693
4202.893100282759,662827.8960339272,0.5454545454545454,0.9287749287749287,0.5172413793103449,0.5769230769230769,50,0.5769230769230769,0.7692307692307693
4202.893100282759,662827.8960339272,0.5454545454545454,0.9287749287749287,0.5172413793103449,0.5769230769230769,50,0.5769230769230769,0.7692307692307693
4202.893100282759,662827.8960339272,0.5454545454545454,0.9287749287749287,0.5172413793103449,0.5769230769230769,50,0.5769230769230769,0.7692307692307693
4202.893100282759,662827.8960339272,0.5454545454545454,0.9287749287749287,0.5172413793103449,0.5769230769230769,50,0.5769230769230769,0.7692307692307693
4202.893100282759,662827.8960339272,0.5454545454545454,0.9287749287749287,0.5172413793103449,0.5769230769230769,50,0.5769230769230769,0.7692307692307693
4202.893100282759,662827.8960339272,0.5454545454545454,0.9287749287749287,0.5172413793103449,0.5769230769230769,50,0.5769230769230769,0.7692307692307693
4202.893100282759,662827.8960339272,0.5454545454545454,0.9287749287749287,0.5172413793103449,0.5769230769230769,50,0.5769230769230769,0.7692307692307693
4202.893100282759,662827.8960339272,0.5454545454545454,0.9287749287749287,0.5172413793103449,0.5769230769230769,50,0.5769230769230769,0.7692307692307693
4202.893100282759,662827.8960339272,0.5454545454545454,0.9287749287749287,0.5172413793103449,0.5769230769230769,50,0.5769230769230769,0.7692307692307693
4202.893100282759,662827.8960339272,0.5454545454545454,0.9287749287749287,0.5172413793103449,0.5769230769230769,50,0.5769230769230769,0.7692307692307693
4075.307609140873,662700.3105427853,0.5504587155963302,0.9301994301994302,0.5263157894736842,0.5769230769230769,49,0.5769230769230769,0.7692307692307693
4075.307609140873,662700.3105427853,0.5504587155963302,0.9301994301994302,0.5263157894736842,0.5769230769230769,49,0.5769230769230769,0.7692307692307693
4075.307609140873,662700.3105427853,0.5504587155963302,0.9301994301994302,0.5263157894736842,0.5769230769230769,49,0.5769230769230769,0.7692307692307693
4075.307609140873,662700.3105427853,0.5504587155963302,0.9301994301994302,0.5263157894736842,0.5769230769230769,49,0.5769230769230769,0.7692307692307693
4075.307609140873,662700.3105427853,0.5504587155963302,0.9301994301994302,0.5263157894736842,0.5769230769230769,49,0.5769230769230769,0.7692307692307693
4075.307609140873,662700.3105427853,0.5504587155963302,0.9301994301994302,0.5263157894736842,0.5769230769230769,49,0.5769230769230769,0.7692307692307693
4075.307609140873,662700.3105427853,0.5504587155963302,0.9301994301994302,0.5263157894736842,0.5769230769230769,49,0.5769230769230769,0.7692307692307693
4075.307609140873,662700.3105427853,0.5504587155963302,0.9301994301994302,0.5263157894736842,0.5769230769230769,49,0.5769230769230769,0.7692307692307693
4075.307609140873,662700.3105427853,0.5504587155963302,0.9301994301994302,0.5263157894736842,0.5769230769230769,49,0.5769230769230769,0.7692307692307693
4075.307609140873,662700.3105427853,0.5504587155963302,0.9301994301994302,0.5263157894736842,0.5769230769230769,49,0.5769230769230769,0.7692307692307693
4075.307609140873,662700.3105427853,0.5504587155963302,0.9301994301994302,0.5263157894736842,0.5769230769230769,49,0.5769230769230769,0.7692307692307693
4075.307609140873,662700.3105427853,0.5504587155963302,0.9301994301994302,0.5263157894736842,0.5769230769230769,49,0.5769230769230769,0.7692307692307693
4075.307609140873,662700.3105427853,0.5504587155963302,0.9301994301994302,0.5263157894736842,0.5769230769230769,49,0.5769230769230769,0.7692307692307693
4075.307609140873,662700.3105427853,0.5504587155963302,0.9301994301994302,0.5263157894736842,0.5769230769230769,49,0.5769230769230769,0.7692307692307693
4075.307609140873,662700.3105427853,0.5504587155963302,0.9301994301994302,0.5263157894736842,0.5769230769230769,49,0.5769230769230769,0.7692307692307693
4075.307609140873,662700.3105427853,0.5504587155963302,0.9301994301994302,0.5263157894736842,0.5769230769230769,49,0.5769230769230769,0.7692307692307693
4075.307609140873,662700.3105427853,0.5504587155963302,0.9301994301994302,0.5263157894736842,0.5769230769230769,49,0.5769230769230769,0.7692307692307693
4075.307609140873,662700.3105427853,0.5504587155963302,0.9301994301994302,0.5263157894736842,0.5769230769230769,49,0.5769230769230769,0.7692307692307693
4075.307609140873,662700.3105427853,0.5504587155963302,0.9301994301994302,0.5263157894736842,0.5769230769230769,49,0.5769230769230769,0.7692307692307693
4075.307609140873,662700.3105427853,0.5504587155963302,0.9301994301994302,0.5263157894736842,0.5769230769230769,49,0.5769230769230769,0.7692307692307693
4075.307609140873,662700.3105427853,0.5504587155963302,0.9301994301994302,0.5263157894736842,0.5769230769230769,49,0.5769230769230769,0.7692307692307693
4075.307609140873,662700.3105427853,0.5504587155963302,0.9301994301994302,0.5263157894736842,0.5769230769230769,49,0.5769230769230769,0.7692307692307693
3931.1180052340496,662556.1209388785,0.5454545454545454,0.9287749287749287,0.5172413793103449,0.5769230769230769,50,0.5769230769230769,0.7692307692307693
3847.4576297726016,662472.4605634171,0.5504587155963302,0.9301994301994302,0.5263157894736842,0.5769230769230769,49,0.5769230769230769,0.7692307692307693
3847.4576297726016,662472.4605634171,0.5504587155963302,0.9301994301994302,0.5263157894736842,0.5769230769230769,49,0.5769230769230769,0.7692307692307693
3847.4576297726016,662472.4605634171,0.5504587155963302,0.9301994301994302,0.5263157894736842,0.5769230769230769,49,0.5769230769230769,0.7692307692307693
3847.4576297726016,662472.4605634171,0.5504587155963302,0.9301994301994302,0.5263157894736842,0.5769230769230769,49,0.5769230769230769,0.7692307692307693
3847.4576297726016,662472.4605634171,0.5504587155963302,0.9301994301994302,0.5263157894736842,0.5769230769230769,49,0.5769230769230769,0.7692307692307693
3847.4576297726016,662472.4605634171,0.5504587155963302,0.9301994301994302,0.5263157894736842,0.5769230769230769,49,0.5769230769230769,0.7692307692307693
3847.4576297726016,662472.4605634171,0.5504587155963302,0.9301994301994302,0.5263157894736842,0.5769230769230769,49,0.5769230769230769,0.7692307692307693
3847.4576297726016,662472.4605634171,0.5504587155963302,0.9301994301994302,0.5263157894736842,0.5769230769230769,49,0.5769230769230769,0.7692307692307693
3847.4576297726016,662472.4605634171,0.5504587155963302,0.9301994301994302,0.5263157894736842,0.5769230769230769,49,0.5769230769230769,0.7692307692307693
3847.4576297726016,662472.4605634171,0.5504587155963302,0.9301994301994302,0.5263157894736842,0.5769230769230769,49,0.5769230769230769,0.7692307692307693
3847.4576297726016,662472.4605634171,0.5504587155963302,0.9301994301994302,0.5263157894736842,0.5769230769230769,49,0.5769230769230769,0.7692307692307693
3847.4576297726016,662472.4605634171,0.5504587155963302,0.9301994301994302,0.5263157894736842,0.5769230769230769,49,0.5769230769230769,0.7692307692307693
3843.8506613965146,662468.853595041,0.5504587155963302,0.9301994301994302,0.5263157894736842,0.5769230769230769,49,0.5769230769230769,0.7692307692307693
3784.1926430378808,662409.1955766823,0.5555555555555555,0.9316239316239316,0.5357142857142857,0.5769230769230769,48,0.5769230769230769,0.7692307692307693
3784.1926430378808,662409.1955766823,0.5555555555555555,0.9316239316239316,0.5357142857142857,0.5769230769230769,48,0.5769230769230769,0.7692307692307693
3784.1926430378808,662409.1955766823,0.5555555555555555,0.9316239316239316,0.5357142857142857,0.5769230769230769,48,0.5769230769230769,0.7692307692307693
3688.464791065664,662313.4677247101,0.5420560747663552,0.9301994301994302,0.5272727272727272,0.5576923076923077,49,0.5576923076923077,0.7692307692307693
3688.464791065664,662313.4677247101,0.5420560747663552,0.9301994301994302,0.5272727272727272,0.5576923076923077,49,0.5576923076923077,0.7692307692307693
3688.464791065664,662313.4677247101,0.5420560747663552,0.9301994301994302,0.5272727272727272,0.5576923076923077,49,0.5576923076923077,0.7692307692307693
3688.464791065664,662313.4677247101,0.5420560747663552,0.9301994301994302,0.5272727272727272,0.5576923076923077,49,0.5576923076923077,0.7692307692307693
3688.464791065664,662313.4677247101,0.5420560747663552,0.9301994301994302,0.5272727272727272,0.5576923076923077,49,0.5576923076923077,0.7692307692307693
3688.464791065664,662313.4677247101,0.5420560747663552,0.9301994301994302,0.5272727272727272,0.5576923076923077,49,0.5576923076923077,0.7692307692307693
3688.464791065664,662313.4677247101,0.5420560747663552,0.9301994301994302,0.5272727272727272,0.5576923076923077,49,0.5576923076923077,0.7692307692307693
3688.464791065664,662313.4677247101,0.5420560747663552,0.9301994301994302,0.5272727272727272,0.5576923076923077,49,0.5576923076923077,0.7692307692307693
3688.464791065664,662313.4677247101,0.5420560747663552,0.9301994301994302,0.5272727272727272,0.5576923076923077,49,0.5576923076923077,0.7692307692307693
3688.464791065664,662313.4677247101,0.5420560747663552,0.9301994301994302,0.5272727272727272,0.5576923076923077,49,0.5576923076923077,0.7692307692307693
3688.464791065664,662313.4677247101,0.5420560747663552,0.9301994301994302,0.5272727272727272,0.5576923076923077,49,0.5576923076923077,0.7692307692307693
3688.464791065664,662313.4677247101,0.5420560747663552,0.9301994301994302,0.5272727272727272,0.5576923076923077,49,0.5576923076923077,0.7692307692307693
3688.464791065664,662313.4677247101,0.5420560747663552,0.9301994301994302,0.5272727272727272,0.5576923076923077,49,0.5576923076923077,0.7692307692307693
3674.352808143478,662299.3557417879,0.537037037037037,0.9287749287749287,0.5178571428571429,0.5576923076923077,50,0.5576923076923077,0.7692307692307693
3674.352808143478,662299.3557417879,0.537037037037037,0.9287749287749287,0.5178571428571429,0.5576923076923077,50,0.5576923076923077,0.7692307692307693
3674.352808143478,662299.3557417879,0.537037037037037,0.9287749287749287,0.5178571428571429,0.5576923076923077,50,0.5576923076923077,0.7692307692307693
3674.352808143478,662299.3557417879,0.537037037037037,0.9287749287749287,0.5178571428571429,0.5576923076923077,50,0.5576923076923077,0.7692307692307693
3674.352808143478,662299.3557417879,0.537037037037037,0.9287749287749287,0.5178571428571429,0.5576923076923077,50,0.5576923076923077,0.7692307692307693
3674.352808143478,662299.3557417879,0.537037037037037,0.9287749287749287,0.5178571428571429,0.5576923076923077,50,0.5576923076923077,0.7692307692307693
3674.352808143478,662299.3557417879,0.537037037037037,0.9287749287749287,0.5178571428571429,0.5576923076923077,50,0.5576923076923077,0.7692307692307693
3674.352808143478,662299.3557417879,0.537037037037037,0.9287749287749287,0.5178571428571429,0.5576923076923077,50,0.5576923076923077,0.7692307692307693
3674.352808143478,662299.3557417879,0.537037037037037,0.9287749287749287,0.5178571428571429,0.5576923076923077,50,0.5576923076923077,0.7692307692307693
3674.352808143478,662299.3557417879,0.537037037037037,0.9287749287749287,0.5178571428571429,0.5576923076923077,50,0.5576923076923077,0.7692307692307693
3563.05140644894,662188.0543400934,0.5607476635514018,0.9330484330484331,0.5454545454545454,0.5769230769230769,47,0.5769230769230769,0.7692307692307693
3563.05140644894,662188.0543400934,0.5607476635514018,0.9330484330484331,0.5454545454545454,0.5769230769230769,47,0.5769230769230769,0.7692307692307693
3563.05140644894,662188.0543400934,0.5607476635514018,0.9330484330484331,0.5454545454545454,0.5769230769230769,47,0.5769230769230769,0.7692307692307693
3444.2030348989647,662069.2059685434,0.5660377358490566,0.9344729344729344,0.5555555555555556,0.5769230769230769,46,0.5769230769230769,0.7692307692307693
3444.2030348989647,662069.2059685434,0.5660377358490566,0.9344729344729344,0.5555555555555556,0.5769230769230769,46,0.5769230769230769,0.7692307692307693
3444.2030348989647,662069.2059685434,0.5660377358490566,0.9344729344729344,0.5555555555555556,0.5769230769230769,46,0.5769230769230769,0.7692307692307693
3444.2030348989647,662069.2059685434,0.5660377358490566,0.9344729344729344,0.5555555555555556,0.5769230769230769,46,0.5769230769230769,0.7692307692307693
3444.2030348989647,662069.2059685434,0.5660377358490566,0.9344729344729344,0.5555555555555556,0.5769230769230769,46,0.5769230769230769,0.7692307692307693
3334.120947753545,661959.123881398,0.5769230769230769,0.9373219373219374,0.5769230769230769,0.5769230769230769,44,0.5769230769230769,0.7692307692307693
3334.120947753545,661959.123881398,0.5769230769230769,0.9373219373219374,0.5769230769230769,0.5769230769230769,44,0.5769230769230769,0.7692307692307693
3334.120947753545,661959.123881398,0.5769230769230769,0.9373219373219374,0.5769230769230769,0.5769230769230769,44,0.5769230769230769,0.7692307692307693
3334.120947753545,661959.123881398,0.5769230769230769,0.9373219373219374,0.5769230769230769,0.5769230769230769,44,0.5769230769230769,0.7692307692307693
3334.120947753545,661959.123881398,0.5769230769230769,0.9373219373219374,0.5769230769230769,0.5769230769230769,44,0.5769230769230769,0.7692307692307693
3334.120947753545,661959.123881398,0.5769230769230769,0.9373219373219374,0.5769230769230769,0.5769230769230769,44,0.5769230769230769,0.7692307692307693
3334.120947753545,661959.123881398,0.5769230769230769,0.9373219373219374,0.5769230769230769,0.5769230769230769,44,0.5769230769230769,0.7692307692307693
3334.120947753545,661959.123881398,0.5769230769230769,0.9373219373219374,0.5769230769230769,0.5769230769230769,44,0.5769230769230769,0.7692307692307693
3314.9582088058814,661939.9611424503,0.5714285714285713,0.9358974358974359,0.5660377358490566,0.5769230769230769,45,0.5769230769230769,0.7692307692307693
3314.9582088058814,661939.9611424503,0.5714285714285713,0.9358974358974359,0.5660377358490566,0.5769230769230769,45,0.5769230769230769,0.7692307692307693
3314.9582088058814,661939.9611424503,0.5714285714285713,0.9358974358974359,0.5660377358490566,0.5769230769230769,45,0.5769230769230769,0.7692307692307693
3314.9582088058814,661939.9611424503,0.5714285714285713,0.9358974358974359,0.5660377358490566,0.5769230769230769,45,0.5769230769230769,0.7692307692307693
3314.9582088058814,661939.9611424503,0.5714285714285713,0.9358974358974359,0.5660377358490566,0.5769230769230769,45,0.5769230769230769,0.7692307692307693
3137.6361800589366,661762.6391137034,0.5849056603773585,0.9373219373219374,0.5740740740740741,0.5961538461538461,44,0.5961538461538461,0.7884615384615384
3137.6361800589366,661762.6391137034,0.5849056603773585,0.9373219373219374,0.5740740740740741,0.5961538461538461,44,0.5961538461538461,0.7884615384615384
3137.6361800589366,661762.6391137034,0.5849056603773585,0.9373219373219374,0.5740740740740741,0.5961538461538461,44,0.5961538461538461,0.7884615384615384
3137.6361800589366,661762.6391137034,0.5849056603773585,0.9373219373219374,0.5740740740740741,0.5961538461538461,44,0.5961538461538461,0.7884615384615384
3137.6361800589366,661762.6391137034,0.5849056603773585,0.9373219373219374,0.5740740740740741,0.5961538461538461,44,0.5961538461538461,0.7884615384615384
3137.6361800589366,661762.6391137034,0.5849056603773585,0.9373219373219374,0.5740740740740741,0.5961538461538461,44,0.5961538461538461,0.7884615384615384
3137.6361800589366,661762.6391137034,0.5849056603773585,0.9373219373219374,0.5740740740740741,0.5961538461538461,44,0.5961538461538461,0.7884615384615384
3137.6361800589366,661762.6391137034,0.5849056603773585,0.9373219373219374,0.5740740740740741,0.5961538461538461,44,0.5961538461538461,0.7884615384615384
3137.6361800589366,661762.6391137034,0.5849056603773585,0.9373219373219374,0.5740740740740741,0.5961538461538461,44,0.5961538461538461,0.7884615384615384
3137.6361800589366,661762.6391137034,0.5849056603773585,0.9373219373219374,0.5740740740740741,0.5961538461538461,44,0.5961538461538461,0.7884615384615384
3137.6361800589366,661762.6391137034,0.5849056603773585,0.9373219373219374,0.5740740740740741,0.5961538461538461,44,0.5961538461538461,0.7884615384615384
3137.6361800589366,661762.6391137034,0.5849056603773585,0.9373219373219374,0.5740740740740741,0.5961538461538461,44,0.5961538461538461,0.7884615384615384
3137.6361800589366,661762.6391137034,0.5849056603773585,0.9373219373219374,0.5740740740740741,0.5961538461538461,44,0.5961538461538461,0.7884615384615384
3137.6361800589366,661762.6391137034,0.5849056603773585,0.9373219373219374,0.5740740740740741,0.5961538461538461,44,0.5961538461538461,0.7884615384615384
3137.6361800589366,661762.6391137034,0.5849056603773585,0.9373219373219374,0.5740740740740741,0.5961538461538461,44,0.5961538461538461,0.7884615384615384
3137.6361800589366,661762.6391137034,0.5849056603773585,0.9373219373219374,0.5740740740740741,0.5961538461538461,44,0.5961538461538461,0.7884615384615384
3137.6361800589366,661762.6391137034,0.5849056603773585,0.9373219373219374,0.5740740740740741,0.5961538461538461,44,0.5961538461538461,0.7884615384615384
3137.6361800589366,661762.6391137034,0.5849056603773585,0.9373219373219374,0.5740740740740741,0.5961538461538461,44,0.5961538461538461,0.7884615384615384
3137.6361800589366,661762.6391137034,0.5849056603773585,0.9373219373219374,0.5740740740740741,0.5961538461538461,44,0.5961538461538461,0.7884615384615384
3137.6361800589366,661762.6391137034,0.5849056603773585,0.9373219373219374,0.5740740740740741,0.5961538461538461,44,0.5961538461538461,0.7884615384615384
3137.6361800589366,661762.6391137034,0.5849056603773585,0.9373219373219374,0.5740740740740741,0.5961538461538461,44,0.5961538461538461,0.7884615384615384
3137.6361800589366,661762.6391137034,0.5849056603773585,0.9373219373219374,0.5740740740740741,0.5961538461538461,44,0.5961538461538461,0.7884615384615384
3137.6361800589366,661762.6391137034,0.5849056603773585,0.9373219373219374,0.5740740740740741,0.5961538461538461,44,0.5961538461538461,0.7884615384615384
3137.6361800589366,661762.6391137034,0.5849056603773585,0.9373219373219374,0.5740740740740741,0.5961538461538461,44,0.5961538461538461,0.7884615384615384
3137.6361800589366,661762.6391137034,0.5849056603773585,0.9373219373219374,0.5740740740740741,0.5961538461538461,44,0.5961538461538461,0.7884615384615384
3137.6361800589366,661762.6391137034,0.5849056603773585,0.9373219373219374,0.5740740740740741,0.5961538461538461,44,0.5961538461538461,0.7884615384615384
3137.6361800589366,661762.6391137034,0.5849056603773585,0.9373219373219374,0.5740740740740741,0.5961538461538461,44,0.5961538461538461,0.7884615384615384
3137.6361800589366,661762.6391137034,0.5849056603773585,0.9373219373219374,0.5740740740740741,0.5961538461538461,44,0.5961538461538461,0.7884615384615384
3137.6361800589366,661762.6391137034,0.5849056603773585,0.9373219373219374,0.5740740740740741,0.5961538461538461,44,0.5961538461538461,0.7884615384615384
3137.6361800589366,661762.6391137034,0.5849056603773585,0.9373219373219374,0.5740740740740741,0.5961538461538461,44,0.5961538461538461,0.7884615384615384
3137.6361800589366,661762.6391137034,0.5849056603773585,0.9373219373219374,0.5740740740740741,0.5961538461538461,44,0.5961538461538461,0.7884615384615384
3137.63618005882,661762.6391137033,0.6037735849056604,0.9401709401709402,0.5925925925925926,0.6153846153846154,42,0.6153846153846154,0.7884615384615384
3137.63618005882,661762.6391137033,0.6037735849056604,0.9401709401709402,0.5925925925925926,0.6153846153846154,42,0.6153846153846154,0.7884615384615384
3137.63618005882,661762.6391137033,0.6037735849056604,0.9401709401709402,0.5925925925925926,0.6153846153846154,42,0.6153846153846154,0.7884615384615384
3137.63618005882,661762.6391137033,0.6037735849056604,0.9401709401709402,0.5925925925925926,0.6153846153846154,42,0.6153846153846154,0.7884615384615384
3137.63618005882,661762.6391137033,0.6037735849056604,0.9401709401709402,0.5925925925925926,0.6153846153846154,42,0.6153846153846154,0.7884615384615384
3137.63618005882,661762.6391137033,0.6037735849056604,0.9401709401709402,0.5925925925925926,0.6153846153846154,42,0.6153846153846154,0.7884615384615384
3137.63618005882,661762.6391137033,0.6037735849056604,0.9401709401709402,0.5925925925925926,0.6153846153846154,42,0.6153846153846154,0.7884615384615384
3137.63618005882,661762.6391137033,0.6037735849056604,0.9401709401709402,0.5925925925925926,0.6153846153846154,42,0.6153846153846154,0.7884615384615384
3137.63618005882,661762.6391137033,0.6037735849056604,0.9401709401709402,0.5925925925925926,0.6153846153846154,42,0.6153846153846154,0.7884615384615384
3137.63618005882,661762.6391137033,0.6037735849056604,0.9401709401709402,0.5925925925925926,0.6153846153846154,42,0.6153846153846154,0.7884615384615384
3137.63618005882,661762.6391137033,0.6037735849056604,0.9401709401709402,0.5925925925925926,0.6153846153846154,42,0.6153846153846154,0.7884615384615384
3137.63618005882,661762.6391137033,0.6037735849056604,0.9401709401709402,0.5925925925925926,0.6153846153846154,42,0.6153846153846154,0.7884615384615384
3137.63618005882,661762.6391137033,0.6037735849056604,0.9401709401709402,0.5925925925925926,0.6153846153846154,42,0.6153846153846154,0.7884615384615384
3137.63618005882,661762.6391137033,0.6037735849056604,0.9401709401709402,0.5925925925925926,0.6153846153846154,42,0.6153846153846154,0.7884615384615384
3137.63618005882,661762.6391137033,0.6037735849056604,0.9401709401709402,0.5925925925925926,0.6153846153846154,42,0.6153846153846154,0.7884615384615384
3137.63618005882,661762.6391137033,0.6037735849056604,0.9401709401709402,0.5925925925925926,0.6153846153846154,42,0.6153846153846154,0.7884615384615384
3137.63618005882,661762.6391137033,0.6037735849056604,0.9401709401709402,0.5925925925925926,0.6153846153846154,42,0.6153846153846154,0.7884615384615384
3137.63618005882,661762.6391137033,0.6037735849056604,0.9401709401709402,0.5925925925925926,0.6153846153846154,42,0.6153846153846154,0.7884615384615384
3137.63618005882,661762.6391137033,0.6037735849056604,0.9401709401709402,0.5925925925925926,0.6153846153846154,42,0.6153846153846154,0.7884615384615384
3137.63618005882,661762.6391137033,0.6037735849056604,0.9401709401709402,0.5925925925925926,0.6153846153846154,42,0.6153846153846154,0.7884615384615384
3137.63618005882,661762.6391137033,0.6037735849056604,0.9401709401709402,0.5925925925925926,0.6153846153846154,42,0.6153846153846154,0.7884615384615384
3137.63618005882,661762.6391137033,0.6037735849056604,0.9401709401709402,0.5925925925925926,0.6153846153846154,42,0.6153846153846154,0.7884615384615384
3137.63618005882,661762.6391137033,0.6037735849056604,0.9401709401709402,0.5925925925925926,0.6153846153846154,42,0.6153846153846154,0.7884615384615384
3137.63618005882,661762.6391137033,0.6037735849056604,0.9401709401709402,0.5925925925925926,0.6153846153846154,42,0.6153846153846154,0.7884615384615384
3137.63618005882,661762.6391137033,0.6037735849056604,0.9401709401709402,0.5925925925925926,0.6153846153846154,42,0.6153846153846154,0.7884615384615384
3137.63618005882,661762.6391137033,0.6037735849056604,0.9401709401709402,0.5925925925925926,0.6153846153846154,42,0.6153846153846154,0.7884615384615384
3137.63618005882,661762.6391137033,0.6037735849056604,0.9401709401709402,0.5925925925925926,0.6153846153846154,42,0.6153846153846154,0.7884615384615384
3137.63618005882,661762.6391137033,0.6037735849056604,0.9401709401709402,0.5925925925925926,0.6153846153846154,42,0.6153846153846154,0.7884615384615384
3137.63618005882,661762.6391137033,0.6037735849056604,0.9401709401709402,0.5925925925925926,0.6153846153846154,42,0.6153846153846154,0.7884615384615384
3137.63618005882,661762.6391137033,0.6037735849056604,0.9401709401709402,0.5925925925925926,0.6153846153846154,42,0.6153846153846154,0.7884615384615384
3137.63618005882,661762.6391137033,0.6037735849056604,0.9401709401709402,0.5925925925925926,0.6153846153846154,42,0.6153846153846154,0.7884615384615384
3137.63618005882,661762.6391137033,0.6037735849056604,0.9401709401709402,0.5925925925925926,0.6153846153846154,42,0.6153846153846154,0.7884615384615384
3137.63618005882,661762.6391137033,0.6037735849056604,0.9401709401709402,0.5925925925925926,0.6153846153846154,42,0.6153846153846154,0.7884615384615384
3137.63618005882,661762.6391137033,0.6037735849056604,0.9401709401709402,0.5925925925925926,0.6153846153846154,42,0.6153846153846154,0.7884615384615384
3137.63618005882,661762.6391137033,0.6037735849056604,0.9401709401709402,0.5925925925925926,0.6153846153846154,42,0.6153846153846154,0.7884615384615384
3137.63618005882,661762.6391137033,0.6037735849056604,0.9401709401709402,0.5925925925925926,0.6153846153846154,42,0.6153846153846154,0.7884615384615384
3137.63618005882,661762.6391137033,0.6037735849056604,0.9401709401709402,0.5925925925925926,0.6153846153846154,42,0.6153846153846154,0.7884615384615384
3137.63618005882,661762.6391137033,0.6037735849056604,0.9401709401709402,0.5925925925925926,0.6153846153846154,42,0.6153846153846154,0.7884615384615384
3137.63618005882,661762.6391137033,0.6037735849056604,0.9401709401709402,0.5925925925925926,0.6153846153846154,42,0.6153846153846154,0.7884615384615384
3137.63618005882,661762.6391137033,0.6037735849056604,0.9401709401709402,0.5925925925925926,0.6153846153846154,42,0.6153846153846154,0.7884615384615384
3137.63618005882,661762.6391137033,0.6037735849056604,0.9401709401709402,0.5925925925925926,0.6153846153846154,42,0.6153846153846154,0.7884615384615384
3137.63618005882,661762.6391137033,0.6037735849056604,0.9401709401709402,0.5925925925925926,0.6153846153846154,42,0.6153846153846154,0.7884615384615384
3137.63618005882,661762.6391137033,0.6037735849056604,0.9401709401709402,0.5925925925925926,0.6153846153846154,42,0.6153846153846154,0.7884615384615384
3137.63618005882,661762.6391137033,0.6037735849056604,0.9401709401709402,0.5925925925925926,0.6153846153846154,42,0.6153846153846154,0.7884615384615384
3137.63618005882,661762.6391137033,0.6037735849056604,0.9401709401709402,0.5925925925925926,0.6153846153846154,42,0.6153846153846154,0.7884615384615384
3137.63618005882,661762.6391137033,0.6037735849056604,0.9401709401709402,0.5925925925925926,0.6153846153846154,42,0.6153846153846154,0.7884615384615384
3137.63618005882,661762.6391137033,0.6037735849056604,0.9401709401709402,0.5925925925925926,0.6153846153846154,42,0.6153846153846154,0.7884615384615384
3137.63618005882,661762.6391137033,0.6037735849056604,0.9401709401709402,0.5925925925925926,0.6153846153846154,42,0.6153846153846154,0.7884615384615384
3137.63618005882,661762.6391137033,0.6037735849056604,0.9401709401709402,0.5925925925925926,0.6153846153846154,42,0.6153846153846154,0.7884615384615384
3137.63618005882,661762.6391137033,0.6037735849056604,0.9401709401709402,0.5925925925925926,0.6153846153846154,42,0.6153846153846154,0.7884615384615384
3137.63618005882,661762.6391137033,0.6037735849056604,0.9401709401709402,0.5925925925925926,0.6153846153846154,42,0.6153846153846154,0.7884615384615384
3137.63618005882,661762.6391137033,0.6037735849056604,0.9401709401709402,0.5925925925925926,0.6153846153846154,42,0.6153846153846154,0.7884615384615384
3137.63618005882,661762.6391137033,0.6037735849056604,0.9401709401709402,0.5925925925925926,0.6153846153846154,42,0.6153846153846154,0.7884615384615384
3137.63618005882,661762.6391137033,0.6037735849056604,0.9401709401709402,0.5925925925925926,0.6153846153846154,42,0.6153846153846154,0.7884615384615384
3137.63618005882,661762.6391137033,0.6037735849056604,0.9401709401709402,0.5925925925925926,0.6153846153846154,42,0.6153846153846154,0.7884615384615384
3137.63618005882,661762.6391137033,0.6037735849056604,0.9401709401709402,0.5925925925925926,0.6153846153846154,42,0.6153846153846154,0.7884615384615384
3137.63618005882,661762.6391137033,0.6037735849056604,0.9401709401709402,0.5925925925925926,0.6153846153846154,42,0.6153846153846154,0.7884615384615384
3137.63618005882,661762.6391137033,0.6037735849056604,0.9401709401709402,0.5925925925925926,0.6153846153846154,42,0.6153846153846154,0.7884615384615384
3137.63618005882,661762.6391137033,0.6037735849056604,0.9401709401709402,0.5925925925925926,0.6153846153846154,42,0.6153846153846154,0.7884615384615384
3137.63618005882,661762.6391137033,0.6037735849056604,0.9401709401709402,0.5925925925925926,0.6153846153846154,42,0.6153846153846154,0.7884615384615384
3137.63618005882,661762.6391137033,0.6037735849056604,0.9401709401709402,0.5925925925925926,0.6153846153846154,42,0.6153846153846154,0.7884615384615384
3137.63618005882,661762.6391137033,0.6037735849056604,0.9401709401709402,0.5925925925925926,0.6153846153846154,42,0.6153846153846154,0.7884615384615384
3137.63618005882,661762.6391137033,0.6037735849056604,0.9401709401709402,0.5925925925925926,0.6153846153846154,42,0.6153846153846154,0.7884615384615384
3137.63618005882,661762.6391137033,0.6037735849056604,0.9401709401709402,0.5925925925925926,0.6153846153846154,42,0.6153846153846154,0.7884615384615384
3137.63618005882,661762.6391137033,0.6037735849056604,0.9401709401709402,0.5925925925925926,0.6153846153846154,42,0.6153846153846154,0.7884615384615384
3137.63618005882,661762.6391137033,0.6037735849056604,0.9401709401709402,0.5925925925925926,0.6153846153846154,42,0.6153846153846154,0.7884615384615384
3137.63618005882,661762.6391137033,0.6037735849056604,0.9401709401709402,0.5925925925925926,0.6153846153846154,42,0.6153846153846154,0.7884615384615384
3137.63618005882,661762.6391137033,0.6037735849056604,0.9401709401709402,0.5925925925925926,0.6153846153846154,42,0.6153846153846154,0.7884615384615384
3137.63618005882,661762.6391137033,0.6037735849056604,0.9401709401709402,0.5925925925925926,0.6153846153846154,42,0.6153846153846154,0.7884615384615384
3137.63618005882,661762.6391137033,0.6037735849056604,0.9401709401709402,0.5925925925925926,0.6153846153846154,42,0.6153846153846154,0.7884615384615384
3137.63618005882,661762.6391137033,0.6037735849056604,0.9401709401709402,0.5925925925925926,0.6153846153846154,42,0.6153846153846154,0.7884615384615384
3137.63618005882,661762.6391137033,0.6037735849056604,0.9401709401709402,0.5925925925925926,0.6153846153846154,42,0.6153846153846154,0.7884615384615384
3137.63618005882,661762.6391137033,0.6037735849056604,0.9401709401709402,0.5925925925925926,0.6153846153846154,42,0.6153846153846154,0.7884615384615384
3137.63618005882,661762.6391137033,0.6037735849056604,0.9401709401709402,0.5925925925925926,0.6153846153846154,42,0.6153846153846154,0.7884615384615384
3137.63618005882,661762.6391137033,0.6037735849056604,0.9401709401709402,0.5925925925925926,0.6153846153846154,42,0.6153846153846154,0.7884615384615384
3137.63618005882,661762.6391137033,0.6037735849056604,0.9401709401709402,0.5925925925925926,0.6153846153846154,42,0.6153846153846154,0.7884615384615384
3137.63618005882,661762.6391137033,0.6037735849056604,0.9401709401709402,0.5925925925925926,0.6153846153846154,42,0.6153846153846154,0.7884615384615384
3137.63618005882,661762.6391137033,0.6037735849056604,0.9401709401709402,0.5925925925925926,0.6153846153846154,42,0.6153846153846154,0.7884615384615384
3137.63618005882,661762.6391137033,0.6037735849056604,0.9401709401709402,0.5925925925925926,0.6153846153846154,42,0.6153846153846154,0.7884615384615384
3137.63618005882,661762.6391137033,0.6037735849056604,0.9401709401709402,0.5925925925925926,0.6153846153846154,42,0.6153846153846154,0.7884615384615384
3137.63618005882,661762.6391137033,0.6037735849056604,0.9401709401709402,0.5925925925925926,0.6153846153846154,42,0.6153846153846154,0.7884615384615384
3137.63618005882,661762.6391137033,0.6037735849056604,0.9401709401709402,0.5925925925925926,0.6153846153846154,42,0.6153846153846154,0.7884615384615384
3137.63618005882,661762.6391137033,0.6037735849056604,0.9401709401709402,0.5925925925925926,0.6153846153846154,42,0.6153846153846154,0.7884615384615384
3137.63618005882,661762.6391137033,0.6037735849056604,0.9401709401709402,0.5925925925925926,0.6153846153846154,42,0.6153846153846154,0.7884615384615384
3137.63618005882,661762.6391137033,0.6037735849056604,0.9401709401709402,0.5925925925925926,0.6153846153846154,42,0.6153846153846154,0.7884615384615384
3137.63618005882,661762.6391137033,0.6037735849056604,0.9401709401709402,0.5925925925925926,0.6153846153846154,42,0.6153846153846154,0.7884615384615384
3137.63618005882,661762.6391137033,0.6037735849056604,0.9401709401709402,0.5925925925925926,0.6153846153846154,42,0.6153846153846154,0.7884615384615384
3137.63618005882,661762.6391137033,0.6037735849056604,0.9401709401709402,0.5925925925925926,0.6153846153846154,42,0.6153846153846154,0.7884615384615384
3137.63618005882,661762.6391137033,0.6037735849056604,0.9401709401709402,0.5925925925925926,0.6153846153846154,42,0.6153846153846154,0.7884615384615384
3137.63618005882,661762.6391137033,0.6037735849056604,0.9401709401709402,0.5925925925925926,0.6153846153846154,42,0.6153846153846154,0.7884615384615384
3137.63618005882,661762.6391137033,0.6037735849056604,0.9401709401709402,0.5925925925925926,0.6153846153846154,42,0.6153846153846154,0.7884615384615384
3137.63618005882,661762.6391137033,0.6037735849056604,0.9401709401709402,0.5925925925925926,0.6153846153846154,42,0.6153846153846154,0.7884615384615384
3137.63618005882,661762.6391137033,0.6037735849056604,0.9401709401709402,0.5925925925925926,0.6153846153846154,42,0.6153846153846154,0.7884615384615384
3137.63618005882,661762.6391137033,0.6037735849056604,0.9401709401709402,0.5925925925925926,0.6153846153846154,42,0.6153846153846154,0.7884615384615384
3137.63618005882,661762.6391137033,0.6037735849056604,0.9401709401709402,0.5925925925925926,0.6153846153846154,42,0.6153846153846154,0.7884615384615384
3137.63618005882,661762.6391137033,0.6037735849056604,0.9401709401709402,0.5925925925925926,0.6153846153846154,42,0.6153846153846154,0.7884615384615384
3137.63618005882,661762.6391137033,0.6037735849056604,0.9401709401709402,0.5925925925925926,0.6153846153846154,42,0.6153846153846154,0.7884615384615384
3137.63618005882,661762.6391137033,0.6037735849056604,0.9401709401709402,0.5925925925925926,0.6153846153846154,42,0.6153846153846154,0.7884615384615384
3137.63618005882,661762.6391137033,0.6037735849056604,0.9401709401709402,0.5925925925925926,0.6153846153846154,42,0.6153846153846154,0.7884615384615384
3137.63618005882,661762.6391137033,0.6037735849056604,0.9401709401709402,0.5925925925925926,0.6153846153846154,42,0.6153846153846154,0.7884615384615384
3137.63618005882,661762.6391137033,0.6037735849056604,0.9401709401709402,0.5925925925925926,0.6153846153846154,42,0.6153846153846154,0.7884615384615384
3137.63618005882,661762.6391137033,0.6037735849056604,0.9401709401709402,0.5925925925925926,0.6153846153846154,42,0.6153846153846154,0.7884615384615384
3137.63618005882,661762.6391137033,0.6037735849056604,0.9401709401709402,0.5925925925925926,0.6153846153846154,42,0.6153846153846154,0.7884615384615384
3137.63618005882,661762.6391137033,0.6037735849056604,0.9401709401709402,0.5925925925925926,0.6153846153846154,42,0.6153846153846154,0.7884615384615384
3137.63618005882,661762.6391137033,0.6037735849056604,0.9401709401709402,0.5925925925925926,0.6153846153846154,42,0.6153846153846154,0.7884615384615384
3137.63618005882,661762.6391137033,0.6037735849056604,0.9401709401709402,0.5925925925925926,0.6153846153846154,42,0.6153846153846154,0.7884615384615384
3137.63618005882,661762.6391137033,0.6037735849056604,0.9401709401709402,0.5925925925925926,0.6153846153846154,42,0.6153846153846154,0.7884615384615384
3137.63618005882,661762.6391137033,0.6037735849056604,0.9401709401709402,0.5925925925925926,0.6153846153846154,42,0.6153846153846154,0.7884615384615384
3137.63618005882,661762.6391137033,0.6037735849056604,0.9401709401709402,0.5925925925925926,0.6153846153846154,42,0.6153846153846154,0.7884615384615384
3137.63618005882,661762.6391137033,0.6037735849056604,0.9401709401709402,0.5925925925925926,0.6153846153846154,42,0.6153846153846154,0.7884615384615384
3137.63618005882,661762.6391137033,0.6037735849056604,0.9401709401709402,0.5925925925925926,0.6153846153846154,42,0.6153846153846154,0.7884615384615384
3137.63618005882,661762.6391137033,0.6037735849056604,0.9401709401709402,0.5925925925925926,0.6153846153846154,42,0.6153846153846154,0.7884615384615384
3137.63618005882,661762.6391137033,0.6037735849056604,0.9401709401709402,0.5925925925925926,0.6153846153846154,42,0.6153846153846154,0.7884615384615384
3137.63618005882,661762.6391137033,0.6037735849056604,0.9401709401709402,0.5925925925925926,0.6153846153846154,42,0.6153846153846154,0.7884615384615384
3137.63618005882,661762.6391137033,0.6037735849056604,0.9401709401709402,0.5925925925925926,0.6153846153846154,42,0.6153846153846154,0.7884615384615384
3137.63618005882,661762.6391137033,0.6037735849056604,0.9401709401709402,0.5925925925925926,0.6153846153846154,42,0.6153846153846154,0.7884615384615384
3137.63618005882,661762.6391137033,0.6037735849056604,0.9401709401709402,0.5925925925925926,0.6153846153846154,42,0.6153846153846154,0.7884615384615384
3137.63618005882,661762.6391137033,0.6037735849056604,0.9401709401709402,0.5925925925925926,0.6153846153846154,42,0.6153846153846154,0.7884615384615384
3137.63618005882,661762.6391137033,0.6037735849056604,0.9401709401709402,0.5925925925925926,0.6153846153846154,42,0.6153846153846154,0.7884615384615384
3137.63618005882,661762.6391137033,0.6037735849056604,0.9401709401709402,0.5925925925925926,0.6153846153846154,42,0.6153846153846154,0.7884615384615384
3137.63618005882,661762.6391137033,0.6037735849056604,0.9401709401709402,0.5925925925925926,0.6153846153846154,42,0.6153846153846154,0.7884615384615384
3137.63618005882,661762.6391137033,0.6037735849056604,0.9401709401709402,0.5925925925925926,0.6153846153846154,42,0.6153846153846154,0.7884615384615384
3137.63618005882,661762.6391137033,0.6037735849056604,0.9401709401709402,0.5925925925925926,0.6153846153846154,42,0.6153846153846154,0.7884615384615384
3137.63618005882,661762.6391137033,0.6037735849056604,0.9401709401709402,0.5925925925925926,0.6153846153846154,42,0.6153846153846154,0.7884615384615384
3137.63618005882,661762.6391137033,0.6037735849056604,0.9401709401709402,0.5925925925925926,0.6153846153846154,42,0.6153846153846154,0.7884615384615384
3137.63618005882,661762.6391137033,0.6037735849056604,0.9401709401709402,0.5925925925925926,0.6153846153846154,42,0.6153846153846154,0.7884615384615384
3137.63618005882,661762.6391137033,0.6037735849056604,0.9401709401709402,0.5925925925925926,0.6153846153846154,42,0.6153846153846154,0.7884615384615384
3137.63618005882,661762.6391137033,0.6037735849056604,0.9401709401709402,0.5925925925925926,0.6153846153846154,42,0.6153846153846154,0.7884615384615384
3137.63618005882,661762.6391137033,0.6037735849056604,0.9401709401709402,0.5925925925925926,0.6153846153846154,42,0.6153846153846154,0.7884615384615384
3137.63618005882,661762.6391137033,0.6037735849056604,0.9401709401709402,0.5925925925925926,0.6153846153846154,42,0.6153846153846154,0.7884615384615384
3137.63618005882,661762.6391137033,0.6037735849056604,0.9401709401709402,0.5925925925925926,0.6153846153846154,42,0.6153846153846154,0.7884615384615384
3137.63618005882,661762.6391137033,0.6037735849056604,0.9401709401709402,0.5925925925925926,0.6153846153846154,42,0.6153846153846154,0.7884615384615384
3137.63618005882,661762.6391137033,0.6037735849056604,0.9401709401709402,0.5925925925925926,0.6153846153846154,42,0.6153846153846154,0.7884615384615384
3137.63618005882,661762.6391137033,0.6037735849056604,0.9401709401709402,0.5925925925925926,0.6153846153846154,42,0.6153846153846154,0.7884615384615384
3137.63618005882,661762.6391137033,0.6037735849056604,0.9401709401709402,0.5925925925925926,0.6153846153846154,42,0.6153846153846154,0.7884615384615384
3137.63618005882,661762.6391137033,0.6037735849056604,0.9401709401709402,0.5925925925925926,0.6153846153846154,42,0.6153846153846154,0.7884615384615384
3137.63618005882,661762.6391137033,0.6037735849056604,0.9401709401709402,0.5925925925925926,0.6153846153846154,42,0.6153846153846154,0.7884615384615384
3137.63618005882,661762.6391137033,0.6037735849056604,0.9401709401709402,0.5925925925925926,0.6153846153846154,42,0.6153846153846154,0.7884615384615384
3137.63618005882,661762.6391137033,0.6037735849056604,0.9401709401709402,0.5925925925925926,0.6153846153846154,42,0.6153846153846154,0.7884615384615384
3137.63618005882,661762.6391137033,0.6037735849056604,0.9401709401709402,0.5925925925925926,0.6153846153846154,42,0.6153846153846154,0.7884615384615384
3137.63618005882,661762.6391137033,0.6037735849056604,0.9401709401709402,0.5925925925925926,0.6153846153846154,42,0.6153846153846154,0.7884615384615384
3137.63618005882,661762.6391137033,0.6037735849056604,0.9401709401709402,0.5925925925925926,0.6153846153846154,42,0.6153846153846154,0.7884615384615384
3137.63618005882,661762.6391137033,0.6037735849056604,0.9401709401709402,0.5925925925925926,0.6153846153846154,42,0.6153846153846154,0.7884615384615384
3137.63618005882,661762.6391137033,0.6037735849056604,0.9401709401709402,0.5925925925925926,0.6153846153846154,42,0.6153846153846154,0.7884615384615384
3137.63618005882,661762.6391137033,0.6037735849056604,0.9401709401709402,0.5925925925925926,0.6153846153846154,42,0.6153846153846154,0.7884615384615384
3137.63618005882,661762.6391137033,0.6037735849056604,0.9401709401709402,0.5925925925925926,0.6153846153846154,42,0.6153846153846154,0.7884615384615384
3137.63618005882,661762.6391137033,0.6037735849056604,0.9401709401709402,0.5925925925925926,0.6153846153846154,42,0.6153846153846154,0.7884615384615384
3137.63618005882,661762.6391137033,0.6037735849056604,0.9401709401709402,0.5925925925925926,0.6153846153846154,42,0.6153846153846154,0.7884615384615384
3137.63618005882,661762.6391137033,0.6037735849056604,0.9401709401709402,0.5925925925925926,0.6153846153846154,42,0.6153846153846154,0.7884615384615384
3137.63618005882,661762.6391137033,0.6037735849056604,0.9401709401709402,0.5925925925925926,0.6153846153846154,42,0.6153846153846154,0.7884615384615384
3137.63618005882,661762.6391137033,0.6037735849056604,0.9401709401709402,0.5925925925925926,0.6153846153846154,42,0.6153846153846154,0.7884615384615384
3137.63618005882,661762.6391137033,0.6037735849056604,0.9401709401709402,0.5925925925925926,0.6153846153846154,42,0.6153846153846154,0.7884615384615384
3137.63618005882,661762.6391137033,0.6037735849056604,0.9401709401709402,0.5925925925925926,0.6153846153846154,42,0.6153846153846154,0.7884615384615384
3137.63618005882,661762.6391137033,0.6037735849056604,0.9401709401709402,0.5925925925925926,0.6153846153846154,42,0.6153846153846154,0.7884615384615384
3137.63618005882,661762.6391137033,0.6037735849056604,0.9401709401709402,0.5925925925925926,0.6153846153846154,42,0.6153846153846154,0.7884615384615384
3137.63618005882,661762.6391137033,0.6037735849056604,0.9401709401709402,0.5925925925925926,0.6153846153846154,42,0.6153846153846154,0.7884615384615384
3137.63618005882,661762.6391137033,0.6037735849056604,0.9401709401709402,0.5925925925925926,0.6153846153846154,42,0.6153846153846154,0.7884615384615384
3137.63618005882,661762.6391137033,0.6037735849056604,0.9401709401709402,0.5925925925925926,0.6153846153846154,42,0.6153846153846154,0.7884615384615384
3137.63618005882,661762.6391137033,0.6037735849056604,0.9401709401709402,0.5925925925925926,0.6153846153846154,42,0.6153846153846154,0.7884615384615384
3137.63618005882,661762.6391137033,0.6037735849056604,0.9401709401709402,0.5925925925925926,0.6153846153846154,42,0.6153846153846154,0.7884615384615384
3137.63618005882,661762.6391137033,0.6037735849056604,0.9401709401709402,0.5925925925925926,0.6153846153846154,42,0.6153846153846154,0.7884615384615384
3137.63618005882,661762.6391137033,0.6037735849056604,0.9401709401709402,0.5925925925925926,0.6153846153846154,42,0.6153846153846154,0.7884615384615384
3137.63618005882,661762.6391137033,0.6037735849056604,0.9401709401709402,0.5925925925925926,0.6153846153846154,42,0.6153846153846154,0.7884615384615384
3137.63618005882,661762.6391137033,0.6037735849056604,0.9401709401709402,0.5925925925925926,0.6153846153846154,42,0.6153846153846154,0.7884615384615384
3137.63618005882,661762.6391137033,0.6037735849056604,0.9401709401709402,0.5925925925925926,0.6153846153846154,42,0.6153846153846154,0.7884615384615384
3137.63618005882,661762.6391137033,0.6037735849056604,0.9401709401709402,0.5925925925925926,0.6153846153846154,42,0.6153846153846154,0.7884615384615384
3137.63618005882,661762.6391137033,0.6037735849056604,0.9401709401709402,0.5925925925925926,0.6153846153846154,42,0.6153846153846154,0.7884615384615384
3137.63618005882,661762.6391137033,0.6037735849056604,0.9401709401709402,0.5925925925925926,0.6153846153846154,42,0.6153846153846154,0.7884615384615384
3137.63618005882,661762.6391137033,0.6037735849056604,0.9401709401709402,0.5925925925925926,0.6153846153846154,42,0.6153846153846154,0.7884615384615384
3137.63618005882,661762.6391137033,0.6037735849056604,0.9401709401709402,0.5925925925925926,0.6153846153846154,42,0.6153846153846154,0.7884615384615384
3137.63618005882,661762.6391137033,0.6037735849056604,0.9401709401709402,0.5925925925925926,0.6153846153846154,42,0.6153846153846154,0.7884615384615384
3137.63618005882,661762.6391137033,0.6037735849056604,0.9401709401709402,0.5925925925925926,0.6153846153846154,42,0.6153846153846154,0.7884615384615384
3137.63618005882,661762.6391137033,0.6037735849056604,0.9401709401709402,0.5925925925925926,0.6153846153846154,42,0.6153846153846154,0.7884615384615384
3137.63618005882,661762.6391137033,0.6037735849056604,0.9401709401709402,0.5925925925925926,0.6153846153846154,42,0.6153846153846154,0.7884615384615384
3137.63618005882,661762.6391137033,0.6037735849056604,0.9401709401709402,0.5925925925925926,0.6153846153846154,42,0.6153846153846154,0.7884615384615384
3137.63618005882,661762.6391137033,0.6037735849056604,0.9401709401709402,0.5925925925925926,0.6153846153846154,42,0.6153846153846154,0.7884615384615384
3137.63618005882,661762.6391137033,0.6037735849056604,0.9401709401709402,0.5925925925925926,0.6153846153846154,42,0.6153846153846154,0.7884615384615384
3137.63618005882,661762.6391137033,0.6037735849056604,0.9401709401709402,0.5925925925925926,0.6153846153846154,42,0.6153846153846154,0.7884615384615384
3137.63618005882,661762.6391137033,0.6037735849056604,0.9401709401709402,0.5925925925925926,0.6153846153846154,42,0.6153846153846154,0.7884615384615384
3137.63618005882,661762.6391137033,0.6037735849056604,0.9401709401709402,0.5925925925925926,0.6153846153846154,42,0.6153846153846154,0.7884615384615384
3137.63618005882,661762.6391137033,0.6037735849056604,0.9401709401709402,0.5925925925925926,0.6153846153846154,42,0.6153846153846154,0.7884615384615384
3137.63618005882,661762.6391137033,0.6037735849056604,0.9401709401709402,0.5925925925925926,0.6153846153846154,42,0.6153846153846154,0.7884615384615384
3137.63618005882,661762.6391137033,0.6037735849056604,0.9401709401709402,0.5925925925925926,0.6153846153846154,42,0.6153846153846154,0.7884615384615384
3137.63618005882,661762.6391137033,0.6037735849056604,0.9401709401709402,0.5925925925925926,0.6153846153846154,42,0.6153846153846154,0.7884615384615384
3137.63618005882,661762.6391137033,0.6037735849056604,0.9401709401709402,0.5925925925925926,0.6153846153846154,42,0.6153846153846154,0.7884615384615384
3137.63618005882,661762.6391137033,0.6037735849056604,0.9401709401709402,0.5925925925925926,0.6153846153846154,42,0.6153846153846154,0.7884615384615384
3137.63618005882,661762.6391137033,0.6037735849056604,0.9401709401709402,0.5925925925925926,0.6153846153846154,42,0.6153846153846154,0.7884615384615384
3137.63618005882,661762.6391137033,0.6037735849056604,0.9401709401709402,0.5925925925925926,0.6153846153846154,42,0.6153846153846154,0.7884615384615384
3137.63618005882,661762.6391137033,0.6037735849056604,0.9401709401709402,0.5925925925925926,0.6153846153846154,42,0.6153846153846154,0.7884615384615384
3137.63618005882,661762.6391137033,0.6037735849056604,0.9401709401709402,0.5925925925925926,0.6153846153846154,42,0.6153846153846154,0.7884615384615384
3137.63618005882,661762.6391137033,0.6037735849056604,0.9401709401709402,0.5925925925925926,0.6153846153846154,42,0.6153846153846154,0.7884615384615384
3137.63618005882,661762.6391137033,0.6037735849056604,0.9401709401709402,0.5925925925925926,0.6153846153846154,42,0.6153846153846154,0.7884615384615384
3137.63618005882,661762.6391137033,0.6037735849056604,0.9401709401709402,0.5925925925925926,0.6153846153846154,42,0.6153846153846154,0.7884615384615384
3137.63618005882,661762.6391137033,0.6037735849056604,0.9401709401709402,0.5925925925925926,0.6153846153846154,42,0.6153846153846154,0.7884615384615384
3137.63618005882,661762.6391137033,0.6037735849056604,0.9401709401709402,0.5925925925925926,0.6153846153846154,42,0.6153846153846154,0.7884615384615384
3137.63618005882,661762.6391137033,0.6037735849056604,0.9401709401709402,0.5925925925925926,0.6153846153846154,42,0.6153846153846154,0.7884615384615384
3137.63618005882,661762.6391137033,0.6037735849056604,0.9401709401709402,0.5925925925925926,0.6153846153846154,42,0.6153846153846154,0.7884615384615384
3137.63618005882,661762.6391137033,0.6037735849056604,0.9401709401709402,0.5925925925925926,0.6153846153846154,42,0.6153846153846154,0.7884615384615384
3137.63618005882,661762.6391137033,0.6037735849056604,0.9401709401709402,0.5925925925925926,0.6153846153846154,42,0.6153846153846154,0.7884615384615384
3137.63618005882,661762.6391137033,0.6037735849056604,0.9401709401709402,0.5925925925925926,0.6153846153846154,42,0.6153846153846154,0.7884615384615384
3137.63618005882,661762.6391137033,0.6037735849056604,0.9401709401709402,0.5925925925925926,0.6153846153846154,42,0.6153846153846154,0.7884615384615384
3137.63618005882,661762.6391137033,0.6037735849056604,0.9401709401709402,0.5925925925925926,0.6153846153846154,42,0.6153846153846154,0.7884615384615384
3137.63618005882,661762.6391137033,0.6037735849056604,0.9401709401709402,0.5925925925925926,0.6153846153846154,42,0.6153846153846154,0.7884615384615384
3137.63618005882,661762.6391137033,0.6037735849056604,0.9401709401709402,0.5925925925925926,0.6153846153846154,42,0.6153846153846154,0.7884615384615384
3137.63618005882,661762.6391137033,0.6037735849056604,0.9401709401709402,0.5925925925925926,0.6153846153846154,42,0.6153846153846154,0.7884615384615384
3137.63618005882,661762.6391137033,0.6037735849056604,0.9401709401709402,0.5925925925925926,0.6153846153846154,42,0.6153846153846154,0.7884615384615384
3137.63618005882,661762.6391137033,0.6037735849056604,0.9401709401709402,0.5925925925925926,0.6153846153846154,42,0.6153846153846154,0.7884615384615384
3137.63618005882,661762.6391137033,0.6037735849056604,0.9401709401709402,0.5925925925925926,0.6153846153846154,42,0.6153846153846154,0.7884615384615384
3137.63618005882,661762.6391137033,0.6037735849056604,0.9401709401709402,0.5925925925925926,0.6153846153846154,42,0.6153846153846154,0.7884615384615384
3137.63618005882,661762.6391137033,0.6037735849056604,0.9401709401709402,0.5925925925925926,0.6153846153846154,42,0.6153846153846154,0.7884615384615384
3137.63618005882,661762.6391137033,0.6037735849056604,0.9401709401709402,0.5925925925925926,0.6153846153846154,42,0.6153846153846154,0.7884615384615384
3137.63618005882,661762.6391137033,0.6037735849056604,0.9401709401709402,0.5925925925925926,0.6153846153846154,42,0.6153846153846154,0.7884615384615384
3137.63618005882,661762.6391137033,0.6037735849056604,0.9401709401709402,0.5925925925925926,0.6153846153846154,42,0.6153846153846154,0.7884615384615384
3137.63618005882,661762.6391137033,0.6037735849056604,0.9401709401709402,0.5925925925925926,0.6153846153846154,42,0.6153846153846154,0.7884615384615384
3137.63618005882,661762.6391137033,0.6037735849056604,0.9401709401709402,0.5925925925925926,0.6153846153846154,42,0.6153846153846154,0.7884615384615384
3137.63618005882,661762.6391137033,0.6037735849056604,0.9401709401709402,0.5925925925925926,0.6153846153846154,42,0.6153846153846154,0.7884615384615384
3137.63618005882,661762.6391137033,0.6037735849056604,0.9401709401709402,0.5925925925925926,0.6153846153846154,42,0.6153846153846154,0.7884615384615384
3137.63618005882,661762.6391137033,0.6037735849056604,0.9401709401709402,0.5925925925925926,0.6153846153846154,42,0.6153846153846154,0.7884615384615384
3137.63618005882,661762.6391137033,0.6037735849056604,0.9401709401709402,0.5925925925925926,0.6153846153846154,42,0.6153846153846154,0.7884615384615384
3137.63618005882,661762.6391137033,0.6037735849056604,0.9401709401709402,0.5925925925925926,0.6153846153846154,42,0.6153846153846154,0.7884615384615384
3137.63618005882,661762.6391137033,0.6037735849056604,0.9401709401709402,0.5925925925925926,0.6153846153846154,42,0.6153846153846154,0.7884615384615384
3137.63618005882,661762.6391137033,0.6037735849056604,0.9401709401709402,0.5925925925925926,0.6153846153846154,42,0.6153846153846154,0.7884615384615384
3137.63618005882,661762.6391137033,0.6037735849056604,0.9401709401709402,0.5925925925925926,0.6153846153846154,42,0.6153846153846154,0.7884615384615384
3137.63618005882,661762.6391137033,0.6037735849056604,0.9401709401709402,0.5925925925925926,0.6153846153846154,42,0.6153846153846154,0.7884615384615384
3137.63618005882,661762.6391137033,0.6037735849056604,0.9401709401709402,0.5925925925925926,0.6153846153846154,42,0.6153846153846154,0.7884615384615384
3137.63618005882,661762.6391137033,0.6037735849056604,0.9401709401709402,0.5925925925925926,0.6153846153846154,42,0.6153846153846154,0.7884615384615384
3137.63618005882,661762.6391137033,0.6037735849056604,0.9401709401709402,0.5925925925925926,0.6153846153846154,42,0.6153846153846154,0.7884615384615384
3137.63618005882,661762.6391137033,0.6037735849056604,0.9401709401709402,0.5925925925925926,0.6153846153846154,42,0.6153846153846154,0.7884615384615384
3137.63618005882,661762.6391137033,0.6037735849056604,0.9401709401709402,0.5925925925925926,0.6153846153846154,42,0.6153846153846154,0.7884615384615384
3137.63618005882,661762.6391137033,0.6037735849056604,0.9401709401709402,0.5925925925925926,0.6153846153846154,42,0.6153846153846154,0.7884615384615384
3137.63618005882,661762.6391137033,0.6037735849056604,0.9401709401709402,0.5925925925925926,0.6153846153846154,42,0.6153846153846154,0.7884615384615384
3137.63618005882,661762.6391137033,0.6037735849056604,0.9401709401709402,0.5925925925925926,0.6153846153846154,42,0.6153846153846154,0.7884615384615384
3137.63618005882,661762.6391137033,0.6037735849056604,0.9401709401709402,0.5925925925925926,0.6153846153846154,42,0.6153846153846154,0.7884615384615384
3137.63618005882,661762.6391137033,0.6037735849056604,0.9401709401709402,0.5925925925925926,0.6153846153846154,42,0.6153846153846154,0.7884615384615384
3137.63618005882,661762.6391137033,0.6037735849056604,0.9401709401709402,0.5925925925925926,0.6153846153846154,42,0.6153846153846154,0.7884615384615384
3137.63618005882,661762.6391137033,0.6037735849056604,0.9401709401709402,0.5925925925925926,0.6153846153846154,42,0.6153846153846154,0.7884615384615384
3137.63618005882,661762.6391137033,0.6037735849056604,0.9401709401709402,0.5925925925925926,0.6153846153846154,42,0.6153846153846154,0.7884615384615384
3137.63618005882,661762.6391137033,0.6037735849056604,0.9401709401709402,0.5925925925925926,0.6153846153846154,42,0.6153846153846154,0.7884615384615384
3137.63618005882,661762.6391137033,0.6037735849056604,0.9401709401709402,0.5925925925925926,0.6153846153846154,42,0.6153846153846154,0.7884615384615384
3137.63618005882,661762.6391137033,0.6037735849056604,0.9401709401709402,0.5925925925925926,0.6153846153846154,42,0.6153846153846154,0.7884615384615384
3137.63618005882,661762.6391137033,0.6037735849056604,0.9401709401709402,0.5925925925925926,0.6153846153846154,42,0.6153846153846154,0.7884615384615384
3137.63618005882,661762.6391137033,0.6037735849056604,0.9401709401709402,0.5925925925925926,0.6153846153846154,42,0.6153846153846154,0.7884615384615384
3137.63618005882,661762.6391137033,0.6037735849056604,0.9401709401709402,0.5925925925925926,0.6153846153846154,42,0.6153846153846154,0.7884615384615384
3137.63618005882,661762.6391137033,0.6037735849056604,0.9401709401709402,0.5925925925925926,0.6153846153846154,42,0.6153846153846154,0.7884615384615384
3137.63618005882,661762.6391137033,0.6037735849056604,0.9401709401709402,0.5925925925925926,0.6153846153846154,42,0.6153846153846154,0.7884615384615384
3137.63618005882,661762.6391137033,0.6037735849056604,0.9401709401709402,0.5925925925925926,0.6153846153846154,42,0.6153846153846154,0.7884615384615384
3119.4829884972423,661744.4859221417,0.6037735849056604,0.9401709401709402,0.5925925925925926,0.6153846153846154,42,0.6153846153846154,0.7692307692307693
2737.304325760808,661362.3072594053,0.6226415094339622,0.9430199430199431,0.6111111111111112,0.6346153846153846,40,0.6346153846153846,0.7884615384615384
2716.243941619876,661341.2468752643,0.6285714285714284,0.9444444444444444,0.6226415094339622,0.6346153846153846,39,0.6346153846153846,0.7884615384615384
2716.243941619876,661341.2468752643,0.6285714285714284,0.9444444444444444,0.6226415094339622,0.6346153846153846,39,0.6346153846153846,0.7884615384615384
2716.243941619876,661341.2468752643,0.6285714285714284,0.9444444444444444,0.6226415094339622,0.6346153846153846,39,0.6346153846153846,0.7884615384615384
2716.243941619876,661341.2468752643,0.6285714285714284,0.9444444444444444,0.6226415094339622,0.6346153846153846,39,0.6346153846153846,0.7884615384615384
2716.243941619876,661341.2468752643,0.6285714285714284,0.9444444444444444,0.6226415094339622,0.6346153846153846,39,0.6346153846153846,0.7884615384615384
2097.6582737271674,660722.6612073716,0.6346153846153846,0.9458689458689459,0.6346153846153846,0.6346153846153846,38,0.6346153846153846,0.7884615384615384
2097.6582737271674,660722.6612073716,0.6346153846153846,0.9458689458689459,0.6346153846153846,0.6346153846153846,38,0.6346153846153846,0.7884615384615384
2097.6582737271674,660722.6612073716,0.6346153846153846,0.9458689458689459,0.6346153846153846,0.6346153846153846,38,0.6346153846153846,0.7884615384615384
2097.6582737271674,660722.6612073716,0.6346153846153846,0.9458689458689459,0.6346153846153846,0.6346153846153846,38,0.6346153846153846,0.7884615384615384
2097.6582737271674,660722.6612073716,0.6346153846153846,0.9458689458689459,0.6346153846153846,0.6346153846153846,38,0.6346153846153846,0.7884615384615384
2097.6582737271674,660722.6612073716,0.6346153846153846,0.9458689458689459,0.6346153846153846,0.6346153846153846,38,0.6346153846153846,0.7884615384615384
2097.6582737271674,660722.6612073716,0.6346153846153846,0.9458689458689459,0.6346153846153846,0.6346153846153846,38,0.6346153846153846,0.7884615384615384
2097.6582737271674,660722.6612073716,0.6346153846153846,0.9458689458689459,0.6346153846153846,0.6346153846153846,38,0.6346153846153846,0.7884615384615384
2097.6582737271674,660722.6612073716,0.6346153846153846,0.9458689458689459,0.6346153846153846,0.6346153846153846,38,0.6346153846153846,0.7884615384615384
2097.6582737271674,660722.6612073716,0.6346153846153846,0.9458689458689459,0.6346153846153846,0.6346153846153846,38,0.6346153846153846,0.7884615384615384
2097.6582737271674,660722.6612073716,0.6346153846153846,0.9458689458689459,0.6346153846153846,0.6346153846153846,38,0.6346153846153846,0.7884615384615384
2097.6582737271674,660722.6612073716,0.6346153846153846,0.9458689458689459,0.6346153846153846,0.6346153846153846,38,0.6346153846153846,0.7884615384615384
2097.6582737271674,660722.6612073716,0.6346153846153846,0.9458689458689459,0.6346153846153846,0.6346153846153846,38,0.6346153846153846,0.7884615384615384
2097.6582737271674,660722.6612073716,0.6346153846153846,0.9458689458689459,0.6346153846153846,0.6346153846153846,38,0.6346153846153846,0.7884615384615384
2097.6582737271674,660722.6612073716,0.6346153846153846,0.9458689458689459,0.6346153846153846,0.6346153846153846,38,0.6346153846153846,0.7884615384615384
2097.6582737271674,660722.6612073716,0.6346153846153846,0.9458689458689459,0.6346153846153846,0.6346153846153846,38,0.6346153846153846,0.7884615384615384
2097.6582737271674,660722.6612073716,0.6346153846153846,0.9458689458689459,0.6346153846153846,0.6346153846153846,38,0.6346153846153846,0.7884615384615384
2097.6582737271674,660722.6612073716,0.6346153846153846,0.9458689458689459,0.6346153846153846,0.6346153846153846,38,0.6346153846153846,0.7884615384615384
2097.6582737271674,660722.6612073716,0.6346153846153846,0.9458689458689459,0.6346153846153846,0.6346153846153846,38,0.6346153846153846,0.7884615384615384
2097.6582737271674,660722.6612073716,0.6346153846153846,0.9458689458689459,0.6346153846153846,0.6346153846153846,38,0.6346153846153846,0.7884615384615384
2097.6582737271674,660722.6612073716,0.6346153846153846,0.9458689458689459,0.6346153846153846,0.6346153846153846,38,0.6346153846153846,0.7884615384615384
2097.6582737271674,660722.6612073716,0.6346153846153846,0.9458689458689459,0.6346153846153846,0.6346153846153846,38,0.6346153846153846,0.7884615384615384
2097.6582737271674,660722.6612073716,0.6346153846153846,0.9458689458689459,0.6346153846153846,0.6346153846153846,38,0.6346153846153846,0.7884615384615384
2097.6582737271674,660722.6612073716,0.6346153846153846,0.9458689458689459,0.6346153846153846,0.6346153846153846,38,0.6346153846153846,0.7884615384615384
2097.6582737271674,660722.6612073716,0.6346153846153846,0.9458689458689459,0.6346153846153846,0.6346153846153846,38,0.6346153846153846,0.7884615384615384
2097.6582737271674,660722.6612073716,0.6346153846153846,0.9458689458689459,0.6346153846153846,0.6346153846153846,38,0.6346153846153846,0.7884615384615384
2097.6582737271674,660722.6612073716,0.6346153846153846,0.9458689458689459,0.6346153846153846,0.6346153846153846,38,0.6346153846153846,0.7884615384615384
2097.6582737271674,660722.6612073716,0.6346153846153846,0.9458689458689459,0.6346153846153846,0.6346153846153846,38,0.6346153846153846,0.7884615384615384
2097.6582737271674,660722.6612073716,0.6346153846153846,0.9458689458689459,0.6346153846153846,0.6346153846153846,38,0.6346153846153846,0.7884615384615384
2097.6582737271674,660722.6612073716,0.6346153846153846,0.9458689458689459,0.6346153846153846,0.6346153846153846,38,0.6346153846153846,0.7884615384615384
2097.6582737271674,660722.6612073716,0.6346153846153846,0.9458689458689459,0.6346153846153846,0.6346153846153846,38,0.6346153846153846,0.7884615384615384
2097.6582737271674,660722.6612073716,0.6346153846153846,0.9458689458689459,0.6346153846153846,0.6346153846153846,38,0.6346153846153846,0.7884615384615384
2097.6582737271674,660722.6612073716,0.6346153846153846,0.9458689458689459,0.6346153846153846,0.6346153846153846,38,0.6346153846153846,0.7884615384615384
2097.6582737271674,660722.6612073716,0.6346153846153846,0.9458689458689459,0.6346153846153846,0.6346153846153846,38,0.6346153846153846,0.7884615384615384
2097.6582737271674,660722.6612073716,0.6346153846153846,0.9458689458689459,0.6346153846153846,0.6346153846153846,38,0.6346153846153846,0.7884615384615384
2097.6582737271674,660722.6612073716,0.6346153846153846,0.9458689458689459,0.6346153846153846,0.6346153846153846,38,0.6346153846153846,0.7884615384615384
2097.6582737271674,660722.6612073716,0.6346153846153846,0.9458689458689459,0.6346153846153846,0.6346153846153846,38,0.6346153846153846,0.7884615384615384
2097.6582737271674,660722.6612073716,0.6346153846153846,0.9458689458689459,0.6346153846153846,0.6346153846153846,38,0.6346153846153846,0.7884615384615384
2097.6582737271674,660722.6612073716,0.6346153846153846,0.9458689458689459,0.6346153846153846,0.6346153846153846,38,0.6346153846153846,0.7884615384615384
2097.6582737271674,660722.6612073716,0.6346153846153846,0.9458689458689459,0.6346153846153846,0.6346153846153846,38,0.6346153846153846,0.7884615384615384
2097.6582737271674,660722.6612073716,0.6346153846153846,0.9458689458689459,0.6346153846153846,0.6346153846153846,38,0.6346153846153846,0.7884615384615384
2097.6582737271674,660722.6612073716,0.6346153846153846,0.9458689458689459,0.6346153846153846,0.6346153846153846,38,0.6346153846153846,0.7884615384615384
2044.6914810296148,660669.6944146741,0.6285714285714284,0.9444444444444444,0.6226415094339622,0.6346153846153846,39,0.6346153846153846,0.7884615384615384
2044.6914810296148,660669.6944146741,0.6285714285714284,0.9444444444444444,0.6226415094339622,0.6346153846153846,39,0.6346153846153846,0.7884615384615384
2044.6914810296148,660669.6944146741,0.6285714285714284,0.9444444444444444,0.6226415094339622,0.6346153846153846,39,0.6346153846153846,0.7884615384615384
2044.6914810296148,660669.6944146741,0.6285714285714284,0.9444444444444444,0.6226415094339622,0.6346153846153846,39,0.6346153846153846,0.7884615384615384
2044.6914810296148,660669.6944146741,0.6285714285714284,0.9444444444444444,0.6226415094339622,0.6346153846153846,39,0.6346153846153846,0.7884615384615384
2044.6914810296148,660669.6944146741,0.6285714285714284,0.9444444444444444,0.6226415094339622,0.6346153846153846,39,0.6346153846153846,0.7884615384615384
2044.6914810296148,660669.6944146741,0.6285714285714284,0.9444444444444444,0.6226415094339622,0.6346153846153846,39,0.6346153846153846,0.7884615384615384
2044.6914810296148,660669.6944146741,0.6285714285714284,0.9444444444444444,0.6226415094339622,0.6346153846153846,39,0.6346153846153846,0.7884615384615384
2044.6914810296148,660669.6944146741,0.6285714285714284,0.9444444444444444,0.6226415094339622,0.6346153846153846,39,0.6346153846153846,0.7884615384615384
2044.6914810296148,660669.6944146741,0.6285714285714284,0.9444444444444444,0.6226415094339622,0.6346153846153846,39,0.6346153846153846,0.7884615384615384
2044.6914810296148,660669.6944146741,0.6285714285714284,0.9444444444444444,0.6226415094339622,0.6346153846153846,39,0.6346153846153846,0.7884615384615384
2044.6914810296148,660669.6944146741,0.6285714285714284,0.9444444444444444,0.6226415094339622,0.6346153846153846,39,0.6346153846153846,0.7884615384615384
2044.6914810296148,660669.6944146741,0.6285714285714284,0.9444444444444444,0.6226415094339622,0.6346153846153846,39,0.6346153846153846,0.7884615384615384
2044.6914810296148,660669.6944146741,0.6285714285714284,0.9444444444444444,0.6226415094339622,0.6346153846153846,39,0.6346153846153846,0.7884615384615384
2044.6914810296148,660669.6944146741,0.6285714285714284,0.9444444444444444,0.6226415094339622,0.6346153846153846,39,0.6346153846153846,0.7884615384615384
2044.6914810296148,660669.6944146741,0.6285714285714284,0.9444444444444444,0.6226415094339622,0.6346153846153846,39,0.6346153846153846,0.7884615384615384
2044.6914810296148,660669.6944146741,0.6285714285714284,0.9444444444444444,0.6226415094339622,0.6346153846153846,39,0.6346153846153846,0.7884615384615384
2044.6914810296148,660669.6944146741,0.6285714285714284,0.9444444444444444,0.6226415094339622,0.6346153846153846,39,0.6346153846153846,0.7884615384615384
2044.6914810296148,660669.6944146741,0.6285714285714284,0.9444444444444444,0.6226415094339622,0.6346153846153846,39,0.6346153846153846,0.7884615384615384
2044.6914810296148,660669.6944146741,0.6285714285714284,0.9444444444444444,0.6226415094339622,0.6346153846153846,39,0.6346153846153846,0.7884615384615384
2044.6914810296148,660669.6944146741,0.6285714285714284,0.9444444444444444,0.6226415094339622,0.6346153846153846,39,0.6346153846153846,0.7884615384615384
2044.6914810296148,660669.6944146741,0.6285714285714284,0.9444444444444444,0.6226415094339622,0.6346153846153846,39,0.6346153846153846,0.7884615384615384
2044.6914810296148,660669.6944146741,0.6285714285714284,0.9444444444444444,0.6226415094339622,0.6346153846153846,39,0.6346153846153846,0.7884615384615384
2044.6914810296148,660669.6944146741,0.6285714285714284,0.9444444444444444,0.6226415094339622,0.6346153846153846,39,0.6346153846153846,0.7884615384615384
2044.6914810296148,660669.6944146741,0.6285714285714284,0.9444444444444444,0.6226415094339622,0.6346153846153846,39,0.6346153846153846,0.7884615384615384
2044.6914810296148,660669.6944146741,0.6285714285714284,0.9444444444444444,0.6226415094339622,0.6346153846153846,39,0.6346153846153846,0.7884615384615384
2044.6914810296148,660669.6944146741,0.6285714285714284,0.9444444444444444,0.6226415094339622,0.6346153846153846,39,0.6346153846153846,0.7884615384615384
2044.6914810296148,660669.6944146741,0.6285714285714284,0.9444444444444444,0.6226415094339622,0.6346153846153846,39,0.6346153846153846,0.7884615384615384
2044.6914810296148,660669.6944146741,0.6285714285714284,0.9444444444444444,0.6226415094339622,0.6346153846153846,39,0.6346153846153846,0.7884615384615384
2044.6914810296148,660669.6944146741,0.6285714285714284,0.9444444444444444,0.6226415094339622,0.6346153846153846,39,0.6346153846153846,0.7884615384615384
2044.6914810296148,660669.6944146741,0.6285714285714284,0.9444444444444444,0.6226415094339622,0.6346153846153846,39,0.6346153846153846,0.7884615384615384
2044.6914810296148,660669.6944146741,0.6285714285714284,0.9444444444444444,0.6226415094339622,0.6346153846153846,39,0.6346153846153846,0.7884615384615384
2044.6914810296148,660669.6944146741,0.6285714285714284,0.9444444444444444,0.6226415094339622,0.6346153846153846,39,0.6346153846153846,0.7884615384615384
2044.6914810296148,660669.6944146741,0.6285714285714284,0.9444444444444444,0.6226415094339622,0.6346153846153846,39,0.6346153846153846,0.7884615384615384
2044.6914810296148,660669.6944146741,0.6285714285714284,0.9444444444444444,0.6226415094339622,0.6346153846153846,39,0.6346153846153846,0.7884615384615384
2044.6914810296148,660669.6944146741,0.6285714285714284,0.9444444444444444,0.6226415094339622,0.6346153846153846,39,0.6346153846153846,0.7884615384615384
2044.6914810296148,660669.6944146741,0.6285714285714284,0.9444444444444444,0.6226415094339622,0.6346153846153846,39,0.6346153846153846,0.7884615384615384
2044.6914810296148,660669.6944146741,0.6285714285714284,0.9444444444444444,0.6226415094339622,0.6346153846153846,39,0.6346153846153846,0.7884615384615384
2044.6914810296148,660669.6944146741,0.6285714285714284,0.9444444444444444,0.6226415094339622,0.6346153846153846,39,0.6346153846153846,0.7884615384615384
2044.6914810296148,660669.6944146741,0.6285714285714284,0.9444444444444444,0.6226415094339622,0.6346153846153846,39,0.6346153846153846,0.7884615384615384
2044.6914810296148,660669.6944146741,0.6285714285714284,0.9444444444444444,0.6226415094339622,0.6346153846153846,39,0.6346153846153846,0.7884615384615384
2044.6914810296148,660669.6944146741,0.6285714285714284,0.9444444444444444,0.6226415094339622,0.6346153846153846,39,0.6346153846153846,0.7884615384615384
2044.6914810296148,660669.6944146741,0.6285714285714284,0.9444444444444444,0.6226415094339622,0.6346153846153846,39,0.6346153846153846,0.7884615384615384
2044.6914810296148,660669.6944146741,0.6285714285714284,0.9444444444444444,0.6226415094339622,0.6346153846153846,39,0.6346153846153846,0.7884615384615384
2044.6914810296148,660669.6944146741,0.6285714285714284,0.9444444444444444,0.6226415094339622,0.6346153846153846,39,0.6346153846153846,0.7884615384615384
2044.6914810296148,660669.6944146741,0.6285714285714284,0.9444444444444444,0.6226415094339622,0.6346153846153846,39,0.6346153846153846,0.7884615384615384
2044.6914810296148,660669.6944146741,0.6285714285714284,0.9444444444444444,0.6226415094339622,0.6346153846153846,39,0.6346153846153846,0.7884615384615384
2044.6914810296148,660669.6944146741,0.6285714285714284,0.9444444444444444,0.6226415094339622,0.6346153846153846,39,0.6346153846153846,0.7884615384615384
2044.6914810296148,660669.6944146741,0.6285714285714284,0.9444444444444444,0.6226415094339622,0.6346153846153846,39,0.6346153846153846,0.7884615384615384
2044.6914810296148,660669.6944146741,0.6285714285714284,0.9444444444444444,0.6226415094339622,0.6346153846153846,39,0.6346153846153846,0.7884615384615384
2044.6914810296148,660669.6944146741,0.6285714285714284,0.9444444444444444,0.6226415094339622,0.6346153846153846,39,0.6346153846153846,0.7884615384615384
2044.6914810296148,660669.6944146741,0.6285714285714284,0.9444444444444444,0.6226415094339622,0.6346153846153846,39,0.6346153846153846,0.7884615384615384
2044.6914810296148,660669.6944146741,0.6285714285714284,0.9444444444444444,0.6226415094339622,0.6346153846153846,39,0.6346153846153846,0.7884615384615384
2044.6914810296148,660669.6944146741,0.6285714285714284,0.9444444444444444,0.6226415094339622,0.6346153846153846,39,0.6346153846153846,0.7884615384615384
2044.6914810296148,660669.6944146741,0.6285714285714284,0.9444444444444444,0.6226415094339622,0.6346153846153846,39,0.6346153846153846,0.7884615384615384
2044.6914810296148,660669.6944146741,0.6285714285714284,0.9444444444444444,0.6226415094339622,0.6346153846153846,39,0.6346153846153846,0.7884615384615384
2044.6914810296148,660669.6944146741,0.6285714285714284,0.9444444444444444,0.6226415094339622,0.6346153846153846,39,0.6346153846153846,0.7884615384615384
2044.6914810296148,660669.6944146741,0.6285714285714284,0.9444444444444444,0.6226415094339622,0.6346153846153846,39,0.6346153846153846,0.7884615384615384
2044.6914810296148,660669.6944146741,0.6285714285714284,0.9444444444444444,0.6226415094339622,0.6346153846153846,39,0.6346153846153846,0.7884615384615384
2044.6914810296148,660669.6944146741,0.6285714285714284,0.9444444444444444,0.6226415094339622,0.6346153846153846,39,0.6346153846153846,0.7884615384615384
2044.6914810296148,660669.6944146741,0.6285714285714284,0.9444444444444444,0.6226415094339622,0.6346153846153846,39,0.6346153846153846,0.7884615384615384
2044.6914810296148,660669.6944146741,0.6285714285714284,0.9444444444444444,0.6226415094339622,0.6346153846153846,39,0.6346153846153846,0.7884615384615384
2044.6914810296148,660669.6944146741,0.6285714285714284,0.9444444444444444,0.6226415094339622,0.6346153846153846,39,0.6346153846153846,0.7884615384615384
2044.6914810296148,660669.6944146741,0.6285714285714284,0.9444444444444444,0.6226415094339622,0.6346153846153846,39,0.6346153846153846,0.7884615384615384
2044.6914810296148,660669.6944146741,0.6285714285714284,0.9444444444444444,0.6226415094339622,0.6346153846153846,39,0.6346153846153846,0.7884615384615384
2044.6914810296148,660669.6944146741,0.6285714285714284,0.9444444444444444,0.6226415094339622,0.6346153846153846,39,0.6346153846153846,0.7884615384615384
2044.6914810296148,660669.6944146741,0.6285714285714284,0.9444444444444444,0.6226415094339622,0.6346153846153846,39,0.6346153846153846,0.7884615384615384
2044.6914810296148,660669.6944146741,0.6285714285714284,0.9444444444444444,0.6226415094339622,0.6346153846153846,39,0.6346153846153846,0.7884615384615384
2044.6914810296148,660669.6944146741,0.6285714285714284,0.9444444444444444,0.6226415094339622,0.6346153846153846,39,0.6346153846153846,0.7884615384615384
2044.6914810296148,660669.6944146741,0.6285714285714284,0.9444444444444444,0.6226415094339622,0.6346153846153846,39,0.6346153846153846,0.7884615384615384
2044.6914810296148,660669.6944146741,0.6285714285714284,0.9444444444444444,0.6226415094339622,0.6346153846153846,39,0.6346153846153846,0.7884615384615384
2044.6914810296148,660669.6944146741,0.6285714285714284,0.9444444444444444,0.6226415094339622,0.6346153846153846,39,0.6346153846153846,0.7884615384615384
2044.6914810296148,660669.6944146741,0.6285714285714284,0.9444444444444444,0.6226415094339622,0.6346153846153846,39,0.6346153846153846,0.7884615384615384
2044.6914810296148,660669.6944146741,0.6285714285714284,0.9444444444444444,0.6226415094339622,0.6346153846153846,39,0.6346153846153846,0.7884615384615384
2044.6914810296148,660669.6944146741,0.6285714285714284,0.9444444444444444,0.6226415094339622,0.6346153846153846,39,0.6346153846153846,0.7884615384615384
2044.6914810296148,660669.6944146741,0.6285714285714284,0.9444444444444444,0.6226415094339622,0.6346153846153846,39,0.6346153846153846,0.7884615384615384
2044.6914810296148,660669.6944146741,0.6285714285714284,0.9444444444444444,0.6226415094339622,0.6346153846153846,39,0.6346153846153846,0.7884615384615384
2044.6914810296148,660669.6944146741,0.6285714285714284,0.9444444444444444,0.6226415094339622,0.6346153846153846,39,0.6346153846153846,0.7884615384615384
2044.6914810296148,660669.6944146741,0.6285714285714284,0.9444444444444444,0.6226415094339622,0.6346153846153846,39,0.6346153846153846,0.7884615384615384
2044.6914810296148,660669.6944146741,0.6285714285714284,0.9444444444444444,0.6226415094339622,0.6346153846153846,39,0.6346153846153846,0.7884615384615384
2044.6914810296148,660669.6944146741,0.6285714285714284,0.9444444444444444,0.6226415094339622,0.6346153846153846,39,0.6346153846153846,0.7884615384615384
2044.6914810296148,660669.6944146741,0.6285714285714284,0.9444444444444444,0.6226415094339622,0.6346153846153846,39,0.6346153846153846,0.7884615384615384
2044.6914810296148,660669.6944146741,0.6285714285714284,0.9444444444444444,0.6226415094339622,0.6346153846153846,39,0.6346153846153846,0.7884615384615384
2044.6914810296148,660669.6944146741,0.6285714285714284,0.9444444444444444,0.6226415094339622,0.6346153846153846,39,0.6346153846153846,0.7884615384615384
2044.6914810296148,660669.6944146741,0.6285714285714284,0.9444444444444444,0.6226415094339622,0.6346153846153846,39,0.6346153846153846,0.7884615384615384
2044.6914810296148,660669.6944146741,0.6285714285714284,0.9444444444444444,0.6226415094339622,0.6346153846153846,39,0.6346153846153846,0.7884615384615384
2044.6914810296148,660669.6944146741,0.6285714285714284,0.9444444444444444,0.6226415094339622,0.6346153846153846,39,0.6346153846153846,0.7884615384615384
2044.6914810296148,660669.6944146741,0.6285714285714284,0.9444444444444444,0.6226415094339622,0.6346153846153846,39,0.6346153846153846,0.7884615384615384
2044.6914810296148,660669.6944146741,0.6285714285714284,0.9444444444444444,0.6226415094339622,0.6346153846153846,39,0.6346153846153846,0.7884615384615384
2044.6914810296148,660669.6944146741,0.6285714285714284,0.9444444444444444,0.6226415094339622,0.6346153846153846,39,0.6346153846153846,0.7884615384615384
2044.6914810296148,660669.6944146741,0.6285714285714284,0.9444444444444444,0.6226415094339622,0.6346153846153846,39,0.6346153846153846,0.7884615384615384
2044.6914810296148,660669.6944146741,0.6285714285714284,0.9444444444444444,0.6226415094339622,0.6346153846153846,39,0.6346153846153846,0.7884615384615384
2044.6914810296148,660669.6944146741,0.6285714285714284,0.9444444444444444,0.6226415094339622,0.6346153846153846,39,0.6346153846153846,0.7884615384615384
2044.6914810296148,660669.6944146741,0.6285714285714284,0.9444444444444444,0.6226415094339622,0.6346153846153846,39,0.6346153846153846,0.7884615384615384
2044.6914810296148,660669.6944146741,0.6285714285714284,0.9444444444444444,0.6226415094339622,0.6346153846153846,39,0.6346153846153846,0.7884615384615384
2044.6914810296148,660669.6944146741,0.6285714285714284,0.9444444444444444,0.6226415094339622,0.6346153846153846,39,0.6346153846153846,0.7884615384615384
2044.6914810296148,660669.6944146741,0.6285714285714284,0.9444444444444444,0.6226415094339622,0.6346153846153846,39,0.6346153846153846,0.7884615384615384
2044.6914810296148,660669.6944146741,0.6285714285714284,0.9444444444444444,0.6226415094339622,0.6346153846153846,39,0.6346153846153846,0.7884615384615384
2044.6914810296148,660669.6944146741,0.6285714285714284,0.9444444444444444,0.6226415094339622,0.6346153846153846,39,0.6346153846153846,0.7884615384615384
2044.6914810296148,660669.6944146741,0.6285714285714284,0.9444444444444444,0.6226415094339622,0.6346153846153846,39,0.6346153846153846,0.7884615384615384
2044.6914810296148,660669.6944146741,0.6285714285714284,0.9444444444444444,0.6226415094339622,0.6346153846153846,39,0.6346153846153846,0.7884615384615384
2044.6914810296148,660669.6944146741,0.6285714285714284,0.9444444444444444,0.6226415094339622,0.6346153846153846,39,0.6346153846153846,0.7884615384615384
2044.6914810296148,660669.6944146741,0.6285714285714284,0.9444444444444444,0.6226415094339622,0.6346153846153846,39,0.6346153846153846,0.7884615384615384
2044.6914810296148,660669.6944146741,0.6285714285714284,0.9444444444444444,0.6226415094339622,0.6346153846153846,39,0.6346153846153846,0.7884615384615384
2044.6914810296148,660669.6944146741,0.6285714285714284,0.9444444444444444,0.6226415094339622,0.6346153846153846,39,0.6346153846153846,0.7884615384615384
2044.6914810296148,660669.6944146741,0.6285714285714284,0.9444444444444444,0.6226415094339622,0.6346153846153846,39,0.6346153846153846,0.7884615384615384
2044.6914810296148,660669.6944146741,0.6285714285714284,0.9444444444444444,0.6226415094339622,0.6346153846153846,39,0.6346153846153846,0.7884615384615384
2044.6914810296148,660669.6944146741,0.6285714285714284,0.9444444444444444,0.6226415094339622,0.6346153846153846,39,0.6346153846153846,0.7884615384615384
2044.6914810296148,660669.6944146741,0.6285714285714284,0.9444444444444444,0.6226415094339622,0.6346153846153846,39,0.6346153846153846,0.7884615384615384
2044.6914810296148,660669.6944146741,0.6285714285714284,0.9444444444444444,0.6226415094339622,0.6346153846153846,39,0.6346153846153846,0.7884615384615384
2044.6914810296148,660669.6944146741,0.6285714285714284,0.9444444444444444,0.6226415094339622,0.6346153846153846,39,0.6346153846153846,0.7884615384615384
2044.6914810296148,660669.6944146741,0.6285714285714284,0.9444444444444444,0.6226415094339622,0.6346153846153846,39,0.6346153846153846,0.7884615384615384
2044.6914810296148,660669.6944146741,0.6285714285714284,0.9444444444444444,0.6226415094339622,0.6346153846153846,39,0.6346153846153846,0.7884615384615384
2044.6914810296148,660669.6944146741,0.6285714285714284,0.9444444444444444,0.6226415094339622,0.6346153846153846,39,0.6346153846153846,0.7884615384615384
2044.6914810296148,660669.6944146741,0.6285714285714284,0.9444444444444444,0.6226415094339622,0.6346153846153846,39,0.6346153846153846,0.7884615384615384
2044.6914810296148,660669.6944146741,0.6285714285714284,0.9444444444444444,0.6226415094339622,0.6346153846153846,39,0.6346153846153846,0.7884615384615384
2044.6914810296148,660669.6944146741,0.6285714285714284,0.9444444444444444,0.6226415094339622,0.6346153846153846,39,0.6346153846153846,0.7884615384615384
2044.6914810296148,660669.6944146741,0.6285714285714284,0.9444444444444444,0.6226415094339622,0.6346153846153846,39,0.6346153846153846,0.7884615384615384
2044.6914810296148,660669.6944146741,0.6285714285714284,0.9444444444444444,0.6226415094339622,0.6346153846153846,39,0.6346153846153846,0.7884615384615384
2044.6914810296148,660669.6944146741,0.6285714285714284,0.9444444444444444,0.6226415094339622,0.6346153846153846,39,0.6346153846153846,0.7884615384615384
2044.6914810296148,660669.6944146741,0.6285714285714284,0.9444444444444444,0.6226415094339622,0.6346153846153846,39,0.6346153846153846,0.7884615384615384
2044.6914810296148,660669.6944146741,0.6285714285714284,0.9444444444444444,0.6226415094339622,0.6346153846153846,39,0.6346153846153846,0.7884615384615384
2044.6914810296148,660669.6944146741,0.6285714285714284,0.9444444444444444,0.6226415094339622,0.6346153846153846,39,0.6346153846153846,0.7884615384615384
2044.6914810296148,660669.6944146741,0.6285714285714284,0.9444444444444444,0.6226415094339622,0.6346153846153846,39,0.6346153846153846,0.7884615384615384
2044.6914810296148,660669.6944146741,0.6285714285714284,0.9444444444444444,0.6226415094339622,0.6346153846153846,39,0.6346153846153846,0.7884615384615384
2044.6914810296148,660669.6944146741,0.6285714285714284,0.9444444444444444,0.6226415094339622,0.6346153846153846,39,0.6346153846153846,0.7884615384615384
2044.6914810296148,660669.6944146741,0.6285714285714284,0.9444444444444444,0.6226415094339622,0.6346153846153846,39,0.6346153846153846,0.7884615384615384
2044.6914810296148,660669.6944146741,0.6285714285714284,0.9444444444444444,0.6226415094339622,0.6346153846153846,39,0.6346153846153846,0.7884615384615384
2044.6914810296148,660669.6944146741,0.6285714285714284,0.9444444444444444,0.6226415094339622,0.6346153846153846,39,0.6346153846153846,0.7884615384615384
2044.6914810296148,660669.6944146741,0.6285714285714284,0.9444444444444444,0.6226415094339622,0.6346153846153846,39,0.6346153846153846,0.7884615384615384
2044.6914810296148,660669.6944146741,0.6285714285714284,0.9444444444444444,0.6226415094339622,0.6346153846153846,39,0.6346153846153846,0.7884615384615384
2044.6914810296148,660669.6944146741,0.6285714285714284,0.9444444444444444,0.6226415094339622,0.6346153846153846,39,0.6346153846153846,0.7884615384615384
2044.6914810296148,660669.6944146741,0.6285714285714284,0.9444444444444444,0.6226415094339622,0.6346153846153846,39,0.6346153846153846,0.7884615384615384
2044.6914810296148,660669.6944146741,0.6285714285714284,0.9444444444444444,0.6226415094339622,0.6346153846153846,39,0.6346153846153846,0.7884615384615384
2044.6914810296148,660669.6944146741,0.6285714285714284,0.9444444444444444,0.6226415094339622,0.6346153846153846,39,0.6346153846153846,0.7884615384615384
2044.6914810296148,660669.6944146741,0.6285714285714284,0.9444444444444444,0.6226415094339622,0.6346153846153846,39,0.6346153846153846,0.7884615384615384
2044.6914810296148,660669.6944146741,0.6285714285714284,0.9444444444444444,0.6226415094339622,0.6346153846153846,39,0.6346153846153846,0.7884615384615384
2044.6914810296148,660669.6944146741,0.6285714285714284,0.9444444444444444,0.6226415094339622,0.6346153846153846,39,0.6346153846153846,0.7884615384615384
2044.6914810296148,660669.6944146741,0.6285714285714284,0.9444444444444444,0.6226415094339622,0.6346153846153846,39,0.6346153846153846,0.7884615384615384
2044.6914810296148,660669.6944146741,0.6285714285714284,0.9444444444444444,0.6226415094339622,0.6346153846153846,39,0.6346153846153846,0.7884615384615384
2044.6914810296148,660669.6944146741,0.6285714285714284,0.9444444444444444,0.6226415094339622,0.6346153846153846,39,0.6346153846153846,0.7884615384615384
2044.6914810296148,660669.6944146741,0.6285714285714284,0.9444444444444444,0.6226415094339622,0.6346153846153846,39,0.6346153846153846,0.7884615384615384
2044.6914810296148,660669.6944146741,0.6285714285714284,0.9444444444444444,0.6226415094339622,0.6346153846153846,39,0.6346153846153846,0.7884615384615384
2044.6914810296148,660669.6944146741,0.6285714285714284,0.9444444444444444,0.6226415094339622,0.6346153846153846,39,0.6346153846153846,0.7884615384615384
2044.6914810296148,660669.6944146741,0.6285714285714284,0.9444444444444444,0.6226415094339622,0.6346153846153846,39,0.6346153846153846,0.7884615384615384
2044.6914810296148,660669.6944146741,0.6285714285714284,0.9444444444444444,0.6226415094339622,0.6346153846153846,39,0.6346153846153846,0.7884615384615384
2044.6914810296148,660669.6944146741,0.6285714285714284,0.9444444444444444,0.6226415094339622,0.6346153846153846,39,0.6346153846153846,0.7884615384615384
2044.6914810296148,660669.6944146741,0.6285714285714284,0.9444444444444444,0.6226415094339622,0.6346153846153846,39,0.6346153846153846,0.7884615384615384
2044.6914810296148,660669.6944146741,0.6285714285714284,0.9444444444444444,0.6226415094339622,0.6346153846153846,39,0.6346153846153846,0.7884615384615384
2044.6914810296148,660669.6944146741,0.6285714285714284,0.9444444444444444,0.6226415094339622,0.6346153846153846,39,0.6346153846153846,0.7884615384615384
2044.6914810296148,660669.6944146741,0.6285714285714284,0.9444444444444444,0.6226415094339622,0.6346153846153846,39,0.6346153846153846,0.7884615384615384
2044.6914810296148,660669.6944146741,0.6285714285714284,0.9444444444444444,0.6226415094339622,0.6346153846153846,39,0.6346153846153846,0.7884615384615384
2044.6914810296148,660669.6944146741,0.6285714285714284,0.9444444444444444,0.6226415094339622,0.6346153846153846,39,0.6346153846153846,0.7884615384615384
2044.6914810296148,660669.6944146741,0.6285714285714284,0.9444444444444444,0.6226415094339622,0.6346153846153846,39,0.6346153846153846,0.7884615384615384
2044.6914810296148,660669.6944146741,0.6285714285714284,0.9444444444444444,0.6226415094339622,0.6346153846153846,39,0.6346153846153846,0.7884615384615384
2044.6914810296148,660669.6944146741,0.6285714285714284,0.9444444444444444,0.6226415094339622,0.6346153846153846,39,0.6346153846153846,0.7884615384615384
2044.6914810296148,660669.6944146741,0.6285714285714284,0.9444444444444444,0.6226415094339622,0.6346153846153846,39,0.6346153846153846,0.7884615384615384
2044.6914810296148,660669.6944146741,0.6285714285714284,0.9444444444444444,0.6226415094339622,0.6346153846153846,39,0.6346153846153846,0.7884615384615384
2044.6914810296148,660669.6944146741,0.6285714285714284,0.9444444444444444,0.6226415094339622,0.6346153846153846,39,0.6346153846153846,0.7884615384615384
2044.6914810296148,660669.6944146741,0.6285714285714284,0.9444444444444444,0.6226415094339622,0.6346153846153846,39,0.6346153846153846,0.7884615384615384
2044.6914810296148,660669.6944146741,0.6285714285714284,0.9444444444444444,0.6226415094339622,0.6346153846153846,39,0.6346153846153846,0.7884615384615384
2044.6914810296148,660669.6944146741,0.6285714285714284,0.9444444444444444,0.6226415094339622,0.6346153846153846,39,0.6346153846153846,0.7884615384615384
2044.6914810296148,660669.6944146741,0.6285714285714284,0.9444444444444444,0.6226415094339622,0.6346153846153846,39,0.6346153846153846,0.7884615384615384
2044.6914810296148,660669.6944146741,0.6285714285714284,0.9444444444444444,0.6226415094339622,0.6346153846153846,39,0.6346153846153846,0.7884615384615384
2044.6914810296148,660669.6944146741,0.6285714285714284,0.9444444444444444,0.6226415094339622,0.6346153846153846,39,0.6346153846153846,0.7884615384615384
2044.6914810296148,660669.6944146741,0.6285714285714284,0.9444444444444444,0.6226415094339622,0.6346153846153846,39,0.6346153846153846,0.7884615384615384
2044.6914810296148,660669.6944146741,0.6285714285714284,0.9444444444444444,0.6226415094339622,0.6346153846153846,39,0.6346153846153846,0.7884615384615384
2044.6914810296148,660669.6944146741,0.6285714285714284,0.9444444444444444,0.6226415094339622,0.6346153846153846,39,0.6346153846153846,0.7884615384615384
2044.6914810296148,660669.6944146741,0.6285714285714284,0.9444444444444444,0.6226415094339622,0.6346153846153846,39,0.6346153846153846,0.7884615384615384
2044.6914810296148,660669.6944146741,0.6285714285714284,0.9444444444444444,0.6226415094339622,0.6346153846153846,39,0.6346153846153846,0.7884615384615384
2044.6914810296148,660669.6944146741,0.6285714285714284,0.9444444444444444,0.6226415094339622,0.6346153846153846,39,0.6346153846153846,0.7884615384615384
2044.6914810296148,660669.6944146741,0.6285714285714284,0.9444444444444444,0.6226415094339622,0.6346153846153846,39,0.6346153846153846,0.7884615384615384
2044.6914810296148,660669.6944146741,0.6285714285714284,0.9444444444444444,0.6226415094339622,0.6346153846153846,39,0.6346153846153846,0.7884615384615384
2044.6914810296148,660669.6944146741,0.6285714285714284,0.9444444444444444,0.6226415094339622,0.6346153846153846,39,0.6346153846153846,0.7884615384615384
2044.6914810296148,660669.6944146741,0.6285714285714284,0.9444444444444444,0.6226415094339622,0.6346153846153846,39,0.6346153846153846,0.7884615384615384
2044.6914810296148,660669.6944146741,0.6285714285714284,0.9444444444444444,0.6226415094339622,0.6346153846153846,39,0.6346153846153846,0.7884615384615384
2044.6914810296148,660669.6944146741,0.6285714285714284,0.9444444444444444,0.6226415094339622,0.6346153846153846,39,0.6346153846153846,0.7884615384615384
2044.6914810296148,660669.6944146741,0.6285714285714284,0.9444444444444444,0.6226415094339622,0.6346153846153846,39,0.6346153846153846,0.7884615384615384
2044.6914810296148,660669.6944146741,0.6285714285714284,0.9444444444444444,0.6226415094339622,0.6346153846153846,39,0.6346153846153846,0.7884615384615384
2044.6914810296148,660669.6944146741,0.6285714285714284,0.9444444444444444,0.6226415094339622,0.6346153846153846,39,0.6346153846153846,0.7884615384615384
2044.6914810296148,660669.6944146741,0.6285714285714284,0.9444444444444444,0.6226415094339622,0.6346153846153846,39,0.6346153846153846,0.7884615384615384
2044.6914810296148,660669.6944146741,0.6285714285714284,0.9444444444444444,0.6226415094339622,0.6346153846153846,39,0.6346153846153846,0.7884615384615384
2044.6914810296148,660669.6944146741,0.6285714285714284,0.9444444444444444,0.6226415094339622,0.6346153846153846,39,0.6346153846153846,0.7884615384615384
2044.6914810296148,660669.6944146741,0.6285714285714284,0.9444444444444444,0.6226415094339622,0.6346153846153846,39,0.6346153846153846,0.7884615384615384
2044.6914810296148,660669.6944146741,0.6285714285714284,0.9444444444444444,0.6226415094339622,0.6346153846153846,39,0.6346153846153846,0.7884615384615384
2044.6914810296148,660669.6944146741,0.6285714285714284,0.9444444444444444,0.6226415094339622,0.6346153846153846,39,0.6346153846153846,0.7884615384615384
2044.6914810296148,660669.6944146741,0.6285714285714284,0.9444444444444444,0.6226415094339622,0.6346153846153846,39,0.6346153846153846,0.7884615384615384
2044.6914810296148,660669.6944146741,0.6285714285714284,0.9444444444444444,0.6226415094339622,0.6346153846153846,39,0.6346153846153846,0.7884615384615384
2044.6914810296148,660669.6944146741,0.6285714285714284,0.9444444444444444,0.6226415094339622,0.6346153846153846,39,0.6346153846153846,0.7884615384615384
2044.6914810296148,660669.6944146741,0.6285714285714284,0.9444444444444444,0.6226415094339622,0.6346153846153846,39,0.6346153846153846,0.7884615384615384
2044.6914810296148,660669.6944146741,0.6285714285714284,0.9444444444444444,0.6226415094339622,0.6346153846153846,39,0.6346153846153846,0.7884615384615384
2044.6914810296148,660669.6944146741,0.6285714285714284,0.9444444444444444,0.6226415094339622,0.6346153846153846,39,0.6346153846153846,0.7884615384615384
2044.6914810296148,660669.6944146741,0.6285714285714284,0.9444444444444444,0.6226415094339622,0.6346153846153846,39,0.6346153846153846,0.7884615384615384
2044.6914810296148,660669.6944146741,0.6285714285714284,0.9444444444444444,0.6226415094339622,0.6346153846153846,39,0.6346153846153846,0.7884615384615384
2044.6914810296148,660669.6944146741,0.6285714285714284,0.9444444444444444,0.6226415094339622,0.6346153846153846,39,0.6346153846153846,0.7884615384615384
2044.6914810296148,660669.6944146741,0.6285714285714284,0.9444444444444444,0.6226415094339622,0.6346153846153846,39,0.6346153846153846,0.7884615384615384
2044.6914810296148,660669.6944146741,0.6285714285714284,0.9444444444444444,0.6226415094339622,0.6346153846153846,39,0.6346153846153846,0.7884615384615384
2044.6914810296148,660669.6944146741,0.6285714285714284,0.9444444444444444,0.6226415094339622,0.6346153846153846,39,0.6346153846153846,0.7884615384615384
2044.6914810296148,660669.6944146741,0.6285714285714284,0.9444444444444444,0.6226415094339622,0.6346153846153846,39,0.6346153846153846,0.7884615384615384
2044.6914810296148,660669.6944146741,0.6285714285714284,0.9444444444444444,0.6226415094339622,0.6346153846153846,39,0.6346153846153846,0.7884615384615384
2044.6914810296148,660669.6944146741,0.6285714285714284,0.9444444444444444,0.6226415094339622,0.6346153846153846,39,0.6346153846153846,0.7884615384615384
2044.6914810296148,660669.6944146741,0.6285714285714284,0.9444444444444444,0.6226415094339622,0.6346153846153846,39,0.6346153846153846,0.7884615384615384
2044.6914810296148,660669.6944146741,0.6285714285714284,0.9444444444444444,0.6226415094339622,0.6346153846153846,39,0.6346153846153846,0.7884615384615384
2044.6914810296148,660669.6944146741,0.6285714285714284,0.9444444444444444,0.6226415094339622,0.6346153846153846,39,0.6346153846153846,0.7884615384615384
2044.6914810296148,660669.6944146741,0.6285714285714284,0.9444444444444444,0.6226415094339622,0.6346153846153846,39,0.6346153846153846,0.7884615384615384
2044.6914810296148,660669.6944146741,0.6285714285714284,0.9444444444444444,0.6226415094339622,0.6346153846153846,39,0.6346153846153846,0.7884615384615384
2044.6914810296148,660669.6944146741,0.6285714285714284,0.9444444444444444,0.6226415094339622,0.6346153846153846,39,0.6346153846153846,0.7884615384615384
2044.6914810296148,660669.6944146741,0.6285714285714284,0.9444444444444444,0.6226415094339622,0.6346153846153846,39,0.6346153846153846,0.7884615384615384
2044.6914810296148,660669.6944146741,0.6285714285714284,0.9444444444444444,0.6226415094339622,0.6346153846153846,39,0.6346153846153846,0.7884615384615384
2044.6914810296148,660669.6944146741,0.6285714285714284,0.9444444444444444,0.6226415094339622,0.6346153846153846,39,0.6346153846153846,0.7884615384615384
2044.6914810296148,660669.6944146741,0.6285714285714284,0.9444444444444444,0.6226415094339622,0.6346153846153846,39,0.6346153846153846,0.7884615384615384
2044.6914810296148,660669.6944146741,0.6285714285714284,0.9444444444444444,0.6226415094339622,0.6346153846153846,39,0.6346153846153846,0.7884615384615384
2044.6914810296148,660669.6944146741,0.6285714285714284,0.9444444444444444,0.6226415094339622,0.6346153846153846,39,0.6346153846153846,0.7884615384615384
2044.6914810296148,660669.6944146741,0.6285714285714284,0.9444444444444444,0.6226415094339622,0.6346153846153846,39,0.6346153846153846,0.7884615384615384
2044.6914810296148,660669.6944146741,0.6285714285714284,0.9444444444444444,0.6226415094339622,0.6346153846153846,39,0.6346153846153846,0.7884615384615384
2044.6914810296148,660669.6944146741,0.6285714285714284,0.9444444444444444,0.6226415094339622,0.6346153846153846,39,0.6346153846153846,0.7884615384615384
2044.6914810296148,660669.6944146741,0.6285714285714284,0.9444444444444444,0.6226415094339622,0.6346153846153846,39,0.6346153846153846,0.7884615384615384
2044.6914810296148,660669.6944146741,0.6285714285714284,0.9444444444444444,0.6226415094339622,0.6346153846153846,39,0.6346153846153846,0.7884615384615384
2044.6914810296148,660669.6944146741,0.6285714285714284,0.9444444444444444,0.6226415094339622,0.6346153846153846,39,0.6346153846153846,0.7884615384615384
2044.6914810296148,660669.6944146741,0.6285714285714284,0.9444444444444444,0.6226415094339622,0.6346153846153846,39,0.6346153846153846,0.7884615384615384
2044.6914810296148,660669.6944146741,0.6285714285714284,0.9444444444444444,0.6226415094339622,0.6346153846153846,39,0.6346153846153846,0.7884615384615384
2044.6914810296148,660669.6944146741,0.6285714285714284,0.9444444444444444,0.6226415094339622,0.6346153846153846,39,0.6346153846153846,0.7884615384615384
2044.6914810296148,660669.6944146741,0.6285714285714284,0.9444444444444444,0.6226415094339622,0.6346153846153846,39,0.6346153846153846,0.7884615384615384
2044.6914810296148,660669.6944146741,0.6285714285714284,0.9444444444444444,0.6226415094339622,0.6346153846153846,39,0.6346153846153846,0.7884615384615384
2044.6914810296148,660669.6944146741,0.6285714285714284,0.9444444444444444,0.6226415094339622,0.6346153846153846,39,0.6346153846153846,0.7884615384615384
2044.6914810296148,660669.6944146741,0.6285714285714284,0.9444444444444444,0.6226415094339622,0.6346153846153846,39,0.6346153846153846,0.7884615384615384
2026.6491370321019,660651.6520706766,0.6476190476190475,0.9472934472934473,0.6415094339622641,0.6538461538461539,37,0.6538461538461539,0.7884615384615384
1852.8000684902072,660477.8030021347,0.6538461538461539,0.9487179487179487,0.6538461538461539,0.6538461538461539,36,0.6538461538461539,0.7884615384615384
1852.8000684902072,660477.8030021347,0.6538461538461539,0.9487179487179487,0.6538461538461539,0.6538461538461539,36,0.6538461538461539,0.7884615384615384
1852.8000684902072,660477.8030021347,0.6538461538461539,0.9487179487179487,0.6538461538461539,0.6538461538461539,36,0.6538461538461539,0.7884615384615384
1852.8000684902072,660477.8030021347,0.6538461538461539,0.9487179487179487,0.6538461538461539,0.6538461538461539,36,0.6538461538461539,0.7884615384615384
1852.8000684902072,660477.8030021347,0.6538461538461539,0.9487179487179487,0.6538461538461539,0.6538461538461539,36,0.6538461538461539,0.7884615384615384
1852.8000684902072,660477.8030021347,0.6538461538461539,0.9487179487179487,0.6538461538461539,0.6538461538461539,36,0.6538461538461539,0.7884615384615384
1852.8000684902072,660477.8030021347,0.6538461538461539,0.9487179487179487,0.6538461538461539,0.6538461538461539,36,0.6538461538461539,0.7884615384615384
1852.8000684902072,660477.8030021347,0.6538461538461539,0.9487179487179487,0.6538461538461539,0.6538461538461539,36,0.6538461538461539,0.7884615384615384
1852.8000684902072,660477.8030021347,0.6538461538461539,0.9487179487179487,0.6538461538461539,0.6538461538461539,36,0.6538461538461539,0.7884615384615384
1852.8000684902072,660477.8030021347,0.6538461538461539,0.9487179487179487,0.6538461538461539,0.6538461538461539,36,0.6538461538461539,0.7884615384615384
1852.8000684902072,660477.8030021347,0.6538461538461539,0.9487179487179487,0.6538461538461539,0.6538461538461539,36,0.6538461538461539,0.7884615384615384
1852.8000684902072,660477.8030021347,0.6538461538461539,0.9487179487179487,0.6538461538461539,0.6538461538461539,36,0.6538461538461539,0.7884615384615384
1852.8000684902072,660477.8030021347,0.6538461538461539,0.9487179487179487,0.6538461538461539,0.6538461538461539,36,0.6538461538461539,0.7884615384615384
1852.8000684902072,660477.8030021347,0.6538461538461539,0.9487179487179487,0.6538461538461539,0.6538461538461539,36,0.6538461538461539,0.7884615384615384
1852.8000684902072,660477.8030021347,0.6538461538461539,0.9487179487179487,0.6538461538461539,0.6538461538461539,36,0.6538461538461539,0.7884615384615384
1852.8000684902072,660477.8030021347,0.6538461538461539,0.9487179487179487,0.6538461538461539,0.6538461538461539,36,0.6538461538461539,0.7884615384615384
1852.8000684902072,660477.8030021347,0.6538461538461539,0.9487179487179487,0.6538461538461539,0.6538461538461539,36,0.6538461538461539,0.7884615384615384
1852.8000684902072,660477.8030021347,0.6538461538461539,0.9487179487179487,0.6538461538461539,0.6538461538461539,36,0.6538461538461539,0.7884615384615384
1852.8000684902072,660477.8030021347,0.6538461538461539,0.9487179487179487,0.6538461538461539,0.6538461538461539,36,0.6538461538461539,0.7884615384615384
1852.8000684902072,660477.8030021347,0.6538461538461539,0.9487179487179487,0.6538461538461539,0.6538461538461539,36,0.6538461538461539,0.7884615384615384
1852.8000684902072,660477.8030021347,0.6538461538461539,0.9487179487179487,0.6538461538461539,0.6538461538461539,36,0.6538461538461539,0.7884615384615384
1852.8000684902072,660477.8030021347,0.6538461538461539,0.9487179487179487,0.6538461538461539,0.6538461538461539,36,0.6538461538461539,0.7884615384615384
1852.8000684902072,660477.8030021347,0.6538461538461539,0.9487179487179487,0.6538461538461539,0.6538461538461539,36,0.6538461538461539,0.7884615384615384
1852.8000684902072,660477.8030021347,0.6538461538461539,0.9487179487179487,0.6538461538461539,0.6538461538461539,36,0.6538461538461539,0.7884615384615384
1852.8000684902072,660477.8030021347,0.6538461538461539,0.9487179487179487,0.6538461538461539,0.6538461538461539,36,0.6538461538461539,0.7884615384615384
1852.8000684902072,660477.8030021347,0.6538461538461539,0.9487179487179487,0.6538461538461539,0.6538461538461539,36,0.6538461538461539,0.7884615384615384
1852.8000684902072,660477.8030021347,0.6538461538461539,0.9487179487179487,0.6538461538461539,0.6538461538461539,36,0.6538461538461539,0.7884615384615384
1852.8000684902072,660477.8030021347,0.6538461538461539,0.9487179487179487,0.6538461538461539,0.6538461538461539,36,0.6538461538461539,0.7884615384615384
1852.8000684902072,660477.8030021347,0.6538461538461539,0.9487179487179487,0.6538461538461539,0.6538461538461539,36,0.6538461538461539,0.7884615384615384
1852.8000684902072,660477.8030021347,0.6538461538461539,0.9487179487179487,0.6538461538461539,0.6538461538461539,36,0.6538461538461539,0.7884615384615384
1852.8000684902072,660477.8030021347,0.6538461538461539,0.9487179487179487,0.6538461538461539,0.6538461538461539,36,0.6538461538461539,0.7884615384615384
1852.8000684902072,660477.8030021347,0.6538461538461539,0.9487179487179487,0.6538461538461539,0.6538461538461539,36,0.6538461538461539,0.7884615384615384
1852.8000684902072,660477.8030021347,0.6538461538461539,0.9487179487179487,0.6538461538461539,0.6538461538461539,36,0.6538461538461539,0.7884615384615384
1852.8000684902072,660477.8030021347,0.6538461538461539,0.9487179487179487,0.6538461538461539,0.6538461538461539,36,0.6538461538461539,0.7884615384615384
1852.8000684902072,660477.8030021347,0.6538461538461539,0.9487179487179487,0.6538461538461539,0.6538461538461539,36,0.6538461538461539,0.7884615384615384
1852.8000684902072,660477.8030021347,0.6538461538461539,0.9487179487179487,0.6538461538461539,0.6538461538461539,36,0.6538461538461539,0.7884615384615384
1852.8000684902072,660477.8030021347,0.6538461538461539,0.9487179487179487,0.6538461538461539,0.6538461538461539,36,0.6538461538461539,0.7884615384615384
1852.8000684902072,660477.8030021347,0.6538461538461539,0.9487179487179487,0.6538461538461539,0.6538461538461539,36,0.6538461538461539,0.7884615384615384
1852.8000684902072,660477.8030021347,0.6538461538461539,0.9487179487179487,0.6538461538461539,0.6538461538461539,36,0.6538461538461539,0.7884615384615384
1852.8000684902072,660477.8030021347,0.6538461538461539,0.9487179487179487,0.6538461538461539,0.6538461538461539,36,0.6538461538461539,0.7884615384615384
1852.8000684902072,660477.8030021347,0.6538461538461539,0.9487179487179487,0.6538461538461539,0.6538461538461539,36,0.6538461538461539,0.7884615384615384
1852.8000684902072,660477.8030021347,0.6538461538461539,0.9487179487179487,0.6538461538461539,0.6538461538461539,36,0.6538461538461539,0.7884615384615384
1852.8000684902072,660477.8030021347,0.6538461538461539,0.9487179487179487,0.6538461538461539,0.6538461538461539,36,0.6538461538461539,0.7884615384615384
1852.8000684902072,660477.8030021347,0.6538461538461539,0.9487179487179487,0.6538461538461539,0.6538461538461539,36,0.6538461538461539,0.7884615384615384
1852.8000684902072,660477.8030021347,0.6538461538461539,0.9487179487179487,0.6538461538461539,0.6538461538461539,36,0.6538461538461539,0.7884615384615384
1852.8000684902072,660477.8030021347,0.6538461538461539,0.9487179487179487,0.6538461538461539,0.6538461538461539,36,0.6538461538461539,0.7884615384615384
1852.8000684902072,660477.8030021347,0.6538461538461539,0.9487179487179487,0.6538461538461539,0.6538461538461539,36,0.6538461538461539,0.7884615384615384
1852.8000684902072,660477.8030021347,0.6538461538461539,0.9487179487179487,0.6538461538461539,0.6538461538461539,36,0.6538461538461539,0.7884615384615384
1852.8000684902072,660477.8030021347,0.6538461538461539,0.9487179487179487,0.6538461538461539,0.6538461538461539,36,0.6538461538461539,0.7884615384615384
1852.8000684902072,660477.8030021347,0.6538461538461539,0.9487179487179487,0.6538461538461539,0.6538461538461539,36,0.6538461538461539,0.7884615384615384
1852.8000684902072,660477.8030021347,0.6538461538461539,0.9487179487179487,0.6538461538461539,0.6538461538461539,36,0.6538461538461539,0.7884615384615384
1852.8000684902072,660477.8030021347,0.6538461538461539,0.9487179487179487,0.6538461538461539,0.6538461538461539,36,0.6538461538461539,0.7884615384615384
1852.8000684902072,660477.8030021347,0.6538461538461539,0.9487179487179487,0.6538461538461539,0.6538461538461539,36,0.6538461538461539,0.7884615384615384
1852.8000684902072,660477.8030021347,0.6538461538461539,0.9487179487179487,0.6538461538461539,0.6538461538461539,36,0.6538461538461539,0.7884615384615384
1852.8000684902072,660477.8030021347,0.6538461538461539,0.9487179487179487,0.6538461538461539,0.6538461538461539,36,0.6538461538461539,0.7884615384615384
1852.8000684902072,660477.8030021347,0.6538461538461539,0.9487179487179487,0.6538461538461539,0.6538461538461539,36,0.6538461538461539,0.7884615384615384
1852.8000684902072,660477.8030021347,0.6538461538461539,0.9487179487179487,0.6538461538461539,0.6538461538461539,36,0.6538461538461539,0.7884615384615384
1852.8000684902072,660477.8030021347,0.6538461538461539,0.9487179487179487,0.6538461538461539,0.6538461538461539,36,0.6538461538461539,0.7884615384615384
1852.8000684902072,660477.8030021347,0.6538461538461539,0.9487179487179487,0.6538461538461539,0.6538461538461539,36,0.6538461538461539,0.7884615384615384
1852.8000684902072,660477.8030021347,0.6538461538461539,0.9487179487179487,0.6538461538461539,0.6538461538461539,36,0.6538461538461539,0.7884615384615384
1852.8000684902072,660477.8030021347,0.6538461538461539,0.9487179487179487,0.6538461538461539,0.6538461538461539,36,0.6538461538461539,0.7884615384615384
1852.8000684902072,660477.8030021347,0.6538461538461539,0.9487179487179487,0.6538461538461539,0.6538461538461539,36,0.6538461538461539,0.7884615384615384
1852.8000684902072,660477.8030021347,0.6538461538461539,0.9487179487179487,0.6538461538461539,0.6538461538461539,36,0.6538461538461539,0.7884615384615384
1852.8000684902072,660477.8030021347,0.6538461538461539,0.9487179487179487,0.6538461538461539,0.6538461538461539,36,0.6538461538461539,0.7884615384615384
1852.8000684902072,660477.8030021347,0.6538461538461539,0.9487179487179487,0.6538461538461539,0.6538461538461539,36,0.6538461538461539,0.7884615384615384
1852.8000684902072,660477.8030021347,0.6538461538461539,0.9487179487179487,0.6538461538461539,0.6538461538461539,36,0.6538461538461539,0.7884615384615384
1852.8000684902072,660477.8030021347,0.6538461538461539,0.9487179487179487,0.6538461538461539,0.6538461538461539,36,0.6538461538461539,0.7884615384615384
1852.8000684902072,660477.8030021347,0.6538461538461539,0.9487179487179487,0.6538461538461539,0.6538461538461539,36,0.6538461538461539,0.7884615384615384
1852.8000684902072,660477.8030021347,0.6538461538461539,0.9487179487179487,0.6538461538461539,0.6538461538461539,36,0.6538461538461539,0.7884615384615384
1852.8000684902072,660477.8030021347,0.6538461538461539,0.9487179487179487,0.6538461538461539,0.6538461538461539,36,0.6538461538461539,0.7884615384615384
1852.8000684902072,660477.8030021347,0.6538461538461539,0.9487179487179487,0.6538461538461539,0.6538461538461539,36,0.6538461538461539,0.7884615384615384
1852.8000684902072,660477.8030021347,0.6538461538461539,0.9487179487179487,0.6538461538461539,0.6538461538461539,36,0.6538461538461539,0.7884615384615384
1852.8000684902072,660477.8030021347,0.6538461538461539,0.9487179487179487,0.6538461538461539,0.6538461538461539,36,0.6538461538461539,0.7884615384615384
1852.8000684902072,660477.8030021347,0.6538461538461539,0.9487179487179487,0.6538461538461539,0.6538461538461539,36,0.6538461538461539,0.7884615384615384
1852.8000684902072,660477.8030021347,0.6538461538461539,0.9487179487179487,0.6538461538461539,0.6538461538461539,36,0.6538461538461539,0.7884615384615384
1852.8000684902072,660477.8030021347,0.6538461538461539,0.9487179487179487,0.6538461538461539,0.6538461538461539,36,0.6538461538461539,0.7884615384615384
1852.8000684902072,660477.8030021347,0.6538461538461539,0.9487179487179487,0.6538461538461539,0.6538461538461539,36,0.6538461538461539,0.7884615384615384
1852.8000684902072,660477.8030021347,0.6538461538461539,0.9487179487179487,0.6538461538461539,0.6538461538461539,36,0.6538461538461539,0.7884615384615384
1852.8000684902072,660477.8030021347,0.6538461538461539,0.9487179487179487,0.6538461538461539,0.6538461538461539,36,0.6538461538461539,0.7884615384615384
1852.8000684902072,660477.8030021347,0.6538461538461539,0.9487179487179487,0.6538461538461539,0.6538461538461539,36,0.6538461538461539,0.7884615384615384
1852.8000684902072,660477.8030021347,0.6538461538461539,0.9487179487179487,0.6538461538461539,0.6538461538461539,36,0.6538461538461539,0.7884615384615384
1852.8000684902072,660477.8030021347,0.6538461538461539,0.9487179487179487,0.6538461538461539,0.6538461538461539,36,0.6538461538461539,0.7884615384615384
1852.8000684902072,660477.8030021347,0.6538461538461539,0.9487179487179487,0.6538461538461539,0.6538461538461539,36,0.6538461538461539,0.7884615384615384
1852.8000684902072,660477.8030021347,0.6538461538461539,0.9487179487179487,0.6538461538461539,0.6538461538461539,36,0.6538461538461539,0.7884615384615384
1852.8000684902072,660477.8030021347,0.6538461538461539,0.9487179487179487,0.6538461538461539,0.6538461538461539,36,0.6538461538461539,0.7884615384615384
1852.8000684902072,660477.8030021347,0.6538461538461539,0.9487179487179487,0.6538461538461539,0.6538461538461539,36,0.6538461538461539,0.7884615384615384
1852.8000684902072,660477.8030021347,0.6538461538461539,0.9487179487179487,0.6538461538461539,0.6538461538461539,36,0.6538461538461539,0.7884615384615384
1852.8000684902072,660477.8030021347,0.6538461538461539,0.9487179487179487,0.6538461538461539,0.6538461538461539,36,0.6538461538461539,0.7884615384615384
1852.8000684902072,660477.8030021347,0.6538461538461539,0.9487179487179487,0.6538461538461539,0.6538461538461539,36,0.6538461538461539,0.7884615384615384
1852.8000684902072,660477.8030021347,0.6538461538461539,0.9487179487179487,0.6538461538461539,0.6538461538461539,36,0.6538461538461539,0.7884615384615384
1852.8000684902072,660477.8030021347,0.6538461538461539,0.9487179487179487,0.6538461538461539,0.6538461538461539,36,0.6538461538461539,0.7884615384615384
1852.8000684902072,660477.8030021347,0.6538461538461539,0.9487179487179487,0.6538461538461539,0.6538461538461539,36,0.6538461538461539,0.7884615384615384
1852.8000684902072,660477.8030021347,0.6538461538461539,0.9487179487179487,0.6538461538461539,0.6538461538461539,36,0.6538461538461539,0.7884615384615384
1852.8000684902072,660477.8030021347,0.6538461538461539,0.9487179487179487,0.6538461538461539,0.6538461538461539,36,0.6538461538461539,0.7884615384615384
1852.8000684902072,660477.8030021347,0.6538461538461539,0.9487179487179487,0.6538461538461539,0.6538461538461539,36,0.6538461538461539,0.7884615384615384
1852.8000684902072,660477.8030021347,0.6538461538461539,0.9487179487179487,0.6538461538461539,0.6538461538461539,36,0.6538461538461539,0.7884615384615384
1852.8000684902072,660477.8030021347,0.6538461538461539,0.9487179487179487,0.6538461538461539,0.6538461538461539,36,0.6538461538461539,0.7884615384615384
1852.8000684902072,660477.8030021347,0.6538461538461539,0.9487179487179487,0.6538461538461539,0.6538461538461539,36,0.6538461538461539,0.7884615384615384
1852.8000684902072,660477.8030021347,0.6538461538461539,0.9487179487179487,0.6538461538461539,0.6538461538461539,36,0.6538461538461539,0.7884615384615384
1852.8000684902072,660477.8030021347,0.6538461538461539,0.9487179487179487,0.6538461538461539,0.6538461538461539,36,0.6538461538461539,0.7884615384615384
1852.8000684902072,660477.8030021347,0.6538461538461539,0.9487179487179487,0.6538461538461539,0.6538461538461539,36,0.6538461538461539,0.7884615384615384
1852.8000684902072,660477.8030021347,0.6538461538461539,0.9487179487179487,0.6538461538461539,0.6538461538461539,36,0.6538461538461539,0.7884615384615384
1852.8000684902072,660477.8030021347,0.6538461538461539,0.9487179487179487,0.6538461538461539,0.6538461538461539,36,0.6538461538461539,0.7884615384615384
1852.8000684902072,660477.8030021347,0.6538461538461539,0.9487179487179487,0.6538461538461539,0.6538461538461539,36,0.6538461538461539,0.7884615384615384
1852.8000684902072,660477.8030021347,0.6538461538461539,0.9487179487179487,0.6538461538461539,0.6538461538461539,36,0.6538461538461539,0.7884615384615384
1852.8000684902072,660477.8030021347,0.6538461538461539,0.9487179487179487,0.6538461538461539,0.6538461538461539,36,0.6538461538461539,0.7884615384615384
1852.8000684902072,660477.8030021347,0.6538461538461539,0.9487179487179487,0.6538461538461539,0.6538461538461539,36,0.6538461538461539,0.7884615384615384
1852.8000684902072,660477.8030021347,0.6538461538461539,0.9487179487179487,0.6538461538461539,0.6538461538461539,36,0.6538461538461539,0.7884615384615384
1852.8000684902072,660477.8030021347,0.6538461538461539,0.9487179487179487,0.6538461538461539,0.6538461538461539,36,0.6538461538461539,0.7884615384615384
1852.8000684902072,660477.8030021347,0.6538461538461539,0.9487179487179487,0.6538461538461539,0.6538461538461539,36,0.6538461538461539,0.7884615384615384
1852.8000684902072,660477.8030021347,0.6538461538461539,0.9487179487179487,0.6538461538461539,0.6538461538461539,36,0.6538461538461539,0.7884615384615384
1852.8000684902072,660477.8030021347,0.6538461538461539,0.9487179487179487,0.6538461538461539,0.6538461538461539,36,0.6538461538461539,0.7884615384615384
1852.8000684902072,660477.8030021347,0.6538461538461539,0.9487179487179487,0.6538461538461539,0.6538461538461539,36,0.6538461538461539,0.7884615384615384
1852.8000684902072,660477.8030021347,0.6538461538461539,0.9487179487179487,0.6538461538461539,0.6538461538461539,36,0.6538461538461539,0.7884615384615384
1852.8000684902072,660477.8030021347,0.6538461538461539,0.9487179487179487,0.6538461538461539,0.6538461538461539,36,0.6538461538461539,0.7884615384615384
1852.8000684902072,660477.8030021347,0.6538461538461539,0.9487179487179487,0.6538461538461539,0.6538461538461539,36,0.6538461538461539,0.7884615384615384
1852.8000684902072,660477.8030021347,0.6538461538461539,0.9487179487179487,0.6538461538461539,0.6538461538461539,36,0.6538461538461539,0.7884615384615384
1852.8000684902072,660477.8030021347,0.6538461538461539,0.9487179487179487,0.6538461538461539,0.6538461538461539,36,0.6538461538461539,0.7884615384615384
1852.8000684902072,660477.8030021347,0.6538461538461539,0.9487179487179487,0.6538461538461539,0.6538461538461539,36,0.6538461538461539,0.7884615384615384
1852.8000684902072,660477.8030021347,0.6538461538461539,0.9487179487179487,0.6538461538461539,0.6538461538461539,36,0.6538461538461539,0.7884615384615384
1852.8000684902072,660477.8030021347,0.6538461538461539,0.9487179487179487,0.6538461538461539,0.6538461538461539,36,0.6538461538461539,0.7884615384615384
1852.8000684902072,660477.8030021347,0.6538461538461539,0.9487179487179487,0.6538461538461539,0.6538461538461539,36,0.6538461538461539,0.7884615384615384
1852.8000684902072,660477.8030021347,0.6538461538461539,0.9487179487179487,0.6538461538461539,0.6538461538461539,36,0.6538461538461539,0.7884615384615384
1852.8000684902072,660477.8030021347,0.6538461538461539,0.9487179487179487,0.6538461538461539,0.6538461538461539,36,0.6538461538461539,0.7884615384615384
1852.8000684902072,660477.8030021347,0.6538461538461539,0.9487179487179487,0.6538461538461539,0.6538461538461539,36,0.6538461538461539,0.7884615384615384
1852.8000684902072,660477.8030021347,0.6538461538461539,0.9487179487179487,0.6538461538461539,0.6538461538461539,36,0.6538461538461539,0.7884615384615384
1852.8000684902072,660477.8030021347,0.6538461538461539,0.9487179487179487,0.6538461538461539,0.6538461538461539,36,0.6538461538461539,0.7884615384615384
1852.8000684902072,660477.8030021347,0.6538461538461539,0.9487179487179487,0.6538461538461539,0.6538461538461539,36,0.6538461538461539,0.7884615384615384
1852.8000684902072,660477.8030021347,0.6538461538461539,0.9487179487179487,0.6538461538461539,0.6538461538461539,36,0.6538461538461539,0.7884615384615384
1852.8000684902072,660477.8030021347,0.6538461538461539,0.9487179487179487,0.6538461538461539,0.6538461538461539,36,0.6538461538461539,0.7884615384615384
1852.8000684902072,660477.8030021347,0.6538461538461539,0.9487179487179487,0.6538461538461539,0.6538461538461539,36,0.6538461538461539,0.7884615384615384
1852.8000684902072,660477.8030021347,0.6538461538461539,0.9487179487179487,0.6538461538461539,0.6538461538461539,36,0.6538461538461539,0.7884615384615384
1852.8000684902072,660477.8030021347,0.6538461538461539,0.9487179487179487,0.6538461538461539,0.6538461538461539,36,0.6538461538461539,0.7884615384615384
1852.8000684902072,660477.8030021347,0.6538461538461539,0.9487179487179487,0.6538461538461539,0.6538461538461539,36,0.6538461538461539,0.7884615384615384
1852.8000684902072,660477.8030021347,0.6538461538461539,0.9487179487179487,0.6538461538461539,0.6538461538461539,36,0.6538461538461539,0.7884615384615384
1852.8000684902072,660477.8030021347,0.6538461538461539,0.9487179487179487,0.6538461538461539,0.6538461538461539,36,0.6538461538461539,0.7884615384615384
1852.8000684902072,660477.8030021347,0.6538461538461539,0.9487179487179487,0.6538461538461539,0.6538461538461539,36,0.6538461538461539,0.7884615384615384
1852.8000684902072,660477.8030021347,0.6538461538461539,0.9487179487179487,0.6538461538461539,0.6538461538461539,36,0.6538461538461539,0.7884615384615384
1852.8000684902072,660477.8030021347,0.6538461538461539,0.9487179487179487,0.6538461538461539,0.6538461538461539,36,0.6538461538461539,0.7884615384615384
1852.8000684902072,660477.8030021347,0.6538461538461539,0.9487179487179487,0.6538461538461539,0.6538461538461539,36,0.6538461538461539,0.7884615384615384
1852.8000684902072,660477.8030021347,0.6538461538461539,0.9487179487179487,0.6538461538461539,0.6538461538461539,36,0.6538461538461539,0.7884615384615384
1852.8000684902072,660477.8030021347,0.6538461538461539,0.9487179487179487,0.6538461538461539,0.6538461538461539,36,0.6538461538461539,0.7884615384615384
1852.8000684902072,660477.8030021347,0.6538461538461539,0.9487179487179487,0.6538461538461539,0.6538461538461539,36,0.6538461538461539,0.7884615384615384
1852.8000684902072,660477.8030021347,0.6538461538461539,0.9487179487179487,0.6538461538461539,0.6538461538461539,36,0.6538461538461539,0.7884615384615384
1852.8000684902072,660477.8030021347,0.6538461538461539,0.9487179487179487,0.6538461538461539,0.6538461538461539,36,0.6538461538461539,0.7884615384615384
1852.8000684902072,660477.8030021347,0.6538461538461539,0.9487179487179487,0.6538461538461539,0.6538461538461539,36,0.6538461538461539,0.7884615384615384
1726.1114639783045,660351.1143976228,0.6666666666666667,0.9501424501424501,0.660377358490566,0.6730769230769231,35,0.6730769230769231,0.7884615384615384
1711.8261530383024,660336.8290866828,0.6730769230769231,0.9515669515669516,0.6730769230769231,0.6730769230769231,34,0.6730769230769231,0.7884615384615384
1711.8261530383024,660336.8290866828,0.6730769230769231,0.9515669515669516,0.6730769230769231,0.6730769230769231,34,0.6730769230769231,0.7884615384615384
1711.8261530383024,660336.8290866828,0.6730769230769231,0.9515669515669516,0.6730769230769231,0.6730769230769231,34,0.6730769230769231,0.7884615384615384
1711.8261530383024,660336.8290866828,0.6730769230769231,0.9515669515669516,0.6730769230769231,0.6730769230769231,34,0.6730769230769231,0.7884615384615384
1711.8261530383024,660336.8290866828,0.6730769230769231,0.9515669515669516,0.6730769230769231,0.6730769230769231,34,0.6730769230769231,0.7884615384615384
1711.8261530383024,660336.8290866828,0.6730769230769231,0.9515669515669516,0.6730769230769231,0.6730769230769231,34,0.6730769230769231,0.7884615384615384
1711.8261530383024,660336.8290866828,0.6730769230769231,0.9515669515669516,0.6730769230769231,0.6730769230769231,34,0.6730769230769231,0.7884615384615384
