BIC - Goal,BIC,F1 Score,Accuracy,Precision,Recall,SHD,SLF,TLF
244427.60758582503,903236.6352019524,0.14678899082568805,0.8675213675213675,0.14035087719298245,0.15384615384615385,93,0.15384615384615385,0.2692307692307692
226323.59728094994,885132.6248970773,0.10101010101010101,0.8732193732193733,0.10638297872340426,0.09615384615384616,89,0.09615384615384616,0.21153846153846154
215648.7190846312,874457.7467007586,0.10309278350515465,0.8760683760683761,0.1111111111111111,0.09615384615384616,87,0.09615384615384616,0.21153846153846154
199181.540613794,857990.5682299214,0.058823529411764705,0.8632478632478633,0.06,0.057692307692307696,96,0.057692307692307696,0.21153846153846154
186682.87910690438,845491.9067230318,0.10309278350515465,0.8760683760683761,0.1111111111111111,0.09615384615384616,87,0.09615384615384616,0.23076923076923078
180564.2488911826,839373.27650731,0.1523809523809524,0.8732193732193733,0.1509433962264151,0.15384615384615385,89,0.15384615384615385,0.3269230769230769
178623.41859290225,837432.4462090296,0.14583333333333334,0.8831908831908832,0.1590909090909091,0.1346153846153846,82,0.1346153846153846,0.28846153846153844
173370.06216323504,832179.0897793624,0.09900990099009901,0.8703703703703703,0.10204081632653061,0.09615384615384616,91,0.09615384615384616,0.2692307692307692
160477.80761743407,819286.8352335615,0.060000000000000005,0.8660968660968661,0.0625,0.057692307692307696,94,0.057692307692307696,0.23076923076923078
139509.5200836592,798318.5476997866,0.09900990099009901,0.8703703703703703,0.10204081632653061,0.09615384615384616,91,0.09615384615384616,0.3076923076923077
136241.11731383402,795050.1449299614,0.11881188118811882,0.8732193732193733,0.12244897959183673,0.11538461538461539,89,0.11538461538461539,0.3269230769230769
134583.63720296044,793392.6648190878,0.12371134020618557,0.8789173789173789,0.13333333333333333,0.11538461538461539,85,0.11538461538461539,0.3269230769230769
122660.2735250683,781469.3011411957,0.11320754716981132,0.8660968660968661,0.1111111111111111,0.11538461538461539,94,0.11538461538461539,0.34615384615384615
116620.99559236807,775430.0232084955,0.11428571428571428,0.8675213675213675,0.11320754716981132,0.11538461538461539,93,0.11538461538461539,0.34615384615384615
103538.05504379538,762347.0826599228,0.11764705882352941,0.8717948717948718,0.12,0.11538461538461539,90,0.11538461538461539,0.34615384615384615
97499.53669690108,756308.5643130285,0.11650485436893204,0.8703703703703703,0.11764705882352941,0.11538461538461539,91,0.11538461538461539,0.3269230769230769
94884.49832553789,753693.5259416653,0.13592233009708737,0.8732193732193733,0.13725490196078433,0.1346153846153846,89,0.1346153846153846,0.36538461538461536
91731.45784117549,750540.4854573029,0.1320754716981132,0.8689458689458689,0.12962962962962962,0.1346153846153846,92,0.1346153846153846,0.36538461538461536
89773.33178484056,748582.359400968,0.12962962962962965,0.8660968660968661,0.125,0.1346153846153846,94,0.1346153846153846,0.38461538461538464
85704.65848262724,744513.6860987546,0.1509433962264151,0.8717948717948718,0.14814814814814814,0.15384615384615385,90,0.15384615384615385,0.40384615384615385
82779.66598364059,741588.693599768,0.14953271028037382,0.8703703703703703,0.14545454545454545,0.15384615384615385,91,0.15384615384615385,0.36538461538461536
76253.53037312266,735062.55798925,0.14814814814814817,0.8689458689458689,0.14285714285714285,0.15384615384615385,92,0.15384615384615385,0.38461538461538464
73596.951937504,732405.9795536314,0.17142857142857143,0.8760683760683761,0.16981132075471697,0.17307692307692307,87,0.17307692307692307,0.40384615384615385
68691.02022318088,727500.0478393083,0.16666666666666666,0.8717948717948718,0.16071428571428573,0.17307692307692307,90,0.17307692307692307,0.4230769230769231
65540.2951488609,724349.3227649883,0.18181818181818185,0.8717948717948718,0.1724137931034483,0.19230769230769232,90,0.19230769230769232,0.40384615384615385
65358.43178940867,724167.4594055361,0.18867924528301885,0.8774928774928775,0.18518518518518517,0.19230769230769232,86,0.19230769230769232,0.40384615384615385
61333.605358597706,720142.6329747251,0.2037037037037037,0.8774928774928775,0.19642857142857142,0.21153846153846154,86,0.21153846153846154,0.4423076923076923
61287.12316125189,720096.1507773793,0.20754716981132074,0.8803418803418803,0.2037037037037037,0.21153846153846154,84,0.21153846153846154,0.4423076923076923
60481.53578488238,719290.5634010098,0.20560747663551404,0.8789173789173789,0.2,0.21153846153846154,85,0.21153846153846154,0.4423076923076923
56164.54270741355,714973.570323541,0.22222222222222224,0.8803418803418803,0.21428571428571427,0.23076923076923078,84,0.23076923076923078,0.46153846153846156
52914.423926000716,711723.4515421281,0.22641509433962265,0.8831908831908832,0.2222222222222222,0.23076923076923078,82,0.23076923076923078,0.46153846153846156
51500.24505219003,710309.2726683174,0.22429906542056074,0.8817663817663818,0.21818181818181817,0.23076923076923078,83,0.23076923076923078,0.46153846153846156
51269.36600189505,710078.3936180224,0.22429906542056074,0.8817663817663818,0.21818181818181817,0.23076923076923078,83,0.23076923076923078,0.46153846153846156
49361.602713487926,708170.6303296153,0.22222222222222224,0.8803418803418803,0.21428571428571427,0.23076923076923078,84,0.23076923076923078,0.46153846153846156
49202.994521498214,708012.0221376256,0.22018348623853212,0.8789173789173789,0.21052631578947367,0.23076923076923078,85,0.23076923076923078,0.46153846153846156
48213.02886133327,707022.0564774607,0.22429906542056074,0.8817663817663818,0.21818181818181817,0.23076923076923078,83,0.23076923076923078,0.4807692307692308
47381.835060892976,706190.8626770204,0.24074074074074076,0.8831908831908832,0.23214285714285715,0.25,82,0.25,0.4807692307692308
46891.41671047534,705700.4443266027,0.2385321100917431,0.8817663817663818,0.22807017543859648,0.25,83,0.25,0.4807692307692308
45834.43300898187,704643.4606251093,0.23636363636363636,0.8803418803418803,0.22413793103448276,0.25,84,0.25,0.4807692307692308
41308.78809793084,700117.8157140582,0.2545454545454545,0.8831908831908832,0.2413793103448276,0.2692307692307692,82,0.2692307692307692,0.5
39956.38276933506,698765.4103854625,0.2522522522522523,0.8817663817663818,0.23728813559322035,0.2692307692307692,83,0.2692307692307692,0.5
39503.20084604912,698312.2284621765,0.2568807339449541,0.8846153846153846,0.24561403508771928,0.2692307692307692,81,0.2692307692307692,0.5
38916.19054856745,697725.2181646948,0.2568807339449541,0.8846153846153846,0.24561403508771928,0.2692307692307692,81,0.2692307692307692,0.5
37900.14114515053,696709.1687612779,0.25,0.8803418803418803,0.23333333333333334,0.2692307692307692,84,0.2692307692307692,0.5192307692307693
37061.4456139775,695870.4732301049,0.2568807339449541,0.8846153846153846,0.24561403508771928,0.2692307692307692,81,0.2692307692307692,0.5192307692307693
37061.4456139775,695870.4732301049,0.2568807339449541,0.8846153846153846,0.24561403508771928,0.2692307692307692,81,0.2692307692307692,0.5192307692307693
36912.86018337996,695721.8877995074,0.2545454545454545,0.8831908831908832,0.2413793103448276,0.2692307692307692,82,0.2692307692307692,0.5384615384615384
36540.70019874326,695349.7278148707,0.2592592592592593,0.886039886039886,0.25,0.2692307692307692,80,0.2692307692307692,0.5192307692307693
36354.47147779667,695163.4990939241,0.2592592592592593,0.886039886039886,0.25,0.2692307692307692,80,0.2692307692307692,0.5384615384615384
33848.660206421744,692657.6878225491,0.2752293577981651,0.8874643874643875,0.2631578947368421,0.28846153846153844,79,0.28846153846153844,0.5384615384615384
33101.786176499794,691910.8137926272,0.2545454545454545,0.8831908831908832,0.2413793103448276,0.2692307692307692,82,0.2692307692307692,0.5384615384615384
33101.786176499794,691910.8137926272,0.2545454545454545,0.8831908831908832,0.2413793103448276,0.2692307692307692,82,0.2692307692307692,0.5384615384615384
32157.064289393602,690966.091905521,0.25,0.8803418803418803,0.23333333333333334,0.2692307692307692,84,0.2692307692307692,0.5384615384615384
31079.8966706472,689888.9242867746,0.2545454545454545,0.8831908831908832,0.2413793103448276,0.2692307692307692,82,0.2692307692307692,0.5384615384615384
30987.002872438752,689796.0304885661,0.2522522522522523,0.8817663817663818,0.23728813559322035,0.2692307692307692,83,0.2692307692307692,0.5384615384615384
30933.791897112736,689742.8195132401,0.2545454545454545,0.8831908831908832,0.2413793103448276,0.2692307692307692,82,0.2692307692307692,0.5576923076923077
30201.216586694936,689010.2442028223,0.25,0.8803418803418803,0.23333333333333334,0.2692307692307692,84,0.2692307692307692,0.5769230769230769
29387.41971801885,688196.4473341462,0.2568807339449541,0.8846153846153846,0.24561403508771928,0.2692307692307692,81,0.2692307692307692,0.5576923076923077
28586.099013688043,687395.1266298154,0.2568807339449541,0.8846153846153846,0.24561403508771928,0.2692307692307692,81,0.2692307692307692,0.5576923076923077
28560.81281408982,687369.8404302172,0.2545454545454545,0.8831908831908832,0.2413793103448276,0.2692307692307692,82,0.2692307692307692,0.5576923076923077
28560.81281408982,687369.8404302172,0.2545454545454545,0.8831908831908832,0.2413793103448276,0.2692307692307692,82,0.2692307692307692,0.5576923076923077
28560.812814089702,687369.8404302171,0.2545454545454545,0.8831908831908832,0.2413793103448276,0.2692307692307692,82,0.2692307692307692,0.5576923076923077
27616.267021513777,686425.2946376412,0.27027027027027023,0.8846153846153846,0.2542372881355932,0.28846153846153844,81,0.28846153846153844,0.5769230769230769
27616.267021513777,686425.2946376412,0.27027027027027023,0.8846153846153846,0.2542372881355932,0.28846153846153844,81,0.28846153846153844,0.5769230769230769
27503.381032141624,686312.408648269,0.27027027027027023,0.8846153846153846,0.2542372881355932,0.28846153846153844,81,0.28846153846153844,0.5769230769230769
27381.088170837727,686190.1157869651,0.2752293577981651,0.8874643874643875,0.2631578947368421,0.28846153846153844,79,0.28846153846153844,0.5769230769230769
26640.900306543102,685449.9279226705,0.29090909090909095,0.8888888888888888,0.27586206896551724,0.3076923076923077,78,0.3076923076923077,0.5961538461538461
26640.900306543102,685449.9279226705,0.29090909090909095,0.8888888888888888,0.27586206896551724,0.3076923076923077,78,0.3076923076923077,0.5961538461538461
26496.31192652171,685305.3395426491,0.2882882882882883,0.8874643874643875,0.2711864406779661,0.3076923076923077,79,0.3076923076923077,0.5961538461538461
26304.969336667564,685113.996952795,0.2882882882882883,0.8874643874643875,0.2711864406779661,0.3076923076923077,79,0.3076923076923077,0.5961538461538461
25304.765035342076,684113.7926514695,0.2882882882882883,0.8874643874643875,0.2711864406779661,0.3076923076923077,79,0.3076923076923077,0.5961538461538461
25211.204400917166,684020.2320170446,0.2807017543859649,0.8831908831908832,0.25806451612903225,0.3076923076923077,82,0.3076923076923077,0.5961538461538461
25084.512170987087,683893.5397871145,0.2807017543859649,0.8831908831908832,0.25806451612903225,0.3076923076923077,82,0.3076923076923077,0.5961538461538461
24414.077063559904,683223.1046796873,0.2711864406779661,0.8774928774928775,0.24242424242424243,0.3076923076923077,86,0.3076923076923077,0.6153846153846154
23690.300223528408,682499.3278396558,0.2782608695652174,0.8817663817663818,0.25396825396825395,0.3076923076923077,83,0.3076923076923077,0.6153846153846154
23399.793272803887,682208.8208889313,0.2831858407079646,0.8846153846153846,0.26229508196721313,0.3076923076923077,81,0.3076923076923077,0.6153846153846154
23338.41918627103,682147.4468023984,0.2831858407079646,0.8846153846153846,0.26229508196721313,0.3076923076923077,81,0.3076923076923077,0.6153846153846154
22921.79131269094,681730.8189288183,0.2831858407079646,0.8846153846153846,0.26229508196721313,0.3076923076923077,81,0.3076923076923077,0.6153846153846154
22672.018218357116,681481.0458344845,0.2807017543859649,0.8831908831908832,0.25806451612903225,0.3076923076923077,82,0.3076923076923077,0.6153846153846154
22628.116533415392,681437.1441495428,0.2807017543859649,0.8831908831908832,0.25806451612903225,0.3076923076923077,82,0.3076923076923077,0.6153846153846154
21574.182490744046,680383.2101068714,0.30357142857142855,0.8888888888888888,0.2833333333333333,0.3269230769230769,78,0.3269230769230769,0.6153846153846154
21004.446315546404,679813.4739316738,0.29824561403508776,0.886039886039886,0.27419354838709675,0.3269230769230769,80,0.3269230769230769,0.6153846153846154
20591.04420460807,679400.0718207355,0.29824561403508776,0.886039886039886,0.27419354838709675,0.3269230769230769,80,0.3269230769230769,0.6153846153846154
20591.04420460807,679400.0718207355,0.29824561403508776,0.886039886039886,0.27419354838709675,0.3269230769230769,80,0.3269230769230769,0.6153846153846154
20496.363278274774,679305.3908944022,0.30088495575221236,0.8874643874643875,0.2786885245901639,0.3269230769230769,79,0.3269230769230769,0.6153846153846154
20283.28715762589,679092.3147737533,0.3185840707964602,0.8903133903133903,0.29508196721311475,0.34615384615384615,77,0.34615384615384615,0.6153846153846154
19843.683057041722,678652.7106731691,0.3185840707964602,0.8903133903133903,0.29508196721311475,0.34615384615384615,77,0.34615384615384615,0.6153846153846154
19843.683057041722,678652.7106731691,0.3185840707964602,0.8903133903133903,0.29508196721311475,0.34615384615384615,77,0.34615384615384615,0.6153846153846154
19430.36481976835,678239.3924358957,0.32432432432432434,0.8931623931623932,0.3050847457627119,0.34615384615384615,75,0.34615384615384615,0.6153846153846154
19096.777098370483,677905.8047144979,0.3157894736842105,0.8888888888888888,0.2903225806451613,0.34615384615384615,78,0.34615384615384615,0.6153846153846154
18910.80442319135,677719.8320393187,0.3185840707964602,0.8903133903133903,0.29508196721311475,0.34615384615384615,77,0.34615384615384615,0.6153846153846154
18910.80442319135,677719.8320393187,0.3185840707964602,0.8903133903133903,0.29508196721311475,0.34615384615384615,77,0.34615384615384615,0.6153846153846154
18792.71381008625,677601.7414262136,0.32142857142857145,0.8917378917378918,0.3,0.34615384615384615,76,0.34615384615384615,0.6153846153846154
18626.172427929938,677435.2000440573,0.32432432432432434,0.8931623931623932,0.3050847457627119,0.34615384615384615,75,0.34615384615384615,0.6153846153846154
18561.781333951512,677370.8089500789,0.32727272727272727,0.8945868945868946,0.3103448275862069,0.34615384615384615,74,0.34615384615384615,0.6153846153846154
18475.803200318827,677284.8308164462,0.32142857142857145,0.8917378917378918,0.3,0.34615384615384615,76,0.34615384615384615,0.6153846153846154
18122.95419628767,676931.9818124151,0.32727272727272727,0.8945868945868946,0.3103448275862069,0.34615384615384615,74,0.34615384615384615,0.6153846153846154
17972.584968676674,676781.6125848041,0.32432432432432434,0.8931623931623932,0.3050847457627119,0.34615384615384615,75,0.34615384615384615,0.6153846153846154
17596.628282644902,676405.6558987723,0.32432432432432434,0.8931623931623932,0.3050847457627119,0.34615384615384615,75,0.34615384615384615,0.6153846153846154
17596.628282644902,676405.6558987723,0.32432432432432434,0.8931623931623932,0.3050847457627119,0.34615384615384615,75,0.34615384615384615,0.6153846153846154
16987.288300599903,675796.3159167273,0.34234234234234234,0.896011396011396,0.3220338983050847,0.36538461538461536,73,0.36538461538461536,0.6346153846153846
16987.288300599903,675796.3159167273,0.34234234234234234,0.896011396011396,0.3220338983050847,0.36538461538461536,73,0.36538461538461536,0.6346153846153846
16024.068093988812,674833.0957101162,0.34234234234234234,0.896011396011396,0.3220338983050847,0.36538461538461536,73,0.36538461538461536,0.6346153846153846
15893.615897403448,674702.6435135308,0.34545454545454546,0.8974358974358975,0.3275862068965517,0.36538461538461536,72,0.36538461538461536,0.6346153846153846
15893.615897403448,674702.6435135308,0.34545454545454546,0.8974358974358975,0.3275862068965517,0.36538461538461536,72,0.36538461538461536,0.6346153846153846
15398.070582200424,674207.0981983278,0.3518518518518519,0.9002849002849003,0.3392857142857143,0.36538461538461536,70,0.36538461538461536,0.6346153846153846
14793.469445729861,673602.4970618573,0.3518518518518519,0.9002849002849003,0.3392857142857143,0.36538461538461536,70,0.36538461538461536,0.6346153846153846
14793.469445729861,673602.4970618573,0.3518518518518519,0.9002849002849003,0.3392857142857143,0.36538461538461536,70,0.36538461538461536,0.6346153846153846
14793.469445729861,673602.4970618573,0.3518518518518519,0.9002849002849003,0.3392857142857143,0.36538461538461536,70,0.36538461538461536,0.6346153846153846
14788.518199416809,673597.5458155442,0.34862385321100914,0.8988603988603988,0.3333333333333333,0.36538461538461536,71,0.36538461538461536,0.6346153846153846
14729.078351751552,673538.105967879,0.35514018691588783,0.9017094017094017,0.34545454545454546,0.36538461538461536,69,0.36538461538461536,0.6346153846153846
14291.710812421516,673100.7384285489,0.3584905660377358,0.9031339031339032,0.35185185185185186,0.36538461538461536,68,0.36538461538461536,0.6346153846153846
14042.862945369445,672851.8905614968,0.3619047619047619,0.9045584045584045,0.3584905660377358,0.36538461538461536,67,0.36538461538461536,0.6346153846153846
13959.812510298332,672768.8401264257,0.3773584905660377,0.905982905982906,0.37037037037037035,0.38461538461538464,66,0.38461538461538464,0.6346153846153846
13959.812510298332,672768.8401264257,0.3773584905660377,0.905982905982906,0.37037037037037035,0.38461538461538464,66,0.38461538461538464,0.6346153846153846
13959.812510298332,672768.8401264257,0.3773584905660377,0.905982905982906,0.37037037037037035,0.38461538461538464,66,0.38461538461538464,0.6346153846153846
13959.812510298332,672768.8401264257,0.3773584905660377,0.905982905982906,0.37037037037037035,0.38461538461538464,66,0.38461538461538464,0.6346153846153846
13883.049998776522,672692.0776149039,0.37383177570093457,0.9045584045584045,0.36363636363636365,0.38461538461538464,67,0.38461538461538464,0.6346153846153846
13540.00336623285,672349.0309823602,0.37383177570093457,0.9045584045584045,0.36363636363636365,0.38461538461538464,67,0.38461538461538464,0.6346153846153846
13540.00336623285,672349.0309823602,0.37383177570093457,0.9045584045584045,0.36363636363636365,0.38461538461538464,67,0.38461538461538464,0.6346153846153846
13540.00336623285,672349.0309823602,0.37383177570093457,0.9045584045584045,0.36363636363636365,0.38461538461538464,67,0.38461538461538464,0.6346153846153846
13103.234160050284,671912.2617761777,0.3818181818181818,0.9031339031339032,0.3620689655172414,0.40384615384615385,68,0.40384615384615385,0.6538461538461539
12978.013460626826,671787.0410767542,0.3853211009174312,0.9045584045584045,0.3684210526315789,0.40384615384615385,67,0.40384615384615385,0.6538461538461539
12490.792706084903,671299.8203222123,0.3925233644859813,0.9074074074074074,0.38181818181818183,0.40384615384615385,65,0.40384615384615385,0.6538461538461539
12490.792706084903,671299.8203222123,0.3925233644859813,0.9074074074074074,0.38181818181818183,0.40384615384615385,65,0.40384615384615385,0.6538461538461539
12443.999963816488,671253.0275799439,0.3962264150943396,0.9088319088319088,0.3888888888888889,0.40384615384615385,64,0.40384615384615385,0.6538461538461539
12331.130481075961,671140.1580972034,0.3925233644859813,0.9074074074074074,0.38181818181818183,0.40384615384615385,65,0.40384615384615385,0.6538461538461539
12331.130481075961,671140.1580972034,0.3925233644859813,0.9074074074074074,0.38181818181818183,0.40384615384615385,65,0.40384615384615385,0.6538461538461539
12331.130481075961,671140.1580972034,0.3925233644859813,0.9074074074074074,0.38181818181818183,0.40384615384615385,65,0.40384615384615385,0.6538461538461539
12331.130481075961,671140.1580972034,0.3925233644859813,0.9074074074074074,0.38181818181818183,0.40384615384615385,65,0.40384615384615385,0.6538461538461539
12331.130481075961,671140.1580972034,0.3925233644859813,0.9074074074074074,0.38181818181818183,0.40384615384615385,65,0.40384615384615385,0.6538461538461539
12331.130481075961,671140.1580972034,0.3925233644859813,0.9074074074074074,0.38181818181818183,0.40384615384615385,65,0.40384615384615385,0.6538461538461539
12258.412591865985,671067.4402079934,0.3962264150943396,0.9088319088319088,0.3888888888888889,0.40384615384615385,64,0.40384615384615385,0.6538461538461539
11881.14660899574,670690.1742251231,0.3925233644859813,0.9074074074074074,0.38181818181818183,0.40384615384615385,65,0.40384615384615385,0.6730769230769231
11881.14660899574,670690.1742251231,0.3925233644859813,0.9074074074074074,0.38181818181818183,0.40384615384615385,65,0.40384615384615385,0.6730769230769231
11881.14660899574,670690.1742251231,0.3925233644859813,0.9074074074074074,0.38181818181818183,0.40384615384615385,65,0.40384615384615385,0.6730769230769231
11881.14660899574,670690.1742251231,0.3925233644859813,0.9074074074074074,0.38181818181818183,0.40384615384615385,65,0.40384615384615385,0.6730769230769231
11881.14660899574,670690.1742251231,0.3925233644859813,0.9074074074074074,0.38181818181818183,0.40384615384615385,65,0.40384615384615385,0.6730769230769231
11881.14660899574,670690.1742251231,0.3925233644859813,0.9074074074074074,0.38181818181818183,0.40384615384615385,65,0.40384615384615385,0.6730769230769231
11689.932696454693,670498.9603125821,0.3925233644859813,0.9074074074074074,0.38181818181818183,0.40384615384615385,65,0.40384615384615385,0.6730769230769231
11624.418569247122,670433.4461853745,0.3962264150943396,0.9088319088319088,0.3888888888888889,0.40384615384615385,64,0.40384615384615385,0.6730769230769231
11401.036202709773,670210.0638188372,0.39999999999999997,0.9102564102564102,0.39622641509433965,0.40384615384615385,63,0.40384615384615385,0.6730769230769231
11401.036202709773,670210.0638188372,0.39999999999999997,0.9102564102564102,0.39622641509433965,0.40384615384615385,63,0.40384615384615385,0.6730769230769231
11401.036202709773,670210.0638188372,0.39999999999999997,0.9102564102564102,0.39622641509433965,0.40384615384615385,63,0.40384615384615385,0.6730769230769231
11240.451692016446,670049.4793081438,0.40384615384615385,0.9116809116809117,0.40384615384615385,0.40384615384615385,62,0.40384615384615385,0.6730769230769231
11212.22504623991,670021.2526623673,0.39999999999999997,0.9102564102564102,0.39622641509433965,0.40384615384615385,63,0.40384615384615385,0.6730769230769231
11212.22504623991,670021.2526623673,0.39999999999999997,0.9102564102564102,0.39622641509433965,0.40384615384615385,63,0.40384615384615385,0.6730769230769231
11165.404579755035,669974.4321958824,0.39999999999999997,0.9102564102564102,0.39622641509433965,0.40384615384615385,63,0.40384615384615385,0.6730769230769231
11165.404579755035,669974.4321958824,0.39999999999999997,0.9102564102564102,0.39622641509433965,0.40384615384615385,63,0.40384615384615385,0.6730769230769231
11165.404579755035,669974.4321958824,0.39999999999999997,0.9102564102564102,0.39622641509433965,0.40384615384615385,63,0.40384615384615385,0.6730769230769231
11165.404579755035,669974.4321958824,0.39999999999999997,0.9102564102564102,0.39622641509433965,0.40384615384615385,63,0.40384615384615385,0.6730769230769231
11165.404579755035,669974.4321958824,0.39999999999999997,0.9102564102564102,0.39622641509433965,0.40384615384615385,63,0.40384615384615385,0.6730769230769231
11165.404579755035,669974.4321958824,0.39999999999999997,0.9102564102564102,0.39622641509433965,0.40384615384615385,63,0.40384615384615385,0.6730769230769231
11165.404579755035,669974.4321958824,0.39999999999999997,0.9102564102564102,0.39622641509433965,0.40384615384615385,63,0.40384615384615385,0.6730769230769231
11121.31408947648,669930.3417056039,0.39999999999999997,0.9102564102564102,0.39622641509433965,0.40384615384615385,63,0.40384615384615385,0.6923076923076923
11121.31408947648,669930.3417056039,0.39999999999999997,0.9102564102564102,0.39622641509433965,0.40384615384615385,63,0.40384615384615385,0.6923076923076923
11029.308267428423,669838.3358835558,0.3962264150943396,0.9088319088319088,0.3888888888888889,0.40384615384615385,64,0.40384615384615385,0.6730769230769231
10982.487800943549,669791.515417071,0.3962264150943396,0.9088319088319088,0.3888888888888889,0.40384615384615385,64,0.40384615384615385,0.6730769230769231
10978.249468175694,669787.2770843031,0.3925233644859813,0.9074074074074074,0.38181818181818183,0.40384615384615385,65,0.40384615384615385,0.6730769230769231
10978.249468175694,669787.2770843031,0.3925233644859813,0.9074074074074074,0.38181818181818183,0.40384615384615385,65,0.40384615384615385,0.6730769230769231
10978.249468175694,669787.2770843031,0.3925233644859813,0.9074074074074074,0.38181818181818183,0.40384615384615385,65,0.40384615384615385,0.6730769230769231
10890.402716225013,669699.4303323524,0.3962264150943396,0.9088319088319088,0.3888888888888889,0.40384615384615385,64,0.40384615384615385,0.6730769230769231
10890.402716225013,669699.4303323524,0.3962264150943396,0.9088319088319088,0.3888888888888889,0.40384615384615385,64,0.40384615384615385,0.6730769230769231
10890.402716225013,669699.4303323524,0.3962264150943396,0.9088319088319088,0.3888888888888889,0.40384615384615385,64,0.40384615384615385,0.6730769230769231
10890.402716225013,669699.4303323524,0.3962264150943396,0.9088319088319088,0.3888888888888889,0.40384615384615385,64,0.40384615384615385,0.6730769230769231
10890.402716225013,669699.4303323524,0.3962264150943396,0.9088319088319088,0.3888888888888889,0.40384615384615385,64,0.40384615384615385,0.6730769230769231
10850.550558714313,669659.5781748417,0.39999999999999997,0.9102564102564102,0.39622641509433965,0.40384615384615385,63,0.40384615384615385,0.6923076923076923
10817.18583279301,669626.2134489204,0.3962264150943396,0.9088319088319088,0.3888888888888889,0.40384615384615385,64,0.40384615384615385,0.6923076923076923
10817.18583279301,669626.2134489204,0.3962264150943396,0.9088319088319088,0.3888888888888889,0.40384615384615385,64,0.40384615384615385,0.6923076923076923
10690.55757326202,669499.5851893894,0.4074074074074074,0.9088319088319088,0.39285714285714285,0.4230769230769231,64,0.4230769230769231,0.7115384615384616
10633.720522113726,669442.7481382411,0.4112149532710281,0.9102564102564102,0.4,0.4230769230769231,63,0.4230769230769231,0.7115384615384616
10596.739410594222,669405.7670267216,0.4112149532710281,0.9102564102564102,0.4,0.4230769230769231,63,0.4230769230769231,0.7115384615384616
10596.739410594222,669405.7670267216,0.4112149532710281,0.9102564102564102,0.4,0.4230769230769231,63,0.4230769230769231,0.7115384615384616
10349.624518684344,669158.6521348117,0.4150943396226415,0.9116809116809117,0.4074074074074074,0.4230769230769231,62,0.4230769230769231,0.7115384615384616
10349.624518684344,669158.6521348117,0.4150943396226415,0.9116809116809117,0.4074074074074074,0.4230769230769231,62,0.4230769230769231,0.7115384615384616
10349.624518684344,669158.6521348117,0.4150943396226415,0.9116809116809117,0.4074074074074074,0.4230769230769231,62,0.4230769230769231,0.7115384615384616
10349.624518684344,669158.6521348117,0.4150943396226415,0.9116809116809117,0.4074074074074074,0.4230769230769231,62,0.4230769230769231,0.7115384615384616
10349.624518684344,669158.6521348117,0.4150943396226415,0.9116809116809117,0.4074074074074074,0.4230769230769231,62,0.4230769230769231,0.7115384615384616
10349.624518684344,669158.6521348117,0.4150943396226415,0.9116809116809117,0.4074074074074074,0.4230769230769231,62,0.4230769230769231,0.7115384615384616
10219.9966307875,669029.0242469149,0.4299065420560747,0.9131054131054132,0.41818181818181815,0.4423076923076923,61,0.4423076923076923,0.7307692307692307
10219.9966307875,669029.0242469149,0.4299065420560747,0.9131054131054132,0.41818181818181815,0.4423076923076923,61,0.4423076923076923,0.7307692307692307
10159.223652221961,668968.2512683494,0.4112149532710281,0.9102564102564102,0.4,0.4230769230769231,63,0.4230769230769231,0.7115384615384616
10029.595764325233,668838.6233804526,0.42592592592592593,0.9116809116809117,0.4107142857142857,0.4423076923076923,62,0.4423076923076923,0.7307692307692307
10029.595764325233,668838.6233804526,0.42592592592592593,0.9116809116809117,0.4107142857142857,0.4423076923076923,62,0.4423076923076923,0.7307692307692307
10029.595764325233,668838.6233804526,0.42592592592592593,0.9116809116809117,0.4107142857142857,0.4423076923076923,62,0.4423076923076923,0.7307692307692307
10029.595764325233,668838.6233804526,0.42592592592592593,0.9116809116809117,0.4107142857142857,0.4423076923076923,62,0.4423076923076923,0.7307692307692307
10029.595764325233,668838.6233804526,0.42592592592592593,0.9116809116809117,0.4107142857142857,0.4423076923076923,62,0.4423076923076923,0.7307692307692307
10029.595764325233,668838.6233804526,0.42592592592592593,0.9116809116809117,0.4107142857142857,0.4423076923076923,62,0.4423076923076923,0.7307692307692307
9902.847866060678,668711.8754821881,0.4299065420560747,0.9131054131054132,0.41818181818181815,0.4423076923076923,61,0.4423076923076923,0.7307692307692307
9902.847866060678,668711.8754821881,0.4299065420560747,0.9131054131054132,0.41818181818181815,0.4423076923076923,61,0.4423076923076923,0.7307692307692307
9902.847866060678,668711.8754821881,0.4299065420560747,0.9131054131054132,0.41818181818181815,0.4423076923076923,61,0.4423076923076923,0.7307692307692307
9902.847866060678,668711.8754821881,0.4299065420560747,0.9131054131054132,0.41818181818181815,0.4423076923076923,61,0.4423076923076923,0.7307692307692307
9902.847866060678,668711.8754821881,0.4299065420560747,0.9131054131054132,0.41818181818181815,0.4423076923076923,61,0.4423076923076923,0.7307692307692307
9902.847866060678,668711.8754821881,0.4299065420560747,0.9131054131054132,0.41818181818181815,0.4423076923076923,61,0.4423076923076923,0.7307692307692307
9902.847866060678,668711.8754821881,0.4299065420560747,0.9131054131054132,0.41818181818181815,0.4423076923076923,61,0.4423076923076923,0.7307692307692307
9841.854230094817,668650.8818462222,0.4339622641509434,0.9145299145299145,0.42592592592592593,0.4423076923076923,60,0.4423076923076923,0.7307692307692307
9841.854230094817,668650.8818462222,0.4339622641509434,0.9145299145299145,0.42592592592592593,0.4423076923076923,60,0.4423076923076923,0.7307692307692307
9841.854230094817,668650.8818462222,0.4339622641509434,0.9145299145299145,0.42592592592592593,0.4423076923076923,60,0.4423076923076923,0.7307692307692307
9841.854230094817,668650.8818462222,0.4339622641509434,0.9145299145299145,0.42592592592592593,0.4423076923076923,60,0.4423076923076923,0.7307692307692307
9841.854230094817,668650.8818462222,0.4339622641509434,0.9145299145299145,0.42592592592592593,0.4423076923076923,60,0.4423076923076923,0.7307692307692307
9841.854230094817,668650.8818462222,0.4339622641509434,0.9145299145299145,0.42592592592592593,0.4423076923076923,60,0.4423076923076923,0.7307692307692307
9772.061701886822,668581.0893180142,0.42592592592592593,0.9116809116809117,0.4107142857142857,0.4423076923076923,62,0.4423076923076923,0.7307692307692307
9713.883427062538,668522.9110431899,0.4299065420560747,0.9131054131054132,0.41818181818181815,0.4423076923076923,61,0.4423076923076923,0.7307692307692307
9713.883427062538,668522.9110431899,0.4299065420560747,0.9131054131054132,0.41818181818181815,0.4423076923076923,61,0.4423076923076923,0.7307692307692307
9713.883427062538,668522.9110431899,0.4299065420560747,0.9131054131054132,0.41818181818181815,0.4423076923076923,61,0.4423076923076923,0.7307692307692307
9713.883427062538,668522.9110431899,0.4299065420560747,0.9131054131054132,0.41818181818181815,0.4423076923076923,61,0.4423076923076923,0.7307692307692307
9713.883427062538,668522.9110431899,0.4299065420560747,0.9131054131054132,0.41818181818181815,0.4423076923076923,61,0.4423076923076923,0.7307692307692307
9713.883427062538,668522.9110431899,0.4299065420560747,0.9131054131054132,0.41818181818181815,0.4423076923076923,61,0.4423076923076923,0.7307692307692307
9713.883427062538,668522.9110431899,0.4299065420560747,0.9131054131054132,0.41818181818181815,0.4423076923076923,61,0.4423076923076923,0.7307692307692307
9713.883427062538,668522.9110431899,0.4299065420560747,0.9131054131054132,0.41818181818181815,0.4423076923076923,61,0.4423076923076923,0.7307692307692307
9713.883427062538,668522.9110431899,0.4299065420560747,0.9131054131054132,0.41818181818181815,0.4423076923076923,61,0.4423076923076923,0.7307692307692307
9713.883427062538,668522.9110431899,0.4299065420560747,0.9131054131054132,0.41818181818181815,0.4423076923076923,61,0.4423076923076923,0.7307692307692307
9713.883427062538,668522.9110431899,0.4299065420560747,0.9131054131054132,0.41818181818181815,0.4423076923076923,61,0.4423076923076923,0.7307692307692307
9713.883427062538,668522.9110431899,0.4299065420560747,0.9131054131054132,0.41818181818181815,0.4423076923076923,61,0.4423076923076923,0.7307692307692307
9713.883427062538,668522.9110431899,0.4299065420560747,0.9131054131054132,0.41818181818181815,0.4423076923076923,61,0.4423076923076923,0.7307692307692307
9713.883427062538,668522.9110431899,0.4299065420560747,0.9131054131054132,0.41818181818181815,0.4423076923076923,61,0.4423076923076923,0.7307692307692307
9713.883427062538,668522.9110431899,0.4299065420560747,0.9131054131054132,0.41818181818181815,0.4423076923076923,61,0.4423076923076923,0.7307692307692307
9713.883427062538,668522.9110431899,0.4299065420560747,0.9131054131054132,0.41818181818181815,0.4423076923076923,61,0.4423076923076923,0.7307692307692307
9713.883427062538,668522.9110431899,0.4299065420560747,0.9131054131054132,0.41818181818181815,0.4423076923076923,61,0.4423076923076923,0.7307692307692307
9713.883427062538,668522.9110431899,0.4299065420560747,0.9131054131054132,0.41818181818181815,0.4423076923076923,61,0.4423076923076923,0.7307692307692307
9713.883427062538,668522.9110431899,0.4299065420560747,0.9131054131054132,0.41818181818181815,0.4423076923076923,61,0.4423076923076923,0.7307692307692307
9713.883427062538,668522.9110431899,0.4299065420560747,0.9131054131054132,0.41818181818181815,0.4423076923076923,61,0.4423076923076923,0.7307692307692307
9713.883427062538,668522.9110431899,0.4299065420560747,0.9131054131054132,0.41818181818181815,0.4423076923076923,61,0.4423076923076923,0.7307692307692307
9713.883427062538,668522.9110431899,0.4299065420560747,0.9131054131054132,0.41818181818181815,0.4423076923076923,61,0.4423076923076923,0.7307692307692307
9713.883427062538,668522.9110431899,0.4299065420560747,0.9131054131054132,0.41818181818181815,0.4423076923076923,61,0.4423076923076923,0.7307692307692307
9713.883427062538,668522.9110431899,0.4299065420560747,0.9131054131054132,0.41818181818181815,0.4423076923076923,61,0.4423076923076923,0.7307692307692307
9713.883427062538,668522.9110431899,0.4299065420560747,0.9131054131054132,0.41818181818181815,0.4423076923076923,61,0.4423076923076923,0.7307692307692307
9713.883427062538,668522.9110431899,0.4299065420560747,0.9131054131054132,0.41818181818181815,0.4423076923076923,61,0.4423076923076923,0.7307692307692307
9713.883427062538,668522.9110431899,0.4299065420560747,0.9131054131054132,0.41818181818181815,0.4423076923076923,61,0.4423076923076923,0.7307692307692307
9713.883427062538,668522.9110431899,0.4299065420560747,0.9131054131054132,0.41818181818181815,0.4423076923076923,61,0.4423076923076923,0.7307692307692307
9713.883427062538,668522.9110431899,0.4299065420560747,0.9131054131054132,0.41818181818181815,0.4423076923076923,61,0.4423076923076923,0.7307692307692307
9713.883427062538,668522.9110431899,0.4299065420560747,0.9131054131054132,0.41818181818181815,0.4423076923076923,61,0.4423076923076923,0.7307692307692307
9713.883427062538,668522.9110431899,0.4299065420560747,0.9131054131054132,0.41818181818181815,0.4423076923076923,61,0.4423076923076923,0.7307692307692307
9713.883427062538,668522.9110431899,0.4299065420560747,0.9131054131054132,0.41818181818181815,0.4423076923076923,61,0.4423076923076923,0.7307692307692307
9713.883427062538,668522.9110431899,0.4299065420560747,0.9131054131054132,0.41818181818181815,0.4423076923076923,61,0.4423076923076923,0.7307692307692307
9713.883427062538,668522.9110431899,0.4299065420560747,0.9131054131054132,0.41818181818181815,0.4423076923076923,61,0.4423076923076923,0.7307692307692307
9713.883427062538,668522.9110431899,0.4299065420560747,0.9131054131054132,0.41818181818181815,0.4423076923076923,61,0.4423076923076923,0.7307692307692307
9713.883427062538,668522.9110431899,0.4299065420560747,0.9131054131054132,0.41818181818181815,0.4423076923076923,61,0.4423076923076923,0.7307692307692307
9713.883427062538,668522.9110431899,0.4299065420560747,0.9131054131054132,0.41818181818181815,0.4423076923076923,61,0.4423076923076923,0.7307692307692307
9713.883427062538,668522.9110431899,0.4299065420560747,0.9131054131054132,0.41818181818181815,0.4423076923076923,61,0.4423076923076923,0.7307692307692307
9713.883427062538,668522.9110431899,0.4299065420560747,0.9131054131054132,0.41818181818181815,0.4423076923076923,61,0.4423076923076923,0.7307692307692307
9713.883427062538,668522.9110431899,0.4299065420560747,0.9131054131054132,0.41818181818181815,0.4423076923076923,61,0.4423076923076923,0.7307692307692307
9713.883427062538,668522.9110431899,0.4299065420560747,0.9131054131054132,0.41818181818181815,0.4423076923076923,61,0.4423076923076923,0.7307692307692307
9713.883427062538,668522.9110431899,0.4299065420560747,0.9131054131054132,0.41818181818181815,0.4423076923076923,61,0.4423076923076923,0.7307692307692307
9713.883427062538,668522.9110431899,0.4299065420560747,0.9131054131054132,0.41818181818181815,0.4423076923076923,61,0.4423076923076923,0.7307692307692307
9713.883427062538,668522.9110431899,0.4299065420560747,0.9131054131054132,0.41818181818181815,0.4423076923076923,61,0.4423076923076923,0.7307692307692307
9713.883427062538,668522.9110431899,0.4299065420560747,0.9131054131054132,0.41818181818181815,0.4423076923076923,61,0.4423076923076923,0.7307692307692307
9713.883427062538,668522.9110431899,0.4299065420560747,0.9131054131054132,0.41818181818181815,0.4423076923076923,61,0.4423076923076923,0.7307692307692307
9713.883427062538,668522.9110431899,0.4299065420560747,0.9131054131054132,0.41818181818181815,0.4423076923076923,61,0.4423076923076923,0.7307692307692307
9713.883427062538,668522.9110431899,0.4299065420560747,0.9131054131054132,0.41818181818181815,0.4423076923076923,61,0.4423076923076923,0.7307692307692307
9713.883427062538,668522.9110431899,0.4299065420560747,0.9131054131054132,0.41818181818181815,0.4423076923076923,61,0.4423076923076923,0.7307692307692307
9713.883427062538,668522.9110431899,0.4299065420560747,0.9131054131054132,0.41818181818181815,0.4423076923076923,61,0.4423076923076923,0.7307692307692307
9713.883427062538,668522.9110431899,0.4299065420560747,0.9131054131054132,0.41818181818181815,0.4423076923076923,61,0.4423076923076923,0.7307692307692307
9713.883427062538,668522.9110431899,0.4299065420560747,0.9131054131054132,0.41818181818181815,0.4423076923076923,61,0.4423076923076923,0.7307692307692307
9713.883427062538,668522.9110431899,0.4299065420560747,0.9131054131054132,0.41818181818181815,0.4423076923076923,61,0.4423076923076923,0.7307692307692307
9713.883427062538,668522.9110431899,0.4299065420560747,0.9131054131054132,0.41818181818181815,0.4423076923076923,61,0.4423076923076923,0.7307692307692307
9713.883427062538,668522.9110431899,0.4299065420560747,0.9131054131054132,0.41818181818181815,0.4423076923076923,61,0.4423076923076923,0.7307692307692307
9713.883427062538,668522.9110431899,0.4299065420560747,0.9131054131054132,0.41818181818181815,0.4423076923076923,61,0.4423076923076923,0.7307692307692307
9713.883427062538,668522.9110431899,0.4299065420560747,0.9131054131054132,0.41818181818181815,0.4423076923076923,61,0.4423076923076923,0.7307692307692307
9713.883427062538,668522.9110431899,0.4299065420560747,0.9131054131054132,0.41818181818181815,0.4423076923076923,61,0.4423076923076923,0.7307692307692307
9713.883427062538,668522.9110431899,0.4299065420560747,0.9131054131054132,0.41818181818181815,0.4423076923076923,61,0.4423076923076923,0.7307692307692307
9713.883427062538,668522.9110431899,0.4299065420560747,0.9131054131054132,0.41818181818181815,0.4423076923076923,61,0.4423076923076923,0.7307692307692307
9713.883427062538,668522.9110431899,0.4299065420560747,0.9131054131054132,0.41818181818181815,0.4423076923076923,61,0.4423076923076923,0.7307692307692307
9713.883427062538,668522.9110431899,0.4299065420560747,0.9131054131054132,0.41818181818181815,0.4423076923076923,61,0.4423076923076923,0.7307692307692307
9713.883427062538,668522.9110431899,0.4299065420560747,0.9131054131054132,0.41818181818181815,0.4423076923076923,61,0.4423076923076923,0.7307692307692307
9713.883427062538,668522.9110431899,0.4299065420560747,0.9131054131054132,0.41818181818181815,0.4423076923076923,61,0.4423076923076923,0.7307692307692307
9713.883427062538,668522.9110431899,0.4299065420560747,0.9131054131054132,0.41818181818181815,0.4423076923076923,61,0.4423076923076923,0.7307692307692307
9713.883427062538,668522.9110431899,0.4299065420560747,0.9131054131054132,0.41818181818181815,0.4423076923076923,61,0.4423076923076923,0.7307692307692307
9713.883427062538,668522.9110431899,0.4299065420560747,0.9131054131054132,0.41818181818181815,0.4423076923076923,61,0.4423076923076923,0.7307692307692307
9713.883427062538,668522.9110431899,0.4299065420560747,0.9131054131054132,0.41818181818181815,0.4423076923076923,61,0.4423076923076923,0.7307692307692307
9713.883427062538,668522.9110431899,0.4299065420560747,0.9131054131054132,0.41818181818181815,0.4423076923076923,61,0.4423076923076923,0.7307692307692307
9713.883427062538,668522.9110431899,0.4299065420560747,0.9131054131054132,0.41818181818181815,0.4423076923076923,61,0.4423076923076923,0.7307692307692307
9713.883427062538,668522.9110431899,0.4299065420560747,0.9131054131054132,0.41818181818181815,0.4423076923076923,61,0.4423076923076923,0.7307692307692307
9713.883427062538,668522.9110431899,0.4299065420560747,0.9131054131054132,0.41818181818181815,0.4423076923076923,61,0.4423076923076923,0.7307692307692307
9713.883427062538,668522.9110431899,0.4299065420560747,0.9131054131054132,0.41818181818181815,0.4423076923076923,61,0.4423076923076923,0.7307692307692307
9713.883427062538,668522.9110431899,0.4299065420560747,0.9131054131054132,0.41818181818181815,0.4423076923076923,61,0.4423076923076923,0.7307692307692307
9713.883427062538,668522.9110431899,0.4299065420560747,0.9131054131054132,0.41818181818181815,0.4423076923076923,61,0.4423076923076923,0.7307692307692307
9713.883427062538,668522.9110431899,0.4299065420560747,0.9131054131054132,0.41818181818181815,0.4423076923076923,61,0.4423076923076923,0.7307692307692307
9713.883427062538,668522.9110431899,0.4299065420560747,0.9131054131054132,0.41818181818181815,0.4423076923076923,61,0.4423076923076923,0.7307692307692307
9713.883427062538,668522.9110431899,0.4299065420560747,0.9131054131054132,0.41818181818181815,0.4423076923076923,61,0.4423076923076923,0.7307692307692307
9713.883427062538,668522.9110431899,0.4299065420560747,0.9131054131054132,0.41818181818181815,0.4423076923076923,61,0.4423076923076923,0.7307692307692307
9713.883427062538,668522.9110431899,0.4299065420560747,0.9131054131054132,0.41818181818181815,0.4423076923076923,61,0.4423076923076923,0.7307692307692307
9713.883427062538,668522.9110431899,0.4299065420560747,0.9131054131054132,0.41818181818181815,0.4423076923076923,61,0.4423076923076923,0.7307692307692307
9713.883427062538,668522.9110431899,0.4299065420560747,0.9131054131054132,0.41818181818181815,0.4423076923076923,61,0.4423076923076923,0.7307692307692307
9713.883427062538,668522.9110431899,0.4299065420560747,0.9131054131054132,0.41818181818181815,0.4423076923076923,61,0.4423076923076923,0.7307692307692307
9713.883427062538,668522.9110431899,0.4299065420560747,0.9131054131054132,0.41818181818181815,0.4423076923076923,61,0.4423076923076923,0.7307692307692307
9713.883427062538,668522.9110431899,0.4299065420560747,0.9131054131054132,0.41818181818181815,0.4423076923076923,61,0.4423076923076923,0.7307692307692307
9713.883427062538,668522.9110431899,0.4299065420560747,0.9131054131054132,0.41818181818181815,0.4423076923076923,61,0.4423076923076923,0.7307692307692307
9713.883427062538,668522.9110431899,0.4299065420560747,0.9131054131054132,0.41818181818181815,0.4423076923076923,61,0.4423076923076923,0.7307692307692307
9713.883427062538,668522.9110431899,0.4299065420560747,0.9131054131054132,0.41818181818181815,0.4423076923076923,61,0.4423076923076923,0.7307692307692307
9713.883427062538,668522.9110431899,0.4299065420560747,0.9131054131054132,0.41818181818181815,0.4423076923076923,61,0.4423076923076923,0.7307692307692307
9713.883427062538,668522.9110431899,0.4299065420560747,0.9131054131054132,0.41818181818181815,0.4423076923076923,61,0.4423076923076923,0.7307692307692307
9713.883427062538,668522.9110431899,0.4299065420560747,0.9131054131054132,0.41818181818181815,0.4423076923076923,61,0.4423076923076923,0.7307692307692307
9713.883427062538,668522.9110431899,0.4299065420560747,0.9131054131054132,0.41818181818181815,0.4423076923076923,61,0.4423076923076923,0.7307692307692307
9713.883427062538,668522.9110431899,0.4299065420560747,0.9131054131054132,0.41818181818181815,0.4423076923076923,61,0.4423076923076923,0.7307692307692307
9713.883427062538,668522.9110431899,0.4299065420560747,0.9131054131054132,0.41818181818181815,0.4423076923076923,61,0.4423076923076923,0.7307692307692307
9713.883427062538,668522.9110431899,0.4299065420560747,0.9131054131054132,0.41818181818181815,0.4423076923076923,61,0.4423076923076923,0.7307692307692307
9713.883427062538,668522.9110431899,0.4299065420560747,0.9131054131054132,0.41818181818181815,0.4423076923076923,61,0.4423076923076923,0.7307692307692307
9713.883427062538,668522.9110431899,0.4299065420560747,0.9131054131054132,0.41818181818181815,0.4423076923076923,61,0.4423076923076923,0.7307692307692307
9713.883427062538,668522.9110431899,0.4299065420560747,0.9131054131054132,0.41818181818181815,0.4423076923076923,61,0.4423076923076923,0.7307692307692307
9713.883427062538,668522.9110431899,0.4299065420560747,0.9131054131054132,0.41818181818181815,0.4423076923076923,61,0.4423076923076923,0.7307692307692307
9713.883427062538,668522.9110431899,0.4299065420560747,0.9131054131054132,0.41818181818181815,0.4423076923076923,61,0.4423076923076923,0.7307692307692307
9713.883427062538,668522.9110431899,0.4299065420560747,0.9131054131054132,0.41818181818181815,0.4423076923076923,61,0.4423076923076923,0.7307692307692307
9713.883427062538,668522.9110431899,0.4299065420560747,0.9131054131054132,0.41818181818181815,0.4423076923076923,61,0.4423076923076923,0.7307692307692307
9713.883427062538,668522.9110431899,0.4299065420560747,0.9131054131054132,0.41818181818181815,0.4423076923076923,61,0.4423076923076923,0.7307692307692307
9713.883427062538,668522.9110431899,0.4299065420560747,0.9131054131054132,0.41818181818181815,0.4423076923076923,61,0.4423076923076923,0.7307692307692307
9713.883427062538,668522.9110431899,0.4299065420560747,0.9131054131054132,0.41818181818181815,0.4423076923076923,61,0.4423076923076923,0.7307692307692307
9713.883427062538,668522.9110431899,0.4299065420560747,0.9131054131054132,0.41818181818181815,0.4423076923076923,61,0.4423076923076923,0.7307692307692307
9713.883427062538,668522.9110431899,0.4299065420560747,0.9131054131054132,0.41818181818181815,0.4423076923076923,61,0.4423076923076923,0.7307692307692307
9713.883427062538,668522.9110431899,0.4299065420560747,0.9131054131054132,0.41818181818181815,0.4423076923076923,61,0.4423076923076923,0.7307692307692307
9713.883427062538,668522.9110431899,0.4299065420560747,0.9131054131054132,0.41818181818181815,0.4423076923076923,61,0.4423076923076923,0.7307692307692307
9713.883427062538,668522.9110431899,0.4299065420560747,0.9131054131054132,0.41818181818181815,0.4423076923076923,61,0.4423076923076923,0.7307692307692307
9713.883427062538,668522.9110431899,0.4299065420560747,0.9131054131054132,0.41818181818181815,0.4423076923076923,61,0.4423076923076923,0.7307692307692307
9713.883427062538,668522.9110431899,0.4299065420560747,0.9131054131054132,0.41818181818181815,0.4423076923076923,61,0.4423076923076923,0.7307692307692307
9713.883427062538,668522.9110431899,0.4299065420560747,0.9131054131054132,0.41818181818181815,0.4423076923076923,61,0.4423076923076923,0.7307692307692307
9713.883427062538,668522.9110431899,0.4299065420560747,0.9131054131054132,0.41818181818181815,0.4423076923076923,61,0.4423076923076923,0.7307692307692307
9713.883427062538,668522.9110431899,0.4299065420560747,0.9131054131054132,0.41818181818181815,0.4423076923076923,61,0.4423076923076923,0.7307692307692307
9713.883427062538,668522.9110431899,0.4299065420560747,0.9131054131054132,0.41818181818181815,0.4423076923076923,61,0.4423076923076923,0.7307692307692307
9713.883427062538,668522.9110431899,0.4299065420560747,0.9131054131054132,0.41818181818181815,0.4423076923076923,61,0.4423076923076923,0.7307692307692307
9713.883427062538,668522.9110431899,0.4299065420560747,0.9131054131054132,0.41818181818181815,0.4423076923076923,61,0.4423076923076923,0.7307692307692307
9713.883427062538,668522.9110431899,0.4299065420560747,0.9131054131054132,0.41818181818181815,0.4423076923076923,61,0.4423076923076923,0.7307692307692307
9646.564634522772,668455.5922506502,0.4112149532710281,0.9102564102564102,0.4,0.4230769230769231,63,0.4230769230769231,0.7307692307692307
9646.564634522772,668455.5922506502,0.4112149532710281,0.9102564102564102,0.4,0.4230769230769231,63,0.4230769230769231,0.7307692307692307
9646.564634522772,668455.5922506502,0.4112149532710281,0.9102564102564102,0.4,0.4230769230769231,63,0.4230769230769231,0.7307692307692307
9646.564634522772,668455.5922506502,0.4112149532710281,0.9102564102564102,0.4,0.4230769230769231,63,0.4230769230769231,0.7307692307692307
9646.564634522772,668455.5922506502,0.4112149532710281,0.9102564102564102,0.4,0.4230769230769231,63,0.4230769230769231,0.7307692307692307
9646.564634522772,668455.5922506502,0.4112149532710281,0.9102564102564102,0.4,0.4230769230769231,63,0.4230769230769231,0.7307692307692307
9646.564634522772,668455.5922506502,0.4112149532710281,0.9102564102564102,0.4,0.4230769230769231,63,0.4230769230769231,0.7307692307692307
9646.564634522772,668455.5922506502,0.4112149532710281,0.9102564102564102,0.4,0.4230769230769231,63,0.4230769230769231,0.7307692307692307
9646.564634522772,668455.5922506502,0.4112149532710281,0.9102564102564102,0.4,0.4230769230769231,63,0.4230769230769231,0.7307692307692307
9646.564634522772,668455.5922506502,0.4112149532710281,0.9102564102564102,0.4,0.4230769230769231,63,0.4230769230769231,0.7307692307692307
9646.564634522772,668455.5922506502,0.4112149532710281,0.9102564102564102,0.4,0.4230769230769231,63,0.4230769230769231,0.7307692307692307
9646.564634522772,668455.5922506502,0.4112149532710281,0.9102564102564102,0.4,0.4230769230769231,63,0.4230769230769231,0.7307692307692307
9646.564634522772,668455.5922506502,0.4112149532710281,0.9102564102564102,0.4,0.4230769230769231,63,0.4230769230769231,0.7307692307692307
9646.564634522772,668455.5922506502,0.4112149532710281,0.9102564102564102,0.4,0.4230769230769231,63,0.4230769230769231,0.7307692307692307
9646.564634522772,668455.5922506502,0.4112149532710281,0.9102564102564102,0.4,0.4230769230769231,63,0.4230769230769231,0.7307692307692307
9646.564634522772,668455.5922506502,0.4112149532710281,0.9102564102564102,0.4,0.4230769230769231,63,0.4230769230769231,0.7307692307692307
9646.564634522772,668455.5922506502,0.4112149532710281,0.9102564102564102,0.4,0.4230769230769231,63,0.4230769230769231,0.7307692307692307
9646.564634522772,668455.5922506502,0.4112149532710281,0.9102564102564102,0.4,0.4230769230769231,63,0.4230769230769231,0.7307692307692307
9646.564634522772,668455.5922506502,0.4112149532710281,0.9102564102564102,0.4,0.4230769230769231,63,0.4230769230769231,0.7307692307692307
9646.564634522772,668455.5922506502,0.4112149532710281,0.9102564102564102,0.4,0.4230769230769231,63,0.4230769230769231,0.7307692307692307
9646.564634522772,668455.5922506502,0.4112149532710281,0.9102564102564102,0.4,0.4230769230769231,63,0.4230769230769231,0.7307692307692307
9646.564634522772,668455.5922506502,0.4112149532710281,0.9102564102564102,0.4,0.4230769230769231,63,0.4230769230769231,0.7307692307692307
9646.564634522772,668455.5922506502,0.4112149532710281,0.9102564102564102,0.4,0.4230769230769231,63,0.4230769230769231,0.7307692307692307
9646.564634522772,668455.5922506502,0.4112149532710281,0.9102564102564102,0.4,0.4230769230769231,63,0.4230769230769231,0.7307692307692307
9646.564634522772,668455.5922506502,0.4112149532710281,0.9102564102564102,0.4,0.4230769230769231,63,0.4230769230769231,0.7307692307692307
9646.564634522772,668455.5922506502,0.4112149532710281,0.9102564102564102,0.4,0.4230769230769231,63,0.4230769230769231,0.7307692307692307
9646.564634522772,668455.5922506502,0.4112149532710281,0.9102564102564102,0.4,0.4230769230769231,63,0.4230769230769231,0.7307692307692307
9646.564634522772,668455.5922506502,0.4112149532710281,0.9102564102564102,0.4,0.4230769230769231,63,0.4230769230769231,0.7307692307692307
9646.564634522772,668455.5922506502,0.4112149532710281,0.9102564102564102,0.4,0.4230769230769231,63,0.4230769230769231,0.7307692307692307
9646.564634522772,668455.5922506502,0.4112149532710281,0.9102564102564102,0.4,0.4230769230769231,63,0.4230769230769231,0.7307692307692307
9646.564634522772,668455.5922506502,0.4112149532710281,0.9102564102564102,0.4,0.4230769230769231,63,0.4230769230769231,0.7307692307692307
9646.564634522772,668455.5922506502,0.4112149532710281,0.9102564102564102,0.4,0.4230769230769231,63,0.4230769230769231,0.7307692307692307
9646.564634522772,668455.5922506502,0.4112149532710281,0.9102564102564102,0.4,0.4230769230769231,63,0.4230769230769231,0.7307692307692307
9646.564634522772,668455.5922506502,0.4112149532710281,0.9102564102564102,0.4,0.4230769230769231,63,0.4230769230769231,0.7307692307692307
9646.564634522772,668455.5922506502,0.4112149532710281,0.9102564102564102,0.4,0.4230769230769231,63,0.4230769230769231,0.7307692307692307
9646.564634522772,668455.5922506502,0.4112149532710281,0.9102564102564102,0.4,0.4230769230769231,63,0.4230769230769231,0.7307692307692307
9646.564634522772,668455.5922506502,0.4112149532710281,0.9102564102564102,0.4,0.4230769230769231,63,0.4230769230769231,0.7307692307692307
9646.564634522772,668455.5922506502,0.4112149532710281,0.9102564102564102,0.4,0.4230769230769231,63,0.4230769230769231,0.7307692307692307
9646.564634522772,668455.5922506502,0.4112149532710281,0.9102564102564102,0.4,0.4230769230769231,63,0.4230769230769231,0.7307692307692307
9646.564634522772,668455.5922506502,0.4112149532710281,0.9102564102564102,0.4,0.4230769230769231,63,0.4230769230769231,0.7307692307692307
9646.564634522772,668455.5922506502,0.4112149532710281,0.9102564102564102,0.4,0.4230769230769231,63,0.4230769230769231,0.7307692307692307
9646.564634522772,668455.5922506502,0.4112149532710281,0.9102564102564102,0.4,0.4230769230769231,63,0.4230769230769231,0.7307692307692307
9646.564634522772,668455.5922506502,0.4112149532710281,0.9102564102564102,0.4,0.4230769230769231,63,0.4230769230769231,0.7307692307692307
9646.564634522772,668455.5922506502,0.4112149532710281,0.9102564102564102,0.4,0.4230769230769231,63,0.4230769230769231,0.7307692307692307
9646.564634522772,668455.5922506502,0.4112149532710281,0.9102564102564102,0.4,0.4230769230769231,63,0.4230769230769231,0.7307692307692307
9646.564634522772,668455.5922506502,0.4112149532710281,0.9102564102564102,0.4,0.4230769230769231,63,0.4230769230769231,0.7307692307692307
9646.564634522772,668455.5922506502,0.4112149532710281,0.9102564102564102,0.4,0.4230769230769231,63,0.4230769230769231,0.7307692307692307
9646.564634522772,668455.5922506502,0.4112149532710281,0.9102564102564102,0.4,0.4230769230769231,63,0.4230769230769231,0.7307692307692307
9646.564634522772,668455.5922506502,0.4112149532710281,0.9102564102564102,0.4,0.4230769230769231,63,0.4230769230769231,0.7307692307692307
9646.564634522772,668455.5922506502,0.4112149532710281,0.9102564102564102,0.4,0.4230769230769231,63,0.4230769230769231,0.7307692307692307
9646.564634522772,668455.5922506502,0.4112149532710281,0.9102564102564102,0.4,0.4230769230769231,63,0.4230769230769231,0.7307692307692307
9646.564634522772,668455.5922506502,0.4112149532710281,0.9102564102564102,0.4,0.4230769230769231,63,0.4230769230769231,0.7307692307692307
9646.564634522772,668455.5922506502,0.4112149532710281,0.9102564102564102,0.4,0.4230769230769231,63,0.4230769230769231,0.7307692307692307
9646.564634522772,668455.5922506502,0.4112149532710281,0.9102564102564102,0.4,0.4230769230769231,63,0.4230769230769231,0.7307692307692307
9646.564634522772,668455.5922506502,0.4112149532710281,0.9102564102564102,0.4,0.4230769230769231,63,0.4230769230769231,0.7307692307692307
9646.564634522772,668455.5922506502,0.4112149532710281,0.9102564102564102,0.4,0.4230769230769231,63,0.4230769230769231,0.7307692307692307
9646.564634522772,668455.5922506502,0.4112149532710281,0.9102564102564102,0.4,0.4230769230769231,63,0.4230769230769231,0.7307692307692307
9646.564634522772,668455.5922506502,0.4112149532710281,0.9102564102564102,0.4,0.4230769230769231,63,0.4230769230769231,0.7307692307692307
9646.564634522772,668455.5922506502,0.4112149532710281,0.9102564102564102,0.4,0.4230769230769231,63,0.4230769230769231,0.7307692307692307
9646.564634522772,668455.5922506502,0.4112149532710281,0.9102564102564102,0.4,0.4230769230769231,63,0.4230769230769231,0.7307692307692307
9646.564634522772,668455.5922506502,0.4112149532710281,0.9102564102564102,0.4,0.4230769230769231,63,0.4230769230769231,0.7307692307692307
9646.564634522772,668455.5922506502,0.4112149532710281,0.9102564102564102,0.4,0.4230769230769231,63,0.4230769230769231,0.7307692307692307
9646.564634522772,668455.5922506502,0.4112149532710281,0.9102564102564102,0.4,0.4230769230769231,63,0.4230769230769231,0.7307692307692307
9646.564634522772,668455.5922506502,0.4112149532710281,0.9102564102564102,0.4,0.4230769230769231,63,0.4230769230769231,0.7307692307692307
9646.564634522772,668455.5922506502,0.4112149532710281,0.9102564102564102,0.4,0.4230769230769231,63,0.4230769230769231,0.7307692307692307
9646.564634522772,668455.5922506502,0.4112149532710281,0.9102564102564102,0.4,0.4230769230769231,63,0.4230769230769231,0.7307692307692307
9646.564634522772,668455.5922506502,0.4112149532710281,0.9102564102564102,0.4,0.4230769230769231,63,0.4230769230769231,0.7307692307692307
9646.564634522772,668455.5922506502,0.4112149532710281,0.9102564102564102,0.4,0.4230769230769231,63,0.4230769230769231,0.7307692307692307
9646.564634522772,668455.5922506502,0.4112149532710281,0.9102564102564102,0.4,0.4230769230769231,63,0.4230769230769231,0.7307692307692307
9646.564634522772,668455.5922506502,0.4112149532710281,0.9102564102564102,0.4,0.4230769230769231,63,0.4230769230769231,0.7307692307692307
9646.564634522772,668455.5922506502,0.4112149532710281,0.9102564102564102,0.4,0.4230769230769231,63,0.4230769230769231,0.7307692307692307
9646.564634522772,668455.5922506502,0.4112149532710281,0.9102564102564102,0.4,0.4230769230769231,63,0.4230769230769231,0.7307692307692307
9646.564634522772,668455.5922506502,0.4112149532710281,0.9102564102564102,0.4,0.4230769230769231,63,0.4230769230769231,0.7307692307692307
9646.564634522772,668455.5922506502,0.4112149532710281,0.9102564102564102,0.4,0.4230769230769231,63,0.4230769230769231,0.7307692307692307
9646.564634522772,668455.5922506502,0.4112149532710281,0.9102564102564102,0.4,0.4230769230769231,63,0.4230769230769231,0.7307692307692307
9646.564634522772,668455.5922506502,0.4112149532710281,0.9102564102564102,0.4,0.4230769230769231,63,0.4230769230769231,0.7307692307692307
9646.564634522772,668455.5922506502,0.4112149532710281,0.9102564102564102,0.4,0.4230769230769231,63,0.4230769230769231,0.7307692307692307
9646.564634522772,668455.5922506502,0.4112149532710281,0.9102564102564102,0.4,0.4230769230769231,63,0.4230769230769231,0.7307692307692307
9646.564634522772,668455.5922506502,0.4112149532710281,0.9102564102564102,0.4,0.4230769230769231,63,0.4230769230769231,0.7307692307692307
9646.564634522772,668455.5922506502,0.4112149532710281,0.9102564102564102,0.4,0.4230769230769231,63,0.4230769230769231,0.7307692307692307
9646.564634522772,668455.5922506502,0.4112149532710281,0.9102564102564102,0.4,0.4230769230769231,63,0.4230769230769231,0.7307692307692307
9646.564634522772,668455.5922506502,0.4112149532710281,0.9102564102564102,0.4,0.4230769230769231,63,0.4230769230769231,0.7307692307692307
9646.564634522772,668455.5922506502,0.4112149532710281,0.9102564102564102,0.4,0.4230769230769231,63,0.4230769230769231,0.7307692307692307
9646.564634522772,668455.5922506502,0.4112149532710281,0.9102564102564102,0.4,0.4230769230769231,63,0.4230769230769231,0.7307692307692307
9646.564634522772,668455.5922506502,0.4112149532710281,0.9102564102564102,0.4,0.4230769230769231,63,0.4230769230769231,0.7307692307692307
9646.564634522772,668455.5922506502,0.4112149532710281,0.9102564102564102,0.4,0.4230769230769231,63,0.4230769230769231,0.7307692307692307
9646.564634522772,668455.5922506502,0.4112149532710281,0.9102564102564102,0.4,0.4230769230769231,63,0.4230769230769231,0.7307692307692307
9646.564634522772,668455.5922506502,0.4112149532710281,0.9102564102564102,0.4,0.4230769230769231,63,0.4230769230769231,0.7307692307692307
9646.564634522772,668455.5922506502,0.4112149532710281,0.9102564102564102,0.4,0.4230769230769231,63,0.4230769230769231,0.7307692307692307
9646.564634522772,668455.5922506502,0.4112149532710281,0.9102564102564102,0.4,0.4230769230769231,63,0.4230769230769231,0.7307692307692307
9646.564634522772,668455.5922506502,0.4112149532710281,0.9102564102564102,0.4,0.4230769230769231,63,0.4230769230769231,0.7307692307692307
9646.564634522772,668455.5922506502,0.4112149532710281,0.9102564102564102,0.4,0.4230769230769231,63,0.4230769230769231,0.7307692307692307
9646.564634522772,668455.5922506502,0.4112149532710281,0.9102564102564102,0.4,0.4230769230769231,63,0.4230769230769231,0.7307692307692307
9646.564634522772,668455.5922506502,0.4112149532710281,0.9102564102564102,0.4,0.4230769230769231,63,0.4230769230769231,0.7307692307692307
9646.564634522772,668455.5922506502,0.4112149532710281,0.9102564102564102,0.4,0.4230769230769231,63,0.4230769230769231,0.7307692307692307
9646.564634522772,668455.5922506502,0.4112149532710281,0.9102564102564102,0.4,0.4230769230769231,63,0.4230769230769231,0.7307692307692307
9646.564634522772,668455.5922506502,0.4112149532710281,0.9102564102564102,0.4,0.4230769230769231,63,0.4230769230769231,0.7307692307692307
9646.564634522772,668455.5922506502,0.4112149532710281,0.9102564102564102,0.4,0.4230769230769231,63,0.4230769230769231,0.7307692307692307
9646.564634522772,668455.5922506502,0.4112149532710281,0.9102564102564102,0.4,0.4230769230769231,63,0.4230769230769231,0.7307692307692307
9646.564634522772,668455.5922506502,0.4112149532710281,0.9102564102564102,0.4,0.4230769230769231,63,0.4230769230769231,0.7307692307692307
9646.564634522772,668455.5922506502,0.4112149532710281,0.9102564102564102,0.4,0.4230769230769231,63,0.4230769230769231,0.7307692307692307
9646.564634522772,668455.5922506502,0.4112149532710281,0.9102564102564102,0.4,0.4230769230769231,63,0.4230769230769231,0.7307692307692307
9646.564634522772,668455.5922506502,0.4112149532710281,0.9102564102564102,0.4,0.4230769230769231,63,0.4230769230769231,0.7307692307692307
9646.564634522772,668455.5922506502,0.4112149532710281,0.9102564102564102,0.4,0.4230769230769231,63,0.4230769230769231,0.7307692307692307
9646.564634522772,668455.5922506502,0.4112149532710281,0.9102564102564102,0.4,0.4230769230769231,63,0.4230769230769231,0.7307692307692307
9646.564634522772,668455.5922506502,0.4112149532710281,0.9102564102564102,0.4,0.4230769230769231,63,0.4230769230769231,0.7307692307692307
9646.564634522772,668455.5922506502,0.4112149532710281,0.9102564102564102,0.4,0.4230769230769231,63,0.4230769230769231,0.7307692307692307
9646.564634522772,668455.5922506502,0.4112149532710281,0.9102564102564102,0.4,0.4230769230769231,63,0.4230769230769231,0.7307692307692307
9646.564634522772,668455.5922506502,0.4112149532710281,0.9102564102564102,0.4,0.4230769230769231,63,0.4230769230769231,0.7307692307692307
9646.564634522772,668455.5922506502,0.4112149532710281,0.9102564102564102,0.4,0.4230769230769231,63,0.4230769230769231,0.7307692307692307
9646.564634522772,668455.5922506502,0.4112149532710281,0.9102564102564102,0.4,0.4230769230769231,63,0.4230769230769231,0.7307692307692307
9646.564634522772,668455.5922506502,0.4112149532710281,0.9102564102564102,0.4,0.4230769230769231,63,0.4230769230769231,0.7307692307692307
9646.564634522772,668455.5922506502,0.4112149532710281,0.9102564102564102,0.4,0.4230769230769231,63,0.4230769230769231,0.7307692307692307
9646.564634522772,668455.5922506502,0.4112149532710281,0.9102564102564102,0.4,0.4230769230769231,63,0.4230769230769231,0.7307692307692307
9646.564634522772,668455.5922506502,0.4112149532710281,0.9102564102564102,0.4,0.4230769230769231,63,0.4230769230769231,0.7307692307692307
9646.564634522772,668455.5922506502,0.4112149532710281,0.9102564102564102,0.4,0.4230769230769231,63,0.4230769230769231,0.7307692307692307
9646.564634522772,668455.5922506502,0.4112149532710281,0.9102564102564102,0.4,0.4230769230769231,63,0.4230769230769231,0.7307692307692307
9646.564634522772,668455.5922506502,0.4112149532710281,0.9102564102564102,0.4,0.4230769230769231,63,0.4230769230769231,0.7307692307692307
9646.564634522772,668455.5922506502,0.4112149532710281,0.9102564102564102,0.4,0.4230769230769231,63,0.4230769230769231,0.7307692307692307
9646.564634522772,668455.5922506502,0.4112149532710281,0.9102564102564102,0.4,0.4230769230769231,63,0.4230769230769231,0.7307692307692307
9646.564634522772,668455.5922506502,0.4112149532710281,0.9102564102564102,0.4,0.4230769230769231,63,0.4230769230769231,0.7307692307692307
9646.564634522772,668455.5922506502,0.4112149532710281,0.9102564102564102,0.4,0.4230769230769231,63,0.4230769230769231,0.7307692307692307
9646.564634522772,668455.5922506502,0.4112149532710281,0.9102564102564102,0.4,0.4230769230769231,63,0.4230769230769231,0.7307692307692307
9646.564634522772,668455.5922506502,0.4112149532710281,0.9102564102564102,0.4,0.4230769230769231,63,0.4230769230769231,0.7307692307692307
9646.564634522772,668455.5922506502,0.4112149532710281,0.9102564102564102,0.4,0.4230769230769231,63,0.4230769230769231,0.7307692307692307
9646.564634522772,668455.5922506502,0.4112149532710281,0.9102564102564102,0.4,0.4230769230769231,63,0.4230769230769231,0.7307692307692307
9646.564634522772,668455.5922506502,0.4112149532710281,0.9102564102564102,0.4,0.4230769230769231,63,0.4230769230769231,0.7307692307692307
9646.564634522772,668455.5922506502,0.4112149532710281,0.9102564102564102,0.4,0.4230769230769231,63,0.4230769230769231,0.7307692307692307
9646.564634522772,668455.5922506502,0.4112149532710281,0.9102564102564102,0.4,0.4230769230769231,63,0.4230769230769231,0.7307692307692307
9646.564634522772,668455.5922506502,0.4112149532710281,0.9102564102564102,0.4,0.4230769230769231,63,0.4230769230769231,0.7307692307692307
9646.564634522772,668455.5922506502,0.4112149532710281,0.9102564102564102,0.4,0.4230769230769231,63,0.4230769230769231,0.7307692307692307
9646.564634522772,668455.5922506502,0.4112149532710281,0.9102564102564102,0.4,0.4230769230769231,63,0.4230769230769231,0.7307692307692307
9646.564634522772,668455.5922506502,0.4112149532710281,0.9102564102564102,0.4,0.4230769230769231,63,0.4230769230769231,0.7307692307692307
9646.564634522772,668455.5922506502,0.4112149532710281,0.9102564102564102,0.4,0.4230769230769231,63,0.4230769230769231,0.7307692307692307
9646.564634522772,668455.5922506502,0.4112149532710281,0.9102564102564102,0.4,0.4230769230769231,63,0.4230769230769231,0.7307692307692307
9646.564634522772,668455.5922506502,0.4112149532710281,0.9102564102564102,0.4,0.4230769230769231,63,0.4230769230769231,0.7307692307692307
9646.339798435452,668455.3674145628,0.3925233644859813,0.9074074074074074,0.38181818181818183,0.40384615384615385,65,0.40384615384615385,0.7307692307692307
9607.17810436152,668416.2057204889,0.3925233644859813,0.9074074074074074,0.38181818181818183,0.40384615384615385,65,0.40384615384615385,0.7307692307692307
9583.778702979907,668392.8063191073,0.3853211009174312,0.9045584045584045,0.3684210526315789,0.40384615384615385,67,0.40384615384615385,0.7307692307692307
9456.808876750525,668265.8364928779,0.38888888888888895,0.905982905982906,0.375,0.40384615384615385,66,0.40384615384615385,0.7307692307692307
9456.808876750525,668265.8364928779,0.38888888888888895,0.905982905982906,0.375,0.40384615384615385,66,0.40384615384615385,0.7307692307692307
9456.808876750525,668265.8364928779,0.38888888888888895,0.905982905982906,0.375,0.40384615384615385,66,0.40384615384615385,0.7307692307692307
9456.808876750525,668265.8364928779,0.38888888888888895,0.905982905982906,0.375,0.40384615384615385,66,0.40384615384615385,0.7307692307692307
9456.808876750525,668265.8364928779,0.38888888888888895,0.905982905982906,0.375,0.40384615384615385,66,0.40384615384615385,0.7307692307692307
9456.808876750525,668265.8364928779,0.38888888888888895,0.905982905982906,0.375,0.40384615384615385,66,0.40384615384615385,0.7307692307692307
9456.808876750525,668265.8364928779,0.38888888888888895,0.905982905982906,0.375,0.40384615384615385,66,0.40384615384615385,0.7307692307692307
9456.808876750525,668265.8364928779,0.38888888888888895,0.905982905982906,0.375,0.40384615384615385,66,0.40384615384615385,0.7307692307692307
9456.808876750525,668265.8364928779,0.38888888888888895,0.905982905982906,0.375,0.40384615384615385,66,0.40384615384615385,0.7307692307692307
9456.808876750525,668265.8364928779,0.38888888888888895,0.905982905982906,0.375,0.40384615384615385,66,0.40384615384615385,0.7307692307692307
9456.808876750525,668265.8364928779,0.38888888888888895,0.905982905982906,0.375,0.40384615384615385,66,0.40384615384615385,0.7307692307692307
9456.808876750525,668265.8364928779,0.38888888888888895,0.905982905982906,0.375,0.40384615384615385,66,0.40384615384615385,0.7307692307692307
9456.808876750525,668265.8364928779,0.38888888888888895,0.905982905982906,0.375,0.40384615384615385,66,0.40384615384615385,0.7307692307692307
9456.808876750525,668265.8364928779,0.38888888888888895,0.905982905982906,0.375,0.40384615384615385,66,0.40384615384615385,0.7307692307692307
9456.808876750525,668265.8364928779,0.38888888888888895,0.905982905982906,0.375,0.40384615384615385,66,0.40384615384615385,0.7307692307692307
9456.808876750525,668265.8364928779,0.38888888888888895,0.905982905982906,0.375,0.40384615384615385,66,0.40384615384615385,0.7307692307692307
9456.808876750525,668265.8364928779,0.38888888888888895,0.905982905982906,0.375,0.40384615384615385,66,0.40384615384615385,0.7307692307692307
9456.808876750525,668265.8364928779,0.38888888888888895,0.905982905982906,0.375,0.40384615384615385,66,0.40384615384615385,0.7307692307692307
9456.808876750525,668265.8364928779,0.38888888888888895,0.905982905982906,0.375,0.40384615384615385,66,0.40384615384615385,0.7307692307692307
9456.808876750525,668265.8364928779,0.38888888888888895,0.905982905982906,0.375,0.40384615384615385,66,0.40384615384615385,0.7307692307692307
9456.808876750525,668265.8364928779,0.38888888888888895,0.905982905982906,0.375,0.40384615384615385,66,0.40384615384615385,0.7307692307692307
9456.808876750525,668265.8364928779,0.38888888888888895,0.905982905982906,0.375,0.40384615384615385,66,0.40384615384615385,0.7307692307692307
9456.808876750525,668265.8364928779,0.38888888888888895,0.905982905982906,0.375,0.40384615384615385,66,0.40384615384615385,0.7307692307692307
9456.808876750525,668265.8364928779,0.38888888888888895,0.905982905982906,0.375,0.40384615384615385,66,0.40384615384615385,0.7307692307692307
9456.808876750525,668265.8364928779,0.38888888888888895,0.905982905982906,0.375,0.40384615384615385,66,0.40384615384615385,0.7307692307692307
9456.808876750525,668265.8364928779,0.38888888888888895,0.905982905982906,0.375,0.40384615384615385,66,0.40384615384615385,0.7307692307692307
9456.808876750525,668265.8364928779,0.38888888888888895,0.905982905982906,0.375,0.40384615384615385,66,0.40384615384615385,0.7307692307692307
9456.808876750525,668265.8364928779,0.38888888888888895,0.905982905982906,0.375,0.40384615384615385,66,0.40384615384615385,0.7307692307692307
9456.808876750525,668265.8364928779,0.38888888888888895,0.905982905982906,0.375,0.40384615384615385,66,0.40384615384615385,0.7307692307692307
9456.808876750525,668265.8364928779,0.38888888888888895,0.905982905982906,0.375,0.40384615384615385,66,0.40384615384615385,0.7307692307692307
9456.808876750525,668265.8364928779,0.38888888888888895,0.905982905982906,0.375,0.40384615384615385,66,0.40384615384615385,0.7307692307692307
9456.808876750525,668265.8364928779,0.38888888888888895,0.905982905982906,0.375,0.40384615384615385,66,0.40384615384615385,0.7307692307692307
9456.808876750525,668265.8364928779,0.38888888888888895,0.905982905982906,0.375,0.40384615384615385,66,0.40384615384615385,0.7307692307692307
9456.808876750525,668265.8364928779,0.38888888888888895,0.905982905982906,0.375,0.40384615384615385,66,0.40384615384615385,0.7307692307692307
9456.808876750525,668265.8364928779,0.38888888888888895,0.905982905982906,0.375,0.40384615384615385,66,0.40384615384615385,0.7307692307692307
9456.808876750525,668265.8364928779,0.38888888888888895,0.905982905982906,0.375,0.40384615384615385,66,0.40384615384615385,0.7307692307692307
9456.808876750525,668265.8364928779,0.38888888888888895,0.905982905982906,0.375,0.40384615384615385,66,0.40384615384615385,0.7307692307692307
9456.808876750525,668265.8364928779,0.38888888888888895,0.905982905982906,0.375,0.40384615384615385,66,0.40384615384615385,0.7307692307692307
9456.808876750525,668265.8364928779,0.38888888888888895,0.905982905982906,0.375,0.40384615384615385,66,0.40384615384615385,0.7307692307692307
9456.808876750525,668265.8364928779,0.38888888888888895,0.905982905982906,0.375,0.40384615384615385,66,0.40384615384615385,0.7307692307692307
9456.808876750525,668265.8364928779,0.38888888888888895,0.905982905982906,0.375,0.40384615384615385,66,0.40384615384615385,0.7307692307692307
9456.808876750525,668265.8364928779,0.38888888888888895,0.905982905982906,0.375,0.40384615384615385,66,0.40384615384615385,0.7307692307692307
9456.808876750525,668265.8364928779,0.38888888888888895,0.905982905982906,0.375,0.40384615384615385,66,0.40384615384615385,0.7307692307692307
9456.808876750525,668265.8364928779,0.38888888888888895,0.905982905982906,0.375,0.40384615384615385,66,0.40384615384615385,0.7307692307692307
9456.808876750525,668265.8364928779,0.38888888888888895,0.905982905982906,0.375,0.40384615384615385,66,0.40384615384615385,0.7307692307692307
9456.808876750525,668265.8364928779,0.38888888888888895,0.905982905982906,0.375,0.40384615384615385,66,0.40384615384615385,0.7307692307692307
9456.808876750525,668265.8364928779,0.38888888888888895,0.905982905982906,0.375,0.40384615384615385,66,0.40384615384615385,0.7307692307692307
9456.808876750525,668265.8364928779,0.38888888888888895,0.905982905982906,0.375,0.40384615384615385,66,0.40384615384615385,0.7307692307692307
9456.808876750525,668265.8364928779,0.38888888888888895,0.905982905982906,0.375,0.40384615384615385,66,0.40384615384615385,0.7307692307692307
9456.808876750525,668265.8364928779,0.38888888888888895,0.905982905982906,0.375,0.40384615384615385,66,0.40384615384615385,0.7307692307692307
9456.808876750525,668265.8364928779,0.38888888888888895,0.905982905982906,0.375,0.40384615384615385,66,0.40384615384615385,0.7307692307692307
9456.808876750525,668265.8364928779,0.38888888888888895,0.905982905982906,0.375,0.40384615384615385,66,0.40384615384615385,0.7307692307692307
9456.808876750525,668265.8364928779,0.38888888888888895,0.905982905982906,0.375,0.40384615384615385,66,0.40384615384615385,0.7307692307692307
9456.808876750525,668265.8364928779,0.38888888888888895,0.905982905982906,0.375,0.40384615384615385,66,0.40384615384615385,0.7307692307692307
9456.808876750525,668265.8364928779,0.38888888888888895,0.905982905982906,0.375,0.40384615384615385,66,0.40384615384615385,0.7307692307692307
9456.808876750525,668265.8364928779,0.38888888888888895,0.905982905982906,0.375,0.40384615384615385,66,0.40384615384615385,0.7307692307692307
9456.808876750525,668265.8364928779,0.38888888888888895,0.905982905982906,0.375,0.40384615384615385,66,0.40384615384615385,0.7307692307692307
9456.808876750525,668265.8364928779,0.38888888888888895,0.905982905982906,0.375,0.40384615384615385,66,0.40384615384615385,0.7307692307692307
9456.808876750525,668265.8364928779,0.38888888888888895,0.905982905982906,0.375,0.40384615384615385,66,0.40384615384615385,0.7307692307692307
9456.808876750525,668265.8364928779,0.38888888888888895,0.905982905982906,0.375,0.40384615384615385,66,0.40384615384615385,0.7307692307692307
9456.808876750525,668265.8364928779,0.38888888888888895,0.905982905982906,0.375,0.40384615384615385,66,0.40384615384615385,0.7307692307692307
9456.808876750525,668265.8364928779,0.38888888888888895,0.905982905982906,0.375,0.40384615384615385,66,0.40384615384615385,0.7307692307692307
9456.808876750525,668265.8364928779,0.38888888888888895,0.905982905982906,0.375,0.40384615384615385,66,0.40384615384615385,0.7307692307692307
9456.808876750525,668265.8364928779,0.38888888888888895,0.905982905982906,0.375,0.40384615384615385,66,0.40384615384615385,0.7307692307692307
9456.808876750525,668265.8364928779,0.38888888888888895,0.905982905982906,0.375,0.40384615384615385,66,0.40384615384615385,0.7307692307692307
9456.808876750525,668265.8364928779,0.38888888888888895,0.905982905982906,0.375,0.40384615384615385,66,0.40384615384615385,0.7307692307692307
9456.808876750525,668265.8364928779,0.38888888888888895,0.905982905982906,0.375,0.40384615384615385,66,0.40384615384615385,0.7307692307692307
9456.808876750525,668265.8364928779,0.38888888888888895,0.905982905982906,0.375,0.40384615384615385,66,0.40384615384615385,0.7307692307692307
9456.808876750525,668265.8364928779,0.38888888888888895,0.905982905982906,0.375,0.40384615384615385,66,0.40384615384615385,0.7307692307692307
9456.808876750525,668265.8364928779,0.38888888888888895,0.905982905982906,0.375,0.40384615384615385,66,0.40384615384615385,0.7307692307692307
9456.808876750525,668265.8364928779,0.38888888888888895,0.905982905982906,0.375,0.40384615384615385,66,0.40384615384615385,0.7307692307692307
9456.808876750525,668265.8364928779,0.38888888888888895,0.905982905982906,0.375,0.40384615384615385,66,0.40384615384615385,0.7307692307692307
9456.808876750525,668265.8364928779,0.38888888888888895,0.905982905982906,0.375,0.40384615384615385,66,0.40384615384615385,0.7307692307692307
9456.808876750525,668265.8364928779,0.38888888888888895,0.905982905982906,0.375,0.40384615384615385,66,0.40384615384615385,0.7307692307692307
9456.808876750525,668265.8364928779,0.38888888888888895,0.905982905982906,0.375,0.40384615384615385,66,0.40384615384615385,0.7307692307692307
9456.808876750525,668265.8364928779,0.38888888888888895,0.905982905982906,0.375,0.40384615384615385,66,0.40384615384615385,0.7307692307692307
9456.808876750525,668265.8364928779,0.38888888888888895,0.905982905982906,0.375,0.40384615384615385,66,0.40384615384615385,0.7307692307692307
9456.808876750525,668265.8364928779,0.38888888888888895,0.905982905982906,0.375,0.40384615384615385,66,0.40384615384615385,0.7307692307692307
9456.808876750525,668265.8364928779,0.38888888888888895,0.905982905982906,0.375,0.40384615384615385,66,0.40384615384615385,0.7307692307692307
9456.808876750525,668265.8364928779,0.38888888888888895,0.905982905982906,0.375,0.40384615384615385,66,0.40384615384615385,0.7307692307692307
9456.808876750525,668265.8364928779,0.38888888888888895,0.905982905982906,0.375,0.40384615384615385,66,0.40384615384615385,0.7307692307692307
9456.808876750525,668265.8364928779,0.38888888888888895,0.905982905982906,0.375,0.40384615384615385,66,0.40384615384615385,0.7307692307692307
9456.808876750525,668265.8364928779,0.38888888888888895,0.905982905982906,0.375,0.40384615384615385,66,0.40384615384615385,0.7307692307692307
9456.808876750525,668265.8364928779,0.38888888888888895,0.905982905982906,0.375,0.40384615384615385,66,0.40384615384615385,0.7307692307692307
9456.808876750525,668265.8364928779,0.38888888888888895,0.905982905982906,0.375,0.40384615384615385,66,0.40384615384615385,0.7307692307692307
9456.808876750525,668265.8364928779,0.38888888888888895,0.905982905982906,0.375,0.40384615384615385,66,0.40384615384615385,0.7307692307692307
9456.808876750525,668265.8364928779,0.38888888888888895,0.905982905982906,0.375,0.40384615384615385,66,0.40384615384615385,0.7307692307692307
9456.808876750525,668265.8364928779,0.38888888888888895,0.905982905982906,0.375,0.40384615384615385,66,0.40384615384615385,0.7307692307692307
9456.808876750525,668265.8364928779,0.38888888888888895,0.905982905982906,0.375,0.40384615384615385,66,0.40384615384615385,0.7307692307692307
9456.808876750525,668265.8364928779,0.38888888888888895,0.905982905982906,0.375,0.40384615384615385,66,0.40384615384615385,0.7307692307692307
9456.808876750525,668265.8364928779,0.38888888888888895,0.905982905982906,0.375,0.40384615384615385,66,0.40384615384615385,0.7307692307692307
9456.808876750525,668265.8364928779,0.38888888888888895,0.905982905982906,0.375,0.40384615384615385,66,0.40384615384615385,0.7307692307692307
9456.808876750525,668265.8364928779,0.38888888888888895,0.905982905982906,0.375,0.40384615384615385,66,0.40384615384615385,0.7307692307692307
9456.808876750525,668265.8364928779,0.38888888888888895,0.905982905982906,0.375,0.40384615384615385,66,0.40384615384615385,0.7307692307692307
9456.808876750525,668265.8364928779,0.38888888888888895,0.905982905982906,0.375,0.40384615384615385,66,0.40384615384615385,0.7307692307692307
9456.808876750525,668265.8364928779,0.38888888888888895,0.905982905982906,0.375,0.40384615384615385,66,0.40384615384615385,0.7307692307692307
9456.808876750525,668265.8364928779,0.38888888888888895,0.905982905982906,0.375,0.40384615384615385,66,0.40384615384615385,0.7307692307692307
9456.808876750525,668265.8364928779,0.38888888888888895,0.905982905982906,0.375,0.40384615384615385,66,0.40384615384615385,0.7307692307692307
9456.808876750525,668265.8364928779,0.38888888888888895,0.905982905982906,0.375,0.40384615384615385,66,0.40384615384615385,0.7307692307692307
9456.808876750525,668265.8364928779,0.38888888888888895,0.905982905982906,0.375,0.40384615384615385,66,0.40384615384615385,0.7307692307692307
9456.808876750525,668265.8364928779,0.38888888888888895,0.905982905982906,0.375,0.40384615384615385,66,0.40384615384615385,0.7307692307692307
9456.808876750525,668265.8364928779,0.38888888888888895,0.905982905982906,0.375,0.40384615384615385,66,0.40384615384615385,0.7307692307692307
9456.808876750525,668265.8364928779,0.38888888888888895,0.905982905982906,0.375,0.40384615384615385,66,0.40384615384615385,0.7307692307692307
9456.808876750525,668265.8364928779,0.38888888888888895,0.905982905982906,0.375,0.40384615384615385,66,0.40384615384615385,0.7307692307692307
9456.808876750525,668265.8364928779,0.38888888888888895,0.905982905982906,0.375,0.40384615384615385,66,0.40384615384615385,0.7307692307692307
9456.808876750525,668265.8364928779,0.38888888888888895,0.905982905982906,0.375,0.40384615384615385,66,0.40384615384615385,0.7307692307692307
9456.808876750525,668265.8364928779,0.38888888888888895,0.905982905982906,0.375,0.40384615384615385,66,0.40384615384615385,0.7307692307692307
9456.808876750525,668265.8364928779,0.38888888888888895,0.905982905982906,0.375,0.40384615384615385,66,0.40384615384615385,0.7307692307692307
9456.808876750525,668265.8364928779,0.38888888888888895,0.905982905982906,0.375,0.40384615384615385,66,0.40384615384615385,0.7307692307692307
9456.808876750525,668265.8364928779,0.38888888888888895,0.905982905982906,0.375,0.40384615384615385,66,0.40384615384615385,0.7307692307692307
9456.808876750525,668265.8364928779,0.38888888888888895,0.905982905982906,0.375,0.40384615384615385,66,0.40384615384615385,0.7307692307692307
9456.808876750525,668265.8364928779,0.38888888888888895,0.905982905982906,0.375,0.40384615384615385,66,0.40384615384615385,0.7307692307692307
9456.808876750525,668265.8364928779,0.38888888888888895,0.905982905982906,0.375,0.40384615384615385,66,0.40384615384615385,0.7307692307692307
9456.808876750525,668265.8364928779,0.38888888888888895,0.905982905982906,0.375,0.40384615384615385,66,0.40384615384615385,0.7307692307692307
9456.808876750525,668265.8364928779,0.38888888888888895,0.905982905982906,0.375,0.40384615384615385,66,0.40384615384615385,0.7307692307692307
9456.808876750525,668265.8364928779,0.38888888888888895,0.905982905982906,0.375,0.40384615384615385,66,0.40384615384615385,0.7307692307692307
9456.808876750525,668265.8364928779,0.38888888888888895,0.905982905982906,0.375,0.40384615384615385,66,0.40384615384615385,0.7307692307692307
9456.808876750525,668265.8364928779,0.38888888888888895,0.905982905982906,0.375,0.40384615384615385,66,0.40384615384615385,0.7307692307692307
9456.808876750525,668265.8364928779,0.38888888888888895,0.905982905982906,0.375,0.40384615384615385,66,0.40384615384615385,0.7307692307692307
9456.808876750525,668265.8364928779,0.38888888888888895,0.905982905982906,0.375,0.40384615384615385,66,0.40384615384615385,0.7307692307692307
9456.808876750525,668265.8364928779,0.38888888888888895,0.905982905982906,0.375,0.40384615384615385,66,0.40384615384615385,0.7307692307692307
9456.808876750525,668265.8364928779,0.38888888888888895,0.905982905982906,0.375,0.40384615384615385,66,0.40384615384615385,0.7307692307692307
9456.808876750525,668265.8364928779,0.38888888888888895,0.905982905982906,0.375,0.40384615384615385,66,0.40384615384615385,0.7307692307692307
9456.808876750525,668265.8364928779,0.38888888888888895,0.905982905982906,0.375,0.40384615384615385,66,0.40384615384615385,0.7307692307692307
9456.808876750525,668265.8364928779,0.38888888888888895,0.905982905982906,0.375,0.40384615384615385,66,0.40384615384615385,0.7307692307692307
9456.808876750525,668265.8364928779,0.38888888888888895,0.905982905982906,0.375,0.40384615384615385,66,0.40384615384615385,0.7307692307692307
9456.808876750409,668265.8364928778,0.38888888888888895,0.905982905982906,0.375,0.40384615384615385,66,0.40384615384615385,0.7307692307692307
9456.808876750409,668265.8364928778,0.38888888888888895,0.905982905982906,0.375,0.40384615384615385,66,0.40384615384615385,0.7307692307692307
9456.808876750409,668265.8364928778,0.38888888888888895,0.905982905982906,0.375,0.40384615384615385,66,0.40384615384615385,0.7307692307692307
9456.808876750409,668265.8364928778,0.38888888888888895,0.905982905982906,0.375,0.40384615384615385,66,0.40384615384615385,0.7307692307692307
9456.808876750409,668265.8364928778,0.38888888888888895,0.905982905982906,0.375,0.40384615384615385,66,0.40384615384615385,0.7307692307692307
9456.808876750409,668265.8364928778,0.38888888888888895,0.905982905982906,0.375,0.40384615384615385,66,0.40384615384615385,0.7307692307692307
9456.808876750409,668265.8364928778,0.38888888888888895,0.905982905982906,0.375,0.40384615384615385,66,0.40384615384615385,0.7307692307692307
9456.808876750409,668265.8364928778,0.38888888888888895,0.905982905982906,0.375,0.40384615384615385,66,0.40384615384615385,0.7307692307692307
9456.808876750409,668265.8364928778,0.38888888888888895,0.905982905982906,0.375,0.40384615384615385,66,0.40384615384615385,0.7307692307692307
9456.808876750409,668265.8364928778,0.38888888888888895,0.905982905982906,0.375,0.40384615384615385,66,0.40384615384615385,0.7307692307692307
9456.808876750409,668265.8364928778,0.38888888888888895,0.905982905982906,0.375,0.40384615384615385,66,0.40384615384615385,0.7307692307692307
9456.808876750409,668265.8364928778,0.38888888888888895,0.905982905982906,0.375,0.40384615384615385,66,0.40384615384615385,0.7307692307692307
9456.808876750409,668265.8364928778,0.38888888888888895,0.905982905982906,0.375,0.40384615384615385,66,0.40384615384615385,0.7307692307692307
9456.808876750409,668265.8364928778,0.38888888888888895,0.905982905982906,0.375,0.40384615384615385,66,0.40384615384615385,0.7307692307692307
9456.808876750409,668265.8364928778,0.38888888888888895,0.905982905982906,0.375,0.40384615384615385,66,0.40384615384615385,0.7307692307692307
9456.808876750409,668265.8364928778,0.38888888888888895,0.905982905982906,0.375,0.40384615384615385,66,0.40384615384615385,0.7307692307692307
9456.808876750409,668265.8364928778,0.38888888888888895,0.905982905982906,0.375,0.40384615384615385,66,0.40384615384615385,0.7307692307692307
9456.808876750409,668265.8364928778,0.38888888888888895,0.905982905982906,0.375,0.40384615384615385,66,0.40384615384615385,0.7307692307692307
9456.808876750409,668265.8364928778,0.38888888888888895,0.905982905982906,0.375,0.40384615384615385,66,0.40384615384615385,0.7307692307692307
9456.808876750409,668265.8364928778,0.38888888888888895,0.905982905982906,0.375,0.40384615384615385,66,0.40384615384615385,0.7307692307692307
7945.961334864027,666754.9889509914,0.4,0.905982905982906,0.3793103448275862,0.4230769230769231,66,0.4230769230769231,0.75
7862.25981622946,666671.2874323569,0.4036697247706422,0.9074074074074074,0.38596491228070173,0.4230769230769231,65,0.4230769230769231,0.75
7800.911889959942,666609.9395060873,0.4074074074074074,0.9088319088319088,0.39285714285714285,0.4230769230769231,64,0.4230769230769231,0.75
7800.911889959942,666609.9395060873,0.4074074074074074,0.9088319088319088,0.39285714285714285,0.4230769230769231,64,0.4230769230769231,0.75
7230.539565066923,666039.5671811943,0.4074074074074074,0.9088319088319088,0.39285714285714285,0.4230769230769231,64,0.4230769230769231,0.75
7178.9628684681375,665987.9904845955,0.4112149532710281,0.9102564102564102,0.4,0.4230769230769231,63,0.4230769230769231,0.75
7178.9628684681375,665987.9904845955,0.4112149532710281,0.9102564102564102,0.4,0.4230769230769231,63,0.4230769230769231,0.75
7178.9628684681375,665987.9904845955,0.4112149532710281,0.9102564102564102,0.4,0.4230769230769231,63,0.4230769230769231,0.75
7178.9628684681375,665987.9904845955,0.4112149532710281,0.9102564102564102,0.4,0.4230769230769231,63,0.4230769230769231,0.75
7178.9628684681375,665987.9904845955,0.4112149532710281,0.9102564102564102,0.4,0.4230769230769231,63,0.4230769230769231,0.75
7178.9628684681375,665987.9904845955,0.4112149532710281,0.9102564102564102,0.4,0.4230769230769231,63,0.4230769230769231,0.75
7178.9628684681375,665987.9904845955,0.4112149532710281,0.9102564102564102,0.4,0.4230769230769231,63,0.4230769230769231,0.75
7178.9628684681375,665987.9904845955,0.4112149532710281,0.9102564102564102,0.4,0.4230769230769231,63,0.4230769230769231,0.75
7178.9628684681375,665987.9904845955,0.4112149532710281,0.9102564102564102,0.4,0.4230769230769231,63,0.4230769230769231,0.75
7178.9628684681375,665987.9904845955,0.4112149532710281,0.9102564102564102,0.4,0.4230769230769231,63,0.4230769230769231,0.75
7178.9628684681375,665987.9904845955,0.4112149532710281,0.9102564102564102,0.4,0.4230769230769231,63,0.4230769230769231,0.75
7178.9628684681375,665987.9904845955,0.4112149532710281,0.9102564102564102,0.4,0.4230769230769231,63,0.4230769230769231,0.75
7178.9628684681375,665987.9904845955,0.4112149532710281,0.9102564102564102,0.4,0.4230769230769231,63,0.4230769230769231,0.75
7178.9628684681375,665987.9904845955,0.4112149532710281,0.9102564102564102,0.4,0.4230769230769231,63,0.4230769230769231,0.75
7178.9628684681375,665987.9904845955,0.4112149532710281,0.9102564102564102,0.4,0.4230769230769231,63,0.4230769230769231,0.75
7178.9628684681375,665987.9904845955,0.4112149532710281,0.9102564102564102,0.4,0.4230769230769231,63,0.4230769230769231,0.75
7178.9628684681375,665987.9904845955,0.4112149532710281,0.9102564102564102,0.4,0.4230769230769231,63,0.4230769230769231,0.75
7178.9628684681375,665987.9904845955,0.4112149532710281,0.9102564102564102,0.4,0.4230769230769231,63,0.4230769230769231,0.75
7178.9628684681375,665987.9904845955,0.4112149532710281,0.9102564102564102,0.4,0.4230769230769231,63,0.4230769230769231,0.75
7178.9628684681375,665987.9904845955,0.4112149532710281,0.9102564102564102,0.4,0.4230769230769231,63,0.4230769230769231,0.75
7178.9628684681375,665987.9904845955,0.4112149532710281,0.9102564102564102,0.4,0.4230769230769231,63,0.4230769230769231,0.75
7178.9628684681375,665987.9904845955,0.4112149532710281,0.9102564102564102,0.4,0.4230769230769231,63,0.4230769230769231,0.75
7178.9628684681375,665987.9904845955,0.4112149532710281,0.9102564102564102,0.4,0.4230769230769231,63,0.4230769230769231,0.75
7178.9628684681375,665987.9904845955,0.4112149532710281,0.9102564102564102,0.4,0.4230769230769231,63,0.4230769230769231,0.75
7178.9628684681375,665987.9904845955,0.4112149532710281,0.9102564102564102,0.4,0.4230769230769231,63,0.4230769230769231,0.75
7178.9628684681375,665987.9904845955,0.4112149532710281,0.9102564102564102,0.4,0.4230769230769231,63,0.4230769230769231,0.75
7178.9628684681375,665987.9904845955,0.4112149532710281,0.9102564102564102,0.4,0.4230769230769231,63,0.4230769230769231,0.75
7178.9628684681375,665987.9904845955,0.4112149532710281,0.9102564102564102,0.4,0.4230769230769231,63,0.4230769230769231,0.75
7178.9628684681375,665987.9904845955,0.4112149532710281,0.9102564102564102,0.4,0.4230769230769231,63,0.4230769230769231,0.75
7178.9628684681375,665987.9904845955,0.4112149532710281,0.9102564102564102,0.4,0.4230769230769231,63,0.4230769230769231,0.75
7178.9628684681375,665987.9904845955,0.4112149532710281,0.9102564102564102,0.4,0.4230769230769231,63,0.4230769230769231,0.75
7178.9628684681375,665987.9904845955,0.4112149532710281,0.9102564102564102,0.4,0.4230769230769231,63,0.4230769230769231,0.75
7178.9628684681375,665987.9904845955,0.4112149532710281,0.9102564102564102,0.4,0.4230769230769231,63,0.4230769230769231,0.75
7178.9628684681375,665987.9904845955,0.4112149532710281,0.9102564102564102,0.4,0.4230769230769231,63,0.4230769230769231,0.75
7178.9628684681375,665987.9904845955,0.4112149532710281,0.9102564102564102,0.4,0.4230769230769231,63,0.4230769230769231,0.75
7178.9628684681375,665987.9904845955,0.4112149532710281,0.9102564102564102,0.4,0.4230769230769231,63,0.4230769230769231,0.75
7178.9628684681375,665987.9904845955,0.4112149532710281,0.9102564102564102,0.4,0.4230769230769231,63,0.4230769230769231,0.75
7178.9628684681375,665987.9904845955,0.4112149532710281,0.9102564102564102,0.4,0.4230769230769231,63,0.4230769230769231,0.75
7178.9628684681375,665987.9904845955,0.4112149532710281,0.9102564102564102,0.4,0.4230769230769231,63,0.4230769230769231,0.75
7178.9628684681375,665987.9904845955,0.4112149532710281,0.9102564102564102,0.4,0.4230769230769231,63,0.4230769230769231,0.75
7178.9628684681375,665987.9904845955,0.4112149532710281,0.9102564102564102,0.4,0.4230769230769231,63,0.4230769230769231,0.75
7178.9628684681375,665987.9904845955,0.4112149532710281,0.9102564102564102,0.4,0.4230769230769231,63,0.4230769230769231,0.75
7178.9628684681375,665987.9904845955,0.4112149532710281,0.9102564102564102,0.4,0.4230769230769231,63,0.4230769230769231,0.75
7178.9628684681375,665987.9904845955,0.4112149532710281,0.9102564102564102,0.4,0.4230769230769231,63,0.4230769230769231,0.75
7178.9628684681375,665987.9904845955,0.4112149532710281,0.9102564102564102,0.4,0.4230769230769231,63,0.4230769230769231,0.75
6922.1947938886005,665731.222410016,0.4339622641509434,0.9145299145299145,0.42592592592592593,0.4423076923076923,60,0.4423076923076923,0.75
6922.1947938886005,665731.222410016,0.4339622641509434,0.9145299145299145,0.42592592592592593,0.4423076923076923,60,0.4423076923076923,0.75
6922.1947938886005,665731.222410016,0.4339622641509434,0.9145299145299145,0.42592592592592593,0.4423076923076923,60,0.4423076923076923,0.75
6922.1947938886005,665731.222410016,0.4339622641509434,0.9145299145299145,0.42592592592592593,0.4423076923076923,60,0.4423076923076923,0.75
6922.1947938886005,665731.222410016,0.4339622641509434,0.9145299145299145,0.42592592592592593,0.4423076923076923,60,0.4423076923076923,0.75
6922.1947938886005,665731.222410016,0.4339622641509434,0.9145299145299145,0.42592592592592593,0.4423076923076923,60,0.4423076923076923,0.75
6922.1947938886005,665731.222410016,0.4339622641509434,0.9145299145299145,0.42592592592592593,0.4423076923076923,60,0.4423076923076923,0.75
6922.1947938886005,665731.222410016,0.4339622641509434,0.9145299145299145,0.42592592592592593,0.4423076923076923,60,0.4423076923076923,0.75
6922.1947938886005,665731.222410016,0.4339622641509434,0.9145299145299145,0.42592592592592593,0.4423076923076923,60,0.4423076923076923,0.75
6922.1947938886005,665731.222410016,0.4339622641509434,0.9145299145299145,0.42592592592592593,0.4423076923076923,60,0.4423076923076923,0.75
6922.1947938886005,665731.222410016,0.4339622641509434,0.9145299145299145,0.42592592592592593,0.4423076923076923,60,0.4423076923076923,0.75
6922.1947938886005,665731.222410016,0.4339622641509434,0.9145299145299145,0.42592592592592593,0.4423076923076923,60,0.4423076923076923,0.75
6922.1947938886005,665731.222410016,0.4339622641509434,0.9145299145299145,0.42592592592592593,0.4423076923076923,60,0.4423076923076923,0.75
6922.1947938886005,665731.222410016,0.4339622641509434,0.9145299145299145,0.42592592592592593,0.4423076923076923,60,0.4423076923076923,0.75
6922.1947938886005,665731.222410016,0.4339622641509434,0.9145299145299145,0.42592592592592593,0.4423076923076923,60,0.4423076923076923,0.75
6922.1947938886005,665731.222410016,0.4339622641509434,0.9145299145299145,0.42592592592592593,0.4423076923076923,60,0.4423076923076923,0.75
6922.1947938886005,665731.222410016,0.4339622641509434,0.9145299145299145,0.42592592592592593,0.4423076923076923,60,0.4423076923076923,0.75
6922.1947938886005,665731.222410016,0.4339622641509434,0.9145299145299145,0.42592592592592593,0.4423076923076923,60,0.4423076923076923,0.75
6922.1947938886005,665731.222410016,0.4339622641509434,0.9145299145299145,0.42592592592592593,0.4423076923076923,60,0.4423076923076923,0.75
6922.1947938886005,665731.222410016,0.4339622641509434,0.9145299145299145,0.42592592592592593,0.4423076923076923,60,0.4423076923076923,0.75
6922.1947938886005,665731.222410016,0.4339622641509434,0.9145299145299145,0.42592592592592593,0.4423076923076923,60,0.4423076923076923,0.75
6922.1947938886005,665731.222410016,0.4339622641509434,0.9145299145299145,0.42592592592592593,0.4423076923076923,60,0.4423076923076923,0.75
6922.1947938886005,665731.222410016,0.4339622641509434,0.9145299145299145,0.42592592592592593,0.4423076923076923,60,0.4423076923076923,0.75
6922.1947938886005,665731.222410016,0.4339622641509434,0.9145299145299145,0.42592592592592593,0.4423076923076923,60,0.4423076923076923,0.75
6922.1947938886005,665731.222410016,0.4339622641509434,0.9145299145299145,0.42592592592592593,0.4423076923076923,60,0.4423076923076923,0.75
6922.1947938886005,665731.222410016,0.4339622641509434,0.9145299145299145,0.42592592592592593,0.4423076923076923,60,0.4423076923076923,0.75
6922.1947938886005,665731.222410016,0.4339622641509434,0.9145299145299145,0.42592592592592593,0.4423076923076923,60,0.4423076923076923,0.75
6922.1947938886005,665731.222410016,0.4339622641509434,0.9145299145299145,0.42592592592592593,0.4423076923076923,60,0.4423076923076923,0.75
6922.1947938886005,665731.222410016,0.4339622641509434,0.9145299145299145,0.42592592592592593,0.4423076923076923,60,0.4423076923076923,0.75
6922.1947938886005,665731.222410016,0.4339622641509434,0.9145299145299145,0.42592592592592593,0.4423076923076923,60,0.4423076923076923,0.75
6922.1947938886005,665731.222410016,0.4339622641509434,0.9145299145299145,0.42592592592592593,0.4423076923076923,60,0.4423076923076923,0.75
6922.1947938886005,665731.222410016,0.4339622641509434,0.9145299145299145,0.42592592592592593,0.4423076923076923,60,0.4423076923076923,0.75
6922.1947938886005,665731.222410016,0.4339622641509434,0.9145299145299145,0.42592592592592593,0.4423076923076923,60,0.4423076923076923,0.75
6922.1947938886005,665731.222410016,0.4339622641509434,0.9145299145299145,0.42592592592592593,0.4423076923076923,60,0.4423076923076923,0.75
6922.1947938886005,665731.222410016,0.4339622641509434,0.9145299145299145,0.42592592592592593,0.4423076923076923,60,0.4423076923076923,0.75
6922.1947938886005,665731.222410016,0.4339622641509434,0.9145299145299145,0.42592592592592593,0.4423076923076923,60,0.4423076923076923,0.75
6922.1947938886005,665731.222410016,0.4339622641509434,0.9145299145299145,0.42592592592592593,0.4423076923076923,60,0.4423076923076923,0.75
6922.1947938886005,665731.222410016,0.4339622641509434,0.9145299145299145,0.42592592592592593,0.4423076923076923,60,0.4423076923076923,0.75
6922.1947938886005,665731.222410016,0.4339622641509434,0.9145299145299145,0.42592592592592593,0.4423076923076923,60,0.4423076923076923,0.75
6922.1947938886005,665731.222410016,0.4339622641509434,0.9145299145299145,0.42592592592592593,0.4423076923076923,60,0.4423076923076923,0.75
6922.1947938886005,665731.222410016,0.4339622641509434,0.9145299145299145,0.42592592592592593,0.4423076923076923,60,0.4423076923076923,0.75
6922.1947938886005,665731.222410016,0.4339622641509434,0.9145299145299145,0.42592592592592593,0.4423076923076923,60,0.4423076923076923,0.75
6922.1947938886005,665731.222410016,0.4339622641509434,0.9145299145299145,0.42592592592592593,0.4423076923076923,60,0.4423076923076923,0.75
6922.1947938886005,665731.222410016,0.4339622641509434,0.9145299145299145,0.42592592592592593,0.4423076923076923,60,0.4423076923076923,0.75
6922.1947938886005,665731.222410016,0.4339622641509434,0.9145299145299145,0.42592592592592593,0.4423076923076923,60,0.4423076923076923,0.75
6922.1947938886005,665731.222410016,0.4339622641509434,0.9145299145299145,0.42592592592592593,0.4423076923076923,60,0.4423076923076923,0.75
6922.1947938886005,665731.222410016,0.4339622641509434,0.9145299145299145,0.42592592592592593,0.4423076923076923,60,0.4423076923076923,0.75
6922.1947938886005,665731.222410016,0.4339622641509434,0.9145299145299145,0.42592592592592593,0.4423076923076923,60,0.4423076923076923,0.75
6922.194793888484,665731.2224100159,0.4528301886792453,0.9173789173789174,0.4444444444444444,0.46153846153846156,58,0.46153846153846156,0.75
6922.194793888484,665731.2224100159,0.4528301886792453,0.9173789173789174,0.4444444444444444,0.46153846153846156,58,0.46153846153846156,0.75
6922.194793888484,665731.2224100159,0.4528301886792453,0.9173789173789174,0.4444444444444444,0.46153846153846156,58,0.46153846153846156,0.75
6922.194793888484,665731.2224100159,0.4528301886792453,0.9173789173789174,0.4444444444444444,0.46153846153846156,58,0.46153846153846156,0.75
6730.793254096992,665539.8208702244,0.45714285714285713,0.9188034188034188,0.4528301886792453,0.46153846153846156,57,0.46153846153846156,0.75
6427.567265197053,665236.5948813244,0.45714285714285713,0.9188034188034188,0.4528301886792453,0.46153846153846156,57,0.46153846153846156,0.75
6427.567265197053,665236.5948813244,0.45714285714285713,0.9188034188034188,0.4528301886792453,0.46153846153846156,57,0.46153846153846156,0.75
6427.567265197053,665236.5948813244,0.45714285714285713,0.9188034188034188,0.4528301886792453,0.46153846153846156,57,0.46153846153846156,0.75
6427.567265197053,665236.5948813244,0.45714285714285713,0.9188034188034188,0.4528301886792453,0.46153846153846156,57,0.46153846153846156,0.75
6427.567265197053,665236.5948813244,0.45714285714285713,0.9188034188034188,0.4528301886792453,0.46153846153846156,57,0.46153846153846156,0.75
6427.567265197053,665236.5948813244,0.45714285714285713,0.9188034188034188,0.4528301886792453,0.46153846153846156,57,0.46153846153846156,0.75
6427.567265197053,665236.5948813244,0.45714285714285713,0.9188034188034188,0.4528301886792453,0.46153846153846156,57,0.46153846153846156,0.75
6427.567265197053,665236.5948813244,0.45714285714285713,0.9188034188034188,0.4528301886792453,0.46153846153846156,57,0.46153846153846156,0.75
6427.567265197053,665236.5948813244,0.45714285714285713,0.9188034188034188,0.4528301886792453,0.46153846153846156,57,0.46153846153846156,0.75
6427.567265197053,665236.5948813244,0.45714285714285713,0.9188034188034188,0.4528301886792453,0.46153846153846156,57,0.46153846153846156,0.75
6427.567265197053,665236.5948813244,0.45714285714285713,0.9188034188034188,0.4528301886792453,0.46153846153846156,57,0.46153846153846156,0.75
6427.567265197053,665236.5948813244,0.45714285714285713,0.9188034188034188,0.4528301886792453,0.46153846153846156,57,0.46153846153846156,0.75
6427.567265197053,665236.5948813244,0.45714285714285713,0.9188034188034188,0.4528301886792453,0.46153846153846156,57,0.46153846153846156,0.75
6427.567265197053,665236.5948813244,0.45714285714285713,0.9188034188034188,0.4528301886792453,0.46153846153846156,57,0.46153846153846156,0.75
6427.567265197053,665236.5948813244,0.45714285714285713,0.9188034188034188,0.4528301886792453,0.46153846153846156,57,0.46153846153846156,0.75
6427.567265197053,665236.5948813244,0.45714285714285713,0.9188034188034188,0.4528301886792453,0.46153846153846156,57,0.46153846153846156,0.75
6427.567265197053,665236.5948813244,0.45714285714285713,0.9188034188034188,0.4528301886792453,0.46153846153846156,57,0.46153846153846156,0.75
6427.567265197053,665236.5948813244,0.45714285714285713,0.9188034188034188,0.4528301886792453,0.46153846153846156,57,0.46153846153846156,0.75
6427.567265197053,665236.5948813244,0.45714285714285713,0.9188034188034188,0.4528301886792453,0.46153846153846156,57,0.46153846153846156,0.75
6427.567265197053,665236.5948813244,0.45714285714285713,0.9188034188034188,0.4528301886792453,0.46153846153846156,57,0.46153846153846156,0.75
6427.567265197053,665236.5948813244,0.45714285714285713,0.9188034188034188,0.4528301886792453,0.46153846153846156,57,0.46153846153846156,0.75
6415.0805463967845,665224.1081625242,0.45714285714285713,0.9188034188034188,0.4528301886792453,0.46153846153846156,57,0.46153846153846156,0.75
6415.0805463967845,665224.1081625242,0.45714285714285713,0.9188034188034188,0.4528301886792453,0.46153846153846156,57,0.46153846153846156,0.75
6415.0805463967845,665224.1081625242,0.45714285714285713,0.9188034188034188,0.4528301886792453,0.46153846153846156,57,0.46153846153846156,0.75
6415.0805463967845,665224.1081625242,0.45714285714285713,0.9188034188034188,0.4528301886792453,0.46153846153846156,57,0.46153846153846156,0.75
6415.0805463967845,665224.1081625242,0.45714285714285713,0.9188034188034188,0.4528301886792453,0.46153846153846156,57,0.46153846153846156,0.75
6415.0805463967845,665224.1081625242,0.45714285714285713,0.9188034188034188,0.4528301886792453,0.46153846153846156,57,0.46153846153846156,0.75
6415.0805463967845,665224.1081625242,0.45714285714285713,0.9188034188034188,0.4528301886792453,0.46153846153846156,57,0.46153846153846156,0.75
6415.0805463967845,665224.1081625242,0.45714285714285713,0.9188034188034188,0.4528301886792453,0.46153846153846156,57,0.46153846153846156,0.75
6415.0805463967845,665224.1081625242,0.45714285714285713,0.9188034188034188,0.4528301886792453,0.46153846153846156,57,0.46153846153846156,0.75
6415.0805463967845,665224.1081625242,0.45714285714285713,0.9188034188034188,0.4528301886792453,0.46153846153846156,57,0.46153846153846156,0.75
6415.0805463967845,665224.1081625242,0.45714285714285713,0.9188034188034188,0.4528301886792453,0.46153846153846156,57,0.46153846153846156,0.75
6415.0805463967845,665224.1081625242,0.45714285714285713,0.9188034188034188,0.4528301886792453,0.46153846153846156,57,0.46153846153846156,0.75
6415.0805463967845,665224.1081625242,0.45714285714285713,0.9188034188034188,0.4528301886792453,0.46153846153846156,57,0.46153846153846156,0.75
6415.0805463967845,665224.1081625242,0.45714285714285713,0.9188034188034188,0.4528301886792453,0.46153846153846156,57,0.46153846153846156,0.75
6415.0805463967845,665224.1081625242,0.45714285714285713,0.9188034188034188,0.4528301886792453,0.46153846153846156,57,0.46153846153846156,0.75
6415.0805463967845,665224.1081625242,0.45714285714285713,0.9188034188034188,0.4528301886792453,0.46153846153846156,57,0.46153846153846156,0.75
6415.0805463967845,665224.1081625242,0.45714285714285713,0.9188034188034188,0.4528301886792453,0.46153846153846156,57,0.46153846153846156,0.75
6415.0805463967845,665224.1081625242,0.45714285714285713,0.9188034188034188,0.4528301886792453,0.46153846153846156,57,0.46153846153846156,0.75
6415.0805463967845,665224.1081625242,0.45714285714285713,0.9188034188034188,0.4528301886792453,0.46153846153846156,57,0.46153846153846156,0.75
6415.0805463967845,665224.1081625242,0.45714285714285713,0.9188034188034188,0.4528301886792453,0.46153846153846156,57,0.46153846153846156,0.75
6415.0805463967845,665224.1081625242,0.45714285714285713,0.9188034188034188,0.4528301886792453,0.46153846153846156,57,0.46153846153846156,0.75
6415.0805463967845,665224.1081625242,0.45714285714285713,0.9188034188034188,0.4528301886792453,0.46153846153846156,57,0.46153846153846156,0.75
6415.0805463967845,665224.1081625242,0.45714285714285713,0.9188034188034188,0.4528301886792453,0.46153846153846156,57,0.46153846153846156,0.75
6415.0805463967845,665224.1081625242,0.45714285714285713,0.9188034188034188,0.4528301886792453,0.46153846153846156,57,0.46153846153846156,0.75
6415.0805463967845,665224.1081625242,0.45714285714285713,0.9188034188034188,0.4528301886792453,0.46153846153846156,57,0.46153846153846156,0.75
6415.0805463967845,665224.1081625242,0.45714285714285713,0.9188034188034188,0.4528301886792453,0.46153846153846156,57,0.46153846153846156,0.75
6415.0805463967845,665224.1081625242,0.45714285714285713,0.9188034188034188,0.4528301886792453,0.46153846153846156,57,0.46153846153846156,0.75
6415.0805463967845,665224.1081625242,0.45714285714285713,0.9188034188034188,0.4528301886792453,0.46153846153846156,57,0.46153846153846156,0.75
6415.0805463967845,665224.1081625242,0.45714285714285713,0.9188034188034188,0.4528301886792453,0.46153846153846156,57,0.46153846153846156,0.75
6415.0805463967845,665224.1081625242,0.45714285714285713,0.9188034188034188,0.4528301886792453,0.46153846153846156,57,0.46153846153846156,0.75
6415.0805463967845,665224.1081625242,0.45714285714285713,0.9188034188034188,0.4528301886792453,0.46153846153846156,57,0.46153846153846156,0.75
6415.0805463967845,665224.1081625242,0.45714285714285713,0.9188034188034188,0.4528301886792453,0.46153846153846156,57,0.46153846153846156,0.75
6415.0805463967845,665224.1081625242,0.45714285714285713,0.9188034188034188,0.4528301886792453,0.46153846153846156,57,0.46153846153846156,0.75
6415.0805463967845,665224.1081625242,0.45714285714285713,0.9188034188034188,0.4528301886792453,0.46153846153846156,57,0.46153846153846156,0.75
6415.0805463967845,665224.1081625242,0.45714285714285713,0.9188034188034188,0.4528301886792453,0.46153846153846156,57,0.46153846153846156,0.75
6415.0805463967845,665224.1081625242,0.45714285714285713,0.9188034188034188,0.4528301886792453,0.46153846153846156,57,0.46153846153846156,0.75
6415.0805463967845,665224.1081625242,0.45714285714285713,0.9188034188034188,0.4528301886792453,0.46153846153846156,57,0.46153846153846156,0.75
6415.0805463967845,665224.1081625242,0.45714285714285713,0.9188034188034188,0.4528301886792453,0.46153846153846156,57,0.46153846153846156,0.75
6415.0805463967845,665224.1081625242,0.45714285714285713,0.9188034188034188,0.4528301886792453,0.46153846153846156,57,0.46153846153846156,0.75
6415.0805463967845,665224.1081625242,0.45714285714285713,0.9188034188034188,0.4528301886792453,0.46153846153846156,57,0.46153846153846156,0.75
6415.0805463967845,665224.1081625242,0.45714285714285713,0.9188034188034188,0.4528301886792453,0.46153846153846156,57,0.46153846153846156,0.75
6415.0805463967845,665224.1081625242,0.45714285714285713,0.9188034188034188,0.4528301886792453,0.46153846153846156,57,0.46153846153846156,0.75
6415.0805463967845,665224.1081625242,0.45714285714285713,0.9188034188034188,0.4528301886792453,0.46153846153846156,57,0.46153846153846156,0.75
6415.0805463967845,665224.1081625242,0.45714285714285713,0.9188034188034188,0.4528301886792453,0.46153846153846156,57,0.46153846153846156,0.75
6415.0805463967845,665224.1081625242,0.45714285714285713,0.9188034188034188,0.4528301886792453,0.46153846153846156,57,0.46153846153846156,0.75
6415.0805463967845,665224.1081625242,0.45714285714285713,0.9188034188034188,0.4528301886792453,0.46153846153846156,57,0.46153846153846156,0.75
6415.0805463967845,665224.1081625242,0.45714285714285713,0.9188034188034188,0.4528301886792453,0.46153846153846156,57,0.46153846153846156,0.75
6415.0805463967845,665224.1081625242,0.45714285714285713,0.9188034188034188,0.4528301886792453,0.46153846153846156,57,0.46153846153846156,0.75
6415.0805463967845,665224.1081625242,0.45714285714285713,0.9188034188034188,0.4528301886792453,0.46153846153846156,57,0.46153846153846156,0.75
6415.0805463967845,665224.1081625242,0.45714285714285713,0.9188034188034188,0.4528301886792453,0.46153846153846156,57,0.46153846153846156,0.75
6415.0805463967845,665224.1081625242,0.45714285714285713,0.9188034188034188,0.4528301886792453,0.46153846153846156,57,0.46153846153846156,0.75
6415.0805463967845,665224.1081625242,0.45714285714285713,0.9188034188034188,0.4528301886792453,0.46153846153846156,57,0.46153846153846156,0.75
6415.0805463967845,665224.1081625242,0.45714285714285713,0.9188034188034188,0.4528301886792453,0.46153846153846156,57,0.46153846153846156,0.75
6415.0805463967845,665224.1081625242,0.45714285714285713,0.9188034188034188,0.4528301886792453,0.46153846153846156,57,0.46153846153846156,0.75
6415.0805463967845,665224.1081625242,0.45714285714285713,0.9188034188034188,0.4528301886792453,0.46153846153846156,57,0.46153846153846156,0.75
6415.0805463967845,665224.1081625242,0.45714285714285713,0.9188034188034188,0.4528301886792453,0.46153846153846156,57,0.46153846153846156,0.75
6415.0805463967845,665224.1081625242,0.45714285714285713,0.9188034188034188,0.4528301886792453,0.46153846153846156,57,0.46153846153846156,0.75
6415.0805463967845,665224.1081625242,0.45714285714285713,0.9188034188034188,0.4528301886792453,0.46153846153846156,57,0.46153846153846156,0.75
6415.0805463967845,665224.1081625242,0.45714285714285713,0.9188034188034188,0.4528301886792453,0.46153846153846156,57,0.46153846153846156,0.75
6415.0805463967845,665224.1081625242,0.45714285714285713,0.9188034188034188,0.4528301886792453,0.46153846153846156,57,0.46153846153846156,0.75
6415.0805463967845,665224.1081625242,0.45714285714285713,0.9188034188034188,0.4528301886792453,0.46153846153846156,57,0.46153846153846156,0.75
6415.0805463967845,665224.1081625242,0.45714285714285713,0.9188034188034188,0.4528301886792453,0.46153846153846156,57,0.46153846153846156,0.75
6415.0805463967845,665224.1081625242,0.45714285714285713,0.9188034188034188,0.4528301886792453,0.46153846153846156,57,0.46153846153846156,0.75
6415.0805463967845,665224.1081625242,0.45714285714285713,0.9188034188034188,0.4528301886792453,0.46153846153846156,57,0.46153846153846156,0.75
6415.0805463967845,665224.1081625242,0.45714285714285713,0.9188034188034188,0.4528301886792453,0.46153846153846156,57,0.46153846153846156,0.75
6415.0805463967845,665224.1081625242,0.45714285714285713,0.9188034188034188,0.4528301886792453,0.46153846153846156,57,0.46153846153846156,0.75
6415.0805463967845,665224.1081625242,0.45714285714285713,0.9188034188034188,0.4528301886792453,0.46153846153846156,57,0.46153846153846156,0.75
6415.0805463967845,665224.1081625242,0.45714285714285713,0.9188034188034188,0.4528301886792453,0.46153846153846156,57,0.46153846153846156,0.75
6415.0805463967845,665224.1081625242,0.45714285714285713,0.9188034188034188,0.4528301886792453,0.46153846153846156,57,0.46153846153846156,0.75
6415.0805463967845,665224.1081625242,0.45714285714285713,0.9188034188034188,0.4528301886792453,0.46153846153846156,57,0.46153846153846156,0.75
6415.0805463967845,665224.1081625242,0.45714285714285713,0.9188034188034188,0.4528301886792453,0.46153846153846156,57,0.46153846153846156,0.75
6415.0805463967845,665224.1081625242,0.45714285714285713,0.9188034188034188,0.4528301886792453,0.46153846153846156,57,0.46153846153846156,0.75
6415.0805463967845,665224.1081625242,0.45714285714285713,0.9188034188034188,0.4528301886792453,0.46153846153846156,57,0.46153846153846156,0.75
6415.0805463967845,665224.1081625242,0.45714285714285713,0.9188034188034188,0.4528301886792453,0.46153846153846156,57,0.46153846153846156,0.75
6415.0805463967845,665224.1081625242,0.45714285714285713,0.9188034188034188,0.4528301886792453,0.46153846153846156,57,0.46153846153846156,0.75
6415.0805463967845,665224.1081625242,0.45714285714285713,0.9188034188034188,0.4528301886792453,0.46153846153846156,57,0.46153846153846156,0.75
6415.0805463967845,665224.1081625242,0.45714285714285713,0.9188034188034188,0.4528301886792453,0.46153846153846156,57,0.46153846153846156,0.75
6415.0805463967845,665224.1081625242,0.45714285714285713,0.9188034188034188,0.4528301886792453,0.46153846153846156,57,0.46153846153846156,0.75
6415.0805463967845,665224.1081625242,0.45714285714285713,0.9188034188034188,0.4528301886792453,0.46153846153846156,57,0.46153846153846156,0.75
6415.0805463967845,665224.1081625242,0.45714285714285713,0.9188034188034188,0.4528301886792453,0.46153846153846156,57,0.46153846153846156,0.75
6415.0805463967845,665224.1081625242,0.45714285714285713,0.9188034188034188,0.4528301886792453,0.46153846153846156,57,0.46153846153846156,0.75
6415.0805463967845,665224.1081625242,0.45714285714285713,0.9188034188034188,0.4528301886792453,0.46153846153846156,57,0.46153846153846156,0.75
6415.0805463967845,665224.1081625242,0.45714285714285713,0.9188034188034188,0.4528301886792453,0.46153846153846156,57,0.46153846153846156,0.75
6415.0805463967845,665224.1081625242,0.45714285714285713,0.9188034188034188,0.4528301886792453,0.46153846153846156,57,0.46153846153846156,0.75
6415.0805463967845,665224.1081625242,0.45714285714285713,0.9188034188034188,0.4528301886792453,0.46153846153846156,57,0.46153846153846156,0.75
6415.0805463967845,665224.1081625242,0.45714285714285713,0.9188034188034188,0.4528301886792453,0.46153846153846156,57,0.46153846153846156,0.75
6415.0805463967845,665224.1081625242,0.45714285714285713,0.9188034188034188,0.4528301886792453,0.46153846153846156,57,0.46153846153846156,0.75
6415.0805463967845,665224.1081625242,0.45714285714285713,0.9188034188034188,0.4528301886792453,0.46153846153846156,57,0.46153846153846156,0.75
6415.0805463967845,665224.1081625242,0.45714285714285713,0.9188034188034188,0.4528301886792453,0.46153846153846156,57,0.46153846153846156,0.75
6415.0805463967845,665224.1081625242,0.45714285714285713,0.9188034188034188,0.4528301886792453,0.46153846153846156,57,0.46153846153846156,0.75
6415.0805463967845,665224.1081625242,0.45714285714285713,0.9188034188034188,0.4528301886792453,0.46153846153846156,57,0.46153846153846156,0.75
6415.0805463967845,665224.1081625242,0.45714285714285713,0.9188034188034188,0.4528301886792453,0.46153846153846156,57,0.46153846153846156,0.75
6415.0805463967845,665224.1081625242,0.45714285714285713,0.9188034188034188,0.4528301886792453,0.46153846153846156,57,0.46153846153846156,0.75
6415.0805463967845,665224.1081625242,0.45714285714285713,0.9188034188034188,0.4528301886792453,0.46153846153846156,57,0.46153846153846156,0.75
6415.0805463967845,665224.1081625242,0.45714285714285713,0.9188034188034188,0.4528301886792453,0.46153846153846156,57,0.46153846153846156,0.75
6415.0805463967845,665224.1081625242,0.45714285714285713,0.9188034188034188,0.4528301886792453,0.46153846153846156,57,0.46153846153846156,0.75
6415.0805463967845,665224.1081625242,0.45714285714285713,0.9188034188034188,0.4528301886792453,0.46153846153846156,57,0.46153846153846156,0.75
6415.0805463967845,665224.1081625242,0.45714285714285713,0.9188034188034188,0.4528301886792453,0.46153846153846156,57,0.46153846153846156,0.75
6415.0805463967845,665224.1081625242,0.45714285714285713,0.9188034188034188,0.4528301886792453,0.46153846153846156,57,0.46153846153846156,0.75
6415.0805463967845,665224.1081625242,0.45714285714285713,0.9188034188034188,0.4528301886792453,0.46153846153846156,57,0.46153846153846156,0.75
6415.0805463967845,665224.1081625242,0.45714285714285713,0.9188034188034188,0.4528301886792453,0.46153846153846156,57,0.46153846153846156,0.75
6415.0805463967845,665224.1081625242,0.45714285714285713,0.9188034188034188,0.4528301886792453,0.46153846153846156,57,0.46153846153846156,0.75
6415.0805463967845,665224.1081625242,0.45714285714285713,0.9188034188034188,0.4528301886792453,0.46153846153846156,57,0.46153846153846156,0.75
6415.0805463967845,665224.1081625242,0.45714285714285713,0.9188034188034188,0.4528301886792453,0.46153846153846156,57,0.46153846153846156,0.75
6415.0805463967845,665224.1081625242,0.45714285714285713,0.9188034188034188,0.4528301886792453,0.46153846153846156,57,0.46153846153846156,0.75
6415.0805463967845,665224.1081625242,0.45714285714285713,0.9188034188034188,0.4528301886792453,0.46153846153846156,57,0.46153846153846156,0.75
6415.0805463967845,665224.1081625242,0.45714285714285713,0.9188034188034188,0.4528301886792453,0.46153846153846156,57,0.46153846153846156,0.75
6415.0805463967845,665224.1081625242,0.45714285714285713,0.9188034188034188,0.4528301886792453,0.46153846153846156,57,0.46153846153846156,0.75
6415.0805463967845,665224.1081625242,0.45714285714285713,0.9188034188034188,0.4528301886792453,0.46153846153846156,57,0.46153846153846156,0.75
6415.0805463967845,665224.1081625242,0.45714285714285713,0.9188034188034188,0.4528301886792453,0.46153846153846156,57,0.46153846153846156,0.75
6415.0805463967845,665224.1081625242,0.45714285714285713,0.9188034188034188,0.4528301886792453,0.46153846153846156,57,0.46153846153846156,0.75
6415.0805463967845,665224.1081625242,0.45714285714285713,0.9188034188034188,0.4528301886792453,0.46153846153846156,57,0.46153846153846156,0.75
6415.0805463967845,665224.1081625242,0.45714285714285713,0.9188034188034188,0.4528301886792453,0.46153846153846156,57,0.46153846153846156,0.75
6415.0805463967845,665224.1081625242,0.45714285714285713,0.9188034188034188,0.4528301886792453,0.46153846153846156,57,0.46153846153846156,0.75
6415.0805463967845,665224.1081625242,0.45714285714285713,0.9188034188034188,0.4528301886792453,0.46153846153846156,57,0.46153846153846156,0.75
6415.0805463967845,665224.1081625242,0.45714285714285713,0.9188034188034188,0.4528301886792453,0.46153846153846156,57,0.46153846153846156,0.75
6415.0805463967845,665224.1081625242,0.45714285714285713,0.9188034188034188,0.4528301886792453,0.46153846153846156,57,0.46153846153846156,0.75
6415.0805463967845,665224.1081625242,0.45714285714285713,0.9188034188034188,0.4528301886792453,0.46153846153846156,57,0.46153846153846156,0.75
6415.0805463967845,665224.1081625242,0.45714285714285713,0.9188034188034188,0.4528301886792453,0.46153846153846156,57,0.46153846153846156,0.75
6415.0805463967845,665224.1081625242,0.45714285714285713,0.9188034188034188,0.4528301886792453,0.46153846153846156,57,0.46153846153846156,0.75
6415.0805463967845,665224.1081625242,0.45714285714285713,0.9188034188034188,0.4528301886792453,0.46153846153846156,57,0.46153846153846156,0.75
5953.183955264161,664762.2115713916,0.4761904761904762,0.9216524216524217,0.4716981132075472,0.4807692307692308,55,0.4807692307692308,0.7692307692307693
5953.183955264161,664762.2115713916,0.4761904761904762,0.9216524216524217,0.4716981132075472,0.4807692307692308,55,0.4807692307692308,0.7692307692307693
5953.183955264161,664762.2115713916,0.4761904761904762,0.9216524216524217,0.4716981132075472,0.4807692307692308,55,0.4807692307692308,0.7692307692307693
5953.183955264161,664762.2115713916,0.4761904761904762,0.9216524216524217,0.4716981132075472,0.4807692307692308,55,0.4807692307692308,0.7692307692307693
5953.183955264161,664762.2115713916,0.4761904761904762,0.9216524216524217,0.4716981132075472,0.4807692307692308,55,0.4807692307692308,0.7692307692307693
5953.183955264161,664762.2115713916,0.4761904761904762,0.9216524216524217,0.4716981132075472,0.4807692307692308,55,0.4807692307692308,0.7692307692307693
5953.183955264161,664762.2115713916,0.4761904761904762,0.9216524216524217,0.4716981132075472,0.4807692307692308,55,0.4807692307692308,0.7692307692307693
5953.183955264161,664762.2115713916,0.4761904761904762,0.9216524216524217,0.4716981132075472,0.4807692307692308,55,0.4807692307692308,0.7692307692307693
5953.183955264161,664762.2115713916,0.4761904761904762,0.9216524216524217,0.4716981132075472,0.4807692307692308,55,0.4807692307692308,0.7692307692307693
5953.183955264161,664762.2115713916,0.4761904761904762,0.9216524216524217,0.4716981132075472,0.4807692307692308,55,0.4807692307692308,0.7692307692307693
5953.183955264161,664762.2115713916,0.4761904761904762,0.9216524216524217,0.4716981132075472,0.4807692307692308,55,0.4807692307692308,0.7692307692307693
5953.183955264161,664762.2115713916,0.4761904761904762,0.9216524216524217,0.4716981132075472,0.4807692307692308,55,0.4807692307692308,0.7692307692307693
5953.183955264161,664762.2115713916,0.4761904761904762,0.9216524216524217,0.4716981132075472,0.4807692307692308,55,0.4807692307692308,0.7692307692307693
5953.183955264161,664762.2115713916,0.4761904761904762,0.9216524216524217,0.4716981132075472,0.4807692307692308,55,0.4807692307692308,0.7692307692307693
5953.183955264161,664762.2115713916,0.4761904761904762,0.9216524216524217,0.4716981132075472,0.4807692307692308,55,0.4807692307692308,0.7692307692307693
5953.183955264161,664762.2115713916,0.4761904761904762,0.9216524216524217,0.4716981132075472,0.4807692307692308,55,0.4807692307692308,0.7692307692307693
5953.183955264161,664762.2115713916,0.4761904761904762,0.9216524216524217,0.4716981132075472,0.4807692307692308,55,0.4807692307692308,0.7692307692307693
5953.183955264161,664762.2115713916,0.4761904761904762,0.9216524216524217,0.4716981132075472,0.4807692307692308,55,0.4807692307692308,0.7692307692307693
5953.183955264161,664762.2115713916,0.4761904761904762,0.9216524216524217,0.4716981132075472,0.4807692307692308,55,0.4807692307692308,0.7692307692307693
5953.183955264161,664762.2115713916,0.4761904761904762,0.9216524216524217,0.4716981132075472,0.4807692307692308,55,0.4807692307692308,0.7692307692307693
5953.183955264161,664762.2115713916,0.4761904761904762,0.9216524216524217,0.4716981132075472,0.4807692307692308,55,0.4807692307692308,0.7692307692307693
5953.183955264161,664762.2115713916,0.4761904761904762,0.9216524216524217,0.4716981132075472,0.4807692307692308,55,0.4807692307692308,0.7692307692307693
5953.183955264161,664762.2115713916,0.4761904761904762,0.9216524216524217,0.4716981132075472,0.4807692307692308,55,0.4807692307692308,0.7692307692307693
5953.183955264161,664762.2115713916,0.4761904761904762,0.9216524216524217,0.4716981132075472,0.4807692307692308,55,0.4807692307692308,0.7692307692307693
5953.183955264161,664762.2115713916,0.4761904761904762,0.9216524216524217,0.4716981132075472,0.4807692307692308,55,0.4807692307692308,0.7692307692307693
5953.183955264161,664762.2115713916,0.4761904761904762,0.9216524216524217,0.4716981132075472,0.4807692307692308,55,0.4807692307692308,0.7692307692307693
5953.183955264161,664762.2115713916,0.4761904761904762,0.9216524216524217,0.4716981132075472,0.4807692307692308,55,0.4807692307692308,0.7692307692307693
5953.183955264161,664762.2115713916,0.4761904761904762,0.9216524216524217,0.4716981132075472,0.4807692307692308,55,0.4807692307692308,0.7692307692307693
5953.183955264161,664762.2115713916,0.4761904761904762,0.9216524216524217,0.4716981132075472,0.4807692307692308,55,0.4807692307692308,0.7692307692307693
5953.183955264161,664762.2115713916,0.4761904761904762,0.9216524216524217,0.4716981132075472,0.4807692307692308,55,0.4807692307692308,0.7692307692307693
5953.183955264161,664762.2115713916,0.4761904761904762,0.9216524216524217,0.4716981132075472,0.4807692307692308,55,0.4807692307692308,0.7692307692307693
5953.183955264161,664762.2115713916,0.4761904761904762,0.9216524216524217,0.4716981132075472,0.4807692307692308,55,0.4807692307692308,0.7692307692307693
5953.183955264161,664762.2115713916,0.4761904761904762,0.9216524216524217,0.4716981132075472,0.4807692307692308,55,0.4807692307692308,0.7692307692307693
5953.183955264161,664762.2115713916,0.4761904761904762,0.9216524216524217,0.4716981132075472,0.4807692307692308,55,0.4807692307692308,0.7692307692307693
5953.183955264161,664762.2115713916,0.4761904761904762,0.9216524216524217,0.4716981132075472,0.4807692307692308,55,0.4807692307692308,0.7692307692307693
5953.183955264161,664762.2115713916,0.4761904761904762,0.9216524216524217,0.4716981132075472,0.4807692307692308,55,0.4807692307692308,0.7692307692307693
5953.183955264161,664762.2115713916,0.4761904761904762,0.9216524216524217,0.4716981132075472,0.4807692307692308,55,0.4807692307692308,0.7692307692307693
5953.183955264161,664762.2115713916,0.4761904761904762,0.9216524216524217,0.4716981132075472,0.4807692307692308,55,0.4807692307692308,0.7692307692307693
5953.183955264161,664762.2115713916,0.4761904761904762,0.9216524216524217,0.4716981132075472,0.4807692307692308,55,0.4807692307692308,0.7692307692307693
5953.183955264161,664762.2115713916,0.4761904761904762,0.9216524216524217,0.4716981132075472,0.4807692307692308,55,0.4807692307692308,0.7692307692307693
5953.183955264161,664762.2115713916,0.4761904761904762,0.9216524216524217,0.4716981132075472,0.4807692307692308,55,0.4807692307692308,0.7692307692307693
5953.183955264161,664762.2115713916,0.4761904761904762,0.9216524216524217,0.4716981132075472,0.4807692307692308,55,0.4807692307692308,0.7692307692307693
5953.183955264161,664762.2115713916,0.4761904761904762,0.9216524216524217,0.4716981132075472,0.4807692307692308,55,0.4807692307692308,0.7692307692307693
5953.183955264161,664762.2115713916,0.4761904761904762,0.9216524216524217,0.4716981132075472,0.4807692307692308,55,0.4807692307692308,0.7692307692307693
5953.183955264161,664762.2115713916,0.4761904761904762,0.9216524216524217,0.4716981132075472,0.4807692307692308,55,0.4807692307692308,0.7692307692307693
5953.183955264161,664762.2115713916,0.4761904761904762,0.9216524216524217,0.4716981132075472,0.4807692307692308,55,0.4807692307692308,0.7692307692307693
5953.183955264161,664762.2115713916,0.4761904761904762,0.9216524216524217,0.4716981132075472,0.4807692307692308,55,0.4807692307692308,0.7692307692307693
5953.183955264161,664762.2115713916,0.4761904761904762,0.9216524216524217,0.4716981132075472,0.4807692307692308,55,0.4807692307692308,0.7692307692307693
5953.183955264161,664762.2115713916,0.4761904761904762,0.9216524216524217,0.4716981132075472,0.4807692307692308,55,0.4807692307692308,0.7692307692307693
5953.183955264161,664762.2115713916,0.4761904761904762,0.9216524216524217,0.4716981132075472,0.4807692307692308,55,0.4807692307692308,0.7692307692307693
5953.183955264161,664762.2115713916,0.4761904761904762,0.9216524216524217,0.4716981132075472,0.4807692307692308,55,0.4807692307692308,0.7692307692307693
5953.183955264161,664762.2115713916,0.4761904761904762,0.9216524216524217,0.4716981132075472,0.4807692307692308,55,0.4807692307692308,0.7692307692307693
5953.183955264161,664762.2115713916,0.4761904761904762,0.9216524216524217,0.4716981132075472,0.4807692307692308,55,0.4807692307692308,0.7692307692307693
5953.183955264161,664762.2115713916,0.4761904761904762,0.9216524216524217,0.4716981132075472,0.4807692307692308,55,0.4807692307692308,0.7692307692307693
5953.183955264161,664762.2115713916,0.4761904761904762,0.9216524216524217,0.4716981132075472,0.4807692307692308,55,0.4807692307692308,0.7692307692307693
5953.183955264161,664762.2115713916,0.4761904761904762,0.9216524216524217,0.4716981132075472,0.4807692307692308,55,0.4807692307692308,0.7692307692307693
5953.183955264161,664762.2115713916,0.4761904761904762,0.9216524216524217,0.4716981132075472,0.4807692307692308,55,0.4807692307692308,0.7692307692307693
5953.183955264161,664762.2115713916,0.4761904761904762,0.9216524216524217,0.4716981132075472,0.4807692307692308,55,0.4807692307692308,0.7692307692307693
5953.183955264161,664762.2115713916,0.4761904761904762,0.9216524216524217,0.4716981132075472,0.4807692307692308,55,0.4807692307692308,0.7692307692307693
5953.183955264161,664762.2115713916,0.4761904761904762,0.9216524216524217,0.4716981132075472,0.4807692307692308,55,0.4807692307692308,0.7692307692307693
5953.183955264161,664762.2115713916,0.4761904761904762,0.9216524216524217,0.4716981132075472,0.4807692307692308,55,0.4807692307692308,0.7692307692307693
5953.183955264161,664762.2115713916,0.4761904761904762,0.9216524216524217,0.4716981132075472,0.4807692307692308,55,0.4807692307692308,0.7692307692307693
5953.183955264161,664762.2115713916,0.4761904761904762,0.9216524216524217,0.4716981132075472,0.4807692307692308,55,0.4807692307692308,0.7692307692307693
5953.183955264161,664762.2115713916,0.4761904761904762,0.9216524216524217,0.4716981132075472,0.4807692307692308,55,0.4807692307692308,0.7692307692307693
5953.183955264161,664762.2115713916,0.4761904761904762,0.9216524216524217,0.4716981132075472,0.4807692307692308,55,0.4807692307692308,0.7692307692307693
5953.183955264161,664762.2115713916,0.4761904761904762,0.9216524216524217,0.4716981132075472,0.4807692307692308,55,0.4807692307692308,0.7692307692307693
5953.183955264161,664762.2115713916,0.4761904761904762,0.9216524216524217,0.4716981132075472,0.4807692307692308,55,0.4807692307692308,0.7692307692307693
5953.183955264161,664762.2115713916,0.4761904761904762,0.9216524216524217,0.4716981132075472,0.4807692307692308,55,0.4807692307692308,0.7692307692307693
5953.183955264161,664762.2115713916,0.4761904761904762,0.9216524216524217,0.4716981132075472,0.4807692307692308,55,0.4807692307692308,0.7692307692307693
5953.183955264161,664762.2115713916,0.4761904761904762,0.9216524216524217,0.4716981132075472,0.4807692307692308,55,0.4807692307692308,0.7692307692307693
5953.183955264161,664762.2115713916,0.4761904761904762,0.9216524216524217,0.4716981132075472,0.4807692307692308,55,0.4807692307692308,0.7692307692307693
5953.183955264161,664762.2115713916,0.4761904761904762,0.9216524216524217,0.4716981132075472,0.4807692307692308,55,0.4807692307692308,0.7692307692307693
5953.183955264161,664762.2115713916,0.4761904761904762,0.9216524216524217,0.4716981132075472,0.4807692307692308,55,0.4807692307692308,0.7692307692307693
5953.183955264161,664762.2115713916,0.4761904761904762,0.9216524216524217,0.4716981132075472,0.4807692307692308,55,0.4807692307692308,0.7692307692307693
5953.183955264161,664762.2115713916,0.4761904761904762,0.9216524216524217,0.4716981132075472,0.4807692307692308,55,0.4807692307692308,0.7692307692307693
5953.183955264161,664762.2115713916,0.4761904761904762,0.9216524216524217,0.4716981132075472,0.4807692307692308,55,0.4807692307692308,0.7692307692307693
5953.183955264161,664762.2115713916,0.4761904761904762,0.9216524216524217,0.4716981132075472,0.4807692307692308,55,0.4807692307692308,0.7692307692307693
5953.183955264161,664762.2115713916,0.4761904761904762,0.9216524216524217,0.4716981132075472,0.4807692307692308,55,0.4807692307692308,0.7692307692307693
5953.183955264161,664762.2115713916,0.4761904761904762,0.9216524216524217,0.4716981132075472,0.4807692307692308,55,0.4807692307692308,0.7692307692307693
5953.183955264161,664762.2115713916,0.4761904761904762,0.9216524216524217,0.4716981132075472,0.4807692307692308,55,0.4807692307692308,0.7692307692307693
5953.183955264161,664762.2115713916,0.4761904761904762,0.9216524216524217,0.4716981132075472,0.4807692307692308,55,0.4807692307692308,0.7692307692307693
5953.183955264161,664762.2115713916,0.4761904761904762,0.9216524216524217,0.4716981132075472,0.4807692307692308,55,0.4807692307692308,0.7692307692307693
5953.183955264161,664762.2115713916,0.4761904761904762,0.9216524216524217,0.4716981132075472,0.4807692307692308,55,0.4807692307692308,0.7692307692307693
5953.183955264161,664762.2115713916,0.4761904761904762,0.9216524216524217,0.4716981132075472,0.4807692307692308,55,0.4807692307692308,0.7692307692307693
5953.183955264161,664762.2115713916,0.4761904761904762,0.9216524216524217,0.4716981132075472,0.4807692307692308,55,0.4807692307692308,0.7692307692307693
5953.183955264161,664762.2115713916,0.4761904761904762,0.9216524216524217,0.4716981132075472,0.4807692307692308,55,0.4807692307692308,0.7692307692307693
5953.183955264161,664762.2115713916,0.4761904761904762,0.9216524216524217,0.4716981132075472,0.4807692307692308,55,0.4807692307692308,0.7692307692307693
5953.183955264161,664762.2115713916,0.4761904761904762,0.9216524216524217,0.4716981132075472,0.4807692307692308,55,0.4807692307692308,0.7692307692307693
5953.183955264161,664762.2115713916,0.4761904761904762,0.9216524216524217,0.4716981132075472,0.4807692307692308,55,0.4807692307692308,0.7692307692307693
5953.183955264161,664762.2115713916,0.4761904761904762,0.9216524216524217,0.4716981132075472,0.4807692307692308,55,0.4807692307692308,0.7692307692307693
5953.183955264161,664762.2115713916,0.4761904761904762,0.9216524216524217,0.4716981132075472,0.4807692307692308,55,0.4807692307692308,0.7692307692307693
5953.183955264161,664762.2115713916,0.4761904761904762,0.9216524216524217,0.4716981132075472,0.4807692307692308,55,0.4807692307692308,0.7692307692307693
5953.183955264161,664762.2115713916,0.4761904761904762,0.9216524216524217,0.4716981132075472,0.4807692307692308,55,0.4807692307692308,0.7692307692307693
5953.183955264161,664762.2115713916,0.4761904761904762,0.9216524216524217,0.4716981132075472,0.4807692307692308,55,0.4807692307692308,0.7692307692307693
5953.183955264161,664762.2115713916,0.4761904761904762,0.9216524216524217,0.4716981132075472,0.4807692307692308,55,0.4807692307692308,0.7692307692307693
5953.183955264161,664762.2115713916,0.4761904761904762,0.9216524216524217,0.4716981132075472,0.4807692307692308,55,0.4807692307692308,0.7692307692307693
5953.183955264161,664762.2115713916,0.4761904761904762,0.9216524216524217,0.4716981132075472,0.4807692307692308,55,0.4807692307692308,0.7692307692307693
5953.183955264161,664762.2115713916,0.4761904761904762,0.9216524216524217,0.4716981132075472,0.4807692307692308,55,0.4807692307692308,0.7692307692307693
5953.183955264161,664762.2115713916,0.4761904761904762,0.9216524216524217,0.4716981132075472,0.4807692307692308,55,0.4807692307692308,0.7692307692307693
5953.183955264161,664762.2115713916,0.4761904761904762,0.9216524216524217,0.4716981132075472,0.4807692307692308,55,0.4807692307692308,0.7692307692307693
5953.183955264161,664762.2115713916,0.4761904761904762,0.9216524216524217,0.4716981132075472,0.4807692307692308,55,0.4807692307692308,0.7692307692307693
5953.183955264161,664762.2115713916,0.4761904761904762,0.9216524216524217,0.4716981132075472,0.4807692307692308,55,0.4807692307692308,0.7692307692307693
5953.183955264161,664762.2115713916,0.4761904761904762,0.9216524216524217,0.4716981132075472,0.4807692307692308,55,0.4807692307692308,0.7692307692307693
5953.183955264161,664762.2115713916,0.4761904761904762,0.9216524216524217,0.4716981132075472,0.4807692307692308,55,0.4807692307692308,0.7692307692307693
5953.183955264161,664762.2115713916,0.4761904761904762,0.9216524216524217,0.4716981132075472,0.4807692307692308,55,0.4807692307692308,0.7692307692307693
5953.183955264161,664762.2115713916,0.4761904761904762,0.9216524216524217,0.4716981132075472,0.4807692307692308,55,0.4807692307692308,0.7692307692307693
5953.183955264161,664762.2115713916,0.4761904761904762,0.9216524216524217,0.4716981132075472,0.4807692307692308,55,0.4807692307692308,0.7692307692307693
5953.183955264161,664762.2115713916,0.4761904761904762,0.9216524216524217,0.4716981132075472,0.4807692307692308,55,0.4807692307692308,0.7692307692307693
5953.183955264161,664762.2115713916,0.4761904761904762,0.9216524216524217,0.4716981132075472,0.4807692307692308,55,0.4807692307692308,0.7692307692307693
5953.183955264161,664762.2115713916,0.4761904761904762,0.9216524216524217,0.4716981132075472,0.4807692307692308,55,0.4807692307692308,0.7692307692307693
5953.183955264161,664762.2115713916,0.4761904761904762,0.9216524216524217,0.4716981132075472,0.4807692307692308,55,0.4807692307692308,0.7692307692307693
5953.183955264161,664762.2115713916,0.4761904761904762,0.9216524216524217,0.4716981132075472,0.4807692307692308,55,0.4807692307692308,0.7692307692307693
5953.183955264161,664762.2115713916,0.4761904761904762,0.9216524216524217,0.4716981132075472,0.4807692307692308,55,0.4807692307692308,0.7692307692307693
5953.183955264161,664762.2115713916,0.4761904761904762,0.9216524216524217,0.4716981132075472,0.4807692307692308,55,0.4807692307692308,0.7692307692307693
5953.183955264161,664762.2115713916,0.4761904761904762,0.9216524216524217,0.4716981132075472,0.4807692307692308,55,0.4807692307692308,0.7692307692307693
5953.183955264161,664762.2115713916,0.4761904761904762,0.9216524216524217,0.4716981132075472,0.4807692307692308,55,0.4807692307692308,0.7692307692307693
5953.183955264161,664762.2115713916,0.4761904761904762,0.9216524216524217,0.4716981132075472,0.4807692307692308,55,0.4807692307692308,0.7692307692307693
5953.183955264161,664762.2115713916,0.4761904761904762,0.9216524216524217,0.4716981132075472,0.4807692307692308,55,0.4807692307692308,0.7692307692307693
5953.183955264161,664762.2115713916,0.4761904761904762,0.9216524216524217,0.4716981132075472,0.4807692307692308,55,0.4807692307692308,0.7692307692307693
5953.183955264161,664762.2115713916,0.4761904761904762,0.9216524216524217,0.4716981132075472,0.4807692307692308,55,0.4807692307692308,0.7692307692307693
5953.183955264161,664762.2115713916,0.4761904761904762,0.9216524216524217,0.4716981132075472,0.4807692307692308,55,0.4807692307692308,0.7692307692307693
5953.183955264161,664762.2115713916,0.4761904761904762,0.9216524216524217,0.4716981132075472,0.4807692307692308,55,0.4807692307692308,0.7692307692307693
5953.183955264161,664762.2115713916,0.4761904761904762,0.9216524216524217,0.4716981132075472,0.4807692307692308,55,0.4807692307692308,0.7692307692307693
5953.183955264161,664762.2115713916,0.4761904761904762,0.9216524216524217,0.4716981132075472,0.4807692307692308,55,0.4807692307692308,0.7692307692307693
5953.183955264161,664762.2115713916,0.4761904761904762,0.9216524216524217,0.4716981132075472,0.4807692307692308,55,0.4807692307692308,0.7692307692307693
5953.183955264161,664762.2115713916,0.4761904761904762,0.9216524216524217,0.4716981132075472,0.4807692307692308,55,0.4807692307692308,0.7692307692307693
5953.183955264161,664762.2115713916,0.4761904761904762,0.9216524216524217,0.4716981132075472,0.4807692307692308,55,0.4807692307692308,0.7692307692307693
5953.183955264161,664762.2115713916,0.4761904761904762,0.9216524216524217,0.4716981132075472,0.4807692307692308,55,0.4807692307692308,0.7692307692307693
5953.183955264161,664762.2115713916,0.4761904761904762,0.9216524216524217,0.4716981132075472,0.4807692307692308,55,0.4807692307692308,0.7692307692307693
5953.183955264161,664762.2115713916,0.4761904761904762,0.9216524216524217,0.4716981132075472,0.4807692307692308,55,0.4807692307692308,0.7692307692307693
5953.183955264161,664762.2115713916,0.4761904761904762,0.9216524216524217,0.4716981132075472,0.4807692307692308,55,0.4807692307692308,0.7692307692307693
5953.183955264161,664762.2115713916,0.4761904761904762,0.9216524216524217,0.4716981132075472,0.4807692307692308,55,0.4807692307692308,0.7692307692307693
5953.183955264161,664762.2115713916,0.4761904761904762,0.9216524216524217,0.4716981132075472,0.4807692307692308,55,0.4807692307692308,0.7692307692307693
5953.183955264161,664762.2115713916,0.4761904761904762,0.9216524216524217,0.4716981132075472,0.4807692307692308,55,0.4807692307692308,0.7692307692307693
5953.183955264161,664762.2115713916,0.4761904761904762,0.9216524216524217,0.4716981132075472,0.4807692307692308,55,0.4807692307692308,0.7692307692307693
5953.183955264161,664762.2115713916,0.4761904761904762,0.9216524216524217,0.4716981132075472,0.4807692307692308,55,0.4807692307692308,0.7692307692307693
5953.183955264161,664762.2115713916,0.4761904761904762,0.9216524216524217,0.4716981132075472,0.4807692307692308,55,0.4807692307692308,0.7692307692307693
5953.183955264161,664762.2115713916,0.4761904761904762,0.9216524216524217,0.4716981132075472,0.4807692307692308,55,0.4807692307692308,0.7692307692307693
5953.183955264161,664762.2115713916,0.4761904761904762,0.9216524216524217,0.4716981132075472,0.4807692307692308,55,0.4807692307692308,0.7692307692307693
5953.183955264161,664762.2115713916,0.4761904761904762,0.9216524216524217,0.4716981132075472,0.4807692307692308,55,0.4807692307692308,0.7692307692307693
5953.183955264161,664762.2115713916,0.4761904761904762,0.9216524216524217,0.4716981132075472,0.4807692307692308,55,0.4807692307692308,0.7692307692307693
5953.183955264161,664762.2115713916,0.4761904761904762,0.9216524216524217,0.4716981132075472,0.4807692307692308,55,0.4807692307692308,0.7692307692307693
5953.183955264161,664762.2115713916,0.4761904761904762,0.9216524216524217,0.4716981132075472,0.4807692307692308,55,0.4807692307692308,0.7692307692307693
5953.183955264161,664762.2115713916,0.4761904761904762,0.9216524216524217,0.4716981132075472,0.4807692307692308,55,0.4807692307692308,0.7692307692307693
5953.183955264161,664762.2115713916,0.4761904761904762,0.9216524216524217,0.4716981132075472,0.4807692307692308,55,0.4807692307692308,0.7692307692307693
5953.183955264161,664762.2115713916,0.4761904761904762,0.9216524216524217,0.4716981132075472,0.4807692307692308,55,0.4807692307692308,0.7692307692307693
5953.183955264161,664762.2115713916,0.4761904761904762,0.9216524216524217,0.4716981132075472,0.4807692307692308,55,0.4807692307692308,0.7692307692307693
5953.183955264161,664762.2115713916,0.4761904761904762,0.9216524216524217,0.4716981132075472,0.4807692307692308,55,0.4807692307692308,0.7692307692307693
5953.183955264161,664762.2115713916,0.4761904761904762,0.9216524216524217,0.4716981132075472,0.4807692307692308,55,0.4807692307692308,0.7692307692307693
5953.183955264161,664762.2115713916,0.4761904761904762,0.9216524216524217,0.4716981132075472,0.4807692307692308,55,0.4807692307692308,0.7692307692307693
5953.183955264161,664762.2115713916,0.4761904761904762,0.9216524216524217,0.4716981132075472,0.4807692307692308,55,0.4807692307692308,0.7692307692307693
5953.183955264161,664762.2115713916,0.4761904761904762,0.9216524216524217,0.4716981132075472,0.4807692307692308,55,0.4807692307692308,0.7692307692307693
5953.183955264161,664762.2115713916,0.4761904761904762,0.9216524216524217,0.4716981132075472,0.4807692307692308,55,0.4807692307692308,0.7692307692307693
5953.183955264161,664762.2115713916,0.4761904761904762,0.9216524216524217,0.4716981132075472,0.4807692307692308,55,0.4807692307692308,0.7692307692307693
5953.183955264161,664762.2115713916,0.4761904761904762,0.9216524216524217,0.4716981132075472,0.4807692307692308,55,0.4807692307692308,0.7692307692307693
5953.183955264161,664762.2115713916,0.4761904761904762,0.9216524216524217,0.4716981132075472,0.4807692307692308,55,0.4807692307692308,0.7692307692307693
5953.183955264161,664762.2115713916,0.4761904761904762,0.9216524216524217,0.4716981132075472,0.4807692307692308,55,0.4807692307692308,0.7692307692307693
5953.183955264161,664762.2115713916,0.4761904761904762,0.9216524216524217,0.4716981132075472,0.4807692307692308,55,0.4807692307692308,0.7692307692307693
5953.183955264161,664762.2115713916,0.4761904761904762,0.9216524216524217,0.4716981132075472,0.4807692307692308,55,0.4807692307692308,0.7692307692307693
5953.183955264161,664762.2115713916,0.4761904761904762,0.9216524216524217,0.4716981132075472,0.4807692307692308,55,0.4807692307692308,0.7692307692307693
5953.183955264161,664762.2115713916,0.4761904761904762,0.9216524216524217,0.4716981132075472,0.4807692307692308,55,0.4807692307692308,0.7692307692307693
5953.183955264161,664762.2115713916,0.4761904761904762,0.9216524216524217,0.4716981132075472,0.4807692307692308,55,0.4807692307692308,0.7692307692307693
5953.183955264161,664762.2115713916,0.4761904761904762,0.9216524216524217,0.4716981132075472,0.4807692307692308,55,0.4807692307692308,0.7692307692307693
5953.183955264161,664762.2115713916,0.4761904761904762,0.9216524216524217,0.4716981132075472,0.4807692307692308,55,0.4807692307692308,0.7692307692307693
5953.183955264161,664762.2115713916,0.4761904761904762,0.9216524216524217,0.4716981132075472,0.4807692307692308,55,0.4807692307692308,0.7692307692307693
5953.183955264161,664762.2115713916,0.4761904761904762,0.9216524216524217,0.4716981132075472,0.4807692307692308,55,0.4807692307692308,0.7692307692307693
5953.183955264161,664762.2115713916,0.4761904761904762,0.9216524216524217,0.4716981132075472,0.4807692307692308,55,0.4807692307692308,0.7692307692307693
5953.183955264161,664762.2115713916,0.4761904761904762,0.9216524216524217,0.4716981132075472,0.4807692307692308,55,0.4807692307692308,0.7692307692307693
5953.183955264161,664762.2115713916,0.4761904761904762,0.9216524216524217,0.4716981132075472,0.4807692307692308,55,0.4807692307692308,0.7692307692307693
5953.183955264161,664762.2115713916,0.4761904761904762,0.9216524216524217,0.4716981132075472,0.4807692307692308,55,0.4807692307692308,0.7692307692307693
5953.183955264161,664762.2115713916,0.4761904761904762,0.9216524216524217,0.4716981132075472,0.4807692307692308,55,0.4807692307692308,0.7692307692307693
5953.183955264161,664762.2115713916,0.4761904761904762,0.9216524216524217,0.4716981132075472,0.4807692307692308,55,0.4807692307692308,0.7692307692307693
5953.183955264161,664762.2115713916,0.4761904761904762,0.9216524216524217,0.4716981132075472,0.4807692307692308,55,0.4807692307692308,0.7692307692307693
5953.183955264161,664762.2115713916,0.4761904761904762,0.9216524216524217,0.4716981132075472,0.4807692307692308,55,0.4807692307692308,0.7692307692307693
5953.183955264161,664762.2115713916,0.4761904761904762,0.9216524216524217,0.4716981132075472,0.4807692307692308,55,0.4807692307692308,0.7692307692307693
5953.183955264161,664762.2115713916,0.4761904761904762,0.9216524216524217,0.4716981132075472,0.4807692307692308,55,0.4807692307692308,0.7692307692307693
5953.183955264161,664762.2115713916,0.4761904761904762,0.9216524216524217,0.4716981132075472,0.4807692307692308,55,0.4807692307692308,0.7692307692307693
5953.183955264161,664762.2115713916,0.4761904761904762,0.9216524216524217,0.4716981132075472,0.4807692307692308,55,0.4807692307692308,0.7692307692307693
5953.183955264161,664762.2115713916,0.4761904761904762,0.9216524216524217,0.4716981132075472,0.4807692307692308,55,0.4807692307692308,0.7692307692307693
5953.183955264161,664762.2115713916,0.4761904761904762,0.9216524216524217,0.4716981132075472,0.4807692307692308,55,0.4807692307692308,0.7692307692307693
5953.183955264161,664762.2115713916,0.4761904761904762,0.9216524216524217,0.4716981132075472,0.4807692307692308,55,0.4807692307692308,0.7692307692307693
5953.183955264161,664762.2115713916,0.4761904761904762,0.9216524216524217,0.4716981132075472,0.4807692307692308,55,0.4807692307692308,0.7692307692307693
5953.183955264161,664762.2115713916,0.4761904761904762,0.9216524216524217,0.4716981132075472,0.4807692307692308,55,0.4807692307692308,0.7692307692307693
5953.183955264161,664762.2115713916,0.4761904761904762,0.9216524216524217,0.4716981132075472,0.4807692307692308,55,0.4807692307692308,0.7692307692307693
5953.183955264161,664762.2115713916,0.4761904761904762,0.9216524216524217,0.4716981132075472,0.4807692307692308,55,0.4807692307692308,0.7692307692307693
5953.183955264161,664762.2115713916,0.4761904761904762,0.9216524216524217,0.4716981132075472,0.4807692307692308,55,0.4807692307692308,0.7692307692307693
5953.183955264161,664762.2115713916,0.4761904761904762,0.9216524216524217,0.4716981132075472,0.4807692307692308,55,0.4807692307692308,0.7692307692307693
5953.183955264161,664762.2115713916,0.4761904761904762,0.9216524216524217,0.4716981132075472,0.4807692307692308,55,0.4807692307692308,0.7692307692307693
5953.183955264161,664762.2115713916,0.4761904761904762,0.9216524216524217,0.4716981132075472,0.4807692307692308,55,0.4807692307692308,0.7692307692307693
5953.183955264161,664762.2115713916,0.4761904761904762,0.9216524216524217,0.4716981132075472,0.4807692307692308,55,0.4807692307692308,0.7692307692307693
5953.183955264161,664762.2115713916,0.4761904761904762,0.9216524216524217,0.4716981132075472,0.4807692307692308,55,0.4807692307692308,0.7692307692307693
5953.183955264161,664762.2115713916,0.4761904761904762,0.9216524216524217,0.4716981132075472,0.4807692307692308,55,0.4807692307692308,0.7692307692307693
5953.183955264161,664762.2115713916,0.4761904761904762,0.9216524216524217,0.4716981132075472,0.4807692307692308,55,0.4807692307692308,0.7692307692307693
5953.183955264161,664762.2115713916,0.4761904761904762,0.9216524216524217,0.4716981132075472,0.4807692307692308,55,0.4807692307692308,0.7692307692307693
5953.183955264161,664762.2115713916,0.4761904761904762,0.9216524216524217,0.4716981132075472,0.4807692307692308,55,0.4807692307692308,0.7692307692307693
5953.183955264161,664762.2115713916,0.4761904761904762,0.9216524216524217,0.4716981132075472,0.4807692307692308,55,0.4807692307692308,0.7692307692307693
5953.183955264161,664762.2115713916,0.4761904761904762,0.9216524216524217,0.4716981132075472,0.4807692307692308,55,0.4807692307692308,0.7692307692307693
5953.183955264161,664762.2115713916,0.4761904761904762,0.9216524216524217,0.4716981132075472,0.4807692307692308,55,0.4807692307692308,0.7692307692307693
5953.183955264161,664762.2115713916,0.4761904761904762,0.9216524216524217,0.4716981132075472,0.4807692307692308,55,0.4807692307692308,0.7692307692307693
5953.183955264161,664762.2115713916,0.4761904761904762,0.9216524216524217,0.4716981132075472,0.4807692307692308,55,0.4807692307692308,0.7692307692307693
5953.183955264161,664762.2115713916,0.4761904761904762,0.9216524216524217,0.4716981132075472,0.4807692307692308,55,0.4807692307692308,0.7692307692307693
5953.183955264161,664762.2115713916,0.4761904761904762,0.9216524216524217,0.4716981132075472,0.4807692307692308,55,0.4807692307692308,0.7692307692307693
5953.183955264161,664762.2115713916,0.4761904761904762,0.9216524216524217,0.4716981132075472,0.4807692307692308,55,0.4807692307692308,0.7692307692307693
5953.183955264161,664762.2115713916,0.4761904761904762,0.9216524216524217,0.4716981132075472,0.4807692307692308,55,0.4807692307692308,0.7692307692307693
5953.183955264161,664762.2115713916,0.4761904761904762,0.9216524216524217,0.4716981132075472,0.4807692307692308,55,0.4807692307692308,0.7692307692307693
5953.183955264161,664762.2115713916,0.4761904761904762,0.9216524216524217,0.4716981132075472,0.4807692307692308,55,0.4807692307692308,0.7692307692307693
5953.183955264161,664762.2115713916,0.4761904761904762,0.9216524216524217,0.4716981132075472,0.4807692307692308,55,0.4807692307692308,0.7692307692307693
5953.183955264161,664762.2115713916,0.4761904761904762,0.9216524216524217,0.4716981132075472,0.4807692307692308,55,0.4807692307692308,0.7692307692307693
5953.183955264161,664762.2115713916,0.4761904761904762,0.9216524216524217,0.4716981132075472,0.4807692307692308,55,0.4807692307692308,0.7692307692307693
5953.183955264161,664762.2115713916,0.4761904761904762,0.9216524216524217,0.4716981132075472,0.4807692307692308,55,0.4807692307692308,0.7692307692307693
5953.183955264161,664762.2115713916,0.4761904761904762,0.9216524216524217,0.4716981132075472,0.4807692307692308,55,0.4807692307692308,0.7692307692307693
5953.183955264161,664762.2115713916,0.4761904761904762,0.9216524216524217,0.4716981132075472,0.4807692307692308,55,0.4807692307692308,0.7692307692307693
5953.183955264161,664762.2115713916,0.4761904761904762,0.9216524216524217,0.4716981132075472,0.4807692307692308,55,0.4807692307692308,0.7692307692307693
5953.183955264161,664762.2115713916,0.4761904761904762,0.9216524216524217,0.4716981132075472,0.4807692307692308,55,0.4807692307692308,0.7692307692307693
5953.183955264161,664762.2115713916,0.4761904761904762,0.9216524216524217,0.4716981132075472,0.4807692307692308,55,0.4807692307692308,0.7692307692307693
5953.183955264161,664762.2115713916,0.4761904761904762,0.9216524216524217,0.4716981132075472,0.4807692307692308,55,0.4807692307692308,0.7692307692307693
5953.183955264161,664762.2115713916,0.4761904761904762,0.9216524216524217,0.4716981132075472,0.4807692307692308,55,0.4807692307692308,0.7692307692307693
5953.183955264161,664762.2115713916,0.4761904761904762,0.9216524216524217,0.4716981132075472,0.4807692307692308,55,0.4807692307692308,0.7692307692307693
5953.183955264161,664762.2115713916,0.4761904761904762,0.9216524216524217,0.4716981132075472,0.4807692307692308,55,0.4807692307692308,0.7692307692307693
5953.183955264161,664762.2115713916,0.4761904761904762,0.9216524216524217,0.4716981132075472,0.4807692307692308,55,0.4807692307692308,0.7692307692307693
5953.183955264161,664762.2115713916,0.4761904761904762,0.9216524216524217,0.4716981132075472,0.4807692307692308,55,0.4807692307692308,0.7692307692307693
5953.183955264161,664762.2115713916,0.4761904761904762,0.9216524216524217,0.4716981132075472,0.4807692307692308,55,0.4807692307692308,0.7692307692307693
5953.183955264161,664762.2115713916,0.4761904761904762,0.9216524216524217,0.4716981132075472,0.4807692307692308,55,0.4807692307692308,0.7692307692307693
5953.183955264161,664762.2115713916,0.4761904761904762,0.9216524216524217,0.4716981132075472,0.4807692307692308,55,0.4807692307692308,0.7692307692307693
5953.183955264161,664762.2115713916,0.4761904761904762,0.9216524216524217,0.4716981132075472,0.4807692307692308,55,0.4807692307692308,0.7692307692307693
5953.183955264161,664762.2115713916,0.4761904761904762,0.9216524216524217,0.4716981132075472,0.4807692307692308,55,0.4807692307692308,0.7692307692307693
5953.183955264161,664762.2115713916,0.4761904761904762,0.9216524216524217,0.4716981132075472,0.4807692307692308,55,0.4807692307692308,0.7692307692307693
