BIC - Goal,BIC,F1 Score,Accuracy,Precision,Recall,SHD,SLF,TLF
219485.28772892,877620.2113236977,0.10909090909090909,0.8603988603988604,0.10344827586206896,0.11538461538461539,98,0.11538461538461539,0.21153846153846154
193504.23939372913,851639.1629885068,0.07766990291262137,0.8646723646723646,0.0784313725490196,0.07692307692307693,95,0.07692307692307693,0.23076923076923078
193504.23939372913,851639.1629885068,0.07766990291262137,0.8646723646723646,0.0784313725490196,0.07692307692307693,95,0.07692307692307693,0.23076923076923078
176387.32925443118,834522.2528492089,0.09615384615384616,0.8660968660968661,0.09615384615384616,0.09615384615384616,94,0.09615384615384616,0.23076923076923078
155207.75495565962,813342.6785504373,0.11538461538461539,0.8689458689458689,0.11538461538461539,0.11538461538461539,92,0.11538461538461539,0.2692307692307692
155058.46690480062,813193.3904995783,0.11650485436893204,0.8703703703703703,0.11764705882352941,0.11538461538461539,91,0.11538461538461539,0.2692307692307692
141530.21044072823,799665.1340355059,0.09803921568627451,0.8689458689458689,0.1,0.09615384615384616,92,0.09615384615384616,0.28846153846153844
127410.417506053,785545.3411008307,0.09345794392523364,0.8618233618233618,0.09090909090909091,0.09615384615384616,97,0.09615384615384616,0.28846153846153844
106200.56535035023,764335.4889451279,0.11764705882352941,0.8717948717948718,0.12,0.11538461538461539,90,0.11538461538461539,0.3076923076923077
99744.62892617099,757879.5525209487,0.14814814814814817,0.8689458689458689,0.14285714285714285,0.15384615384615385,92,0.15384615384615385,0.34615384615384615
94419.03102045867,752553.9546152364,0.1509433962264151,0.8717948717948718,0.14814814814814814,0.15384615384615385,90,0.15384615384615385,0.36538461538461536
93411.39126133732,751546.314856115,0.1523809523809524,0.8732193732193733,0.1509433962264151,0.15384615384615385,89,0.15384615384615385,0.38461538461538464
88755.55654682813,746890.4801416058,0.11428571428571428,0.8675213675213675,0.11320754716981132,0.11538461538461539,93,0.11538461538461539,0.34615384615384615
79837.48150119116,737972.4050959689,0.14814814814814817,0.8689458689458689,0.14285714285714285,0.15384615384615385,92,0.15384615384615385,0.38461538461538464
77933.30576638388,736068.2293611616,0.16216216216216217,0.8675213675213675,0.15254237288135594,0.17307692307692307,93,0.17307692307692307,0.40384615384615385
76956.88015191606,735091.8037466938,0.1415929203539823,0.8618233618233618,0.13114754098360656,0.15384615384615385,97,0.15384615384615385,0.38461538461538464
71157.42991580453,729292.3535105822,0.17699115044247787,0.8675213675213675,0.16393442622950818,0.19230769230769232,93,0.19230769230769232,0.4230769230769231
69721.39615937136,727856.3197541491,0.17699115044247787,0.8675213675213675,0.16393442622950818,0.19230769230769232,93,0.19230769230769232,0.4230769230769231
69131.77584785072,727266.6994426284,0.19469026548672566,0.8703703703703703,0.18032786885245902,0.21153846153846154,91,0.21153846153846154,0.4423076923076923
62088.69886579586,720223.6224605736,0.20689655172413793,0.8689458689458689,0.1875,0.23076923076923078,92,0.23076923076923078,0.46153846153846156
57220.29505967838,715355.2186544561,0.1896551724137931,0.8660968660968661,0.171875,0.21153846153846154,94,0.21153846153846154,0.4423076923076923
57220.29505967838,715355.2186544561,0.1896551724137931,0.8660968660968661,0.171875,0.21153846153846154,94,0.21153846153846154,0.4423076923076923
55773.53088521527,713908.454479993,0.191304347826087,0.8675213675213675,0.1746031746031746,0.21153846153846154,93,0.21153846153846154,0.4423076923076923
54577.144566979376,712712.0681617571,0.2033898305084746,0.8660968660968661,0.18181818181818182,0.23076923076923078,94,0.23076923076923078,0.46153846153846156
54454.418081794516,712589.3416765722,0.20689655172413793,0.8689458689458689,0.1875,0.23076923076923078,92,0.23076923076923078,0.46153846153846156
50729.28929784824,708864.212892626,0.22413793103448276,0.8717948717948718,0.203125,0.25,90,0.25,0.4807692307692308
47629.98146608297,705764.9050608607,0.22807017543859648,0.8746438746438746,0.20967741935483872,0.25,88,0.25,0.4807692307692308
43156.020763546345,701290.944358324,0.22413793103448276,0.8717948717948718,0.203125,0.25,90,0.25,0.4807692307692308
42977.038117030985,701111.9617118087,0.22608695652173913,0.8732193732193733,0.20634920634920634,0.25,89,0.25,0.4807692307692308
41529.26555101713,699664.1891457948,0.23636363636363636,0.8803418803418803,0.22413793103448276,0.25,84,0.25,0.4807692307692308
40582.55759216612,698717.4811869438,0.23636363636363636,0.8803418803418803,0.22413793103448276,0.25,84,0.25,0.4807692307692308
39919.55727800878,698054.4808727865,0.22807017543859648,0.8746438746438746,0.20967741935483872,0.25,88,0.25,0.4807692307692308
39919.55727800878,698054.4808727865,0.22807017543859648,0.8746438746438746,0.20967741935483872,0.25,88,0.25,0.4807692307692308
36995.88190781558,695130.8055025933,0.2456140350877193,0.8774928774928775,0.22580645161290322,0.2692307692307692,86,0.2692307692307692,0.5
36146.61783455312,694281.5414293308,0.2456140350877193,0.8774928774928775,0.22580645161290322,0.2692307692307692,86,0.2692307692307692,0.5
32561.707747493754,690696.6313422715,0.2689075630252101,0.8760683760683761,0.23880597014925373,0.3076923076923077,87,0.3076923076923077,0.5576923076923077
30905.43218419992,689040.3557789776,0.2931034482758621,0.8831908831908832,0.265625,0.3269230769230769,82,0.3269230769230769,0.5576923076923077
30109.614486607607,688244.5380813853,0.288135593220339,0.8803418803418803,0.25757575757575757,0.3269230769230769,84,0.3269230769230769,0.5576923076923077
29157.82018979173,687292.7437845694,0.2711864406779661,0.8774928774928775,0.24242424242424243,0.3076923076923077,86,0.3076923076923077,0.5384615384615384
28572.73489778978,686707.6584925675,0.27586206896551724,0.8803418803418803,0.25,0.3076923076923077,84,0.3076923076923077,0.5384615384615384
27581.778456076863,685716.7020508546,0.2931034482758621,0.8831908831908832,0.265625,0.3269230769230769,82,0.3269230769230769,0.5384615384615384
25619.051117064315,683753.974711842,0.3076923076923077,0.8846153846153846,0.27692307692307694,0.34615384615384615,81,0.34615384615384615,0.5576923076923077
25161.31811672263,683296.2417115003,0.3076923076923077,0.8846153846153846,0.27692307692307694,0.34615384615384615,81,0.34615384615384615,0.5576923076923077
23967.194600189454,682102.1181949672,0.3130434782608696,0.8874643874643875,0.2857142857142857,0.34615384615384615,79,0.34615384615384615,0.5576923076923077
23703.370236920542,681838.2938316982,0.3025210084033613,0.8817663817663818,0.26865671641791045,0.34615384615384615,83,0.34615384615384615,0.5576923076923077
21883.990629022475,680018.9142238002,0.3076923076923077,0.8846153846153846,0.27692307692307694,0.34615384615384615,81,0.34615384615384615,0.5769230769230769
21784.202611697605,679919.1262064753,0.3103448275862069,0.886039886039886,0.28125,0.34615384615384615,80,0.34615384615384615,0.5769230769230769
21348.279768612585,679483.2033633903,0.3157894736842105,0.8888888888888888,0.2903225806451613,0.34615384615384615,78,0.34615384615384615,0.5769230769230769
21174.244345545303,679309.167940323,0.3130434782608696,0.8874643874643875,0.2857142857142857,0.34615384615384615,79,0.34615384615384615,0.5769230769230769
21174.244345545303,679309.167940323,0.3130434782608696,0.8874643874643875,0.2857142857142857,0.34615384615384615,79,0.34615384615384615,0.5769230769230769
21017.770842015743,679152.6944367934,0.3157894736842105,0.8888888888888888,0.2903225806451613,0.34615384615384615,78,0.34615384615384615,0.5769230769230769
19557.71983715531,677692.643431933,0.33333333333333337,0.8917378917378918,0.3064516129032258,0.36538461538461536,76,0.36538461538461536,0.5961538461538461
18898.310685303528,677033.2342800812,0.33043478260869563,0.8903133903133903,0.30158730158730157,0.36538461538461536,77,0.36538461538461536,0.5961538461538461
18159.307327041053,676294.2309218188,0.3389830508474576,0.8888888888888888,0.30303030303030304,0.38461538461538464,78,0.38461538461538464,0.6153846153846154
17798.918247138732,675933.8418419164,0.3418803418803419,0.8903133903133903,0.3076923076923077,0.38461538461538464,77,0.38461538461538464,0.6153846153846154
17418.947463035933,675553.8710578136,0.35398230088495575,0.896011396011396,0.32786885245901637,0.38461538461538464,73,0.38461538461538464,0.6153846153846154
16666.87623038958,674801.7998251673,0.3418803418803419,0.8903133903133903,0.3076923076923077,0.38461538461538464,77,0.38461538461538464,0.6346153846153846
15924.209202754195,674059.1327975319,0.34782608695652173,0.8931623931623932,0.31746031746031744,0.38461538461538464,75,0.38461538461538464,0.6346153846153846
15675.683723308612,673810.6073180863,0.35,0.8888888888888888,0.3088235294117647,0.40384615384615385,78,0.40384615384615385,0.6346153846153846
12991.202126179822,671126.1257209575,0.35,0.8888888888888888,0.3088235294117647,0.40384615384615385,78,0.40384615384615385,0.6346153846153846
12129.268651403021,670264.1922461807,0.35593220338983045,0.8917378917378918,0.3181818181818182,0.40384615384615385,76,0.40384615384615385,0.6538461538461539
11699.68794292654,669834.6115377042,0.36206896551724144,0.8945868945868946,0.328125,0.40384615384615385,74,0.40384615384615385,0.6538461538461539
11328.875427651103,669463.7990224288,0.36521739130434777,0.896011396011396,0.3333333333333333,0.40384615384615385,73,0.40384615384615385,0.6538461538461539
11160.57669079944,669295.5002855771,0.36206896551724144,0.8945868945868946,0.328125,0.40384615384615385,74,0.40384615384615385,0.6538461538461539
10843.295698558562,668978.2192933363,0.3684210526315789,0.8974358974358975,0.3387096774193548,0.40384615384615385,72,0.40384615384615385,0.6538461538461539
10621.316528643365,668756.2401234211,0.36206896551724144,0.8945868945868946,0.328125,0.40384615384615385,74,0.40384615384615385,0.6538461538461539
10621.316528643365,668756.2401234211,0.36206896551724144,0.8945868945868946,0.328125,0.40384615384615385,74,0.40384615384615385,0.6538461538461539
10621.316528643365,668756.2401234211,0.36206896551724144,0.8945868945868946,0.328125,0.40384615384615385,74,0.40384615384615385,0.6538461538461539
10621.316528643365,668756.2401234211,0.36206896551724144,0.8945868945868946,0.328125,0.40384615384615385,74,0.40384615384615385,0.6538461538461539
10303.139829245512,668438.0634240232,0.3684210526315789,0.8974358974358975,0.3387096774193548,0.40384615384615385,72,0.40384615384615385,0.6538461538461539
9988.205683888751,668123.1292786665,0.3716814159292035,0.8988603988603988,0.3442622950819672,0.40384615384615385,71,0.40384615384615385,0.6538461538461539
9988.205683888751,668123.1292786665,0.3716814159292035,0.8988603988603988,0.3442622950819672,0.40384615384615385,71,0.40384615384615385,0.6538461538461539
9886.556635518325,668021.480230296,0.375,0.9002849002849003,0.35,0.40384615384615385,70,0.40384615384615385,0.6538461538461539
9835.651768095908,667970.5753628736,0.3716814159292035,0.8988603988603988,0.3442622950819672,0.40384615384615385,71,0.40384615384615385,0.6538461538461539
9835.651768095908,667970.5753628736,0.3716814159292035,0.8988603988603988,0.3442622950819672,0.40384615384615385,71,0.40384615384615385,0.6538461538461539
9835.651768095908,667970.5753628736,0.3716814159292035,0.8988603988603988,0.3442622950819672,0.40384615384615385,71,0.40384615384615385,0.6538461538461539
9757.437644036137,667892.3612388138,0.375,0.9002849002849003,0.35,0.40384615384615385,70,0.40384615384615385,0.6538461538461539
9599.529701204621,667734.4532959823,0.375,0.9002849002849003,0.35,0.40384615384615385,70,0.40384615384615385,0.6538461538461539
9545.507526822039,667680.4311215997,0.3783783783783784,0.9017094017094017,0.3559322033898305,0.40384615384615385,69,0.40384615384615385,0.6538461538461539
9263.260410079849,667398.1840048576,0.3818181818181818,0.9031339031339032,0.3620689655172414,0.40384615384615385,68,0.40384615384615385,0.6538461538461539
9133.176058837329,667268.099653615,0.3603603603603604,0.8988603988603988,0.3389830508474576,0.38461538461538464,71,0.38461538461538464,0.6538461538461539
9068.983627988608,667203.9072227663,0.375,0.9002849002849003,0.35,0.40384615384615385,70,0.40384615384615385,0.6538461538461539
8600.814409598592,666735.7380043763,0.3818181818181818,0.9031339031339032,0.3620689655172414,0.40384615384615385,68,0.40384615384615385,0.6538461538461539
8600.814409598592,666735.7380043763,0.3818181818181818,0.9031339031339032,0.3620689655172414,0.40384615384615385,68,0.40384615384615385,0.6538461538461539
8539.68143837608,666674.6050331538,0.3853211009174312,0.9045584045584045,0.3684210526315789,0.40384615384615385,67,0.40384615384615385,0.6538461538461539
8483.274394673994,666618.1979894517,0.3636363636363637,0.9002849002849003,0.3448275862068966,0.38461538461538464,70,0.38461538461538464,0.6538461538461539
8333.506970644346,666468.430565422,0.3703703703703704,0.9031339031339032,0.35714285714285715,0.38461538461538464,68,0.38461538461538464,0.6538461538461539
8176.088748140144,666311.0123429178,0.3853211009174312,0.9045584045584045,0.3684210526315789,0.40384615384615385,67,0.40384615384615385,0.6730769230769231
8176.088748140144,666311.0123429178,0.3853211009174312,0.9045584045584045,0.3684210526315789,0.40384615384615385,67,0.40384615384615385,0.6730769230769231
8176.088748140144,666311.0123429178,0.3853211009174312,0.9045584045584045,0.3684210526315789,0.40384615384615385,67,0.40384615384615385,0.6730769230769231
8176.088748140144,666311.0123429178,0.3853211009174312,0.9045584045584045,0.3684210526315789,0.40384615384615385,67,0.40384615384615385,0.6730769230769231
8164.272986563388,666299.1965813411,0.3783783783783784,0.9017094017094017,0.3559322033898305,0.40384615384615385,69,0.40384615384615385,0.6730769230769231
8045.371464041644,666180.2950588193,0.3818181818181818,0.9031339031339032,0.3620689655172414,0.40384615384615385,68,0.40384615384615385,0.6730769230769231
8034.508123775246,666169.431718553,0.3818181818181818,0.9031339031339032,0.3620689655172414,0.40384615384615385,68,0.40384615384615385,0.6730769230769231
7995.995647968841,666130.9192427465,0.3853211009174312,0.9045584045584045,0.3684210526315789,0.40384615384615385,67,0.40384615384615385,0.6730769230769231
7995.995647968841,666130.9192427465,0.3853211009174312,0.9045584045584045,0.3684210526315789,0.40384615384615385,67,0.40384615384615385,0.6730769230769231
7995.995647968841,666130.9192427465,0.3853211009174312,0.9045584045584045,0.3684210526315789,0.40384615384615385,67,0.40384615384615385,0.6730769230769231
7974.7518041258445,666109.6753989035,0.3818181818181818,0.9031339031339032,0.3620689655172414,0.40384615384615385,68,0.40384615384615385,0.6730769230769231
7974.7518041258445,666109.6753989035,0.3818181818181818,0.9031339031339032,0.3620689655172414,0.40384615384615385,68,0.40384615384615385,0.6730769230769231
7945.624191273586,666080.5477860513,0.3853211009174312,0.9045584045584045,0.3684210526315789,0.40384615384615385,67,0.40384615384615385,0.6730769230769231
7945.624191273586,666080.5477860513,0.3853211009174312,0.9045584045584045,0.3684210526315789,0.40384615384615385,67,0.40384615384615385,0.6730769230769231
7945.624191273586,666080.5477860513,0.3853211009174312,0.9045584045584045,0.3684210526315789,0.40384615384615385,67,0.40384615384615385,0.6730769230769231
7908.589589390787,666043.5131841685,0.4,0.905982905982906,0.3793103448275862,0.4230769230769231,66,0.4230769230769231,0.6730769230769231
7750.231119636563,665885.1547144143,0.4036697247706422,0.9074074074074074,0.38596491228070173,0.4230769230769231,65,0.4230769230769231,0.6730769230769231
7649.865904811071,665784.7894995888,0.4112149532710281,0.9102564102564102,0.4,0.4230769230769231,63,0.4230769230769231,0.6730769230769231
7628.622060968191,665763.5456557459,0.4074074074074074,0.9088319088319088,0.39285714285714285,0.4230769230769231,64,0.4230769230769231,0.6730769230769231
7628.622060968191,665763.5456557459,0.4074074074074074,0.9088319088319088,0.39285714285714285,0.4230769230769231,64,0.4230769230769231,0.6730769230769231
7628.622060968191,665763.5456557459,0.4074074074074074,0.9088319088319088,0.39285714285714285,0.4230769230769231,64,0.4230769230769231,0.6730769230769231
7625.678204121999,665760.6017988997,0.4036697247706422,0.9074074074074074,0.38596491228070173,0.4230769230769231,65,0.4230769230769231,0.6730769230769231
7625.678204121999,665760.6017988997,0.4036697247706422,0.9074074074074074,0.38596491228070173,0.4230769230769231,65,0.4230769230769231,0.6730769230769231
7625.678204121999,665760.6017988997,0.4036697247706422,0.9074074074074074,0.38596491228070173,0.4230769230769231,65,0.4230769230769231,0.6730769230769231
7625.678204121999,665760.6017988997,0.4036697247706422,0.9074074074074074,0.38596491228070173,0.4230769230769231,65,0.4230769230769231,0.6730769230769231
7625.678204121999,665760.6017988997,0.4036697247706422,0.9074074074074074,0.38596491228070173,0.4230769230769231,65,0.4230769230769231,0.6730769230769231
7625.678204121999,665760.6017988997,0.4036697247706422,0.9074074074074074,0.38596491228070173,0.4230769230769231,65,0.4230769230769231,0.6730769230769231
7609.754681773484,665744.6782765512,0.41818181818181815,0.9088319088319088,0.39655172413793105,0.4423076923076923,64,0.4423076923076923,0.6923076923076923
7451.396212019259,665586.319806797,0.42201834862385323,0.9102564102564102,0.40350877192982454,0.4423076923076923,63,0.4423076923076923,0.6923076923076923
7451.396212019259,665586.319806797,0.42201834862385323,0.9102564102564102,0.40350877192982454,0.4423076923076923,63,0.4423076923076923,0.6923076923076923
7334.87091360148,665469.7945083792,0.42592592592592593,0.9116809116809117,0.4107142857142857,0.4423076923076923,62,0.4423076923076923,0.6923076923076923
7334.87091360148,665469.7945083792,0.42592592592592593,0.9116809116809117,0.4107142857142857,0.4423076923076923,62,0.4423076923076923,0.6923076923076923
7322.348070977256,665457.271665755,0.4299065420560747,0.9131054131054132,0.41818181818181815,0.4423076923076923,61,0.4423076923076923,0.6923076923076923
7322.348070977256,665457.271665755,0.4299065420560747,0.9131054131054132,0.41818181818181815,0.4423076923076923,61,0.4423076923076923,0.6923076923076923
6889.3330333638005,665024.2566281415,0.42201834862385323,0.9102564102564102,0.40350877192982454,0.4423076923076923,63,0.4423076923076923,0.6923076923076923
6851.758948790142,664986.6825435678,0.42592592592592593,0.9116809116809117,0.4107142857142857,0.4423076923076923,62,0.4423076923076923,0.6923076923076923
6851.758948790142,664986.6825435678,0.42592592592592593,0.9116809116809117,0.4107142857142857,0.4423076923076923,62,0.4423076923076923,0.6923076923076923
6851.758948790142,664986.6825435678,0.42592592592592593,0.9116809116809117,0.4107142857142857,0.4423076923076923,62,0.4423076923076923,0.6923076923076923
6788.980628797784,664923.9042235755,0.42201834862385323,0.9102564102564102,0.40350877192982454,0.4423076923076923,63,0.4423076923076923,0.6923076923076923
6690.092524868902,664825.0161196466,0.43636363636363634,0.9116809116809117,0.41379310344827586,0.46153846153846156,62,0.46153846153846156,0.7115384615384616
6631.4258135728305,664766.3494083505,0.44036697247706424,0.9131054131054132,0.42105263157894735,0.46153846153846156,61,0.46153846153846156,0.7115384615384616
6589.476354408194,664724.3999491859,0.4444444444444445,0.9145299145299145,0.42857142857142855,0.46153846153846156,60,0.46153846153846156,0.7115384615384616
6589.476354408194,664724.3999491859,0.4444444444444445,0.9145299145299145,0.42857142857142855,0.46153846153846156,60,0.46153846153846156,0.7115384615384616
6567.791634304915,664702.7152290826,0.44036697247706424,0.9131054131054132,0.42105263157894735,0.46153846153846156,61,0.46153846153846156,0.7115384615384616
6538.73949993751,664673.6630947152,0.44036697247706424,0.9131054131054132,0.42105263157894735,0.46153846153846156,61,0.46153846153846156,0.7115384615384616
6538.73949993751,664673.6630947152,0.44036697247706424,0.9131054131054132,0.42105263157894735,0.46153846153846156,61,0.46153846153846156,0.7115384615384616
6526.216657313285,664661.140252091,0.4444444444444445,0.9145299145299145,0.42857142857142855,0.46153846153846156,60,0.46153846153846156,0.7115384615384616
6526.216657313285,664661.140252091,0.4444444444444445,0.9145299145299145,0.42857142857142855,0.46153846153846156,60,0.46153846153846156,0.7115384615384616
6526.216657313285,664661.140252091,0.4444444444444445,0.9145299145299145,0.42857142857142855,0.46153846153846156,60,0.46153846153846156,0.7115384615384616
6526.216657313285,664661.140252091,0.4444444444444445,0.9145299145299145,0.42857142857142855,0.46153846153846156,60,0.46153846153846156,0.7115384615384616
6526.216657313285,664661.140252091,0.4444444444444445,0.9145299145299145,0.42857142857142855,0.46153846153846156,60,0.46153846153846156,0.7115384615384616
6526.216657313285,664661.140252091,0.4444444444444445,0.9145299145299145,0.42857142857142855,0.46153846153846156,60,0.46153846153846156,0.7115384615384616
6526.216657313285,664661.140252091,0.4444444444444445,0.9145299145299145,0.42857142857142855,0.46153846153846156,60,0.46153846153846156,0.7115384615384616
6496.944046846358,664631.8676416241,0.44036697247706424,0.9131054131054132,0.42105263157894735,0.46153846153846156,61,0.46153846153846156,0.7307692307692307
6496.944046846358,664631.8676416241,0.44036697247706424,0.9131054131054132,0.42105263157894735,0.46153846153846156,61,0.46153846153846156,0.7307692307692307
6482.84434005979,664617.7679348375,0.42592592592592593,0.9116809116809117,0.4107142857142857,0.4423076923076923,62,0.4423076923076923,0.7115384615384616
6482.84434005979,664617.7679348375,0.42592592592592593,0.9116809116809117,0.4107142857142857,0.4423076923076923,62,0.4423076923076923,0.7115384615384616
6482.84434005979,664617.7679348375,0.42592592592592593,0.9116809116809117,0.4107142857142857,0.4423076923076923,62,0.4423076923076923,0.7115384615384616
6482.84434005979,664617.7679348375,0.42592592592592593,0.9116809116809117,0.4107142857142857,0.4423076923076923,62,0.4423076923076923,0.7115384615384616
6482.84434005979,664617.7679348375,0.42592592592592593,0.9116809116809117,0.4107142857142857,0.4423076923076923,62,0.4423076923076923,0.7115384615384616
6482.84434005979,664617.7679348375,0.42592592592592593,0.9116809116809117,0.4107142857142857,0.4423076923076923,62,0.4423076923076923,0.7115384615384616
6482.84434005979,664617.7679348375,0.42592592592592593,0.9116809116809117,0.4107142857142857,0.4423076923076923,62,0.4423076923076923,0.7115384615384616
6482.84434005979,664617.7679348375,0.42592592592592593,0.9116809116809117,0.4107142857142857,0.4423076923076923,62,0.4423076923076923,0.7115384615384616
6482.84434005979,664617.7679348375,0.42592592592592593,0.9116809116809117,0.4107142857142857,0.4423076923076923,62,0.4423076923076923,0.7115384615384616
6482.84434005979,664617.7679348375,0.42592592592592593,0.9116809116809117,0.4107142857142857,0.4423076923076923,62,0.4423076923076923,0.7115384615384616
6482.84434005979,664617.7679348375,0.42592592592592593,0.9116809116809117,0.4107142857142857,0.4423076923076923,62,0.4423076923076923,0.7115384615384616
6365.8366899424,664500.7602847201,0.41818181818181815,0.9088319088319088,0.39655172413793105,0.4423076923076923,64,0.4423076923076923,0.7115384615384616
6312.2108451892855,664447.134439967,0.42201834862385323,0.9102564102564102,0.40350877192982454,0.4423076923076923,63,0.4423076923076923,0.7115384615384616
6312.2108451892855,664447.134439967,0.42201834862385323,0.9102564102564102,0.40350877192982454,0.4423076923076923,63,0.4423076923076923,0.7115384615384616
6312.2108451892855,664447.134439967,0.42201834862385323,0.9102564102564102,0.40350877192982454,0.4423076923076923,63,0.4423076923076923,0.7115384615384616
6312.2108451892855,664447.134439967,0.42201834862385323,0.9102564102564102,0.40350877192982454,0.4423076923076923,63,0.4423076923076923,0.7115384615384616
6266.189802184352,664401.113396962,0.41071428571428575,0.905982905982906,0.38333333333333336,0.4423076923076923,66,0.4423076923076923,0.7115384615384616
5252.511471870937,663387.4350666486,0.41818181818181815,0.9088319088319088,0.39655172413793105,0.4423076923076923,64,0.4423076923076923,0.7115384615384616
5252.511471870937,663387.4350666486,0.41818181818181815,0.9088319088319088,0.39655172413793105,0.4423076923076923,64,0.4423076923076923,0.7115384615384616
5252.511471870937,663387.4350666486,0.41818181818181815,0.9088319088319088,0.39655172413793105,0.4423076923076923,64,0.4423076923076923,0.7115384615384616
5080.990054645925,663215.9136494236,0.42201834862385323,0.9102564102564102,0.40350877192982454,0.4423076923076923,63,0.4423076923076923,0.7115384615384616
5080.990054645925,663215.9136494236,0.42201834862385323,0.9102564102564102,0.40350877192982454,0.4423076923076923,63,0.4423076923076923,0.7115384615384616
5080.990054645925,663215.9136494236,0.42201834862385323,0.9102564102564102,0.40350877192982454,0.4423076923076923,63,0.4423076923076923,0.7115384615384616
5080.990054645925,663215.9136494236,0.42201834862385323,0.9102564102564102,0.40350877192982454,0.4423076923076923,63,0.4423076923076923,0.7115384615384616
5080.990054645925,663215.9136494236,0.42201834862385323,0.9102564102564102,0.40350877192982454,0.4423076923076923,63,0.4423076923076923,0.7115384615384616
5073.406330634491,663208.3299254122,0.44036697247706424,0.9131054131054132,0.42105263157894735,0.46153846153846156,61,0.46153846153846156,0.7115384615384616
4668.330759339384,662803.2543541171,0.4444444444444445,0.9145299145299145,0.42857142857142855,0.46153846153846156,60,0.46153846153846156,0.7115384615384616
4668.330759339384,662803.2543541171,0.4444444444444445,0.9145299145299145,0.42857142857142855,0.46153846153846156,60,0.46153846153846156,0.7115384615384616
4668.330759339384,662803.2543541171,0.4444444444444445,0.9145299145299145,0.42857142857142855,0.46153846153846156,60,0.46153846153846156,0.7115384615384616
4668.330759339384,662803.2543541171,0.4444444444444445,0.9145299145299145,0.42857142857142855,0.46153846153846156,60,0.46153846153846156,0.7115384615384616
4668.330759339384,662803.2543541171,0.4444444444444445,0.9145299145299145,0.42857142857142855,0.46153846153846156,60,0.46153846153846156,0.7115384615384616
4668.330759339384,662803.2543541171,0.4444444444444445,0.9145299145299145,0.42857142857142855,0.46153846153846156,60,0.46153846153846156,0.7115384615384616
4668.330759339384,662803.2543541171,0.4444444444444445,0.9145299145299145,0.42857142857142855,0.46153846153846156,60,0.46153846153846156,0.7115384615384616
4668.330759339384,662803.2543541171,0.4444444444444445,0.9145299145299145,0.42857142857142855,0.46153846153846156,60,0.46153846153846156,0.7115384615384616
4668.330759339384,662803.2543541171,0.4444444444444445,0.9145299145299145,0.42857142857142855,0.46153846153846156,60,0.46153846153846156,0.7115384615384616
4668.330759339384,662803.2543541171,0.4444444444444445,0.9145299145299145,0.42857142857142855,0.46153846153846156,60,0.46153846153846156,0.7115384615384616
4668.330759339384,662803.2543541171,0.4444444444444445,0.9145299145299145,0.42857142857142855,0.46153846153846156,60,0.46153846153846156,0.7115384615384616
4512.91051827732,662647.834113055,0.4485981308411215,0.915954415954416,0.43636363636363634,0.46153846153846156,59,0.46153846153846156,0.7115384615384616
4492.712897275924,662627.6364920536,0.4528301886792453,0.9173789173789174,0.4444444444444444,0.46153846153846156,58,0.46153846153846156,0.7115384615384616
4492.712897275924,662627.6364920536,0.4528301886792453,0.9173789173789174,0.4444444444444444,0.46153846153846156,58,0.46153846153846156,0.7115384615384616
4492.712897275924,662627.6364920536,0.4528301886792453,0.9173789173789174,0.4444444444444444,0.46153846153846156,58,0.46153846153846156,0.7115384615384616
4377.142194036278,662512.065788814,0.4444444444444445,0.9145299145299145,0.42857142857142855,0.46153846153846156,60,0.46153846153846156,0.7115384615384616
4356.944573034882,662491.8681678126,0.4485981308411215,0.915954415954416,0.43636363636363634,0.46153846153846156,59,0.46153846153846156,0.7115384615384616
4356.944573034882,662491.8681678126,0.4485981308411215,0.915954415954416,0.43636363636363634,0.46153846153846156,59,0.46153846153846156,0.7115384615384616
4356.944573034882,662491.8681678126,0.4485981308411215,0.915954415954416,0.43636363636363634,0.46153846153846156,59,0.46153846153846156,0.7115384615384616
4356.944573034882,662491.8681678126,0.4485981308411215,0.915954415954416,0.43636363636363634,0.46153846153846156,59,0.46153846153846156,0.7115384615384616
4356.944573034882,662491.8681678126,0.4485981308411215,0.915954415954416,0.43636363636363634,0.46153846153846156,59,0.46153846153846156,0.7115384615384616
4356.944573034882,662491.8681678126,0.4485981308411215,0.915954415954416,0.43636363636363634,0.46153846153846156,59,0.46153846153846156,0.7115384615384616
4356.944573034882,662491.8681678126,0.4485981308411215,0.915954415954416,0.43636363636363634,0.46153846153846156,59,0.46153846153846156,0.7115384615384616
4356.944573034882,662491.8681678126,0.4485981308411215,0.915954415954416,0.43636363636363634,0.46153846153846156,59,0.46153846153846156,0.7115384615384616
4356.944573034882,662491.8681678126,0.4485981308411215,0.915954415954416,0.43636363636363634,0.46153846153846156,59,0.46153846153846156,0.7115384615384616
4356.944573034882,662491.8681678126,0.4485981308411215,0.915954415954416,0.43636363636363634,0.46153846153846156,59,0.46153846153846156,0.7115384615384616
4356.944573034882,662491.8681678126,0.4485981308411215,0.915954415954416,0.43636363636363634,0.46153846153846156,59,0.46153846153846156,0.7115384615384616
4356.944573034882,662491.8681678126,0.4485981308411215,0.915954415954416,0.43636363636363634,0.46153846153846156,59,0.46153846153846156,0.7115384615384616
4356.944573034882,662491.8681678126,0.4485981308411215,0.915954415954416,0.43636363636363634,0.46153846153846156,59,0.46153846153846156,0.7115384615384616
4356.944573034649,662491.8681678124,0.4672897196261683,0.9188034188034188,0.45454545454545453,0.4807692307692308,57,0.4807692307692308,0.7115384615384616
4093.7735783479875,662228.6971731257,0.4587155963302752,0.915954415954416,0.43859649122807015,0.4807692307692308,59,0.4807692307692308,0.7115384615384616
3527.8426695965463,661662.7662643743,0.46296296296296297,0.9173789173789174,0.44642857142857145,0.4807692307692308,58,0.4807692307692308,0.7115384615384616
3527.8426695965463,661662.7662643743,0.46296296296296297,0.9173789173789174,0.44642857142857145,0.4807692307692308,58,0.4807692307692308,0.7115384615384616
3527.8426695965463,661662.7662643743,0.46296296296296297,0.9173789173789174,0.44642857142857145,0.4807692307692308,58,0.4807692307692308,0.7115384615384616
3527.8426695965463,661662.7662643743,0.46296296296296297,0.9173789173789174,0.44642857142857145,0.4807692307692308,58,0.4807692307692308,0.7115384615384616
3527.8426695965463,661662.7662643743,0.46296296296296297,0.9173789173789174,0.44642857142857145,0.4807692307692308,58,0.4807692307692308,0.7115384615384616
3527.8426695965463,661662.7662643743,0.46296296296296297,0.9173789173789174,0.44642857142857145,0.4807692307692308,58,0.4807692307692308,0.7115384615384616
3527.8426695965463,661662.7662643743,0.46296296296296297,0.9173789173789174,0.44642857142857145,0.4807692307692308,58,0.4807692307692308,0.7115384615384616
3527.8426695965463,661662.7662643743,0.46296296296296297,0.9173789173789174,0.44642857142857145,0.4807692307692308,58,0.4807692307692308,0.7115384615384616
3527.8426695965463,661662.7662643743,0.46296296296296297,0.9173789173789174,0.44642857142857145,0.4807692307692308,58,0.4807692307692308,0.7115384615384616
3527.8426695965463,661662.7662643743,0.46296296296296297,0.9173789173789174,0.44642857142857145,0.4807692307692308,58,0.4807692307692308,0.7115384615384616
3527.8426695965463,661662.7662643743,0.46296296296296297,0.9173789173789174,0.44642857142857145,0.4807692307692308,58,0.4807692307692308,0.7115384615384616
3527.8426695965463,661662.7662643743,0.46296296296296297,0.9173789173789174,0.44642857142857145,0.4807692307692308,58,0.4807692307692308,0.7115384615384616
3527.8426695965463,661662.7662643743,0.46296296296296297,0.9173789173789174,0.44642857142857145,0.4807692307692308,58,0.4807692307692308,0.7115384615384616
3527.8426695965463,661662.7662643743,0.46296296296296297,0.9173789173789174,0.44642857142857145,0.4807692307692308,58,0.4807692307692308,0.7115384615384616
3116.153710080893,661251.0773048586,0.4672897196261683,0.9188034188034188,0.45454545454545453,0.4807692307692308,57,0.4807692307692308,0.7115384615384616
3116.153710080893,661251.0773048586,0.4672897196261683,0.9188034188034188,0.45454545454545453,0.4807692307692308,57,0.4807692307692308,0.7115384615384616
3116.153710080893,661251.0773048586,0.4672897196261683,0.9188034188034188,0.45454545454545453,0.4807692307692308,57,0.4807692307692308,0.7115384615384616
3116.153710080893,661251.0773048586,0.4672897196261683,0.9188034188034188,0.45454545454545453,0.4807692307692308,57,0.4807692307692308,0.7115384615384616
3116.153710080893,661251.0773048586,0.4672897196261683,0.9188034188034188,0.45454545454545453,0.4807692307692308,57,0.4807692307692308,0.7115384615384616
3116.153710080893,661251.0773048586,0.4672897196261683,0.9188034188034188,0.45454545454545453,0.4807692307692308,57,0.4807692307692308,0.7115384615384616
3116.153710080893,661251.0773048586,0.4672897196261683,0.9188034188034188,0.45454545454545453,0.4807692307692308,57,0.4807692307692308,0.7115384615384616
3116.153710080893,661251.0773048586,0.4672897196261683,0.9188034188034188,0.45454545454545453,0.4807692307692308,57,0.4807692307692308,0.7115384615384616
3116.153710080893,661251.0773048586,0.4672897196261683,0.9188034188034188,0.45454545454545453,0.4807692307692308,57,0.4807692307692308,0.7115384615384616
3116.153710080893,661251.0773048586,0.4672897196261683,0.9188034188034188,0.45454545454545453,0.4807692307692308,57,0.4807692307692308,0.7115384615384616
3116.153710080893,661251.0773048586,0.4672897196261683,0.9188034188034188,0.45454545454545453,0.4807692307692308,57,0.4807692307692308,0.7115384615384616
3116.153710080893,661251.0773048586,0.4672897196261683,0.9188034188034188,0.45454545454545453,0.4807692307692308,57,0.4807692307692308,0.7115384615384616
3116.153710080893,661251.0773048586,0.4672897196261683,0.9188034188034188,0.45454545454545453,0.4807692307692308,57,0.4807692307692308,0.7115384615384616
3116.153710080893,661251.0773048586,0.4672897196261683,0.9188034188034188,0.45454545454545453,0.4807692307692308,57,0.4807692307692308,0.7115384615384616
3116.153710080893,661251.0773048586,0.4672897196261683,0.9188034188034188,0.45454545454545453,0.4807692307692308,57,0.4807692307692308,0.7115384615384616
3116.153710080893,661251.0773048586,0.4672897196261683,0.9188034188034188,0.45454545454545453,0.4807692307692308,57,0.4807692307692308,0.7115384615384616
3116.153710080893,661251.0773048586,0.4672897196261683,0.9188034188034188,0.45454545454545453,0.4807692307692308,57,0.4807692307692308,0.7115384615384616
3116.153710080893,661251.0773048586,0.4672897196261683,0.9188034188034188,0.45454545454545453,0.4807692307692308,57,0.4807692307692308,0.7115384615384616
3116.153710080893,661251.0773048586,0.4672897196261683,0.9188034188034188,0.45454545454545453,0.4807692307692308,57,0.4807692307692308,0.7115384615384616
3116.153710080893,661251.0773048586,0.4672897196261683,0.9188034188034188,0.45454545454545453,0.4807692307692308,57,0.4807692307692308,0.7115384615384616
3116.153710080893,661251.0773048586,0.4672897196261683,0.9188034188034188,0.45454545454545453,0.4807692307692308,57,0.4807692307692308,0.7115384615384616
3116.153710080893,661251.0773048586,0.4672897196261683,0.9188034188034188,0.45454545454545453,0.4807692307692308,57,0.4807692307692308,0.7115384615384616
3116.153710080893,661251.0773048586,0.4672897196261683,0.9188034188034188,0.45454545454545453,0.4807692307692308,57,0.4807692307692308,0.7115384615384616
3116.153710080893,661251.0773048586,0.4672897196261683,0.9188034188034188,0.45454545454545453,0.4807692307692308,57,0.4807692307692308,0.7115384615384616
3116.153710080893,661251.0773048586,0.4672897196261683,0.9188034188034188,0.45454545454545453,0.4807692307692308,57,0.4807692307692308,0.7115384615384616
3116.153710080893,661251.0773048586,0.4672897196261683,0.9188034188034188,0.45454545454545453,0.4807692307692308,57,0.4807692307692308,0.7115384615384616
3116.153710080893,661251.0773048586,0.4672897196261683,0.9188034188034188,0.45454545454545453,0.4807692307692308,57,0.4807692307692308,0.7115384615384616
3116.153710080893,661251.0773048586,0.4672897196261683,0.9188034188034188,0.45454545454545453,0.4807692307692308,57,0.4807692307692308,0.7115384615384616
3116.153710080893,661251.0773048586,0.4672897196261683,0.9188034188034188,0.45454545454545453,0.4807692307692308,57,0.4807692307692308,0.7115384615384616
3116.153710080893,661251.0773048586,0.4672897196261683,0.9188034188034188,0.45454545454545453,0.4807692307692308,57,0.4807692307692308,0.7115384615384616
3116.153710080893,661251.0773048586,0.4672897196261683,0.9188034188034188,0.45454545454545453,0.4807692307692308,57,0.4807692307692308,0.7115384615384616
3116.153710080893,661251.0773048586,0.4672897196261683,0.9188034188034188,0.45454545454545453,0.4807692307692308,57,0.4807692307692308,0.7115384615384616
3116.153710080893,661251.0773048586,0.4672897196261683,0.9188034188034188,0.45454545454545453,0.4807692307692308,57,0.4807692307692308,0.7115384615384616
3116.153710080893,661251.0773048586,0.4672897196261683,0.9188034188034188,0.45454545454545453,0.4807692307692308,57,0.4807692307692308,0.7115384615384616
3116.1537100807764,661251.0773048585,0.4672897196261683,0.9188034188034188,0.45454545454545453,0.4807692307692308,57,0.4807692307692308,0.7115384615384616
3116.1537100807764,661251.0773048585,0.4672897196261683,0.9188034188034188,0.45454545454545453,0.4807692307692308,57,0.4807692307692308,0.7115384615384616
3116.1537100807764,661251.0773048585,0.4672897196261683,0.9188034188034188,0.45454545454545453,0.4807692307692308,57,0.4807692307692308,0.7115384615384616
3116.1537100807764,661251.0773048585,0.4672897196261683,0.9188034188034188,0.45454545454545453,0.4807692307692308,57,0.4807692307692308,0.7115384615384616
3116.1537100807764,661251.0773048585,0.4672897196261683,0.9188034188034188,0.45454545454545453,0.4807692307692308,57,0.4807692307692308,0.7115384615384616
3116.1537100807764,661251.0773048585,0.4672897196261683,0.9188034188034188,0.45454545454545453,0.4807692307692308,57,0.4807692307692308,0.7115384615384616
3116.1537100807764,661251.0773048585,0.4672897196261683,0.9188034188034188,0.45454545454545453,0.4807692307692308,57,0.4807692307692308,0.7115384615384616
3116.1537100807764,661251.0773048585,0.4672897196261683,0.9188034188034188,0.45454545454545453,0.4807692307692308,57,0.4807692307692308,0.7115384615384616
3116.1537100807764,661251.0773048585,0.4672897196261683,0.9188034188034188,0.45454545454545453,0.4807692307692308,57,0.4807692307692308,0.7115384615384616
3116.1537100807764,661251.0773048585,0.4672897196261683,0.9188034188034188,0.45454545454545453,0.4807692307692308,57,0.4807692307692308,0.7115384615384616
3116.1537100807764,661251.0773048585,0.4672897196261683,0.9188034188034188,0.45454545454545453,0.4807692307692308,57,0.4807692307692308,0.7115384615384616
3116.1537100807764,661251.0773048585,0.4672897196261683,0.9188034188034188,0.45454545454545453,0.4807692307692308,57,0.4807692307692308,0.7115384615384616
3116.1537100807764,661251.0773048585,0.4672897196261683,0.9188034188034188,0.45454545454545453,0.4807692307692308,57,0.4807692307692308,0.7115384615384616
3116.1537100807764,661251.0773048585,0.4672897196261683,0.9188034188034188,0.45454545454545453,0.4807692307692308,57,0.4807692307692308,0.7115384615384616
3116.1537100807764,661251.0773048585,0.4672897196261683,0.9188034188034188,0.45454545454545453,0.4807692307692308,57,0.4807692307692308,0.7115384615384616
3116.1537100807764,661251.0773048585,0.4672897196261683,0.9188034188034188,0.45454545454545453,0.4807692307692308,57,0.4807692307692308,0.7115384615384616
3116.1537100807764,661251.0773048585,0.4672897196261683,0.9188034188034188,0.45454545454545453,0.4807692307692308,57,0.4807692307692308,0.7115384615384616
3116.1537100807764,661251.0773048585,0.4672897196261683,0.9188034188034188,0.45454545454545453,0.4807692307692308,57,0.4807692307692308,0.7115384615384616
3116.1537100807764,661251.0773048585,0.4672897196261683,0.9188034188034188,0.45454545454545453,0.4807692307692308,57,0.4807692307692308,0.7115384615384616
3116.1537100807764,661251.0773048585,0.4672897196261683,0.9188034188034188,0.45454545454545453,0.4807692307692308,57,0.4807692307692308,0.7115384615384616
3116.1537100807764,661251.0773048585,0.4672897196261683,0.9188034188034188,0.45454545454545453,0.4807692307692308,57,0.4807692307692308,0.7115384615384616
3116.1537100807764,661251.0773048585,0.4672897196261683,0.9188034188034188,0.45454545454545453,0.4807692307692308,57,0.4807692307692308,0.7115384615384616
3116.1537100807764,661251.0773048585,0.4672897196261683,0.9188034188034188,0.45454545454545453,0.4807692307692308,57,0.4807692307692308,0.7115384615384616
3116.1537100807764,661251.0773048585,0.4672897196261683,0.9188034188034188,0.45454545454545453,0.4807692307692308,57,0.4807692307692308,0.7115384615384616
3116.1537100807764,661251.0773048585,0.4672897196261683,0.9188034188034188,0.45454545454545453,0.4807692307692308,57,0.4807692307692308,0.7115384615384616
3116.1537100807764,661251.0773048585,0.4672897196261683,0.9188034188034188,0.45454545454545453,0.4807692307692308,57,0.4807692307692308,0.7115384615384616
3116.1537100807764,661251.0773048585,0.4672897196261683,0.9188034188034188,0.45454545454545453,0.4807692307692308,57,0.4807692307692308,0.7115384615384616
3116.1537100807764,661251.0773048585,0.4672897196261683,0.9188034188034188,0.45454545454545453,0.4807692307692308,57,0.4807692307692308,0.7115384615384616
3116.1537100807764,661251.0773048585,0.4672897196261683,0.9188034188034188,0.45454545454545453,0.4807692307692308,57,0.4807692307692308,0.7115384615384616
3116.1537100807764,661251.0773048585,0.4672897196261683,0.9188034188034188,0.45454545454545453,0.4807692307692308,57,0.4807692307692308,0.7115384615384616
3116.1537100807764,661251.0773048585,0.4672897196261683,0.9188034188034188,0.45454545454545453,0.4807692307692308,57,0.4807692307692308,0.7115384615384616
3116.1537100807764,661251.0773048585,0.4672897196261683,0.9188034188034188,0.45454545454545453,0.4807692307692308,57,0.4807692307692308,0.7115384615384616
3116.1537100807764,661251.0773048585,0.4672897196261683,0.9188034188034188,0.45454545454545453,0.4807692307692308,57,0.4807692307692308,0.7115384615384616
3116.1537100807764,661251.0773048585,0.4672897196261683,0.9188034188034188,0.45454545454545453,0.4807692307692308,57,0.4807692307692308,0.7115384615384616
3116.1537100807764,661251.0773048585,0.4672897196261683,0.9188034188034188,0.45454545454545453,0.4807692307692308,57,0.4807692307692308,0.7115384615384616
3116.1537100807764,661251.0773048585,0.4672897196261683,0.9188034188034188,0.45454545454545453,0.4807692307692308,57,0.4807692307692308,0.7115384615384616
3116.1537100807764,661251.0773048585,0.4672897196261683,0.9188034188034188,0.45454545454545453,0.4807692307692308,57,0.4807692307692308,0.7115384615384616
3116.1537100807764,661251.0773048585,0.4672897196261683,0.9188034188034188,0.45454545454545453,0.4807692307692308,57,0.4807692307692308,0.7115384615384616
3116.1537100807764,661251.0773048585,0.4672897196261683,0.9188034188034188,0.45454545454545453,0.4807692307692308,57,0.4807692307692308,0.7115384615384616
3116.1537100807764,661251.0773048585,0.4672897196261683,0.9188034188034188,0.45454545454545453,0.4807692307692308,57,0.4807692307692308,0.7115384615384616
3116.1537100807764,661251.0773048585,0.4672897196261683,0.9188034188034188,0.45454545454545453,0.4807692307692308,57,0.4807692307692308,0.7115384615384616
3116.1537100807764,661251.0773048585,0.4672897196261683,0.9188034188034188,0.45454545454545453,0.4807692307692308,57,0.4807692307692308,0.7115384615384616
3116.1537100807764,661251.0773048585,0.4672897196261683,0.9188034188034188,0.45454545454545453,0.4807692307692308,57,0.4807692307692308,0.7115384615384616
3116.1537100807764,661251.0773048585,0.4672897196261683,0.9188034188034188,0.45454545454545453,0.4807692307692308,57,0.4807692307692308,0.7115384615384616
3116.1537100807764,661251.0773048585,0.4672897196261683,0.9188034188034188,0.45454545454545453,0.4807692307692308,57,0.4807692307692308,0.7115384615384616
3116.1537100807764,661251.0773048585,0.4672897196261683,0.9188034188034188,0.45454545454545453,0.4807692307692308,57,0.4807692307692308,0.7115384615384616
3116.1537100807764,661251.0773048585,0.4672897196261683,0.9188034188034188,0.45454545454545453,0.4807692307692308,57,0.4807692307692308,0.7115384615384616
3116.1537100807764,661251.0773048585,0.4672897196261683,0.9188034188034188,0.45454545454545453,0.4807692307692308,57,0.4807692307692308,0.7115384615384616
3116.1537100807764,661251.0773048585,0.4672897196261683,0.9188034188034188,0.45454545454545453,0.4807692307692308,57,0.4807692307692308,0.7115384615384616
3116.1537100807764,661251.0773048585,0.4672897196261683,0.9188034188034188,0.45454545454545453,0.4807692307692308,57,0.4807692307692308,0.7115384615384616
3116.1537100807764,661251.0773048585,0.4672897196261683,0.9188034188034188,0.45454545454545453,0.4807692307692308,57,0.4807692307692308,0.7115384615384616
3116.1537100807764,661251.0773048585,0.4672897196261683,0.9188034188034188,0.45454545454545453,0.4807692307692308,57,0.4807692307692308,0.7115384615384616
3116.1537100807764,661251.0773048585,0.4672897196261683,0.9188034188034188,0.45454545454545453,0.4807692307692308,57,0.4807692307692308,0.7115384615384616
3116.1537100807764,661251.0773048585,0.4672897196261683,0.9188034188034188,0.45454545454545453,0.4807692307692308,57,0.4807692307692308,0.7115384615384616
3116.1537100807764,661251.0773048585,0.4672897196261683,0.9188034188034188,0.45454545454545453,0.4807692307692308,57,0.4807692307692308,0.7115384615384616
3116.1537100807764,661251.0773048585,0.4672897196261683,0.9188034188034188,0.45454545454545453,0.4807692307692308,57,0.4807692307692308,0.7115384615384616
3116.1537100807764,661251.0773048585,0.4672897196261683,0.9188034188034188,0.45454545454545453,0.4807692307692308,57,0.4807692307692308,0.7115384615384616
3116.1537100807764,661251.0773048585,0.4672897196261683,0.9188034188034188,0.45454545454545453,0.4807692307692308,57,0.4807692307692308,0.7115384615384616
3116.1537100807764,661251.0773048585,0.4672897196261683,0.9188034188034188,0.45454545454545453,0.4807692307692308,57,0.4807692307692308,0.7115384615384616
3116.1537100807764,661251.0773048585,0.4672897196261683,0.9188034188034188,0.45454545454545453,0.4807692307692308,57,0.4807692307692308,0.7115384615384616
3116.1537100807764,661251.0773048585,0.4672897196261683,0.9188034188034188,0.45454545454545453,0.4807692307692308,57,0.4807692307692308,0.7115384615384616
3116.1537100807764,661251.0773048585,0.4672897196261683,0.9188034188034188,0.45454545454545453,0.4807692307692308,57,0.4807692307692308,0.7115384615384616
3116.1537100807764,661251.0773048585,0.4672897196261683,0.9188034188034188,0.45454545454545453,0.4807692307692308,57,0.4807692307692308,0.7115384615384616
3116.1537100807764,661251.0773048585,0.4672897196261683,0.9188034188034188,0.45454545454545453,0.4807692307692308,57,0.4807692307692308,0.7115384615384616
3116.1537100807764,661251.0773048585,0.4672897196261683,0.9188034188034188,0.45454545454545453,0.4807692307692308,57,0.4807692307692308,0.7115384615384616
3116.1537100807764,661251.0773048585,0.4672897196261683,0.9188034188034188,0.45454545454545453,0.4807692307692308,57,0.4807692307692308,0.7115384615384616
3116.1537100807764,661251.0773048585,0.4672897196261683,0.9188034188034188,0.45454545454545453,0.4807692307692308,57,0.4807692307692308,0.7115384615384616
3116.1537100807764,661251.0773048585,0.4672897196261683,0.9188034188034188,0.45454545454545453,0.4807692307692308,57,0.4807692307692308,0.7115384615384616
3116.1537100807764,661251.0773048585,0.4672897196261683,0.9188034188034188,0.45454545454545453,0.4807692307692308,57,0.4807692307692308,0.7115384615384616
3116.1537100807764,661251.0773048585,0.4672897196261683,0.9188034188034188,0.45454545454545453,0.4807692307692308,57,0.4807692307692308,0.7115384615384616
3116.1537100807764,661251.0773048585,0.4672897196261683,0.9188034188034188,0.45454545454545453,0.4807692307692308,57,0.4807692307692308,0.7115384615384616
3116.1537100807764,661251.0773048585,0.4672897196261683,0.9188034188034188,0.45454545454545453,0.4807692307692308,57,0.4807692307692308,0.7115384615384616
3116.1537100807764,661251.0773048585,0.4672897196261683,0.9188034188034188,0.45454545454545453,0.4807692307692308,57,0.4807692307692308,0.7115384615384616
3116.1537100807764,661251.0773048585,0.4672897196261683,0.9188034188034188,0.45454545454545453,0.4807692307692308,57,0.4807692307692308,0.7115384615384616
3116.1537100807764,661251.0773048585,0.4672897196261683,0.9188034188034188,0.45454545454545453,0.4807692307692308,57,0.4807692307692308,0.7115384615384616
3116.1537100807764,661251.0773048585,0.4672897196261683,0.9188034188034188,0.45454545454545453,0.4807692307692308,57,0.4807692307692308,0.7115384615384616
3116.1537100807764,661251.0773048585,0.4672897196261683,0.9188034188034188,0.45454545454545453,0.4807692307692308,57,0.4807692307692308,0.7115384615384616
3116.1537100807764,661251.0773048585,0.4672897196261683,0.9188034188034188,0.45454545454545453,0.4807692307692308,57,0.4807692307692308,0.7115384615384616
3116.1537100807764,661251.0773048585,0.4672897196261683,0.9188034188034188,0.45454545454545453,0.4807692307692308,57,0.4807692307692308,0.7115384615384616
3116.1537100807764,661251.0773048585,0.4672897196261683,0.9188034188034188,0.45454545454545453,0.4807692307692308,57,0.4807692307692308,0.7115384615384616
3116.1537100807764,661251.0773048585,0.4672897196261683,0.9188034188034188,0.45454545454545453,0.4807692307692308,57,0.4807692307692308,0.7115384615384616
3116.1537100807764,661251.0773048585,0.4672897196261683,0.9188034188034188,0.45454545454545453,0.4807692307692308,57,0.4807692307692308,0.7115384615384616
3116.1537100807764,661251.0773048585,0.4672897196261683,0.9188034188034188,0.45454545454545453,0.4807692307692308,57,0.4807692307692308,0.7115384615384616
3116.1537100807764,661251.0773048585,0.4672897196261683,0.9188034188034188,0.45454545454545453,0.4807692307692308,57,0.4807692307692308,0.7115384615384616
3116.1537100807764,661251.0773048585,0.4672897196261683,0.9188034188034188,0.45454545454545453,0.4807692307692308,57,0.4807692307692308,0.7115384615384616
3116.1537100807764,661251.0773048585,0.4672897196261683,0.9188034188034188,0.45454545454545453,0.4807692307692308,57,0.4807692307692308,0.7115384615384616
3116.1537100807764,661251.0773048585,0.4672897196261683,0.9188034188034188,0.45454545454545453,0.4807692307692308,57,0.4807692307692308,0.7115384615384616
3116.1537100807764,661251.0773048585,0.4672897196261683,0.9188034188034188,0.45454545454545453,0.4807692307692308,57,0.4807692307692308,0.7115384615384616
3116.1537100807764,661251.0773048585,0.4672897196261683,0.9188034188034188,0.45454545454545453,0.4807692307692308,57,0.4807692307692308,0.7115384615384616
3116.1537100807764,661251.0773048585,0.4672897196261683,0.9188034188034188,0.45454545454545453,0.4807692307692308,57,0.4807692307692308,0.7115384615384616
3116.1537100807764,661251.0773048585,0.4672897196261683,0.9188034188034188,0.45454545454545453,0.4807692307692308,57,0.4807692307692308,0.7115384615384616
3116.1537100807764,661251.0773048585,0.4672897196261683,0.9188034188034188,0.45454545454545453,0.4807692307692308,57,0.4807692307692308,0.7115384615384616
3116.1537100807764,661251.0773048585,0.4672897196261683,0.9188034188034188,0.45454545454545453,0.4807692307692308,57,0.4807692307692308,0.7115384615384616
3116.1537100807764,661251.0773048585,0.4672897196261683,0.9188034188034188,0.45454545454545453,0.4807692307692308,57,0.4807692307692308,0.7115384615384616
3116.1537100807764,661251.0773048585,0.4672897196261683,0.9188034188034188,0.45454545454545453,0.4807692307692308,57,0.4807692307692308,0.7115384615384616
3116.1537100807764,661251.0773048585,0.4672897196261683,0.9188034188034188,0.45454545454545453,0.4807692307692308,57,0.4807692307692308,0.7115384615384616
3116.1537100807764,661251.0773048585,0.4672897196261683,0.9188034188034188,0.45454545454545453,0.4807692307692308,57,0.4807692307692308,0.7115384615384616
3116.1537100807764,661251.0773048585,0.4672897196261683,0.9188034188034188,0.45454545454545453,0.4807692307692308,57,0.4807692307692308,0.7115384615384616
3116.1537100807764,661251.0773048585,0.4672897196261683,0.9188034188034188,0.45454545454545453,0.4807692307692308,57,0.4807692307692308,0.7115384615384616
3116.1537100807764,661251.0773048585,0.4672897196261683,0.9188034188034188,0.45454545454545453,0.4807692307692308,57,0.4807692307692308,0.7115384615384616
3116.1537100807764,661251.0773048585,0.4672897196261683,0.9188034188034188,0.45454545454545453,0.4807692307692308,57,0.4807692307692308,0.7115384615384616
3116.1537100807764,661251.0773048585,0.4672897196261683,0.9188034188034188,0.45454545454545453,0.4807692307692308,57,0.4807692307692308,0.7115384615384616
3116.1537100807764,661251.0773048585,0.4672897196261683,0.9188034188034188,0.45454545454545453,0.4807692307692308,57,0.4807692307692308,0.7115384615384616
3116.1537100807764,661251.0773048585,0.4672897196261683,0.9188034188034188,0.45454545454545453,0.4807692307692308,57,0.4807692307692308,0.7115384615384616
3116.1537100807764,661251.0773048585,0.4672897196261683,0.9188034188034188,0.45454545454545453,0.4807692307692308,57,0.4807692307692308,0.7115384615384616
3116.1537100807764,661251.0773048585,0.4672897196261683,0.9188034188034188,0.45454545454545453,0.4807692307692308,57,0.4807692307692308,0.7115384615384616
3116.1537100807764,661251.0773048585,0.4672897196261683,0.9188034188034188,0.45454545454545453,0.4807692307692308,57,0.4807692307692308,0.7115384615384616
3116.1537100807764,661251.0773048585,0.4672897196261683,0.9188034188034188,0.45454545454545453,0.4807692307692308,57,0.4807692307692308,0.7115384615384616
3116.1537100807764,661251.0773048585,0.4672897196261683,0.9188034188034188,0.45454545454545453,0.4807692307692308,57,0.4807692307692308,0.7115384615384616
3116.1537100807764,661251.0773048585,0.4672897196261683,0.9188034188034188,0.45454545454545453,0.4807692307692308,57,0.4807692307692308,0.7115384615384616
3116.1537100807764,661251.0773048585,0.4672897196261683,0.9188034188034188,0.45454545454545453,0.4807692307692308,57,0.4807692307692308,0.7115384615384616
3116.1537100807764,661251.0773048585,0.4672897196261683,0.9188034188034188,0.45454545454545453,0.4807692307692308,57,0.4807692307692308,0.7115384615384616
3116.1537100807764,661251.0773048585,0.4672897196261683,0.9188034188034188,0.45454545454545453,0.4807692307692308,57,0.4807692307692308,0.7115384615384616
3116.1537100807764,661251.0773048585,0.4672897196261683,0.9188034188034188,0.45454545454545453,0.4807692307692308,57,0.4807692307692308,0.7115384615384616
3116.1537100807764,661251.0773048585,0.4672897196261683,0.9188034188034188,0.45454545454545453,0.4807692307692308,57,0.4807692307692308,0.7115384615384616
3116.1537100807764,661251.0773048585,0.4672897196261683,0.9188034188034188,0.45454545454545453,0.4807692307692308,57,0.4807692307692308,0.7115384615384616
3116.1537100807764,661251.0773048585,0.4672897196261683,0.9188034188034188,0.45454545454545453,0.4807692307692308,57,0.4807692307692308,0.7115384615384616
3116.1537100807764,661251.0773048585,0.4672897196261683,0.9188034188034188,0.45454545454545453,0.4807692307692308,57,0.4807692307692308,0.7115384615384616
3116.1537100807764,661251.0773048585,0.4672897196261683,0.9188034188034188,0.45454545454545453,0.4807692307692308,57,0.4807692307692308,0.7115384615384616
3116.1537100807764,661251.0773048585,0.4672897196261683,0.9188034188034188,0.45454545454545453,0.4807692307692308,57,0.4807692307692308,0.7115384615384616
3116.1537100807764,661251.0773048585,0.4672897196261683,0.9188034188034188,0.45454545454545453,0.4807692307692308,57,0.4807692307692308,0.7115384615384616
3116.1537100807764,661251.0773048585,0.4672897196261683,0.9188034188034188,0.45454545454545453,0.4807692307692308,57,0.4807692307692308,0.7115384615384616
3116.1537100807764,661251.0773048585,0.4672897196261683,0.9188034188034188,0.45454545454545453,0.4807692307692308,57,0.4807692307692308,0.7115384615384616
3116.1537100807764,661251.0773048585,0.4672897196261683,0.9188034188034188,0.45454545454545453,0.4807692307692308,57,0.4807692307692308,0.7115384615384616
3116.1537100807764,661251.0773048585,0.4672897196261683,0.9188034188034188,0.45454545454545453,0.4807692307692308,57,0.4807692307692308,0.7115384615384616
3116.1537100807764,661251.0773048585,0.4672897196261683,0.9188034188034188,0.45454545454545453,0.4807692307692308,57,0.4807692307692308,0.7115384615384616
3116.1537100807764,661251.0773048585,0.4672897196261683,0.9188034188034188,0.45454545454545453,0.4807692307692308,57,0.4807692307692308,0.7115384615384616
3116.1537100807764,661251.0773048585,0.4672897196261683,0.9188034188034188,0.45454545454545453,0.4807692307692308,57,0.4807692307692308,0.7115384615384616
3116.1537100807764,661251.0773048585,0.4672897196261683,0.9188034188034188,0.45454545454545453,0.4807692307692308,57,0.4807692307692308,0.7115384615384616
3116.1537100807764,661251.0773048585,0.4672897196261683,0.9188034188034188,0.45454545454545453,0.4807692307692308,57,0.4807692307692308,0.7115384615384616
3116.1537100807764,661251.0773048585,0.4672897196261683,0.9188034188034188,0.45454545454545453,0.4807692307692308,57,0.4807692307692308,0.7115384615384616
3116.1537100807764,661251.0773048585,0.4672897196261683,0.9188034188034188,0.45454545454545453,0.4807692307692308,57,0.4807692307692308,0.7115384615384616
3116.1537100807764,661251.0773048585,0.4672897196261683,0.9188034188034188,0.45454545454545453,0.4807692307692308,57,0.4807692307692308,0.7115384615384616
3116.1537100807764,661251.0773048585,0.4672897196261683,0.9188034188034188,0.45454545454545453,0.4807692307692308,57,0.4807692307692308,0.7115384615384616
3116.1537100807764,661251.0773048585,0.4672897196261683,0.9188034188034188,0.45454545454545453,0.4807692307692308,57,0.4807692307692308,0.7115384615384616
3116.1537100807764,661251.0773048585,0.4672897196261683,0.9188034188034188,0.45454545454545453,0.4807692307692308,57,0.4807692307692308,0.7115384615384616
3116.1537100807764,661251.0773048585,0.4672897196261683,0.9188034188034188,0.45454545454545453,0.4807692307692308,57,0.4807692307692308,0.7115384615384616
3116.1537100807764,661251.0773048585,0.4672897196261683,0.9188034188034188,0.45454545454545453,0.4807692307692308,57,0.4807692307692308,0.7115384615384616
3116.1537100807764,661251.0773048585,0.4672897196261683,0.9188034188034188,0.45454545454545453,0.4807692307692308,57,0.4807692307692308,0.7115384615384616
3116.1537100807764,661251.0773048585,0.4672897196261683,0.9188034188034188,0.45454545454545453,0.4807692307692308,57,0.4807692307692308,0.7115384615384616
3116.1537100807764,661251.0773048585,0.4672897196261683,0.9188034188034188,0.45454545454545453,0.4807692307692308,57,0.4807692307692308,0.7115384615384616
3116.1537100807764,661251.0773048585,0.4672897196261683,0.9188034188034188,0.45454545454545453,0.4807692307692308,57,0.4807692307692308,0.7115384615384616
3116.1537100807764,661251.0773048585,0.4672897196261683,0.9188034188034188,0.45454545454545453,0.4807692307692308,57,0.4807692307692308,0.7115384615384616
3116.1537100807764,661251.0773048585,0.4672897196261683,0.9188034188034188,0.45454545454545453,0.4807692307692308,57,0.4807692307692308,0.7115384615384616
3116.1537100807764,661251.0773048585,0.4672897196261683,0.9188034188034188,0.45454545454545453,0.4807692307692308,57,0.4807692307692308,0.7115384615384616
3116.1537100807764,661251.0773048585,0.4672897196261683,0.9188034188034188,0.45454545454545453,0.4807692307692308,57,0.4807692307692308,0.7115384615384616
3116.1537100807764,661251.0773048585,0.4672897196261683,0.9188034188034188,0.45454545454545453,0.4807692307692308,57,0.4807692307692308,0.7115384615384616
3116.1537100807764,661251.0773048585,0.4672897196261683,0.9188034188034188,0.45454545454545453,0.4807692307692308,57,0.4807692307692308,0.7115384615384616
3116.1537100807764,661251.0773048585,0.4672897196261683,0.9188034188034188,0.45454545454545453,0.4807692307692308,57,0.4807692307692308,0.7115384615384616
3116.1537100807764,661251.0773048585,0.4672897196261683,0.9188034188034188,0.45454545454545453,0.4807692307692308,57,0.4807692307692308,0.7115384615384616
3116.1537100807764,661251.0773048585,0.4672897196261683,0.9188034188034188,0.45454545454545453,0.4807692307692308,57,0.4807692307692308,0.7115384615384616
3116.1537100807764,661251.0773048585,0.4672897196261683,0.9188034188034188,0.45454545454545453,0.4807692307692308,57,0.4807692307692308,0.7115384615384616
3116.1537100807764,661251.0773048585,0.4672897196261683,0.9188034188034188,0.45454545454545453,0.4807692307692308,57,0.4807692307692308,0.7115384615384616
3116.1537100807764,661251.0773048585,0.4672897196261683,0.9188034188034188,0.45454545454545453,0.4807692307692308,57,0.4807692307692308,0.7115384615384616
3116.1537100807764,661251.0773048585,0.4672897196261683,0.9188034188034188,0.45454545454545453,0.4807692307692308,57,0.4807692307692308,0.7115384615384616
3116.1537100807764,661251.0773048585,0.4672897196261683,0.9188034188034188,0.45454545454545453,0.4807692307692308,57,0.4807692307692308,0.7115384615384616
3116.1537100807764,661251.0773048585,0.4672897196261683,0.9188034188034188,0.45454545454545453,0.4807692307692308,57,0.4807692307692308,0.7115384615384616
3116.1537100807764,661251.0773048585,0.4672897196261683,0.9188034188034188,0.45454545454545453,0.4807692307692308,57,0.4807692307692308,0.7115384615384616
3116.1537100807764,661251.0773048585,0.4672897196261683,0.9188034188034188,0.45454545454545453,0.4807692307692308,57,0.4807692307692308,0.7115384615384616
3116.1537100807764,661251.0773048585,0.4672897196261683,0.9188034188034188,0.45454545454545453,0.4807692307692308,57,0.4807692307692308,0.7115384615384616
3116.1537100807764,661251.0773048585,0.4672897196261683,0.9188034188034188,0.45454545454545453,0.4807692307692308,57,0.4807692307692308,0.7115384615384616
3116.1537100807764,661251.0773048585,0.4672897196261683,0.9188034188034188,0.45454545454545453,0.4807692307692308,57,0.4807692307692308,0.7115384615384616
3116.1537100807764,661251.0773048585,0.4672897196261683,0.9188034188034188,0.45454545454545453,0.4807692307692308,57,0.4807692307692308,0.7115384615384616
3116.1537100807764,661251.0773048585,0.4672897196261683,0.9188034188034188,0.45454545454545453,0.4807692307692308,57,0.4807692307692308,0.7115384615384616
3116.1537100807764,661251.0773048585,0.4672897196261683,0.9188034188034188,0.45454545454545453,0.4807692307692308,57,0.4807692307692308,0.7115384615384616
3116.1537100807764,661251.0773048585,0.4672897196261683,0.9188034188034188,0.45454545454545453,0.4807692307692308,57,0.4807692307692308,0.7115384615384616
3116.1537100807764,661251.0773048585,0.4672897196261683,0.9188034188034188,0.45454545454545453,0.4807692307692308,57,0.4807692307692308,0.7115384615384616
3116.1537100807764,661251.0773048585,0.4672897196261683,0.9188034188034188,0.45454545454545453,0.4807692307692308,57,0.4807692307692308,0.7115384615384616
3116.1537100807764,661251.0773048585,0.4672897196261683,0.9188034188034188,0.45454545454545453,0.4807692307692308,57,0.4807692307692308,0.7115384615384616
3116.1537100807764,661251.0773048585,0.4672897196261683,0.9188034188034188,0.45454545454545453,0.4807692307692308,57,0.4807692307692308,0.7115384615384616
3116.1537100807764,661251.0773048585,0.4672897196261683,0.9188034188034188,0.45454545454545453,0.4807692307692308,57,0.4807692307692308,0.7115384615384616
3116.1537100807764,661251.0773048585,0.4672897196261683,0.9188034188034188,0.45454545454545453,0.4807692307692308,57,0.4807692307692308,0.7115384615384616
3116.1537100807764,661251.0773048585,0.4672897196261683,0.9188034188034188,0.45454545454545453,0.4807692307692308,57,0.4807692307692308,0.7115384615384616
3116.1537100807764,661251.0773048585,0.4672897196261683,0.9188034188034188,0.45454545454545453,0.4807692307692308,57,0.4807692307692308,0.7115384615384616
3116.1537100807764,661251.0773048585,0.4672897196261683,0.9188034188034188,0.45454545454545453,0.4807692307692308,57,0.4807692307692308,0.7115384615384616
3116.1537100807764,661251.0773048585,0.4672897196261683,0.9188034188034188,0.45454545454545453,0.4807692307692308,57,0.4807692307692308,0.7115384615384616
3116.1537100807764,661251.0773048585,0.4672897196261683,0.9188034188034188,0.45454545454545453,0.4807692307692308,57,0.4807692307692308,0.7115384615384616
3116.1537100807764,661251.0773048585,0.4672897196261683,0.9188034188034188,0.45454545454545453,0.4807692307692308,57,0.4807692307692308,0.7115384615384616
3116.1537100807764,661251.0773048585,0.4672897196261683,0.9188034188034188,0.45454545454545453,0.4807692307692308,57,0.4807692307692308,0.7115384615384616
3116.1537100807764,661251.0773048585,0.4672897196261683,0.9188034188034188,0.45454545454545453,0.4807692307692308,57,0.4807692307692308,0.7115384615384616
3116.1537100807764,661251.0773048585,0.4672897196261683,0.9188034188034188,0.45454545454545453,0.4807692307692308,57,0.4807692307692308,0.7115384615384616
3116.1537100807764,661251.0773048585,0.4672897196261683,0.9188034188034188,0.45454545454545453,0.4807692307692308,57,0.4807692307692308,0.7115384615384616
3116.1537100807764,661251.0773048585,0.4672897196261683,0.9188034188034188,0.45454545454545453,0.4807692307692308,57,0.4807692307692308,0.7115384615384616
3116.1537100807764,661251.0773048585,0.4672897196261683,0.9188034188034188,0.45454545454545453,0.4807692307692308,57,0.4807692307692308,0.7115384615384616
3116.1537100807764,661251.0773048585,0.4672897196261683,0.9188034188034188,0.45454545454545453,0.4807692307692308,57,0.4807692307692308,0.7115384615384616
3116.1537100807764,661251.0773048585,0.4672897196261683,0.9188034188034188,0.45454545454545453,0.4807692307692308,57,0.4807692307692308,0.7115384615384616
3116.1537100807764,661251.0773048585,0.4672897196261683,0.9188034188034188,0.45454545454545453,0.4807692307692308,57,0.4807692307692308,0.7115384615384616
3116.1537100807764,661251.0773048585,0.4672897196261683,0.9188034188034188,0.45454545454545453,0.4807692307692308,57,0.4807692307692308,0.7115384615384616
3116.1537100807764,661251.0773048585,0.4672897196261683,0.9188034188034188,0.45454545454545453,0.4807692307692308,57,0.4807692307692308,0.7115384615384616
3116.1537100807764,661251.0773048585,0.4672897196261683,0.9188034188034188,0.45454545454545453,0.4807692307692308,57,0.4807692307692308,0.7115384615384616
3116.1537100807764,661251.0773048585,0.4672897196261683,0.9188034188034188,0.45454545454545453,0.4807692307692308,57,0.4807692307692308,0.7115384615384616
3116.1537100807764,661251.0773048585,0.4672897196261683,0.9188034188034188,0.45454545454545453,0.4807692307692308,57,0.4807692307692308,0.7115384615384616
3116.1537100807764,661251.0773048585,0.4672897196261683,0.9188034188034188,0.45454545454545453,0.4807692307692308,57,0.4807692307692308,0.7115384615384616
3116.1537100807764,661251.0773048585,0.4672897196261683,0.9188034188034188,0.45454545454545453,0.4807692307692308,57,0.4807692307692308,0.7115384615384616
3116.1537100807764,661251.0773048585,0.4672897196261683,0.9188034188034188,0.45454545454545453,0.4807692307692308,57,0.4807692307692308,0.7115384615384616
3116.1537100807764,661251.0773048585,0.4672897196261683,0.9188034188034188,0.45454545454545453,0.4807692307692308,57,0.4807692307692308,0.7115384615384616
3116.1537100807764,661251.0773048585,0.4672897196261683,0.9188034188034188,0.45454545454545453,0.4807692307692308,57,0.4807692307692308,0.7115384615384616
3116.1537100807764,661251.0773048585,0.4672897196261683,0.9188034188034188,0.45454545454545453,0.4807692307692308,57,0.4807692307692308,0.7115384615384616
3116.1537100807764,661251.0773048585,0.4672897196261683,0.9188034188034188,0.45454545454545453,0.4807692307692308,57,0.4807692307692308,0.7115384615384616
3116.1537100807764,661251.0773048585,0.4672897196261683,0.9188034188034188,0.45454545454545453,0.4807692307692308,57,0.4807692307692308,0.7115384615384616
3116.1537100807764,661251.0773048585,0.4672897196261683,0.9188034188034188,0.45454545454545453,0.4807692307692308,57,0.4807692307692308,0.7115384615384616
3116.1537100807764,661251.0773048585,0.4672897196261683,0.9188034188034188,0.45454545454545453,0.4807692307692308,57,0.4807692307692308,0.7115384615384616
3116.1537100807764,661251.0773048585,0.4672897196261683,0.9188034188034188,0.45454545454545453,0.4807692307692308,57,0.4807692307692308,0.7115384615384616
3116.1537100807764,661251.0773048585,0.4672897196261683,0.9188034188034188,0.45454545454545453,0.4807692307692308,57,0.4807692307692308,0.7115384615384616
3116.1537100807764,661251.0773048585,0.4672897196261683,0.9188034188034188,0.45454545454545453,0.4807692307692308,57,0.4807692307692308,0.7115384615384616
3116.1537100807764,661251.0773048585,0.4672897196261683,0.9188034188034188,0.45454545454545453,0.4807692307692308,57,0.4807692307692308,0.7115384615384616
3116.1537100807764,661251.0773048585,0.4672897196261683,0.9188034188034188,0.45454545454545453,0.4807692307692308,57,0.4807692307692308,0.7115384615384616
3116.1537100807764,661251.0773048585,0.4672897196261683,0.9188034188034188,0.45454545454545453,0.4807692307692308,57,0.4807692307692308,0.7115384615384616
3116.1537100807764,661251.0773048585,0.4672897196261683,0.9188034188034188,0.45454545454545453,0.4807692307692308,57,0.4807692307692308,0.7115384615384616
3116.1537100807764,661251.0773048585,0.4672897196261683,0.9188034188034188,0.45454545454545453,0.4807692307692308,57,0.4807692307692308,0.7115384615384616
3116.1537100807764,661251.0773048585,0.4672897196261683,0.9188034188034188,0.45454545454545453,0.4807692307692308,57,0.4807692307692308,0.7115384615384616
3116.1537100807764,661251.0773048585,0.4672897196261683,0.9188034188034188,0.45454545454545453,0.4807692307692308,57,0.4807692307692308,0.7115384615384616
3116.1537100807764,661251.0773048585,0.4672897196261683,0.9188034188034188,0.45454545454545453,0.4807692307692308,57,0.4807692307692308,0.7115384615384616
3116.1537100807764,661251.0773048585,0.4672897196261683,0.9188034188034188,0.45454545454545453,0.4807692307692308,57,0.4807692307692308,0.7115384615384616
3116.1537100807764,661251.0773048585,0.4672897196261683,0.9188034188034188,0.45454545454545453,0.4807692307692308,57,0.4807692307692308,0.7115384615384616
3116.1537100807764,661251.0773048585,0.4672897196261683,0.9188034188034188,0.45454545454545453,0.4807692307692308,57,0.4807692307692308,0.7115384615384616
3116.1537100807764,661251.0773048585,0.4672897196261683,0.9188034188034188,0.45454545454545453,0.4807692307692308,57,0.4807692307692308,0.7115384615384616
3116.1537100807764,661251.0773048585,0.4672897196261683,0.9188034188034188,0.45454545454545453,0.4807692307692308,57,0.4807692307692308,0.7115384615384616
3116.1537100807764,661251.0773048585,0.4672897196261683,0.9188034188034188,0.45454545454545453,0.4807692307692308,57,0.4807692307692308,0.7115384615384616
3116.1537100807764,661251.0773048585,0.4672897196261683,0.9188034188034188,0.45454545454545453,0.4807692307692308,57,0.4807692307692308,0.7115384615384616
3116.1537100807764,661251.0773048585,0.4672897196261683,0.9188034188034188,0.45454545454545453,0.4807692307692308,57,0.4807692307692308,0.7115384615384616
3116.1537100807764,661251.0773048585,0.4672897196261683,0.9188034188034188,0.45454545454545453,0.4807692307692308,57,0.4807692307692308,0.7115384615384616
3116.1537100807764,661251.0773048585,0.4672897196261683,0.9188034188034188,0.45454545454545453,0.4807692307692308,57,0.4807692307692308,0.7115384615384616
3116.1537100807764,661251.0773048585,0.4672897196261683,0.9188034188034188,0.45454545454545453,0.4807692307692308,57,0.4807692307692308,0.7115384615384616
3116.1537100807764,661251.0773048585,0.4672897196261683,0.9188034188034188,0.45454545454545453,0.4807692307692308,57,0.4807692307692308,0.7115384615384616
3116.1537100807764,661251.0773048585,0.4672897196261683,0.9188034188034188,0.45454545454545453,0.4807692307692308,57,0.4807692307692308,0.7115384615384616
3116.1537100807764,661251.0773048585,0.4672897196261683,0.9188034188034188,0.45454545454545453,0.4807692307692308,57,0.4807692307692308,0.7115384615384616
3116.1537100807764,661251.0773048585,0.4672897196261683,0.9188034188034188,0.45454545454545453,0.4807692307692308,57,0.4807692307692308,0.7115384615384616
3116.1537100807764,661251.0773048585,0.4672897196261683,0.9188034188034188,0.45454545454545453,0.4807692307692308,57,0.4807692307692308,0.7115384615384616
3116.1537100807764,661251.0773048585,0.4672897196261683,0.9188034188034188,0.45454545454545453,0.4807692307692308,57,0.4807692307692308,0.7115384615384616
3116.1537100807764,661251.0773048585,0.4672897196261683,0.9188034188034188,0.45454545454545453,0.4807692307692308,57,0.4807692307692308,0.7115384615384616
3116.1537100807764,661251.0773048585,0.4672897196261683,0.9188034188034188,0.45454545454545453,0.4807692307692308,57,0.4807692307692308,0.7115384615384616
3116.1537100807764,661251.0773048585,0.4672897196261683,0.9188034188034188,0.45454545454545453,0.4807692307692308,57,0.4807692307692308,0.7115384615384616
3116.1537100807764,661251.0773048585,0.4672897196261683,0.9188034188034188,0.45454545454545453,0.4807692307692308,57,0.4807692307692308,0.7115384615384616
3116.1537100807764,661251.0773048585,0.4672897196261683,0.9188034188034188,0.45454545454545453,0.4807692307692308,57,0.4807692307692308,0.7115384615384616
3116.1537100807764,661251.0773048585,0.4672897196261683,0.9188034188034188,0.45454545454545453,0.4807692307692308,57,0.4807692307692308,0.7115384615384616
3116.1537100807764,661251.0773048585,0.4672897196261683,0.9188034188034188,0.45454545454545453,0.4807692307692308,57,0.4807692307692308,0.7115384615384616
3116.1537100807764,661251.0773048585,0.4672897196261683,0.9188034188034188,0.45454545454545453,0.4807692307692308,57,0.4807692307692308,0.7115384615384616
3116.1537100807764,661251.0773048585,0.4672897196261683,0.9188034188034188,0.45454545454545453,0.4807692307692308,57,0.4807692307692308,0.7115384615384616
3116.1537100807764,661251.0773048585,0.4672897196261683,0.9188034188034188,0.45454545454545453,0.4807692307692308,57,0.4807692307692308,0.7115384615384616
3116.1537100807764,661251.0773048585,0.4672897196261683,0.9188034188034188,0.45454545454545453,0.4807692307692308,57,0.4807692307692308,0.7115384615384616
3116.1537100807764,661251.0773048585,0.4672897196261683,0.9188034188034188,0.45454545454545453,0.4807692307692308,57,0.4807692307692308,0.7115384615384616
3116.1537100807764,661251.0773048585,0.4672897196261683,0.9188034188034188,0.45454545454545453,0.4807692307692308,57,0.4807692307692308,0.7115384615384616
3116.1537100807764,661251.0773048585,0.4672897196261683,0.9188034188034188,0.45454545454545453,0.4807692307692308,57,0.4807692307692308,0.7115384615384616
3116.1537100807764,661251.0773048585,0.4672897196261683,0.9188034188034188,0.45454545454545453,0.4807692307692308,57,0.4807692307692308,0.7115384615384616
3116.1537100807764,661251.0773048585,0.4672897196261683,0.9188034188034188,0.45454545454545453,0.4807692307692308,57,0.4807692307692308,0.7115384615384616
3116.1537100807764,661251.0773048585,0.4672897196261683,0.9188034188034188,0.45454545454545453,0.4807692307692308,57,0.4807692307692308,0.7115384615384616
3116.1537100807764,661251.0773048585,0.4672897196261683,0.9188034188034188,0.45454545454545453,0.4807692307692308,57,0.4807692307692308,0.7115384615384616
3116.1537100807764,661251.0773048585,0.4672897196261683,0.9188034188034188,0.45454545454545453,0.4807692307692308,57,0.4807692307692308,0.7115384615384616
3116.1537100807764,661251.0773048585,0.4672897196261683,0.9188034188034188,0.45454545454545453,0.4807692307692308,57,0.4807692307692308,0.7115384615384616
3116.1537100807764,661251.0773048585,0.4672897196261683,0.9188034188034188,0.45454545454545453,0.4807692307692308,57,0.4807692307692308,0.7115384615384616
3116.1537100807764,661251.0773048585,0.4672897196261683,0.9188034188034188,0.45454545454545453,0.4807692307692308,57,0.4807692307692308,0.7115384615384616
3116.1537100807764,661251.0773048585,0.4672897196261683,0.9188034188034188,0.45454545454545453,0.4807692307692308,57,0.4807692307692308,0.7115384615384616
3116.1537100807764,661251.0773048585,0.4672897196261683,0.9188034188034188,0.45454545454545453,0.4807692307692308,57,0.4807692307692308,0.7115384615384616
3116.1537100807764,661251.0773048585,0.4672897196261683,0.9188034188034188,0.45454545454545453,0.4807692307692308,57,0.4807692307692308,0.7115384615384616
3116.1537100807764,661251.0773048585,0.4672897196261683,0.9188034188034188,0.45454545454545453,0.4807692307692308,57,0.4807692307692308,0.7115384615384616
3116.1537100807764,661251.0773048585,0.4672897196261683,0.9188034188034188,0.45454545454545453,0.4807692307692308,57,0.4807692307692308,0.7115384615384616
3116.1537100807764,661251.0773048585,0.4672897196261683,0.9188034188034188,0.45454545454545453,0.4807692307692308,57,0.4807692307692308,0.7115384615384616
3116.1537100807764,661251.0773048585,0.4672897196261683,0.9188034188034188,0.45454545454545453,0.4807692307692308,57,0.4807692307692308,0.7115384615384616
3116.1537100807764,661251.0773048585,0.4672897196261683,0.9188034188034188,0.45454545454545453,0.4807692307692308,57,0.4807692307692308,0.7115384615384616
3116.1537100807764,661251.0773048585,0.4672897196261683,0.9188034188034188,0.45454545454545453,0.4807692307692308,57,0.4807692307692308,0.7115384615384616
3116.1537100807764,661251.0773048585,0.4672897196261683,0.9188034188034188,0.45454545454545453,0.4807692307692308,57,0.4807692307692308,0.7115384615384616
3116.1537100807764,661251.0773048585,0.4672897196261683,0.9188034188034188,0.45454545454545453,0.4807692307692308,57,0.4807692307692308,0.7115384615384616
3116.1537100807764,661251.0773048585,0.4672897196261683,0.9188034188034188,0.45454545454545453,0.4807692307692308,57,0.4807692307692308,0.7115384615384616
3116.1537100807764,661251.0773048585,0.4672897196261683,0.9188034188034188,0.45454545454545453,0.4807692307692308,57,0.4807692307692308,0.7115384615384616
3116.1537100807764,661251.0773048585,0.4672897196261683,0.9188034188034188,0.45454545454545453,0.4807692307692308,57,0.4807692307692308,0.7115384615384616
3116.1537100807764,661251.0773048585,0.4672897196261683,0.9188034188034188,0.45454545454545453,0.4807692307692308,57,0.4807692307692308,0.7115384615384616
3116.1537100807764,661251.0773048585,0.4672897196261683,0.9188034188034188,0.45454545454545453,0.4807692307692308,57,0.4807692307692308,0.7115384615384616
3116.1537100807764,661251.0773048585,0.4672897196261683,0.9188034188034188,0.45454545454545453,0.4807692307692308,57,0.4807692307692308,0.7115384615384616
3116.1537100807764,661251.0773048585,0.4672897196261683,0.9188034188034188,0.45454545454545453,0.4807692307692308,57,0.4807692307692308,0.7115384615384616
3116.1537100807764,661251.0773048585,0.4672897196261683,0.9188034188034188,0.45454545454545453,0.4807692307692308,57,0.4807692307692308,0.7115384615384616
3116.1537100807764,661251.0773048585,0.4672897196261683,0.9188034188034188,0.45454545454545453,0.4807692307692308,57,0.4807692307692308,0.7115384615384616
3116.1537100807764,661251.0773048585,0.4672897196261683,0.9188034188034188,0.45454545454545453,0.4807692307692308,57,0.4807692307692308,0.7115384615384616
3116.1537100807764,661251.0773048585,0.4672897196261683,0.9188034188034188,0.45454545454545453,0.4807692307692308,57,0.4807692307692308,0.7115384615384616
3116.1537100807764,661251.0773048585,0.4672897196261683,0.9188034188034188,0.45454545454545453,0.4807692307692308,57,0.4807692307692308,0.7115384615384616
3116.1537100807764,661251.0773048585,0.4672897196261683,0.9188034188034188,0.45454545454545453,0.4807692307692308,57,0.4807692307692308,0.7115384615384616
3116.1537100807764,661251.0773048585,0.4672897196261683,0.9188034188034188,0.45454545454545453,0.4807692307692308,57,0.4807692307692308,0.7115384615384616
3116.1537100807764,661251.0773048585,0.4672897196261683,0.9188034188034188,0.45454545454545453,0.4807692307692308,57,0.4807692307692308,0.7115384615384616
3116.1537100807764,661251.0773048585,0.4672897196261683,0.9188034188034188,0.45454545454545453,0.4807692307692308,57,0.4807692307692308,0.7115384615384616
3116.1537100807764,661251.0773048585,0.4672897196261683,0.9188034188034188,0.45454545454545453,0.4807692307692308,57,0.4807692307692308,0.7115384615384616
3116.1537100807764,661251.0773048585,0.4672897196261683,0.9188034188034188,0.45454545454545453,0.4807692307692308,57,0.4807692307692308,0.7115384615384616
3116.1537100807764,661251.0773048585,0.4672897196261683,0.9188034188034188,0.45454545454545453,0.4807692307692308,57,0.4807692307692308,0.7115384615384616
3116.1537100807764,661251.0773048585,0.4672897196261683,0.9188034188034188,0.45454545454545453,0.4807692307692308,57,0.4807692307692308,0.7115384615384616
3116.1537100807764,661251.0773048585,0.4672897196261683,0.9188034188034188,0.45454545454545453,0.4807692307692308,57,0.4807692307692308,0.7115384615384616
3116.1537100807764,661251.0773048585,0.4672897196261683,0.9188034188034188,0.45454545454545453,0.4807692307692308,57,0.4807692307692308,0.7115384615384616
3116.1537100807764,661251.0773048585,0.4672897196261683,0.9188034188034188,0.45454545454545453,0.4807692307692308,57,0.4807692307692308,0.7115384615384616
3116.1537100807764,661251.0773048585,0.4672897196261683,0.9188034188034188,0.45454545454545453,0.4807692307692308,57,0.4807692307692308,0.7115384615384616
3116.1537100807764,661251.0773048585,0.4672897196261683,0.9188034188034188,0.45454545454545453,0.4807692307692308,57,0.4807692307692308,0.7115384615384616
3116.1537100807764,661251.0773048585,0.4672897196261683,0.9188034188034188,0.45454545454545453,0.4807692307692308,57,0.4807692307692308,0.7115384615384616
3116.1537100807764,661251.0773048585,0.4672897196261683,0.9188034188034188,0.45454545454545453,0.4807692307692308,57,0.4807692307692308,0.7115384615384616
3116.1537100807764,661251.0773048585,0.4672897196261683,0.9188034188034188,0.45454545454545453,0.4807692307692308,57,0.4807692307692308,0.7115384615384616
3116.1537100807764,661251.0773048585,0.4672897196261683,0.9188034188034188,0.45454545454545453,0.4807692307692308,57,0.4807692307692308,0.7115384615384616
3116.1537100807764,661251.0773048585,0.4672897196261683,0.9188034188034188,0.45454545454545453,0.4807692307692308,57,0.4807692307692308,0.7115384615384616
3116.1537100807764,661251.0773048585,0.4672897196261683,0.9188034188034188,0.45454545454545453,0.4807692307692308,57,0.4807692307692308,0.7115384615384616
3116.1537100807764,661251.0773048585,0.4672897196261683,0.9188034188034188,0.45454545454545453,0.4807692307692308,57,0.4807692307692308,0.7115384615384616
3116.1537100807764,661251.0773048585,0.4672897196261683,0.9188034188034188,0.45454545454545453,0.4807692307692308,57,0.4807692307692308,0.7115384615384616
3116.1537100807764,661251.0773048585,0.4672897196261683,0.9188034188034188,0.45454545454545453,0.4807692307692308,57,0.4807692307692308,0.7115384615384616
3116.1537100807764,661251.0773048585,0.4672897196261683,0.9188034188034188,0.45454545454545453,0.4807692307692308,57,0.4807692307692308,0.7115384615384616
3116.1537100807764,661251.0773048585,0.4672897196261683,0.9188034188034188,0.45454545454545453,0.4807692307692308,57,0.4807692307692308,0.7115384615384616
3103.0832547927275,661238.0068495704,0.4814814814814815,0.9202279202279202,0.4642857142857143,0.5,56,0.5,0.7307692307692307
2978.453872457496,661113.3774672352,0.48598130841121495,0.9216524216524217,0.4727272727272727,0.5,55,0.5,0.7307692307692307
2978.453872457496,661113.3774672352,0.48598130841121495,0.9216524216524217,0.4727272727272727,0.5,55,0.5,0.7307692307692307
2978.453872457496,661113.3774672352,0.48598130841121495,0.9216524216524217,0.4727272727272727,0.5,55,0.5,0.7307692307692307
2978.453872457496,661113.3774672352,0.48598130841121495,0.9216524216524217,0.4727272727272727,0.5,55,0.5,0.7307692307692307
2978.453872457496,661113.3774672352,0.48598130841121495,0.9216524216524217,0.4727272727272727,0.5,55,0.5,0.7307692307692307
2978.453872457496,661113.3774672352,0.48598130841121495,0.9216524216524217,0.4727272727272727,0.5,55,0.5,0.7307692307692307
2978.453872457496,661113.3774672352,0.48598130841121495,0.9216524216524217,0.4727272727272727,0.5,55,0.5,0.7307692307692307
2978.453872457496,661113.3774672352,0.48598130841121495,0.9216524216524217,0.4727272727272727,0.5,55,0.5,0.7307692307692307
2792.317765410058,660927.2413601878,0.49056603773584906,0.9230769230769231,0.48148148148148145,0.5,54,0.5,0.7307692307692307
2792.317765410058,660927.2413601878,0.49056603773584906,0.9230769230769231,0.48148148148148145,0.5,54,0.5,0.7307692307692307
2792.317765410058,660927.2413601878,0.49056603773584906,0.9230769230769231,0.48148148148148145,0.5,54,0.5,0.7307692307692307
2792.317765410058,660927.2413601878,0.49056603773584906,0.9230769230769231,0.48148148148148145,0.5,54,0.5,0.7307692307692307
2792.317765410058,660927.2413601878,0.49056603773584906,0.9230769230769231,0.48148148148148145,0.5,54,0.5,0.7307692307692307
2792.317765410058,660927.2413601878,0.49056603773584906,0.9230769230769231,0.48148148148148145,0.5,54,0.5,0.7307692307692307
2792.317765410058,660927.2413601878,0.49056603773584906,0.9230769230769231,0.48148148148148145,0.5,54,0.5,0.7307692307692307
2792.317765410058,660927.2413601878,0.49056603773584906,0.9230769230769231,0.48148148148148145,0.5,54,0.5,0.7307692307692307
2792.317765410058,660927.2413601878,0.49056603773584906,0.9230769230769231,0.48148148148148145,0.5,54,0.5,0.7307692307692307
2792.317765410058,660927.2413601878,0.49056603773584906,0.9230769230769231,0.48148148148148145,0.5,54,0.5,0.7307692307692307
2792.317765410058,660927.2413601878,0.49056603773584906,0.9230769230769231,0.48148148148148145,0.5,54,0.5,0.7307692307692307
2792.317765410058,660927.2413601878,0.49056603773584906,0.9230769230769231,0.48148148148148145,0.5,54,0.5,0.7307692307692307
2792.317765410058,660927.2413601878,0.49056603773584906,0.9230769230769231,0.48148148148148145,0.5,54,0.5,0.7307692307692307
2792.317765410058,660927.2413601878,0.49056603773584906,0.9230769230769231,0.48148148148148145,0.5,54,0.5,0.7307692307692307
2792.317765410058,660927.2413601878,0.49056603773584906,0.9230769230769231,0.48148148148148145,0.5,54,0.5,0.7307692307692307
2792.317765410058,660927.2413601878,0.49056603773584906,0.9230769230769231,0.48148148148148145,0.5,54,0.5,0.7307692307692307
2792.317765410058,660927.2413601878,0.49056603773584906,0.9230769230769231,0.48148148148148145,0.5,54,0.5,0.7307692307692307
2792.317765410058,660927.2413601878,0.49056603773584906,0.9230769230769231,0.48148148148148145,0.5,54,0.5,0.7307692307692307
2792.317765410058,660927.2413601878,0.49056603773584906,0.9230769230769231,0.48148148148148145,0.5,54,0.5,0.7307692307692307
2792.317765410058,660927.2413601878,0.49056603773584906,0.9230769230769231,0.48148148148148145,0.5,54,0.5,0.7307692307692307
2792.317765410058,660927.2413601878,0.49056603773584906,0.9230769230769231,0.48148148148148145,0.5,54,0.5,0.7307692307692307
2792.317765410058,660927.2413601878,0.49056603773584906,0.9230769230769231,0.48148148148148145,0.5,54,0.5,0.7307692307692307
2792.317765410058,660927.2413601878,0.49056603773584906,0.9230769230769231,0.48148148148148145,0.5,54,0.5,0.7307692307692307
2792.317765410058,660927.2413601878,0.49056603773584906,0.9230769230769231,0.48148148148148145,0.5,54,0.5,0.7307692307692307
2792.317765410058,660927.2413601878,0.49056603773584906,0.9230769230769231,0.48148148148148145,0.5,54,0.5,0.7307692307692307
2792.317765410058,660927.2413601878,0.49056603773584906,0.9230769230769231,0.48148148148148145,0.5,54,0.5,0.7307692307692307
2792.317765410058,660927.2413601878,0.49056603773584906,0.9230769230769231,0.48148148148148145,0.5,54,0.5,0.7307692307692307
2792.317765410058,660927.2413601878,0.49056603773584906,0.9230769230769231,0.48148148148148145,0.5,54,0.5,0.7307692307692307
2792.317765410058,660927.2413601878,0.49056603773584906,0.9230769230769231,0.48148148148148145,0.5,54,0.5,0.7307692307692307
2792.317765410058,660927.2413601878,0.49056603773584906,0.9230769230769231,0.48148148148148145,0.5,54,0.5,0.7307692307692307
2792.317765410058,660927.2413601878,0.49056603773584906,0.9230769230769231,0.48148148148148145,0.5,54,0.5,0.7307692307692307
2792.317765410058,660927.2413601878,0.49056603773584906,0.9230769230769231,0.48148148148148145,0.5,54,0.5,0.7307692307692307
2792.317765410058,660927.2413601878,0.49056603773584906,0.9230769230769231,0.48148148148148145,0.5,54,0.5,0.7307692307692307
2792.317765410058,660927.2413601878,0.49056603773584906,0.9230769230769231,0.48148148148148145,0.5,54,0.5,0.7307692307692307
2792.317765410058,660927.2413601878,0.49056603773584906,0.9230769230769231,0.48148148148148145,0.5,54,0.5,0.7307692307692307
2792.317765410058,660927.2413601878,0.49056603773584906,0.9230769230769231,0.48148148148148145,0.5,54,0.5,0.7307692307692307
2792.317765410058,660927.2413601878,0.49056603773584906,0.9230769230769231,0.48148148148148145,0.5,54,0.5,0.7307692307692307
2792.317765410058,660927.2413601878,0.49056603773584906,0.9230769230769231,0.48148148148148145,0.5,54,0.5,0.7307692307692307
2792.317765410058,660927.2413601878,0.49056603773584906,0.9230769230769231,0.48148148148148145,0.5,54,0.5,0.7307692307692307
2792.317765410058,660927.2413601878,0.49056603773584906,0.9230769230769231,0.48148148148148145,0.5,54,0.5,0.7307692307692307
2792.317765410058,660927.2413601878,0.49056603773584906,0.9230769230769231,0.48148148148148145,0.5,54,0.5,0.7307692307692307
2792.317765410058,660927.2413601878,0.49056603773584906,0.9230769230769231,0.48148148148148145,0.5,54,0.5,0.7307692307692307
2792.317765410058,660927.2413601878,0.49056603773584906,0.9230769230769231,0.48148148148148145,0.5,54,0.5,0.7307692307692307
2792.317765410058,660927.2413601878,0.49056603773584906,0.9230769230769231,0.48148148148148145,0.5,54,0.5,0.7307692307692307
2792.317765410058,660927.2413601878,0.49056603773584906,0.9230769230769231,0.48148148148148145,0.5,54,0.5,0.7307692307692307
2792.317765410058,660927.2413601878,0.49056603773584906,0.9230769230769231,0.48148148148148145,0.5,54,0.5,0.7307692307692307
2792.317765410058,660927.2413601878,0.49056603773584906,0.9230769230769231,0.48148148148148145,0.5,54,0.5,0.7307692307692307
2792.317765410058,660927.2413601878,0.49056603773584906,0.9230769230769231,0.48148148148148145,0.5,54,0.5,0.7307692307692307
2792.317765410058,660927.2413601878,0.49056603773584906,0.9230769230769231,0.48148148148148145,0.5,54,0.5,0.7307692307692307
2792.317765410058,660927.2413601878,0.49056603773584906,0.9230769230769231,0.48148148148148145,0.5,54,0.5,0.7307692307692307
2792.317765410058,660927.2413601878,0.49056603773584906,0.9230769230769231,0.48148148148148145,0.5,54,0.5,0.7307692307692307
2792.317765410058,660927.2413601878,0.49056603773584906,0.9230769230769231,0.48148148148148145,0.5,54,0.5,0.7307692307692307
2792.317765410058,660927.2413601878,0.49056603773584906,0.9230769230769231,0.48148148148148145,0.5,54,0.5,0.7307692307692307
2792.317765410058,660927.2413601878,0.49056603773584906,0.9230769230769231,0.48148148148148145,0.5,54,0.5,0.7307692307692307
2792.317765410058,660927.2413601878,0.49056603773584906,0.9230769230769231,0.48148148148148145,0.5,54,0.5,0.7307692307692307
2792.317765410058,660927.2413601878,0.49056603773584906,0.9230769230769231,0.48148148148148145,0.5,54,0.5,0.7307692307692307
2792.317765410058,660927.2413601878,0.49056603773584906,0.9230769230769231,0.48148148148148145,0.5,54,0.5,0.7307692307692307
2792.317765410058,660927.2413601878,0.49056603773584906,0.9230769230769231,0.48148148148148145,0.5,54,0.5,0.7307692307692307
2792.317765410058,660927.2413601878,0.49056603773584906,0.9230769230769231,0.48148148148148145,0.5,54,0.5,0.7307692307692307
2792.317765410058,660927.2413601878,0.49056603773584906,0.9230769230769231,0.48148148148148145,0.5,54,0.5,0.7307692307692307
2792.317765410058,660927.2413601878,0.49056603773584906,0.9230769230769231,0.48148148148148145,0.5,54,0.5,0.7307692307692307
2792.317765410058,660927.2413601878,0.49056603773584906,0.9230769230769231,0.48148148148148145,0.5,54,0.5,0.7307692307692307
2792.317765410058,660927.2413601878,0.49056603773584906,0.9230769230769231,0.48148148148148145,0.5,54,0.5,0.7307692307692307
2792.317765410058,660927.2413601878,0.49056603773584906,0.9230769230769231,0.48148148148148145,0.5,54,0.5,0.7307692307692307
2792.317765410058,660927.2413601878,0.49056603773584906,0.9230769230769231,0.48148148148148145,0.5,54,0.5,0.7307692307692307
2792.317765410058,660927.2413601878,0.49056603773584906,0.9230769230769231,0.48148148148148145,0.5,54,0.5,0.7307692307692307
2792.317765410058,660927.2413601878,0.49056603773584906,0.9230769230769231,0.48148148148148145,0.5,54,0.5,0.7307692307692307
2792.317765410058,660927.2413601878,0.49056603773584906,0.9230769230769231,0.48148148148148145,0.5,54,0.5,0.7307692307692307
2792.317765410058,660927.2413601878,0.49056603773584906,0.9230769230769231,0.48148148148148145,0.5,54,0.5,0.7307692307692307
2792.317765410058,660927.2413601878,0.49056603773584906,0.9230769230769231,0.48148148148148145,0.5,54,0.5,0.7307692307692307
2792.317765410058,660927.2413601878,0.49056603773584906,0.9230769230769231,0.48148148148148145,0.5,54,0.5,0.7307692307692307
2792.317765410058,660927.2413601878,0.49056603773584906,0.9230769230769231,0.48148148148148145,0.5,54,0.5,0.7307692307692307
2792.317765410058,660927.2413601878,0.49056603773584906,0.9230769230769231,0.48148148148148145,0.5,54,0.5,0.7307692307692307
2792.317765410058,660927.2413601878,0.49056603773584906,0.9230769230769231,0.48148148148148145,0.5,54,0.5,0.7307692307692307
2792.317765410058,660927.2413601878,0.49056603773584906,0.9230769230769231,0.48148148148148145,0.5,54,0.5,0.7307692307692307
2792.317765410058,660927.2413601878,0.49056603773584906,0.9230769230769231,0.48148148148148145,0.5,54,0.5,0.7307692307692307
2792.317765410058,660927.2413601878,0.49056603773584906,0.9230769230769231,0.48148148148148145,0.5,54,0.5,0.7307692307692307
2792.317765410058,660927.2413601878,0.49056603773584906,0.9230769230769231,0.48148148148148145,0.5,54,0.5,0.7307692307692307
2792.317765410058,660927.2413601878,0.49056603773584906,0.9230769230769231,0.48148148148148145,0.5,54,0.5,0.7307692307692307
2792.317765410058,660927.2413601878,0.49056603773584906,0.9230769230769231,0.48148148148148145,0.5,54,0.5,0.7307692307692307
2792.317765410058,660927.2413601878,0.49056603773584906,0.9230769230769231,0.48148148148148145,0.5,54,0.5,0.7307692307692307
2792.317765410058,660927.2413601878,0.49056603773584906,0.9230769230769231,0.48148148148148145,0.5,54,0.5,0.7307692307692307
2792.317765410058,660927.2413601878,0.49056603773584906,0.9230769230769231,0.48148148148148145,0.5,54,0.5,0.7307692307692307
2792.317765410058,660927.2413601878,0.49056603773584906,0.9230769230769231,0.48148148148148145,0.5,54,0.5,0.7307692307692307
2792.317765410058,660927.2413601878,0.49056603773584906,0.9230769230769231,0.48148148148148145,0.5,54,0.5,0.7307692307692307
2792.317765410058,660927.2413601878,0.49056603773584906,0.9230769230769231,0.48148148148148145,0.5,54,0.5,0.7307692307692307
2792.317765410058,660927.2413601878,0.49056603773584906,0.9230769230769231,0.48148148148148145,0.5,54,0.5,0.7307692307692307
2792.317765410058,660927.2413601878,0.49056603773584906,0.9230769230769231,0.48148148148148145,0.5,54,0.5,0.7307692307692307
2792.317765410058,660927.2413601878,0.49056603773584906,0.9230769230769231,0.48148148148148145,0.5,54,0.5,0.7307692307692307
2792.317765410058,660927.2413601878,0.49056603773584906,0.9230769230769231,0.48148148148148145,0.5,54,0.5,0.7307692307692307
2792.317765410058,660927.2413601878,0.49056603773584906,0.9230769230769231,0.48148148148148145,0.5,54,0.5,0.7307692307692307
2792.317765410058,660927.2413601878,0.49056603773584906,0.9230769230769231,0.48148148148148145,0.5,54,0.5,0.7307692307692307
2792.317765410058,660927.2413601878,0.49056603773584906,0.9230769230769231,0.48148148148148145,0.5,54,0.5,0.7307692307692307
2792.317765410058,660927.2413601878,0.49056603773584906,0.9230769230769231,0.48148148148148145,0.5,54,0.5,0.7307692307692307
2792.317765410058,660927.2413601878,0.49056603773584906,0.9230769230769231,0.48148148148148145,0.5,54,0.5,0.7307692307692307
2792.317765410058,660927.2413601878,0.49056603773584906,0.9230769230769231,0.48148148148148145,0.5,54,0.5,0.7307692307692307
2792.317765410058,660927.2413601878,0.49056603773584906,0.9230769230769231,0.48148148148148145,0.5,54,0.5,0.7307692307692307
2792.317765410058,660927.2413601878,0.49056603773584906,0.9230769230769231,0.48148148148148145,0.5,54,0.5,0.7307692307692307
2792.317765410058,660927.2413601878,0.49056603773584906,0.9230769230769231,0.48148148148148145,0.5,54,0.5,0.7307692307692307
2792.317765410058,660927.2413601878,0.49056603773584906,0.9230769230769231,0.48148148148148145,0.5,54,0.5,0.7307692307692307
2792.317765410058,660927.2413601878,0.49056603773584906,0.9230769230769231,0.48148148148148145,0.5,54,0.5,0.7307692307692307
2792.317765410058,660927.2413601878,0.49056603773584906,0.9230769230769231,0.48148148148148145,0.5,54,0.5,0.7307692307692307
2792.317765410058,660927.2413601878,0.49056603773584906,0.9230769230769231,0.48148148148148145,0.5,54,0.5,0.7307692307692307
2792.317765410058,660927.2413601878,0.49056603773584906,0.9230769230769231,0.48148148148148145,0.5,54,0.5,0.7307692307692307
2792.317765410058,660927.2413601878,0.49056603773584906,0.9230769230769231,0.48148148148148145,0.5,54,0.5,0.7307692307692307
2792.317765410058,660927.2413601878,0.49056603773584906,0.9230769230769231,0.48148148148148145,0.5,54,0.5,0.7307692307692307
2792.317765410058,660927.2413601878,0.49056603773584906,0.9230769230769231,0.48148148148148145,0.5,54,0.5,0.7307692307692307
2792.317765410058,660927.2413601878,0.49056603773584906,0.9230769230769231,0.48148148148148145,0.5,54,0.5,0.7307692307692307
2792.317765410058,660927.2413601878,0.49056603773584906,0.9230769230769231,0.48148148148148145,0.5,54,0.5,0.7307692307692307
2792.317765410058,660927.2413601878,0.49056603773584906,0.9230769230769231,0.48148148148148145,0.5,54,0.5,0.7307692307692307
2792.317765410058,660927.2413601878,0.49056603773584906,0.9230769230769231,0.48148148148148145,0.5,54,0.5,0.7307692307692307
2792.317765410058,660927.2413601878,0.49056603773584906,0.9230769230769231,0.48148148148148145,0.5,54,0.5,0.7307692307692307
2792.317765410058,660927.2413601878,0.49056603773584906,0.9230769230769231,0.48148148148148145,0.5,54,0.5,0.7307692307692307
2792.317765410058,660927.2413601878,0.49056603773584906,0.9230769230769231,0.48148148148148145,0.5,54,0.5,0.7307692307692307
2792.317765410058,660927.2413601878,0.49056603773584906,0.9230769230769231,0.48148148148148145,0.5,54,0.5,0.7307692307692307
2792.317765410058,660927.2413601878,0.49056603773584906,0.9230769230769231,0.48148148148148145,0.5,54,0.5,0.7307692307692307
2792.317765410058,660927.2413601878,0.49056603773584906,0.9230769230769231,0.48148148148148145,0.5,54,0.5,0.7307692307692307
2792.317765410058,660927.2413601878,0.49056603773584906,0.9230769230769231,0.48148148148148145,0.5,54,0.5,0.7307692307692307
2792.317765410058,660927.2413601878,0.49056603773584906,0.9230769230769231,0.48148148148148145,0.5,54,0.5,0.7307692307692307
2792.317765410058,660927.2413601878,0.49056603773584906,0.9230769230769231,0.48148148148148145,0.5,54,0.5,0.7307692307692307
2792.317765410058,660927.2413601878,0.49056603773584906,0.9230769230769231,0.48148148148148145,0.5,54,0.5,0.7307692307692307
2792.317765410058,660927.2413601878,0.49056603773584906,0.9230769230769231,0.48148148148148145,0.5,54,0.5,0.7307692307692307
2792.317765410058,660927.2413601878,0.49056603773584906,0.9230769230769231,0.48148148148148145,0.5,54,0.5,0.7307692307692307
2792.317765410058,660927.2413601878,0.49056603773584906,0.9230769230769231,0.48148148148148145,0.5,54,0.5,0.7307692307692307
2792.317765410058,660927.2413601878,0.49056603773584906,0.9230769230769231,0.48148148148148145,0.5,54,0.5,0.7307692307692307
2792.317765410058,660927.2413601878,0.49056603773584906,0.9230769230769231,0.48148148148148145,0.5,54,0.5,0.7307692307692307
2792.317765410058,660927.2413601878,0.49056603773584906,0.9230769230769231,0.48148148148148145,0.5,54,0.5,0.7307692307692307
2792.317765410058,660927.2413601878,0.49056603773584906,0.9230769230769231,0.48148148148148145,0.5,54,0.5,0.7307692307692307
2792.317765410058,660927.2413601878,0.49056603773584906,0.9230769230769231,0.48148148148148145,0.5,54,0.5,0.7307692307692307
2792.317765410058,660927.2413601878,0.49056603773584906,0.9230769230769231,0.48148148148148145,0.5,54,0.5,0.7307692307692307
2792.317765410058,660927.2413601878,0.49056603773584906,0.9230769230769231,0.48148148148148145,0.5,54,0.5,0.7307692307692307
2792.317765410058,660927.2413601878,0.49056603773584906,0.9230769230769231,0.48148148148148145,0.5,54,0.5,0.7307692307692307
2792.317765410058,660927.2413601878,0.49056603773584906,0.9230769230769231,0.48148148148148145,0.5,54,0.5,0.7307692307692307
2792.317765410058,660927.2413601878,0.49056603773584906,0.9230769230769231,0.48148148148148145,0.5,54,0.5,0.7307692307692307
2792.317765410058,660927.2413601878,0.49056603773584906,0.9230769230769231,0.48148148148148145,0.5,54,0.5,0.7307692307692307
2792.317765410058,660927.2413601878,0.49056603773584906,0.9230769230769231,0.48148148148148145,0.5,54,0.5,0.7307692307692307
2792.317765410058,660927.2413601878,0.49056603773584906,0.9230769230769231,0.48148148148148145,0.5,54,0.5,0.7307692307692307
2792.317765410058,660927.2413601878,0.49056603773584906,0.9230769230769231,0.48148148148148145,0.5,54,0.5,0.7307692307692307
2792.317765410058,660927.2413601878,0.49056603773584906,0.9230769230769231,0.48148148148148145,0.5,54,0.5,0.7307692307692307
2792.317765410058,660927.2413601878,0.49056603773584906,0.9230769230769231,0.48148148148148145,0.5,54,0.5,0.7307692307692307
2792.317765410058,660927.2413601878,0.49056603773584906,0.9230769230769231,0.48148148148148145,0.5,54,0.5,0.7307692307692307
2792.317765410058,660927.2413601878,0.49056603773584906,0.9230769230769231,0.48148148148148145,0.5,54,0.5,0.7307692307692307
2792.317765410058,660927.2413601878,0.49056603773584906,0.9230769230769231,0.48148148148148145,0.5,54,0.5,0.7307692307692307
2792.317765410058,660927.2413601878,0.49056603773584906,0.9230769230769231,0.48148148148148145,0.5,54,0.5,0.7307692307692307
2792.317765410058,660927.2413601878,0.49056603773584906,0.9230769230769231,0.48148148148148145,0.5,54,0.5,0.7307692307692307
2792.317765410058,660927.2413601878,0.49056603773584906,0.9230769230769231,0.48148148148148145,0.5,54,0.5,0.7307692307692307
2792.317765410058,660927.2413601878,0.49056603773584906,0.9230769230769231,0.48148148148148145,0.5,54,0.5,0.7307692307692307
2792.317765410058,660927.2413601878,0.49056603773584906,0.9230769230769231,0.48148148148148145,0.5,54,0.5,0.7307692307692307
2792.317765410058,660927.2413601878,0.49056603773584906,0.9230769230769231,0.48148148148148145,0.5,54,0.5,0.7307692307692307
2792.317765410058,660927.2413601878,0.49056603773584906,0.9230769230769231,0.48148148148148145,0.5,54,0.5,0.7307692307692307
2792.317765410058,660927.2413601878,0.49056603773584906,0.9230769230769231,0.48148148148148145,0.5,54,0.5,0.7307692307692307
2792.317765410058,660927.2413601878,0.49056603773584906,0.9230769230769231,0.48148148148148145,0.5,54,0.5,0.7307692307692307
2792.317765410058,660927.2413601878,0.49056603773584906,0.9230769230769231,0.48148148148148145,0.5,54,0.5,0.7307692307692307
2792.317765410058,660927.2413601878,0.49056603773584906,0.9230769230769231,0.48148148148148145,0.5,54,0.5,0.7307692307692307
2792.317765410058,660927.2413601878,0.49056603773584906,0.9230769230769231,0.48148148148148145,0.5,54,0.5,0.7307692307692307
2792.317765410058,660927.2413601878,0.49056603773584906,0.9230769230769231,0.48148148148148145,0.5,54,0.5,0.7307692307692307
2792.317765410058,660927.2413601878,0.49056603773584906,0.9230769230769231,0.48148148148148145,0.5,54,0.5,0.7307692307692307
2792.317765410058,660927.2413601878,0.49056603773584906,0.9230769230769231,0.48148148148148145,0.5,54,0.5,0.7307692307692307
2792.317765410058,660927.2413601878,0.49056603773584906,0.9230769230769231,0.48148148148148145,0.5,54,0.5,0.7307692307692307
2792.317765410058,660927.2413601878,0.49056603773584906,0.9230769230769231,0.48148148148148145,0.5,54,0.5,0.7307692307692307
2792.317765410058,660927.2413601878,0.49056603773584906,0.9230769230769231,0.48148148148148145,0.5,54,0.5,0.7307692307692307
2792.317765410058,660927.2413601878,0.49056603773584906,0.9230769230769231,0.48148148148148145,0.5,54,0.5,0.7307692307692307
2792.317765410058,660927.2413601878,0.49056603773584906,0.9230769230769231,0.48148148148148145,0.5,54,0.5,0.7307692307692307
2792.317765410058,660927.2413601878,0.49056603773584906,0.9230769230769231,0.48148148148148145,0.5,54,0.5,0.7307692307692307
2792.317765410058,660927.2413601878,0.49056603773584906,0.9230769230769231,0.48148148148148145,0.5,54,0.5,0.7307692307692307
2792.317765410058,660927.2413601878,0.49056603773584906,0.9230769230769231,0.48148148148148145,0.5,54,0.5,0.7307692307692307
2792.317765410058,660927.2413601878,0.49056603773584906,0.9230769230769231,0.48148148148148145,0.5,54,0.5,0.7307692307692307
2792.317765410058,660927.2413601878,0.49056603773584906,0.9230769230769231,0.48148148148148145,0.5,54,0.5,0.7307692307692307
2792.317765410058,660927.2413601878,0.49056603773584906,0.9230769230769231,0.48148148148148145,0.5,54,0.5,0.7307692307692307
2792.317765410058,660927.2413601878,0.49056603773584906,0.9230769230769231,0.48148148148148145,0.5,54,0.5,0.7307692307692307
2792.317765410058,660927.2413601878,0.49056603773584906,0.9230769230769231,0.48148148148148145,0.5,54,0.5,0.7307692307692307
2792.317765410058,660927.2413601878,0.49056603773584906,0.9230769230769231,0.48148148148148145,0.5,54,0.5,0.7307692307692307
2792.317765410058,660927.2413601878,0.49056603773584906,0.9230769230769231,0.48148148148148145,0.5,54,0.5,0.7307692307692307
2792.317765410058,660927.2413601878,0.49056603773584906,0.9230769230769231,0.48148148148148145,0.5,54,0.5,0.7307692307692307
2792.317765410058,660927.2413601878,0.49056603773584906,0.9230769230769231,0.48148148148148145,0.5,54,0.5,0.7307692307692307
2792.317765410058,660927.2413601878,0.49056603773584906,0.9230769230769231,0.48148148148148145,0.5,54,0.5,0.7307692307692307
2792.317765410058,660927.2413601878,0.49056603773584906,0.9230769230769231,0.48148148148148145,0.5,54,0.5,0.7307692307692307
2792.317765410058,660927.2413601878,0.49056603773584906,0.9230769230769231,0.48148148148148145,0.5,54,0.5,0.7307692307692307
2792.317765410058,660927.2413601878,0.49056603773584906,0.9230769230769231,0.48148148148148145,0.5,54,0.5,0.7307692307692307
2792.317765410058,660927.2413601878,0.49056603773584906,0.9230769230769231,0.48148148148148145,0.5,54,0.5,0.7307692307692307
2792.317765410058,660927.2413601878,0.49056603773584906,0.9230769230769231,0.48148148148148145,0.5,54,0.5,0.7307692307692307
2792.317765410058,660927.2413601878,0.49056603773584906,0.9230769230769231,0.48148148148148145,0.5,54,0.5,0.7307692307692307
2782.51073355251,660917.4343283302,0.509433962264151,0.9259259259259259,0.5,0.5192307692307693,52,0.5192307692307693,0.7307692307692307
2683.0271302232286,660817.9507250009,0.5142857142857143,0.9273504273504274,0.5094339622641509,0.5192307692307693,51,0.5192307692307693,0.7307692307692307
2683.0271302232286,660817.9507250009,0.5142857142857143,0.9273504273504274,0.5094339622641509,0.5192307692307693,51,0.5192307692307693,0.7307692307692307
2683.0271302232286,660817.9507250009,0.5142857142857143,0.9273504273504274,0.5094339622641509,0.5192307692307693,51,0.5192307692307693,0.7307692307692307
2683.0271302232286,660817.9507250009,0.5142857142857143,0.9273504273504274,0.5094339622641509,0.5192307692307693,51,0.5192307692307693,0.7307692307692307
2683.0271302232286,660817.9507250009,0.5142857142857143,0.9273504273504274,0.5094339622641509,0.5192307692307693,51,0.5192307692307693,0.7307692307692307
2683.0271302232286,660817.9507250009,0.5142857142857143,0.9273504273504274,0.5094339622641509,0.5192307692307693,51,0.5192307692307693,0.7307692307692307
2474.930911557516,660609.8545063352,0.509433962264151,0.9259259259259259,0.5,0.5192307692307693,52,0.5192307692307693,0.75
2474.930911557516,660609.8545063352,0.509433962264151,0.9259259259259259,0.5,0.5192307692307693,52,0.5192307692307693,0.75
2474.930911557516,660609.8545063352,0.509433962264151,0.9259259259259259,0.5,0.5192307692307693,52,0.5192307692307693,0.75
2474.930911557516,660609.8545063352,0.509433962264151,0.9259259259259259,0.5,0.5192307692307693,52,0.5192307692307693,0.75
2235.4339818115113,660370.3575765892,0.509433962264151,0.9259259259259259,0.5,0.5192307692307693,52,0.5192307692307693,0.75
2235.4339818115113,660370.3575765892,0.509433962264151,0.9259259259259259,0.5,0.5192307692307693,52,0.5192307692307693,0.75
2235.4339818115113,660370.3575765892,0.509433962264151,0.9259259259259259,0.5,0.5192307692307693,52,0.5192307692307693,0.75
2235.4339818115113,660370.3575765892,0.509433962264151,0.9259259259259259,0.5,0.5192307692307693,52,0.5192307692307693,0.75
2235.4339818115113,660370.3575765892,0.509433962264151,0.9259259259259259,0.5,0.5192307692307693,52,0.5192307692307693,0.75
2010.9527325427625,660145.8763273205,0.5142857142857143,0.9273504273504274,0.5094339622641509,0.5192307692307693,51,0.5192307692307693,0.75
2010.9527325427625,660145.8763273205,0.5142857142857143,0.9273504273504274,0.5094339622641509,0.5192307692307693,51,0.5192307692307693,0.75
2010.9527325427625,660145.8763273205,0.5142857142857143,0.9273504273504274,0.5094339622641509,0.5192307692307693,51,0.5192307692307693,0.75
2010.9527325427625,660145.8763273205,0.5142857142857143,0.9273504273504274,0.5094339622641509,0.5192307692307693,51,0.5192307692307693,0.75
2010.9527325427625,660145.8763273205,0.5142857142857143,0.9273504273504274,0.5094339622641509,0.5192307692307693,51,0.5192307692307693,0.75
2010.9527325427625,660145.8763273205,0.5142857142857143,0.9273504273504274,0.5094339622641509,0.5192307692307693,51,0.5192307692307693,0.75
2010.9527325427625,660145.8763273205,0.5142857142857143,0.9273504273504274,0.5094339622641509,0.5192307692307693,51,0.5192307692307693,0.75
1884.7846862435108,660019.7082810212,0.5192307692307693,0.9287749287749287,0.5192307692307693,0.5192307692307693,50,0.5192307692307693,0.75
1884.7846862435108,660019.7082810212,0.5192307692307693,0.9287749287749287,0.5192307692307693,0.5192307692307693,50,0.5192307692307693,0.75
1884.7846862435108,660019.7082810212,0.5192307692307693,0.9287749287749287,0.5192307692307693,0.5192307692307693,50,0.5192307692307693,0.75
1884.7846862435108,660019.7082810212,0.5192307692307693,0.9287749287749287,0.5192307692307693,0.5192307692307693,50,0.5192307692307693,0.75
1884.7846862435108,660019.7082810212,0.5192307692307693,0.9287749287749287,0.5192307692307693,0.5192307692307693,50,0.5192307692307693,0.75
1884.7846862435108,660019.7082810212,0.5192307692307693,0.9287749287749287,0.5192307692307693,0.5192307692307693,50,0.5192307692307693,0.75
1884.7846862435108,660019.7082810212,0.5192307692307693,0.9287749287749287,0.5192307692307693,0.5192307692307693,50,0.5192307692307693,0.75
1884.7846862435108,660019.7082810212,0.5192307692307693,0.9287749287749287,0.5192307692307693,0.5192307692307693,50,0.5192307692307693,0.75
1884.7846862435108,660019.7082810212,0.5192307692307693,0.9287749287749287,0.5192307692307693,0.5192307692307693,50,0.5192307692307693,0.75
1884.7846862435108,660019.7082810212,0.5192307692307693,0.9287749287749287,0.5192307692307693,0.5192307692307693,50,0.5192307692307693,0.75
1884.7846862435108,660019.7082810212,0.5192307692307693,0.9287749287749287,0.5192307692307693,0.5192307692307693,50,0.5192307692307693,0.75
1884.7846862435108,660019.7082810212,0.5192307692307693,0.9287749287749287,0.5192307692307693,0.5192307692307693,50,0.5192307692307693,0.75
1884.7846862435108,660019.7082810212,0.5192307692307693,0.9287749287749287,0.5192307692307693,0.5192307692307693,50,0.5192307692307693,0.75
1884.7846862435108,660019.7082810212,0.5192307692307693,0.9287749287749287,0.5192307692307693,0.5192307692307693,50,0.5192307692307693,0.75
1884.7846862435108,660019.7082810212,0.5192307692307693,0.9287749287749287,0.5192307692307693,0.5192307692307693,50,0.5192307692307693,0.75
1884.7846862435108,660019.7082810212,0.5192307692307693,0.9287749287749287,0.5192307692307693,0.5192307692307693,50,0.5192307692307693,0.75
1884.7846862435108,660019.7082810212,0.5192307692307693,0.9287749287749287,0.5192307692307693,0.5192307692307693,50,0.5192307692307693,0.75
1884.7846862435108,660019.7082810212,0.5192307692307693,0.9287749287749287,0.5192307692307693,0.5192307692307693,50,0.5192307692307693,0.75
1884.7846862435108,660019.7082810212,0.5192307692307693,0.9287749287749287,0.5192307692307693,0.5192307692307693,50,0.5192307692307693,0.75
1884.7846862435108,660019.7082810212,0.5192307692307693,0.9287749287749287,0.5192307692307693,0.5192307692307693,50,0.5192307692307693,0.75
1884.7846862435108,660019.7082810212,0.5192307692307693,0.9287749287749287,0.5192307692307693,0.5192307692307693,50,0.5192307692307693,0.75
1884.7846862435108,660019.7082810212,0.5192307692307693,0.9287749287749287,0.5192307692307693,0.5192307692307693,50,0.5192307692307693,0.75
1884.7846862435108,660019.7082810212,0.5192307692307693,0.9287749287749287,0.5192307692307693,0.5192307692307693,50,0.5192307692307693,0.75
1884.7846862435108,660019.7082810212,0.5192307692307693,0.9287749287749287,0.5192307692307693,0.5192307692307693,50,0.5192307692307693,0.75
1884.7846862435108,660019.7082810212,0.5192307692307693,0.9287749287749287,0.5192307692307693,0.5192307692307693,50,0.5192307692307693,0.75
1884.7846862435108,660019.7082810212,0.5192307692307693,0.9287749287749287,0.5192307692307693,0.5192307692307693,50,0.5192307692307693,0.75
1884.7846862435108,660019.7082810212,0.5192307692307693,0.9287749287749287,0.5192307692307693,0.5192307692307693,50,0.5192307692307693,0.75
1884.7846862435108,660019.7082810212,0.5192307692307693,0.9287749287749287,0.5192307692307693,0.5192307692307693,50,0.5192307692307693,0.75
1884.7846862435108,660019.7082810212,0.5192307692307693,0.9287749287749287,0.5192307692307693,0.5192307692307693,50,0.5192307692307693,0.75
1884.7846862435108,660019.7082810212,0.5192307692307693,0.9287749287749287,0.5192307692307693,0.5192307692307693,50,0.5192307692307693,0.75
1884.7846862435108,660019.7082810212,0.5192307692307693,0.9287749287749287,0.5192307692307693,0.5192307692307693,50,0.5192307692307693,0.75
1884.7846862435108,660019.7082810212,0.5192307692307693,0.9287749287749287,0.5192307692307693,0.5192307692307693,50,0.5192307692307693,0.75
1884.7846862435108,660019.7082810212,0.5192307692307693,0.9287749287749287,0.5192307692307693,0.5192307692307693,50,0.5192307692307693,0.75
1884.7846862435108,660019.7082810212,0.5192307692307693,0.9287749287749287,0.5192307692307693,0.5192307692307693,50,0.5192307692307693,0.75
1884.7846862435108,660019.7082810212,0.5192307692307693,0.9287749287749287,0.5192307692307693,0.5192307692307693,50,0.5192307692307693,0.75
1884.7846862435108,660019.7082810212,0.5192307692307693,0.9287749287749287,0.5192307692307693,0.5192307692307693,50,0.5192307692307693,0.75
1884.7846862435108,660019.7082810212,0.5192307692307693,0.9287749287749287,0.5192307692307693,0.5192307692307693,50,0.5192307692307693,0.75
1884.7846862435108,660019.7082810212,0.5192307692307693,0.9287749287749287,0.5192307692307693,0.5192307692307693,50,0.5192307692307693,0.75
1884.7846862435108,660019.7082810212,0.5192307692307693,0.9287749287749287,0.5192307692307693,0.5192307692307693,50,0.5192307692307693,0.75
1884.7846862435108,660019.7082810212,0.5192307692307693,0.9287749287749287,0.5192307692307693,0.5192307692307693,50,0.5192307692307693,0.75
1884.7846862435108,660019.7082810212,0.5192307692307693,0.9287749287749287,0.5192307692307693,0.5192307692307693,50,0.5192307692307693,0.75
1884.7846862435108,660019.7082810212,0.5192307692307693,0.9287749287749287,0.5192307692307693,0.5192307692307693,50,0.5192307692307693,0.75
1884.7846862435108,660019.7082810212,0.5192307692307693,0.9287749287749287,0.5192307692307693,0.5192307692307693,50,0.5192307692307693,0.75
1884.7846862435108,660019.7082810212,0.5192307692307693,0.9287749287749287,0.5192307692307693,0.5192307692307693,50,0.5192307692307693,0.75
1884.7846862435108,660019.7082810212,0.5192307692307693,0.9287749287749287,0.5192307692307693,0.5192307692307693,50,0.5192307692307693,0.75
1884.7846862435108,660019.7082810212,0.5192307692307693,0.9287749287749287,0.5192307692307693,0.5192307692307693,50,0.5192307692307693,0.75
1884.7846862435108,660019.7082810212,0.5192307692307693,0.9287749287749287,0.5192307692307693,0.5192307692307693,50,0.5192307692307693,0.75
1884.7846862435108,660019.7082810212,0.5192307692307693,0.9287749287749287,0.5192307692307693,0.5192307692307693,50,0.5192307692307693,0.75
1884.7846862435108,660019.7082810212,0.5192307692307693,0.9287749287749287,0.5192307692307693,0.5192307692307693,50,0.5192307692307693,0.75
1884.7846862435108,660019.7082810212,0.5192307692307693,0.9287749287749287,0.5192307692307693,0.5192307692307693,50,0.5192307692307693,0.75
1884.7846862435108,660019.7082810212,0.5192307692307693,0.9287749287749287,0.5192307692307693,0.5192307692307693,50,0.5192307692307693,0.75
1884.7846862435108,660019.7082810212,0.5192307692307693,0.9287749287749287,0.5192307692307693,0.5192307692307693,50,0.5192307692307693,0.75
1884.7846862435108,660019.7082810212,0.5192307692307693,0.9287749287749287,0.5192307692307693,0.5192307692307693,50,0.5192307692307693,0.75
1884.7846862435108,660019.7082810212,0.5192307692307693,0.9287749287749287,0.5192307692307693,0.5192307692307693,50,0.5192307692307693,0.75
1884.7846862435108,660019.7082810212,0.5192307692307693,0.9287749287749287,0.5192307692307693,0.5192307692307693,50,0.5192307692307693,0.75
1884.7846862435108,660019.7082810212,0.5192307692307693,0.9287749287749287,0.5192307692307693,0.5192307692307693,50,0.5192307692307693,0.75
1884.7846862435108,660019.7082810212,0.5192307692307693,0.9287749287749287,0.5192307692307693,0.5192307692307693,50,0.5192307692307693,0.75
1822.1053348683054,659957.028929646,0.5283018867924528,0.9287749287749287,0.5185185185185185,0.5384615384615384,50,0.5384615384615384,0.7692307692307693
1721.590992586338,659856.514587364,0.5333333333333333,0.9301994301994302,0.5283018867924528,0.5384615384615384,49,0.5384615384615384,0.7692307692307693
1657.2047235795762,659792.1283183573,0.5384615384615384,0.9316239316239316,0.5384615384615384,0.5384615384615384,48,0.5384615384615384,0.7692307692307693
1657.2047235795762,659792.1283183573,0.5384615384615384,0.9316239316239316,0.5384615384615384,0.5384615384615384,48,0.5384615384615384,0.7692307692307693
1657.2047235795762,659792.1283183573,0.5384615384615384,0.9316239316239316,0.5384615384615384,0.5384615384615384,48,0.5384615384615384,0.7692307692307693
1657.2047235795762,659792.1283183573,0.5384615384615384,0.9316239316239316,0.5384615384615384,0.5384615384615384,48,0.5384615384615384,0.7692307692307693
1657.2047235795762,659792.1283183573,0.5384615384615384,0.9316239316239316,0.5384615384615384,0.5384615384615384,48,0.5384615384615384,0.7692307692307693
1657.2047235795762,659792.1283183573,0.5384615384615384,0.9316239316239316,0.5384615384615384,0.5384615384615384,48,0.5384615384615384,0.7692307692307693
1657.2047235795762,659792.1283183573,0.5384615384615384,0.9316239316239316,0.5384615384615384,0.5384615384615384,48,0.5384615384615384,0.7692307692307693
1657.2047235795762,659792.1283183573,0.5384615384615384,0.9316239316239316,0.5384615384615384,0.5384615384615384,48,0.5384615384615384,0.7692307692307693
1657.2047235795762,659792.1283183573,0.5384615384615384,0.9316239316239316,0.5384615384615384,0.5384615384615384,48,0.5384615384615384,0.7692307692307693
1657.2047235795762,659792.1283183573,0.5384615384615384,0.9316239316239316,0.5384615384615384,0.5384615384615384,48,0.5384615384615384,0.7692307692307693
1657.2047235795762,659792.1283183573,0.5384615384615384,0.9316239316239316,0.5384615384615384,0.5384615384615384,48,0.5384615384615384,0.7692307692307693
1657.2047235795762,659792.1283183573,0.5384615384615384,0.9316239316239316,0.5384615384615384,0.5384615384615384,48,0.5384615384615384,0.7692307692307693
1657.2047235795762,659792.1283183573,0.5384615384615384,0.9316239316239316,0.5384615384615384,0.5384615384615384,48,0.5384615384615384,0.7692307692307693
1657.2047235795762,659792.1283183573,0.5384615384615384,0.9316239316239316,0.5384615384615384,0.5384615384615384,48,0.5384615384615384,0.7692307692307693
1657.2047235795762,659792.1283183573,0.5384615384615384,0.9316239316239316,0.5384615384615384,0.5384615384615384,48,0.5384615384615384,0.7692307692307693
1657.2047235795762,659792.1283183573,0.5384615384615384,0.9316239316239316,0.5384615384615384,0.5384615384615384,48,0.5384615384615384,0.7692307692307693
1657.2047235795762,659792.1283183573,0.5384615384615384,0.9316239316239316,0.5384615384615384,0.5384615384615384,48,0.5384615384615384,0.7692307692307693
1657.2047235795762,659792.1283183573,0.5384615384615384,0.9316239316239316,0.5384615384615384,0.5384615384615384,48,0.5384615384615384,0.7692307692307693
1657.2047235795762,659792.1283183573,0.5384615384615384,0.9316239316239316,0.5384615384615384,0.5384615384615384,48,0.5384615384615384,0.7692307692307693
1657.2047235795762,659792.1283183573,0.5384615384615384,0.9316239316239316,0.5384615384615384,0.5384615384615384,48,0.5384615384615384,0.7692307692307693
1657.2047235795762,659792.1283183573,0.5384615384615384,0.9316239316239316,0.5384615384615384,0.5384615384615384,48,0.5384615384615384,0.7692307692307693
1657.2047235795762,659792.1283183573,0.5384615384615384,0.9316239316239316,0.5384615384615384,0.5384615384615384,48,0.5384615384615384,0.7692307692307693
1657.2047235795762,659792.1283183573,0.5384615384615384,0.9316239316239316,0.5384615384615384,0.5384615384615384,48,0.5384615384615384,0.7692307692307693
1657.2047235795762,659792.1283183573,0.5384615384615384,0.9316239316239316,0.5384615384615384,0.5384615384615384,48,0.5384615384615384,0.7692307692307693
1657.2047235795762,659792.1283183573,0.5384615384615384,0.9316239316239316,0.5384615384615384,0.5384615384615384,48,0.5384615384615384,0.7692307692307693
1657.2047235795762,659792.1283183573,0.5384615384615384,0.9316239316239316,0.5384615384615384,0.5384615384615384,48,0.5384615384615384,0.7692307692307693
1657.2047235795762,659792.1283183573,0.5384615384615384,0.9316239316239316,0.5384615384615384,0.5384615384615384,48,0.5384615384615384,0.7692307692307693
1657.2047235795762,659792.1283183573,0.5384615384615384,0.9316239316239316,0.5384615384615384,0.5384615384615384,48,0.5384615384615384,0.7692307692307693
1657.2047235795762,659792.1283183573,0.5384615384615384,0.9316239316239316,0.5384615384615384,0.5384615384615384,48,0.5384615384615384,0.7692307692307693
1657.2047235795762,659792.1283183573,0.5384615384615384,0.9316239316239316,0.5384615384615384,0.5384615384615384,48,0.5384615384615384,0.7692307692307693
1657.2047235795762,659792.1283183573,0.5384615384615384,0.9316239316239316,0.5384615384615384,0.5384615384615384,48,0.5384615384615384,0.7692307692307693
1657.2047235795762,659792.1283183573,0.5384615384615384,0.9316239316239316,0.5384615384615384,0.5384615384615384,48,0.5384615384615384,0.7692307692307693
1657.2047235795762,659792.1283183573,0.5384615384615384,0.9316239316239316,0.5384615384615384,0.5384615384615384,48,0.5384615384615384,0.7692307692307693
1657.2047235795762,659792.1283183573,0.5384615384615384,0.9316239316239316,0.5384615384615384,0.5384615384615384,48,0.5384615384615384,0.7692307692307693
1657.2047235795762,659792.1283183573,0.5384615384615384,0.9316239316239316,0.5384615384615384,0.5384615384615384,48,0.5384615384615384,0.7692307692307693
1657.2047235795762,659792.1283183573,0.5384615384615384,0.9316239316239316,0.5384615384615384,0.5384615384615384,48,0.5384615384615384,0.7692307692307693
1657.2047235795762,659792.1283183573,0.5384615384615384,0.9316239316239316,0.5384615384615384,0.5384615384615384,48,0.5384615384615384,0.7692307692307693
1657.2047235795762,659792.1283183573,0.5384615384615384,0.9316239316239316,0.5384615384615384,0.5384615384615384,48,0.5384615384615384,0.7692307692307693
1657.2047235795762,659792.1283183573,0.5384615384615384,0.9316239316239316,0.5384615384615384,0.5384615384615384,48,0.5384615384615384,0.7692307692307693
1657.2047235795762,659792.1283183573,0.5384615384615384,0.9316239316239316,0.5384615384615384,0.5384615384615384,48,0.5384615384615384,0.7692307692307693
1657.2047235795762,659792.1283183573,0.5384615384615384,0.9316239316239316,0.5384615384615384,0.5384615384615384,48,0.5384615384615384,0.7692307692307693
1657.2047235795762,659792.1283183573,0.5384615384615384,0.9316239316239316,0.5384615384615384,0.5384615384615384,48,0.5384615384615384,0.7692307692307693
1657.2047235795762,659792.1283183573,0.5384615384615384,0.9316239316239316,0.5384615384615384,0.5384615384615384,48,0.5384615384615384,0.7692307692307693
1657.2047235795762,659792.1283183573,0.5384615384615384,0.9316239316239316,0.5384615384615384,0.5384615384615384,48,0.5384615384615384,0.7692307692307693
1657.2047235795762,659792.1283183573,0.5384615384615384,0.9316239316239316,0.5384615384615384,0.5384615384615384,48,0.5384615384615384,0.7692307692307693
1657.2047235795762,659792.1283183573,0.5384615384615384,0.9316239316239316,0.5384615384615384,0.5384615384615384,48,0.5384615384615384,0.7692307692307693
1657.2047235795762,659792.1283183573,0.5384615384615384,0.9316239316239316,0.5384615384615384,0.5384615384615384,48,0.5384615384615384,0.7692307692307693
1657.2047235795762,659792.1283183573,0.5384615384615384,0.9316239316239316,0.5384615384615384,0.5384615384615384,48,0.5384615384615384,0.7692307692307693
1657.2047235795762,659792.1283183573,0.5384615384615384,0.9316239316239316,0.5384615384615384,0.5384615384615384,48,0.5384615384615384,0.7692307692307693
1657.2047235795762,659792.1283183573,0.5384615384615384,0.9316239316239316,0.5384615384615384,0.5384615384615384,48,0.5384615384615384,0.7692307692307693
1657.2047235795762,659792.1283183573,0.5384615384615384,0.9316239316239316,0.5384615384615384,0.5384615384615384,48,0.5384615384615384,0.7692307692307693
1657.2047235795762,659792.1283183573,0.5384615384615384,0.9316239316239316,0.5384615384615384,0.5384615384615384,48,0.5384615384615384,0.7692307692307693
1657.2047235795762,659792.1283183573,0.5384615384615384,0.9316239316239316,0.5384615384615384,0.5384615384615384,48,0.5384615384615384,0.7692307692307693
1657.2047235795762,659792.1283183573,0.5384615384615384,0.9316239316239316,0.5384615384615384,0.5384615384615384,48,0.5384615384615384,0.7692307692307693
1657.2047235795762,659792.1283183573,0.5384615384615384,0.9316239316239316,0.5384615384615384,0.5384615384615384,48,0.5384615384615384,0.7692307692307693
1657.2047235795762,659792.1283183573,0.5384615384615384,0.9316239316239316,0.5384615384615384,0.5384615384615384,48,0.5384615384615384,0.7692307692307693
1657.2047235795762,659792.1283183573,0.5384615384615384,0.9316239316239316,0.5384615384615384,0.5384615384615384,48,0.5384615384615384,0.7692307692307693
1657.2047235795762,659792.1283183573,0.5384615384615384,0.9316239316239316,0.5384615384615384,0.5384615384615384,48,0.5384615384615384,0.7692307692307693
1657.2047235795762,659792.1283183573,0.5384615384615384,0.9316239316239316,0.5384615384615384,0.5384615384615384,48,0.5384615384615384,0.7692307692307693
1657.2047235795762,659792.1283183573,0.5384615384615384,0.9316239316239316,0.5384615384615384,0.5384615384615384,48,0.5384615384615384,0.7692307692307693
1657.2047235795762,659792.1283183573,0.5384615384615384,0.9316239316239316,0.5384615384615384,0.5384615384615384,48,0.5384615384615384,0.7692307692307693
1657.2047235795762,659792.1283183573,0.5384615384615384,0.9316239316239316,0.5384615384615384,0.5384615384615384,48,0.5384615384615384,0.7692307692307693
1657.2047235795762,659792.1283183573,0.5384615384615384,0.9316239316239316,0.5384615384615384,0.5384615384615384,48,0.5384615384615384,0.7692307692307693
1657.2047235795762,659792.1283183573,0.5384615384615384,0.9316239316239316,0.5384615384615384,0.5384615384615384,48,0.5384615384615384,0.7692307692307693
1657.2047235795762,659792.1283183573,0.5384615384615384,0.9316239316239316,0.5384615384615384,0.5384615384615384,48,0.5384615384615384,0.7692307692307693
1657.2047235795762,659792.1283183573,0.5384615384615384,0.9316239316239316,0.5384615384615384,0.5384615384615384,48,0.5384615384615384,0.7692307692307693
1657.2047235795762,659792.1283183573,0.5384615384615384,0.9316239316239316,0.5384615384615384,0.5384615384615384,48,0.5384615384615384,0.7692307692307693
1657.2047235795762,659792.1283183573,0.5384615384615384,0.9316239316239316,0.5384615384615384,0.5384615384615384,48,0.5384615384615384,0.7692307692307693
1657.2047235795762,659792.1283183573,0.5384615384615384,0.9316239316239316,0.5384615384615384,0.5384615384615384,48,0.5384615384615384,0.7692307692307693
1657.2047235795762,659792.1283183573,0.5384615384615384,0.9316239316239316,0.5384615384615384,0.5384615384615384,48,0.5384615384615384,0.7692307692307693
1657.2047235795762,659792.1283183573,0.5384615384615384,0.9316239316239316,0.5384615384615384,0.5384615384615384,48,0.5384615384615384,0.7692307692307693
1657.2047235795762,659792.1283183573,0.5384615384615384,0.9316239316239316,0.5384615384615384,0.5384615384615384,48,0.5384615384615384,0.7692307692307693
1657.2047235795762,659792.1283183573,0.5384615384615384,0.9316239316239316,0.5384615384615384,0.5384615384615384,48,0.5384615384615384,0.7692307692307693
1657.2047235795762,659792.1283183573,0.5384615384615384,0.9316239316239316,0.5384615384615384,0.5384615384615384,48,0.5384615384615384,0.7692307692307693
1657.2047235795762,659792.1283183573,0.5384615384615384,0.9316239316239316,0.5384615384615384,0.5384615384615384,48,0.5384615384615384,0.7692307692307693
1657.2047235795762,659792.1283183573,0.5384615384615384,0.9316239316239316,0.5384615384615384,0.5384615384615384,48,0.5384615384615384,0.7692307692307693
1657.2047235795762,659792.1283183573,0.5384615384615384,0.9316239316239316,0.5384615384615384,0.5384615384615384,48,0.5384615384615384,0.7692307692307693
1657.2047235795762,659792.1283183573,0.5384615384615384,0.9316239316239316,0.5384615384615384,0.5384615384615384,48,0.5384615384615384,0.7692307692307693
1657.2047235795762,659792.1283183573,0.5384615384615384,0.9316239316239316,0.5384615384615384,0.5384615384615384,48,0.5384615384615384,0.7692307692307693
1657.2047235795762,659792.1283183573,0.5384615384615384,0.9316239316239316,0.5384615384615384,0.5384615384615384,48,0.5384615384615384,0.7692307692307693
1395.1600199689856,659530.0836147467,0.5294117647058824,0.9316239316239316,0.54,0.5192307692307693,48,0.5192307692307693,0.7692307692307693
1395.1600199689856,659530.0836147467,0.5294117647058824,0.9316239316239316,0.54,0.5192307692307693,48,0.5192307692307693,0.7692307692307693
1395.1600199689856,659530.0836147467,0.5294117647058824,0.9316239316239316,0.54,0.5192307692307693,48,0.5192307692307693,0.7692307692307693
1395.1600199689856,659530.0836147467,0.5294117647058824,0.9316239316239316,0.54,0.5192307692307693,48,0.5192307692307693,0.7692307692307693
1395.1600199689856,659530.0836147467,0.5294117647058824,0.9316239316239316,0.54,0.5192307692307693,48,0.5192307692307693,0.7692307692307693
1395.1600199689856,659530.0836147467,0.5294117647058824,0.9316239316239316,0.54,0.5192307692307693,48,0.5192307692307693,0.7692307692307693
1395.1600199689856,659530.0836147467,0.5294117647058824,0.9316239316239316,0.54,0.5192307692307693,48,0.5192307692307693,0.7692307692307693
1395.1600199689856,659530.0836147467,0.5294117647058824,0.9316239316239316,0.54,0.5192307692307693,48,0.5192307692307693,0.7692307692307693
1395.1600199689856,659530.0836147467,0.5294117647058824,0.9316239316239316,0.54,0.5192307692307693,48,0.5192307692307693,0.7692307692307693
1125.081608732813,659260.0052035105,0.5242718446601942,0.9301994301994302,0.5294117647058824,0.5192307692307693,49,0.5192307692307693,0.7692307692307693
1125.081608732813,659260.0052035105,0.5242718446601942,0.9301994301994302,0.5294117647058824,0.5192307692307693,49,0.5192307692307693,0.7692307692307693
1125.081608732813,659260.0052035105,0.5242718446601942,0.9301994301994302,0.5294117647058824,0.5192307692307693,49,0.5192307692307693,0.7692307692307693
1125.081608732813,659260.0052035105,0.5242718446601942,0.9301994301994302,0.5294117647058824,0.5192307692307693,49,0.5192307692307693,0.7692307692307693
1125.081608732813,659260.0052035105,0.5242718446601942,0.9301994301994302,0.5294117647058824,0.5192307692307693,49,0.5192307692307693,0.7692307692307693
1125.081608732813,659260.0052035105,0.5242718446601942,0.9301994301994302,0.5294117647058824,0.5192307692307693,49,0.5192307692307693,0.7692307692307693
1125.081608732813,659260.0052035105,0.5242718446601942,0.9301994301994302,0.5294117647058824,0.5192307692307693,49,0.5192307692307693,0.7692307692307693
1125.081608732813,659260.0052035105,0.5242718446601942,0.9301994301994302,0.5294117647058824,0.5192307692307693,49,0.5192307692307693,0.7692307692307693
1125.081608732813,659260.0052035105,0.5242718446601942,0.9301994301994302,0.5294117647058824,0.5192307692307693,49,0.5192307692307693,0.7692307692307693
1125.081608732813,659260.0052035105,0.5242718446601942,0.9301994301994302,0.5294117647058824,0.5192307692307693,49,0.5192307692307693,0.7692307692307693
1125.081608732813,659260.0052035105,0.5242718446601942,0.9301994301994302,0.5294117647058824,0.5192307692307693,49,0.5192307692307693,0.7692307692307693
1125.081608732813,659260.0052035105,0.5242718446601942,0.9301994301994302,0.5294117647058824,0.5192307692307693,49,0.5192307692307693,0.7692307692307693
1125.081608732813,659260.0052035105,0.5242718446601942,0.9301994301994302,0.5294117647058824,0.5192307692307693,49,0.5192307692307693,0.7692307692307693
1125.081608732813,659260.0052035105,0.5242718446601942,0.9301994301994302,0.5294117647058824,0.5192307692307693,49,0.5192307692307693,0.7692307692307693
1125.081608732813,659260.0052035105,0.5242718446601942,0.9301994301994302,0.5294117647058824,0.5192307692307693,49,0.5192307692307693,0.7692307692307693
1125.081608732813,659260.0052035105,0.5242718446601942,0.9301994301994302,0.5294117647058824,0.5192307692307693,49,0.5192307692307693,0.7692307692307693
1125.081608732813,659260.0052035105,0.5242718446601942,0.9301994301994302,0.5294117647058824,0.5192307692307693,49,0.5192307692307693,0.7692307692307693
1125.081608732813,659260.0052035105,0.5242718446601942,0.9301994301994302,0.5294117647058824,0.5192307692307693,49,0.5192307692307693,0.7692307692307693
1125.081608732813,659260.0052035105,0.5242718446601942,0.9301994301994302,0.5294117647058824,0.5192307692307693,49,0.5192307692307693,0.7692307692307693
1125.081608732813,659260.0052035105,0.5242718446601942,0.9301994301994302,0.5294117647058824,0.5192307692307693,49,0.5192307692307693,0.7692307692307693
1125.081608732813,659260.0052035105,0.5242718446601942,0.9301994301994302,0.5294117647058824,0.5192307692307693,49,0.5192307692307693,0.7692307692307693
1125.081608732813,659260.0052035105,0.5242718446601942,0.9301994301994302,0.5294117647058824,0.5192307692307693,49,0.5192307692307693,0.7692307692307693
1125.081608732813,659260.0052035105,0.5242718446601942,0.9301994301994302,0.5294117647058824,0.5192307692307693,49,0.5192307692307693,0.7692307692307693
1125.081608732813,659260.0052035105,0.5242718446601942,0.9301994301994302,0.5294117647058824,0.5192307692307693,49,0.5192307692307693,0.7692307692307693
1125.081608732813,659260.0052035105,0.5242718446601942,0.9301994301994302,0.5294117647058824,0.5192307692307693,49,0.5192307692307693,0.7692307692307693
1125.081608732813,659260.0052035105,0.5242718446601942,0.9301994301994302,0.5294117647058824,0.5192307692307693,49,0.5192307692307693,0.7692307692307693
1125.081608732813,659260.0052035105,0.5242718446601942,0.9301994301994302,0.5294117647058824,0.5192307692307693,49,0.5192307692307693,0.7692307692307693
1125.081608732813,659260.0052035105,0.5242718446601942,0.9301994301994302,0.5294117647058824,0.5192307692307693,49,0.5192307692307693,0.7692307692307693
1125.081608732813,659260.0052035105,0.5242718446601942,0.9301994301994302,0.5294117647058824,0.5192307692307693,49,0.5192307692307693,0.7692307692307693
1125.081608732813,659260.0052035105,0.5242718446601942,0.9301994301994302,0.5294117647058824,0.5192307692307693,49,0.5192307692307693,0.7692307692307693
1125.081608732813,659260.0052035105,0.5242718446601942,0.9301994301994302,0.5294117647058824,0.5192307692307693,49,0.5192307692307693,0.7692307692307693
1125.081608732813,659260.0052035105,0.5242718446601942,0.9301994301994302,0.5294117647058824,0.5192307692307693,49,0.5192307692307693,0.7692307692307693
1125.081608732813,659260.0052035105,0.5242718446601942,0.9301994301994302,0.5294117647058824,0.5192307692307693,49,0.5192307692307693,0.7692307692307693
1125.081608732813,659260.0052035105,0.5242718446601942,0.9301994301994302,0.5294117647058824,0.5192307692307693,49,0.5192307692307693,0.7692307692307693
1125.081608732813,659260.0052035105,0.5242718446601942,0.9301994301994302,0.5294117647058824,0.5192307692307693,49,0.5192307692307693,0.7692307692307693
1125.081608732813,659260.0052035105,0.5242718446601942,0.9301994301994302,0.5294117647058824,0.5192307692307693,49,0.5192307692307693,0.7692307692307693
1125.081608732813,659260.0052035105,0.5242718446601942,0.9301994301994302,0.5294117647058824,0.5192307692307693,49,0.5192307692307693,0.7692307692307693
1125.081608732813,659260.0052035105,0.5242718446601942,0.9301994301994302,0.5294117647058824,0.5192307692307693,49,0.5192307692307693,0.7692307692307693
1125.081608732813,659260.0052035105,0.5242718446601942,0.9301994301994302,0.5294117647058824,0.5192307692307693,49,0.5192307692307693,0.7692307692307693
1125.081608732813,659260.0052035105,0.5242718446601942,0.9301994301994302,0.5294117647058824,0.5192307692307693,49,0.5192307692307693,0.7692307692307693
1125.081608732813,659260.0052035105,0.5242718446601942,0.9301994301994302,0.5294117647058824,0.5192307692307693,49,0.5192307692307693,0.7692307692307693
1125.081608732813,659260.0052035105,0.5242718446601942,0.9301994301994302,0.5294117647058824,0.5192307692307693,49,0.5192307692307693,0.7692307692307693
1125.081608732813,659260.0052035105,0.5242718446601942,0.9301994301994302,0.5294117647058824,0.5192307692307693,49,0.5192307692307693,0.7692307692307693
1125.081608732813,659260.0052035105,0.5242718446601942,0.9301994301994302,0.5294117647058824,0.5192307692307693,49,0.5192307692307693,0.7692307692307693
1125.081608732813,659260.0052035105,0.5242718446601942,0.9301994301994302,0.5294117647058824,0.5192307692307693,49,0.5192307692307693,0.7692307692307693
1125.081608732813,659260.0052035105,0.5242718446601942,0.9301994301994302,0.5294117647058824,0.5192307692307693,49,0.5192307692307693,0.7692307692307693
1125.081608732813,659260.0052035105,0.5242718446601942,0.9301994301994302,0.5294117647058824,0.5192307692307693,49,0.5192307692307693,0.7692307692307693
1125.081608732813,659260.0052035105,0.5242718446601942,0.9301994301994302,0.5294117647058824,0.5192307692307693,49,0.5192307692307693,0.7692307692307693
1125.081608732813,659260.0052035105,0.5242718446601942,0.9301994301994302,0.5294117647058824,0.5192307692307693,49,0.5192307692307693,0.7692307692307693
1125.081608732813,659260.0052035105,0.5242718446601942,0.9301994301994302,0.5294117647058824,0.5192307692307693,49,0.5192307692307693,0.7692307692307693
1125.081608732813,659260.0052035105,0.5242718446601942,0.9301994301994302,0.5294117647058824,0.5192307692307693,49,0.5192307692307693,0.7692307692307693
1125.081608732813,659260.0052035105,0.5242718446601942,0.9301994301994302,0.5294117647058824,0.5192307692307693,49,0.5192307692307693,0.7692307692307693
1125.081608732813,659260.0052035105,0.5242718446601942,0.9301994301994302,0.5294117647058824,0.5192307692307693,49,0.5192307692307693,0.7692307692307693
1125.081608732813,659260.0052035105,0.5242718446601942,0.9301994301994302,0.5294117647058824,0.5192307692307693,49,0.5192307692307693,0.7692307692307693
1125.081608732813,659260.0052035105,0.5242718446601942,0.9301994301994302,0.5294117647058824,0.5192307692307693,49,0.5192307692307693,0.7692307692307693
1125.081608732813,659260.0052035105,0.5242718446601942,0.9301994301994302,0.5294117647058824,0.5192307692307693,49,0.5192307692307693,0.7692307692307693
1125.081608732813,659260.0052035105,0.5242718446601942,0.9301994301994302,0.5294117647058824,0.5192307692307693,49,0.5192307692307693,0.7692307692307693
1125.081608732813,659260.0052035105,0.5242718446601942,0.9301994301994302,0.5294117647058824,0.5192307692307693,49,0.5192307692307693,0.7692307692307693
1125.081608732813,659260.0052035105,0.5242718446601942,0.9301994301994302,0.5294117647058824,0.5192307692307693,49,0.5192307692307693,0.7692307692307693
1125.081608732813,659260.0052035105,0.5242718446601942,0.9301994301994302,0.5294117647058824,0.5192307692307693,49,0.5192307692307693,0.7692307692307693
1125.081608732813,659260.0052035105,0.5242718446601942,0.9301994301994302,0.5294117647058824,0.5192307692307693,49,0.5192307692307693,0.7692307692307693
1125.081608732813,659260.0052035105,0.5242718446601942,0.9301994301994302,0.5294117647058824,0.5192307692307693,49,0.5192307692307693,0.7692307692307693
1125.081608732813,659260.0052035105,0.5242718446601942,0.9301994301994302,0.5294117647058824,0.5192307692307693,49,0.5192307692307693,0.7692307692307693
1125.081608732813,659260.0052035105,0.5242718446601942,0.9301994301994302,0.5294117647058824,0.5192307692307693,49,0.5192307692307693,0.7692307692307693
1125.081608732813,659260.0052035105,0.5242718446601942,0.9301994301994302,0.5294117647058824,0.5192307692307693,49,0.5192307692307693,0.7692307692307693
1125.081608732813,659260.0052035105,0.5242718446601942,0.9301994301994302,0.5294117647058824,0.5192307692307693,49,0.5192307692307693,0.7692307692307693
1125.081608732813,659260.0052035105,0.5242718446601942,0.9301994301994302,0.5294117647058824,0.5192307692307693,49,0.5192307692307693,0.7692307692307693
1125.081608732813,659260.0052035105,0.5242718446601942,0.9301994301994302,0.5294117647058824,0.5192307692307693,49,0.5192307692307693,0.7692307692307693
1125.081608732813,659260.0052035105,0.5242718446601942,0.9301994301994302,0.5294117647058824,0.5192307692307693,49,0.5192307692307693,0.7692307692307693
1125.081608732813,659260.0052035105,0.5242718446601942,0.9301994301994302,0.5294117647058824,0.5192307692307693,49,0.5192307692307693,0.7692307692307693
1125.081608732813,659260.0052035105,0.5242718446601942,0.9301994301994302,0.5294117647058824,0.5192307692307693,49,0.5192307692307693,0.7692307692307693
1125.081608732813,659260.0052035105,0.5242718446601942,0.9301994301994302,0.5294117647058824,0.5192307692307693,49,0.5192307692307693,0.7692307692307693
1125.081608732813,659260.0052035105,0.5242718446601942,0.9301994301994302,0.5294117647058824,0.5192307692307693,49,0.5192307692307693,0.7692307692307693
1125.081608732813,659260.0052035105,0.5242718446601942,0.9301994301994302,0.5294117647058824,0.5192307692307693,49,0.5192307692307693,0.7692307692307693
1125.081608732813,659260.0052035105,0.5242718446601942,0.9301994301994302,0.5294117647058824,0.5192307692307693,49,0.5192307692307693,0.7692307692307693
1125.081608732813,659260.0052035105,0.5242718446601942,0.9301994301994302,0.5294117647058824,0.5192307692307693,49,0.5192307692307693,0.7692307692307693
1125.081608732813,659260.0052035105,0.5242718446601942,0.9301994301994302,0.5294117647058824,0.5192307692307693,49,0.5192307692307693,0.7692307692307693
1125.081608732813,659260.0052035105,0.5242718446601942,0.9301994301994302,0.5294117647058824,0.5192307692307693,49,0.5192307692307693,0.7692307692307693
1125.081608732813,659260.0052035105,0.5242718446601942,0.9301994301994302,0.5294117647058824,0.5192307692307693,49,0.5192307692307693,0.7692307692307693
1125.081608732813,659260.0052035105,0.5242718446601942,0.9301994301994302,0.5294117647058824,0.5192307692307693,49,0.5192307692307693,0.7692307692307693
1125.081608732813,659260.0052035105,0.5242718446601942,0.9301994301994302,0.5294117647058824,0.5192307692307693,49,0.5192307692307693,0.7692307692307693
1125.081608732813,659260.0052035105,0.5242718446601942,0.9301994301994302,0.5294117647058824,0.5192307692307693,49,0.5192307692307693,0.7692307692307693
1125.081608732813,659260.0052035105,0.5242718446601942,0.9301994301994302,0.5294117647058824,0.5192307692307693,49,0.5192307692307693,0.7692307692307693
1125.081608732813,659260.0052035105,0.5242718446601942,0.9301994301994302,0.5294117647058824,0.5192307692307693,49,0.5192307692307693,0.7692307692307693
1125.081608732813,659260.0052035105,0.5242718446601942,0.9301994301994302,0.5294117647058824,0.5192307692307693,49,0.5192307692307693,0.7692307692307693
1125.081608732813,659260.0052035105,0.5242718446601942,0.9301994301994302,0.5294117647058824,0.5192307692307693,49,0.5192307692307693,0.7692307692307693
1125.081608732813,659260.0052035105,0.5242718446601942,0.9301994301994302,0.5294117647058824,0.5192307692307693,49,0.5192307692307693,0.7692307692307693
1125.081608732813,659260.0052035105,0.5242718446601942,0.9301994301994302,0.5294117647058824,0.5192307692307693,49,0.5192307692307693,0.7692307692307693
1125.081608732813,659260.0052035105,0.5242718446601942,0.9301994301994302,0.5294117647058824,0.5192307692307693,49,0.5192307692307693,0.7692307692307693
1125.081608732813,659260.0052035105,0.5242718446601942,0.9301994301994302,0.5294117647058824,0.5192307692307693,49,0.5192307692307693,0.7692307692307693
1125.081608732813,659260.0052035105,0.5242718446601942,0.9301994301994302,0.5294117647058824,0.5192307692307693,49,0.5192307692307693,0.7692307692307693
1125.081608732813,659260.0052035105,0.5242718446601942,0.9301994301994302,0.5294117647058824,0.5192307692307693,49,0.5192307692307693,0.7692307692307693
1125.081608732813,659260.0052035105,0.5242718446601942,0.9301994301994302,0.5294117647058824,0.5192307692307693,49,0.5192307692307693,0.7692307692307693
1125.081608732813,659260.0052035105,0.5242718446601942,0.9301994301994302,0.5294117647058824,0.5192307692307693,49,0.5192307692307693,0.7692307692307693
1125.081608732813,659260.0052035105,0.5242718446601942,0.9301994301994302,0.5294117647058824,0.5192307692307693,49,0.5192307692307693,0.7692307692307693
1125.081608732813,659260.0052035105,0.5242718446601942,0.9301994301994302,0.5294117647058824,0.5192307692307693,49,0.5192307692307693,0.7692307692307693
1125.081608732813,659260.0052035105,0.5242718446601942,0.9301994301994302,0.5294117647058824,0.5192307692307693,49,0.5192307692307693,0.7692307692307693
1125.081608732813,659260.0052035105,0.5242718446601942,0.9301994301994302,0.5294117647058824,0.5192307692307693,49,0.5192307692307693,0.7692307692307693
1125.081608732813,659260.0052035105,0.5242718446601942,0.9301994301994302,0.5294117647058824,0.5192307692307693,49,0.5192307692307693,0.7692307692307693
1125.081608732813,659260.0052035105,0.5242718446601942,0.9301994301994302,0.5294117647058824,0.5192307692307693,49,0.5192307692307693,0.7692307692307693
1125.081608732813,659260.0052035105,0.5242718446601942,0.9301994301994302,0.5294117647058824,0.5192307692307693,49,0.5192307692307693,0.7692307692307693
1125.081608732813,659260.0052035105,0.5242718446601942,0.9301994301994302,0.5294117647058824,0.5192307692307693,49,0.5192307692307693,0.7692307692307693
1125.081608732813,659260.0052035105,0.5242718446601942,0.9301994301994302,0.5294117647058824,0.5192307692307693,49,0.5192307692307693,0.7692307692307693
1125.081608732813,659260.0052035105,0.5242718446601942,0.9301994301994302,0.5294117647058824,0.5192307692307693,49,0.5192307692307693,0.7692307692307693
1125.081608732813,659260.0052035105,0.5242718446601942,0.9301994301994302,0.5294117647058824,0.5192307692307693,49,0.5192307692307693,0.7692307692307693
1125.081608732813,659260.0052035105,0.5242718446601942,0.9301994301994302,0.5294117647058824,0.5192307692307693,49,0.5192307692307693,0.7692307692307693
1125.081608732813,659260.0052035105,0.5242718446601942,0.9301994301994302,0.5294117647058824,0.5192307692307693,49,0.5192307692307693,0.7692307692307693
1125.081608732813,659260.0052035105,0.5242718446601942,0.9301994301994302,0.5294117647058824,0.5192307692307693,49,0.5192307692307693,0.7692307692307693
1125.081608732813,659260.0052035105,0.5242718446601942,0.9301994301994302,0.5294117647058824,0.5192307692307693,49,0.5192307692307693,0.7692307692307693
1125.081608732813,659260.0052035105,0.5242718446601942,0.9301994301994302,0.5294117647058824,0.5192307692307693,49,0.5192307692307693,0.7692307692307693
1125.081608732813,659260.0052035105,0.5242718446601942,0.9301994301994302,0.5294117647058824,0.5192307692307693,49,0.5192307692307693,0.7692307692307693
1125.081608732813,659260.0052035105,0.5242718446601942,0.9301994301994302,0.5294117647058824,0.5192307692307693,49,0.5192307692307693,0.7692307692307693
1125.081608732813,659260.0052035105,0.5242718446601942,0.9301994301994302,0.5294117647058824,0.5192307692307693,49,0.5192307692307693,0.7692307692307693
1125.081608732813,659260.0052035105,0.5242718446601942,0.9301994301994302,0.5294117647058824,0.5192307692307693,49,0.5192307692307693,0.7692307692307693
1125.081608732813,659260.0052035105,0.5242718446601942,0.9301994301994302,0.5294117647058824,0.5192307692307693,49,0.5192307692307693,0.7692307692307693
1125.081608732813,659260.0052035105,0.5242718446601942,0.9301994301994302,0.5294117647058824,0.5192307692307693,49,0.5192307692307693,0.7692307692307693
1125.081608732813,659260.0052035105,0.5242718446601942,0.9301994301994302,0.5294117647058824,0.5192307692307693,49,0.5192307692307693,0.7692307692307693
1125.081608732813,659260.0052035105,0.5242718446601942,0.9301994301994302,0.5294117647058824,0.5192307692307693,49,0.5192307692307693,0.7692307692307693
1125.081608732813,659260.0052035105,0.5242718446601942,0.9301994301994302,0.5294117647058824,0.5192307692307693,49,0.5192307692307693,0.7692307692307693
1125.081608732813,659260.0052035105,0.5242718446601942,0.9301994301994302,0.5294117647058824,0.5192307692307693,49,0.5192307692307693,0.7692307692307693
1125.081608732813,659260.0052035105,0.5242718446601942,0.9301994301994302,0.5294117647058824,0.5192307692307693,49,0.5192307692307693,0.7692307692307693
1125.081608732813,659260.0052035105,0.5242718446601942,0.9301994301994302,0.5294117647058824,0.5192307692307693,49,0.5192307692307693,0.7692307692307693
1125.081608732813,659260.0052035105,0.5242718446601942,0.9301994301994302,0.5294117647058824,0.5192307692307693,49,0.5192307692307693,0.7692307692307693
1125.081608732813,659260.0052035105,0.5242718446601942,0.9301994301994302,0.5294117647058824,0.5192307692307693,49,0.5192307692307693,0.7692307692307693
1125.081608732813,659260.0052035105,0.5242718446601942,0.9301994301994302,0.5294117647058824,0.5192307692307693,49,0.5192307692307693,0.7692307692307693
1125.081608732813,659260.0052035105,0.5242718446601942,0.9301994301994302,0.5294117647058824,0.5192307692307693,49,0.5192307692307693,0.7692307692307693
1125.081608732813,659260.0052035105,0.5242718446601942,0.9301994301994302,0.5294117647058824,0.5192307692307693,49,0.5192307692307693,0.7692307692307693
1125.081608732813,659260.0052035105,0.5242718446601942,0.9301994301994302,0.5294117647058824,0.5192307692307693,49,0.5192307692307693,0.7692307692307693
1125.081608732813,659260.0052035105,0.5242718446601942,0.9301994301994302,0.5294117647058824,0.5192307692307693,49,0.5192307692307693,0.7692307692307693
1125.081608732813,659260.0052035105,0.5242718446601942,0.9301994301994302,0.5294117647058824,0.5192307692307693,49,0.5192307692307693,0.7692307692307693
1125.081608732813,659260.0052035105,0.5242718446601942,0.9301994301994302,0.5294117647058824,0.5192307692307693,49,0.5192307692307693,0.7692307692307693
1125.081608732813,659260.0052035105,0.5242718446601942,0.9301994301994302,0.5294117647058824,0.5192307692307693,49,0.5192307692307693,0.7692307692307693
1125.081608732813,659260.0052035105,0.5242718446601942,0.9301994301994302,0.5294117647058824,0.5192307692307693,49,0.5192307692307693,0.7692307692307693
1125.081608732813,659260.0052035105,0.5242718446601942,0.9301994301994302,0.5294117647058824,0.5192307692307693,49,0.5192307692307693,0.7692307692307693
1125.081608732813,659260.0052035105,0.5242718446601942,0.9301994301994302,0.5294117647058824,0.5192307692307693,49,0.5192307692307693,0.7692307692307693
1125.081608732813,659260.0052035105,0.5242718446601942,0.9301994301994302,0.5294117647058824,0.5192307692307693,49,0.5192307692307693,0.7692307692307693
1125.081608732813,659260.0052035105,0.5242718446601942,0.9301994301994302,0.5294117647058824,0.5192307692307693,49,0.5192307692307693,0.7692307692307693
1125.081608732813,659260.0052035105,0.5242718446601942,0.9301994301994302,0.5294117647058824,0.5192307692307693,49,0.5192307692307693,0.7692307692307693
1125.081608732813,659260.0052035105,0.5242718446601942,0.9301994301994302,0.5294117647058824,0.5192307692307693,49,0.5192307692307693,0.7692307692307693
1125.081608732813,659260.0052035105,0.5242718446601942,0.9301994301994302,0.5294117647058824,0.5192307692307693,49,0.5192307692307693,0.7692307692307693
1125.081608732813,659260.0052035105,0.5242718446601942,0.9301994301994302,0.5294117647058824,0.5192307692307693,49,0.5192307692307693,0.7692307692307693
1125.081608732813,659260.0052035105,0.5242718446601942,0.9301994301994302,0.5294117647058824,0.5192307692307693,49,0.5192307692307693,0.7692307692307693
1125.081608732813,659260.0052035105,0.5242718446601942,0.9301994301994302,0.5294117647058824,0.5192307692307693,49,0.5192307692307693,0.7692307692307693
1125.081608732813,659260.0052035105,0.5242718446601942,0.9301994301994302,0.5294117647058824,0.5192307692307693,49,0.5192307692307693,0.7692307692307693
1125.081608732813,659260.0052035105,0.5242718446601942,0.9301994301994302,0.5294117647058824,0.5192307692307693,49,0.5192307692307693,0.7692307692307693
1125.081608732813,659260.0052035105,0.5242718446601942,0.9301994301994302,0.5294117647058824,0.5192307692307693,49,0.5192307692307693,0.7692307692307693
1125.081608732813,659260.0052035105,0.5242718446601942,0.9301994301994302,0.5294117647058824,0.5192307692307693,49,0.5192307692307693,0.7692307692307693
1125.081608732813,659260.0052035105,0.5242718446601942,0.9301994301994302,0.5294117647058824,0.5192307692307693,49,0.5192307692307693,0.7692307692307693
1125.081608732813,659260.0052035105,0.5242718446601942,0.9301994301994302,0.5294117647058824,0.5192307692307693,49,0.5192307692307693,0.7692307692307693
1125.081608732813,659260.0052035105,0.5242718446601942,0.9301994301994302,0.5294117647058824,0.5192307692307693,49,0.5192307692307693,0.7692307692307693
1125.081608732813,659260.0052035105,0.5242718446601942,0.9301994301994302,0.5294117647058824,0.5192307692307693,49,0.5192307692307693,0.7692307692307693
1125.081608732813,659260.0052035105,0.5242718446601942,0.9301994301994302,0.5294117647058824,0.5192307692307693,49,0.5192307692307693,0.7692307692307693
1125.081608732813,659260.0052035105,0.5242718446601942,0.9301994301994302,0.5294117647058824,0.5192307692307693,49,0.5192307692307693,0.7692307692307693
1125.081608732813,659260.0052035105,0.5242718446601942,0.9301994301994302,0.5294117647058824,0.5192307692307693,49,0.5192307692307693,0.7692307692307693
1125.081608732813,659260.0052035105,0.5242718446601942,0.9301994301994302,0.5294117647058824,0.5192307692307693,49,0.5192307692307693,0.7692307692307693
1125.081608732813,659260.0052035105,0.5242718446601942,0.9301994301994302,0.5294117647058824,0.5192307692307693,49,0.5192307692307693,0.7692307692307693
1125.081608732813,659260.0052035105,0.5242718446601942,0.9301994301994302,0.5294117647058824,0.5192307692307693,49,0.5192307692307693,0.7692307692307693
1125.081608732813,659260.0052035105,0.5242718446601942,0.9301994301994302,0.5294117647058824,0.5192307692307693,49,0.5192307692307693,0.7692307692307693
1125.081608732813,659260.0052035105,0.5242718446601942,0.9301994301994302,0.5294117647058824,0.5192307692307693,49,0.5192307692307693,0.7692307692307693
1125.081608732813,659260.0052035105,0.5242718446601942,0.9301994301994302,0.5294117647058824,0.5192307692307693,49,0.5192307692307693,0.7692307692307693
1125.081608732813,659260.0052035105,0.5242718446601942,0.9301994301994302,0.5294117647058824,0.5192307692307693,49,0.5192307692307693,0.7692307692307693
1125.081608732813,659260.0052035105,0.5242718446601942,0.9301994301994302,0.5294117647058824,0.5192307692307693,49,0.5192307692307693,0.7692307692307693
1125.081608732813,659260.0052035105,0.5242718446601942,0.9301994301994302,0.5294117647058824,0.5192307692307693,49,0.5192307692307693,0.7692307692307693
1125.081608732813,659260.0052035105,0.5242718446601942,0.9301994301994302,0.5294117647058824,0.5192307692307693,49,0.5192307692307693,0.7692307692307693
1125.081608732813,659260.0052035105,0.5242718446601942,0.9301994301994302,0.5294117647058824,0.5192307692307693,49,0.5192307692307693,0.7692307692307693
1125.081608732813,659260.0052035105,0.5242718446601942,0.9301994301994302,0.5294117647058824,0.5192307692307693,49,0.5192307692307693,0.7692307692307693
1125.081608732813,659260.0052035105,0.5242718446601942,0.9301994301994302,0.5294117647058824,0.5192307692307693,49,0.5192307692307693,0.7692307692307693
1125.081608732813,659260.0052035105,0.5242718446601942,0.9301994301994302,0.5294117647058824,0.5192307692307693,49,0.5192307692307693,0.7692307692307693
1125.081608732813,659260.0052035105,0.5242718446601942,0.9301994301994302,0.5294117647058824,0.5192307692307693,49,0.5192307692307693,0.7692307692307693
1125.081608732813,659260.0052035105,0.5242718446601942,0.9301994301994302,0.5294117647058824,0.5192307692307693,49,0.5192307692307693,0.7692307692307693
