BIC - Goal,BIC,F1 Score,Accuracy,Precision,Recall,SHD,SLF,TLF
383242.33326376555,1041284.8009784701,0,0.9245014245014245,0.0,0.0,53,0.0,0.019230769230769232
349872.8643709372,1007915.3320856418,0.037037037037037035,0.9259259259259259,0.5,0.019230769230769232,52,0.019230769230769232,0.038461538461538464
327516.6704071814,985559.138121886,0.07272727272727274,0.9273504273504274,0.6666666666666666,0.038461538461538464,51,0.038461538461538464,0.057692307692307696
305709.5351211182,963752.0028358228,0.10714285714285714,0.9287749287749287,0.75,0.057692307692307696,50,0.057692307692307696,0.07692307692307693
285357.88639393053,943400.3541086351,0.10526315789473685,0.9273504273504274,0.6,0.057692307692307696,51,0.057692307692307696,0.09615384615384616
265216.07539736456,923258.5431120691,0.10344827586206896,0.9259259259259259,0.5,0.057692307692307696,52,0.057692307692307696,0.11538461538461539
