BIC - Goal,BIC,F1 Score,Accuracy,Precision,Recall,SHD,SLF,TLF
9.261767938774256,917.8730646010562,0.625,0.8928571428571429,0.625,0.625,6,0.625,0.75
7.534717534933293,916.1460141972152,0.625,0.8928571428571429,0.625,0.625,6,0.625,0.875
5.315462493492191,913.9267591557741,0.5882352941176471,0.875,0.5555555555555556,0.625,7,0.625,0.875
5.315462493492191,913.9267591557741,0.5882352941176471,0.875,0.5555555555555556,0.625,7,0.625,0.875
3.139220519372884,911.7505171816548,0.625,0.8928571428571429,0.625,0.625,6,0.625,0.875
0.7817857406409985,909.3930824029229,0.875,0.9642857142857143,0.875,0.875,2,0.875,0.875
0.7817857406409985,909.3930824029229,0.875,0.9642857142857143,0.875,0.875,2,0.875,0.875
1.1368683772161603e-13,908.611296662282,0.75,0.9285714285714286,0.75,0.75,4,0.75,1.0
