BIC - Goal,BIC,F1 Score,Accuracy,Precision,Recall,SHD,SLF,TLF
20680.782325971755,143632.52454798645,0.14814814814814817,0.8789473684210526,0.13793103448275862,0.16,46,0.16,0.32
20432.526395624445,143384.26861763914,0.20833333333333331,0.9,0.21739130434782608,0.2,38,0.2,0.36
17020.216868829157,139971.95909084385,0.16666666666666666,0.868421052631579,0.14285714285714285,0.2,50,0.2,0.36
15188.125154669135,138139.86737668383,0.10344827586206896,0.8631578947368421,0.09090909090909091,0.12,52,0.12,0.36
14181.239343832829,137132.98156584753,0.10344827586206896,0.8631578947368421,0.09090909090909091,0.12,52,0.12,0.36
13867.028240360669,136818.77046237537,0.17543859649122806,0.8763157894736842,0.15625,0.2,47,0.2,0.44
13612.0661974244,136563.8084194391,0.10169491525423728,0.8605263157894737,0.08823529411764706,0.12,53,0.12,0.4
12351.927436879778,135303.66965889448,0.1379310344827586,0.868421052631579,0.12121212121212122,0.16,50,0.16,0.4
12247.261482586153,135199.00370460085,0.14285714285714285,0.8736842105263158,0.12903225806451613,0.16,48,0.16,0.4
11538.078112809482,134489.82033482418,0.15094339622641512,0.881578947368421,0.14285714285714285,0.16,45,0.16,0.52
9103.574908561888,132055.3171305766,0.16666666666666666,0.868421052631579,0.14285714285714285,0.2,50,0.2,0.56
9103.574908561888,132055.3171305766,0.16666666666666666,0.868421052631579,0.14285714285714285,0.2,50,0.2,0.56
9058.511085243634,132010.25330725833,0.17857142857142855,0.8789473684210526,0.16129032258064516,0.2,46,0.2,0.52
9050.27357330895,132002.01579532365,0.13559322033898305,0.8657894736842106,0.11764705882352941,0.16,51,0.16,0.52
8881.745233370602,131833.4874553853,0.20338983050847456,0.8763157894736842,0.17647058823529413,0.24,47,0.24,0.52
8113.087068491048,131064.82929050575,0.20689655172413793,0.8789473684210526,0.18181818181818182,0.24,46,0.24,0.56
7965.497989559997,130917.2402115747,0.20689655172413793,0.8789473684210526,0.18181818181818182,0.24,46,0.24,0.56
7573.814236750448,130525.55645876515,0.20689655172413793,0.8789473684210526,0.18181818181818182,0.24,46,0.24,0.56
7250.759713778258,130202.50193579296,0.23728813559322035,0.881578947368421,0.20588235294117646,0.28,45,0.28,0.6
6924.93444701143,129876.67666902613,0.25925925925925924,0.8947368421052632,0.2413793103448276,0.28,40,0.28,0.56
5909.43855732886,128861.18077934356,0.2857142857142857,0.8947368421052632,0.25806451612903225,0.32,40,0.32,0.6
5909.43855732886,128861.18077934356,0.2857142857142857,0.8947368421052632,0.25806451612903225,0.32,40,0.32,0.6
5909.43855732886,128861.18077934356,0.2857142857142857,0.8947368421052632,0.25806451612903225,0.32,40,0.32,0.6
5909.43855732886,128861.18077934356,0.2857142857142857,0.8947368421052632,0.25806451612903225,0.32,40,0.32,0.6
5642.513209291239,128594.25543130594,0.2909090909090909,0.8973684210526316,0.26666666666666666,0.32,39,0.32,0.64
5614.828539727343,128566.57076174204,0.2909090909090909,0.8973684210526316,0.26666666666666666,0.32,39,0.32,0.64
5444.041533258001,128395.7837552727,0.2758620689655172,0.8894736842105263,0.24242424242424243,0.32,42,0.32,0.6
5394.626553372218,128346.36877538692,0.25,0.8894736842105263,0.22580645161290322,0.28,42,0.28,0.64
4940.327533072719,127892.06975508742,0.33962264150943394,0.9078947368421053,0.32142857142857145,0.36,35,0.36,0.64
4447.607973110542,127399.35019512524,0.30508474576271183,0.8921052631578947,0.2647058823529412,0.36,41,0.36,0.68
4447.607973110542,127399.35019512524,0.30508474576271183,0.8921052631578947,0.2647058823529412,0.36,41,0.36,0.68
3940.241333015583,126891.98355503028,0.3,0.8894736842105263,0.2571428571428571,0.36,42,0.36,0.72
3940.241333015583,126891.98355503028,0.3,0.8894736842105263,0.2571428571428571,0.36,42,0.36,0.72
3679.739956096091,126631.48217811079,0.33898305084745767,0.8973684210526316,0.29411764705882354,0.4,39,0.4,0.76
3679.739956096091,126631.48217811079,0.33898305084745767,0.8973684210526316,0.29411764705882354,0.4,39,0.4,0.76
3620.8734896960523,126572.61571171075,0.33898305084745767,0.8973684210526316,0.29411764705882354,0.4,39,0.4,0.76
3509.1047732597654,126460.84699527446,0.37931034482758624,0.9052631578947369,0.3333333333333333,0.44,36,0.44,0.76
3509.1047732597654,126460.84699527446,0.37931034482758624,0.9052631578947369,0.3333333333333333,0.44,36,0.44,0.76
3420.0146758069604,126371.75689782166,0.3859649122807018,0.9078947368421053,0.34375,0.44,35,0.44,0.8
3409.51565146762,126361.25787348232,0.37931034482758624,0.9052631578947369,0.3333333333333333,0.44,36,0.44,0.8
3409.51565146762,126361.25787348232,0.37931034482758624,0.9052631578947369,0.3333333333333333,0.44,36,0.44,0.8
3402.5320881258667,126354.27431014056,0.3859649122807018,0.9078947368421053,0.34375,0.44,35,0.44,0.8
3400.8154139933904,126352.55763600809,0.37931034482758624,0.9052631578947369,0.3333333333333333,0.44,36,0.44,0.8
3395.800433598066,126347.54265561276,0.3859649122807018,0.9078947368421053,0.34375,0.44,35,0.44,0.8
3395.800433598066,126347.54265561276,0.3859649122807018,0.9078947368421053,0.34375,0.44,35,0.44,0.8
3395.800433598066,126347.54265561276,0.3859649122807018,0.9078947368421053,0.34375,0.44,35,0.44,0.8
3395.800433598066,126347.54265561276,0.3859649122807018,0.9078947368421053,0.34375,0.44,35,0.44,0.8
3395.800433598066,126347.54265561276,0.3859649122807018,0.9078947368421053,0.34375,0.44,35,0.44,0.8
3395.800433598066,126347.54265561276,0.3859649122807018,0.9078947368421053,0.34375,0.44,35,0.44,0.8
3395.800433598066,126347.54265561276,0.3859649122807018,0.9078947368421053,0.34375,0.44,35,0.44,0.8
3395.800433598066,126347.54265561276,0.3859649122807018,0.9078947368421053,0.34375,0.44,35,0.44,0.8
3395.800433598066,126347.54265561276,0.3859649122807018,0.9078947368421053,0.34375,0.44,35,0.44,0.8
3395.800433598066,126347.54265561276,0.3859649122807018,0.9078947368421053,0.34375,0.44,35,0.44,0.8
3395.800433598066,126347.54265561276,0.3859649122807018,0.9078947368421053,0.34375,0.44,35,0.44,0.8
3395.800433598066,126347.54265561276,0.3859649122807018,0.9078947368421053,0.34375,0.44,35,0.44,0.8
3395.800433598066,126347.54265561276,0.3859649122807018,0.9078947368421053,0.34375,0.44,35,0.44,0.8
3395.800433598066,126347.54265561276,0.3859649122807018,0.9078947368421053,0.34375,0.44,35,0.44,0.8
3395.800433598066,126347.54265561276,0.3859649122807018,0.9078947368421053,0.34375,0.44,35,0.44,0.8
3395.800433598066,126347.54265561276,0.3859649122807018,0.9078947368421053,0.34375,0.44,35,0.44,0.8
3395.800433598066,126347.54265561276,0.3859649122807018,0.9078947368421053,0.34375,0.44,35,0.44,0.8
3395.800433598066,126347.54265561276,0.3859649122807018,0.9078947368421053,0.34375,0.44,35,0.44,0.8
3395.800433598066,126347.54265561276,0.3859649122807018,0.9078947368421053,0.34375,0.44,35,0.44,0.8
3395.800433598066,126347.54265561276,0.3859649122807018,0.9078947368421053,0.34375,0.44,35,0.44,0.8
3395.800433598066,126347.54265561276,0.3859649122807018,0.9078947368421053,0.34375,0.44,35,0.44,0.8
3395.800433598066,126347.54265561276,0.3859649122807018,0.9078947368421053,0.34375,0.44,35,0.44,0.8
3395.800433598066,126347.54265561276,0.3859649122807018,0.9078947368421053,0.34375,0.44,35,0.44,0.8
3395.800433598066,126347.54265561276,0.3859649122807018,0.9078947368421053,0.34375,0.44,35,0.44,0.8
3395.800433598066,126347.54265561276,0.3859649122807018,0.9078947368421053,0.34375,0.44,35,0.44,0.8
3395.800433598066,126347.54265561276,0.3859649122807018,0.9078947368421053,0.34375,0.44,35,0.44,0.8
3395.800433598066,126347.54265561276,0.3859649122807018,0.9078947368421053,0.34375,0.44,35,0.44,0.8
3395.800433598066,126347.54265561276,0.3859649122807018,0.9078947368421053,0.34375,0.44,35,0.44,0.8
3395.800433598066,126347.54265561276,0.3859649122807018,0.9078947368421053,0.34375,0.44,35,0.44,0.8
3395.800433598066,126347.54265561276,0.3859649122807018,0.9078947368421053,0.34375,0.44,35,0.44,0.8
3395.800433598066,126347.54265561276,0.3859649122807018,0.9078947368421053,0.34375,0.44,35,0.44,0.8
3395.800433598066,126347.54265561276,0.3859649122807018,0.9078947368421053,0.34375,0.44,35,0.44,0.8
3395.800433598066,126347.54265561276,0.3859649122807018,0.9078947368421053,0.34375,0.44,35,0.44,0.8
3395.800433598066,126347.54265561276,0.3859649122807018,0.9078947368421053,0.34375,0.44,35,0.44,0.8
3395.800433598066,126347.54265561276,0.3859649122807018,0.9078947368421053,0.34375,0.44,35,0.44,0.8
3201.9605817507254,126153.70280376542,0.41379310344827586,0.9105263157894737,0.36363636363636365,0.48,34,0.48,0.84
3201.9605817507254,126153.70280376542,0.41379310344827586,0.9105263157894737,0.36363636363636365,0.48,34,0.48,0.84
3201.9605817507254,126153.70280376542,0.41379310344827586,0.9105263157894737,0.36363636363636365,0.48,34,0.48,0.84
3201.9605817507254,126153.70280376542,0.41379310344827586,0.9105263157894737,0.36363636363636365,0.48,34,0.48,0.84
3201.9605817507254,126153.70280376542,0.41379310344827586,0.9105263157894737,0.36363636363636365,0.48,34,0.48,0.84
3201.9605817507254,126153.70280376542,0.41379310344827586,0.9105263157894737,0.36363636363636365,0.48,34,0.48,0.84
3201.9605817507254,126153.70280376542,0.41379310344827586,0.9105263157894737,0.36363636363636365,0.48,34,0.48,0.84
3201.9605817507254,126153.70280376542,0.41379310344827586,0.9105263157894737,0.36363636363636365,0.48,34,0.48,0.84
3201.9605817507254,126153.70280376542,0.41379310344827586,0.9105263157894737,0.36363636363636365,0.48,34,0.48,0.84
3182.663523566327,126134.40574558103,0.4067796610169491,0.9078947368421053,0.35294117647058826,0.48,35,0.48,0.84
3182.663523566327,126134.40574558103,0.4067796610169491,0.9078947368421053,0.35294117647058826,0.48,35,0.48,0.84
3182.663523566327,126134.40574558103,0.4067796610169491,0.9078947368421053,0.35294117647058826,0.48,35,0.48,0.84
3182.663523566327,126134.40574558103,0.4067796610169491,0.9078947368421053,0.35294117647058826,0.48,35,0.48,0.84
3182.663523566327,126134.40574558103,0.4067796610169491,0.9078947368421053,0.35294117647058826,0.48,35,0.48,0.84
3182.663523566327,126134.40574558103,0.4067796610169491,0.9078947368421053,0.35294117647058826,0.48,35,0.48,0.84
3182.663523566327,126134.40574558103,0.4067796610169491,0.9078947368421053,0.35294117647058826,0.48,35,0.48,0.84
3182.663523566327,126134.40574558103,0.4067796610169491,0.9078947368421053,0.35294117647058826,0.48,35,0.48,0.84
3182.663523566327,126134.40574558103,0.4067796610169491,0.9078947368421053,0.35294117647058826,0.48,35,0.48,0.84
3182.663523566327,126134.40574558103,0.4067796610169491,0.9078947368421053,0.35294117647058826,0.48,35,0.48,0.84
3182.663523566327,126134.40574558103,0.4067796610169491,0.9078947368421053,0.35294117647058826,0.48,35,0.48,0.84
3182.663523566327,126134.40574558103,0.4067796610169491,0.9078947368421053,0.35294117647058826,0.48,35,0.48,0.84
3182.663523566327,126134.40574558103,0.4067796610169491,0.9078947368421053,0.35294117647058826,0.48,35,0.48,0.84
3182.663523566327,126134.40574558103,0.4067796610169491,0.9078947368421053,0.35294117647058826,0.48,35,0.48,0.84
3182.663523566327,126134.40574558103,0.4067796610169491,0.9078947368421053,0.35294117647058826,0.48,35,0.48,0.84
3182.663523566327,126134.40574558103,0.4067796610169491,0.9078947368421053,0.35294117647058826,0.48,35,0.48,0.84
3182.663523566327,126134.40574558103,0.4067796610169491,0.9078947368421053,0.35294117647058826,0.48,35,0.48,0.84
3182.663523566327,126134.40574558103,0.4067796610169491,0.9078947368421053,0.35294117647058826,0.48,35,0.48,0.84
3182.663523566327,126134.40574558103,0.4067796610169491,0.9078947368421053,0.35294117647058826,0.48,35,0.48,0.84
3182.663523566327,126134.40574558103,0.4067796610169491,0.9078947368421053,0.35294117647058826,0.48,35,0.48,0.84
3182.663523566327,126134.40574558103,0.4067796610169491,0.9078947368421053,0.35294117647058826,0.48,35,0.48,0.84
3182.663523566327,126134.40574558103,0.4067796610169491,0.9078947368421053,0.35294117647058826,0.48,35,0.48,0.84
3182.663523566327,126134.40574558103,0.4067796610169491,0.9078947368421053,0.35294117647058826,0.48,35,0.48,0.84
3182.663523566327,126134.40574558103,0.4067796610169491,0.9078947368421053,0.35294117647058826,0.48,35,0.48,0.84
3182.663523566327,126134.40574558103,0.4067796610169491,0.9078947368421053,0.35294117647058826,0.48,35,0.48,0.84
3182.663523566327,126134.40574558103,0.4067796610169491,0.9078947368421053,0.35294117647058826,0.48,35,0.48,0.84
3182.663523566327,126134.40574558103,0.4067796610169491,0.9078947368421053,0.35294117647058826,0.48,35,0.48,0.84
2928.974832314125,125880.71705432882,0.39999999999999997,0.9052631578947369,0.34285714285714286,0.48,36,0.48,0.88
2859.518188447051,125811.26041046175,0.43333333333333335,0.9105263157894737,0.37142857142857144,0.52,34,0.52,0.88
2605.829497194849,125557.57171920955,0.42622950819672134,0.9078947368421053,0.3611111111111111,0.52,35,0.52,0.92
2605.829497194849,125557.57171920955,0.42622950819672134,0.9078947368421053,0.3611111111111111,0.52,35,0.52,0.92
2605.829497194849,125557.57171920955,0.42622950819672134,0.9078947368421053,0.3611111111111111,0.52,35,0.52,0.92
2605.829497194849,125557.57171920955,0.42622950819672134,0.9078947368421053,0.3611111111111111,0.52,35,0.52,0.92
2605.829497194849,125557.57171920955,0.42622950819672134,0.9078947368421053,0.3611111111111111,0.52,35,0.52,0.92
2605.829497194849,125557.57171920955,0.42622950819672134,0.9078947368421053,0.3611111111111111,0.52,35,0.52,0.92
2605.829497194849,125557.57171920955,0.42622950819672134,0.9078947368421053,0.3611111111111111,0.52,35,0.52,0.92
2605.829497194849,125557.57171920955,0.42622950819672134,0.9078947368421053,0.3611111111111111,0.52,35,0.52,0.92
2605.829497194849,125557.57171920955,0.42622950819672134,0.9078947368421053,0.3611111111111111,0.52,35,0.52,0.92
2605.829497194849,125557.57171920955,0.42622950819672134,0.9078947368421053,0.3611111111111111,0.52,35,0.52,0.92
2605.829497194849,125557.57171920955,0.42622950819672134,0.9078947368421053,0.3611111111111111,0.52,35,0.52,0.92
2605.829497194849,125557.57171920955,0.42622950819672134,0.9078947368421053,0.3611111111111111,0.52,35,0.52,0.92
2605.829497194849,125557.57171920955,0.42622950819672134,0.9078947368421053,0.3611111111111111,0.52,35,0.52,0.92
2605.829497194849,125557.57171920955,0.42622950819672134,0.9078947368421053,0.3611111111111111,0.52,35,0.52,0.92
2605.829497194849,125557.57171920955,0.42622950819672134,0.9078947368421053,0.3611111111111111,0.52,35,0.52,0.92
2605.829497194849,125557.57171920955,0.42622950819672134,0.9078947368421053,0.3611111111111111,0.52,35,0.52,0.92
2605.829497194849,125557.57171920955,0.42622950819672134,0.9078947368421053,0.3611111111111111,0.52,35,0.52,0.92
2631.8935467708798,125583.63576878558,0.4193548387096775,0.9052631578947369,0.35135135135135137,0.52,36,0.52,0.92
2605.829497194849,125557.57171920955,0.42622950819672134,0.9078947368421053,0.3611111111111111,0.52,35,0.52,0.92
2605.829497194849,125557.57171920955,0.42622950819672134,0.9078947368421053,0.3611111111111111,0.52,35,0.52,0.92
2452.9835453688283,125404.72576738353,0.42622950819672134,0.9078947368421053,0.3611111111111111,0.52,35,0.52,0.92
2452.9835453688283,125404.72576738353,0.42622950819672134,0.9078947368421053,0.3611111111111111,0.52,35,0.52,0.92
2452.9835453688283,125404.72576738353,0.42622950819672134,0.9078947368421053,0.3611111111111111,0.52,35,0.52,0.92
2452.9835453688283,125404.72576738353,0.42622950819672134,0.9078947368421053,0.3611111111111111,0.52,35,0.52,0.92
2452.9835453688283,125404.72576738353,0.42622950819672134,0.9078947368421053,0.3611111111111111,0.52,35,0.52,0.92
2452.9835453688283,125404.72576738353,0.42622950819672134,0.9078947368421053,0.3611111111111111,0.52,35,0.52,0.92
2452.9835453688283,125404.72576738353,0.42622950819672134,0.9078947368421053,0.3611111111111111,0.52,35,0.52,0.92
2452.9835453688283,125404.72576738353,0.42622950819672134,0.9078947368421053,0.3611111111111111,0.52,35,0.52,0.92
2452.9835453688283,125404.72576738353,0.42622950819672134,0.9078947368421053,0.3611111111111111,0.52,35,0.52,0.92
2452.9835453688283,125404.72576738353,0.42622950819672134,0.9078947368421053,0.3611111111111111,0.52,35,0.52,0.92
2452.9835453688283,125404.72576738353,0.42622950819672134,0.9078947368421053,0.3611111111111111,0.52,35,0.52,0.92
2452.9835453688283,125404.72576738353,0.42622950819672134,0.9078947368421053,0.3611111111111111,0.52,35,0.52,0.92
2452.9835453688283,125404.72576738353,0.42622950819672134,0.9078947368421053,0.3611111111111111,0.52,35,0.52,0.92
2452.9835453688283,125404.72576738353,0.42622950819672134,0.9078947368421053,0.3611111111111111,0.52,35,0.52,0.92
2452.9835453688283,125404.72576738353,0.42622950819672134,0.9078947368421053,0.3611111111111111,0.52,35,0.52,0.92
2452.9835453688283,125404.72576738353,0.42622950819672134,0.9078947368421053,0.3611111111111111,0.52,35,0.52,0.92
2452.9835453688283,125404.72576738353,0.42622950819672134,0.9078947368421053,0.3611111111111111,0.52,35,0.52,0.92
2452.9835453688283,125404.72576738353,0.42622950819672134,0.9078947368421053,0.3611111111111111,0.52,35,0.52,0.92
2452.9835453688283,125404.72576738353,0.42622950819672134,0.9078947368421053,0.3611111111111111,0.52,35,0.52,0.92
2452.9835453688283,125404.72576738353,0.42622950819672134,0.9078947368421053,0.3611111111111111,0.52,35,0.52,0.92
2452.9835453688283,125404.72576738353,0.42622950819672134,0.9078947368421053,0.3611111111111111,0.52,35,0.52,0.92
2452.9835453688283,125404.72576738353,0.42622950819672134,0.9078947368421053,0.3611111111111111,0.52,35,0.52,0.92
2452.9835453688283,125404.72576738353,0.42622950819672134,0.9078947368421053,0.3611111111111111,0.52,35,0.52,0.92
2452.9835453688283,125404.72576738353,0.42622950819672134,0.9078947368421053,0.3611111111111111,0.52,35,0.52,0.92
2452.9835453688283,125404.72576738353,0.42622950819672134,0.9078947368421053,0.3611111111111111,0.52,35,0.52,0.92
2452.9835453688283,125404.72576738353,0.42622950819672134,0.9078947368421053,0.3611111111111111,0.52,35,0.52,0.92
2452.9835453688283,125404.72576738353,0.42622950819672134,0.9078947368421053,0.3611111111111111,0.52,35,0.52,0.92
2452.9835453688283,125404.72576738353,0.42622950819672134,0.9078947368421053,0.3611111111111111,0.52,35,0.52,0.92
2452.9835453688283,125404.72576738353,0.42622950819672134,0.9078947368421053,0.3611111111111111,0.52,35,0.52,0.92
2452.9835453688283,125404.72576738353,0.42622950819672134,0.9078947368421053,0.3611111111111111,0.52,35,0.52,0.92
2452.9835453688283,125404.72576738353,0.42622950819672134,0.9078947368421053,0.3611111111111111,0.52,35,0.52,0.92
2452.9835453688283,125404.72576738353,0.42622950819672134,0.9078947368421053,0.3611111111111111,0.52,35,0.52,0.92
2452.9835453688283,125404.72576738353,0.42622950819672134,0.9078947368421053,0.3611111111111111,0.52,35,0.52,0.92
2452.9835453688283,125404.72576738353,0.42622950819672134,0.9078947368421053,0.3611111111111111,0.52,35,0.52,0.92
2452.9835453688283,125404.72576738353,0.42622950819672134,0.9078947368421053,0.3611111111111111,0.52,35,0.52,0.92
2452.9835453688283,125404.72576738353,0.42622950819672134,0.9078947368421053,0.3611111111111111,0.52,35,0.52,0.92
2452.9835453688283,125404.72576738353,0.42622950819672134,0.9078947368421053,0.3611111111111111,0.52,35,0.52,0.92
2452.9835453688283,125404.72576738353,0.42622950819672134,0.9078947368421053,0.3611111111111111,0.52,35,0.52,0.92
2452.9835453688283,125404.72576738353,0.42622950819672134,0.9078947368421053,0.3611111111111111,0.52,35,0.52,0.92
2452.9835453688283,125404.72576738353,0.42622950819672134,0.9078947368421053,0.3611111111111111,0.52,35,0.52,0.92
2452.9835453688283,125404.72576738353,0.42622950819672134,0.9078947368421053,0.3611111111111111,0.52,35,0.52,0.92
2452.9835453688283,125404.72576738353,0.42622950819672134,0.9078947368421053,0.3611111111111111,0.52,35,0.52,0.92
2452.9835453688283,125404.72576738353,0.42622950819672134,0.9078947368421053,0.3611111111111111,0.52,35,0.52,0.92
2452.9835453688283,125404.72576738353,0.42622950819672134,0.9078947368421053,0.3611111111111111,0.52,35,0.52,0.92
2452.9835453688283,125404.72576738353,0.42622950819672134,0.9078947368421053,0.3611111111111111,0.52,35,0.52,0.92
2452.9835453688283,125404.72576738353,0.42622950819672134,0.9078947368421053,0.3611111111111111,0.52,35,0.52,0.92
2452.9835453688283,125404.72576738353,0.42622950819672134,0.9078947368421053,0.3611111111111111,0.52,35,0.52,0.92
2452.9835453688283,125404.72576738353,0.42622950819672134,0.9078947368421053,0.3611111111111111,0.52,35,0.52,0.92
2452.9835453688283,125404.72576738353,0.42622950819672134,0.9078947368421053,0.3611111111111111,0.52,35,0.52,0.92
2452.9835453688283,125404.72576738353,0.42622950819672134,0.9078947368421053,0.3611111111111111,0.52,35,0.52,0.92
2452.9835453688283,125404.72576738353,0.42622950819672134,0.9078947368421053,0.3611111111111111,0.52,35,0.52,0.92
2452.9835453688283,125404.72576738353,0.42622950819672134,0.9078947368421053,0.3611111111111111,0.52,35,0.52,0.92
2452.9835453688283,125404.72576738353,0.42622950819672134,0.9078947368421053,0.3611111111111111,0.52,35,0.52,0.92
2452.9835453688283,125404.72576738353,0.42622950819672134,0.9078947368421053,0.3611111111111111,0.52,35,0.52,0.92
2452.9835453688283,125404.72576738353,0.42622950819672134,0.9078947368421053,0.3611111111111111,0.52,35,0.52,0.92
2452.9835453688283,125404.72576738353,0.42622950819672134,0.9078947368421053,0.3611111111111111,0.52,35,0.52,0.92
2452.9835453688283,125404.72576738353,0.42622950819672134,0.9078947368421053,0.3611111111111111,0.52,35,0.52,0.92
2452.9835453688283,125404.72576738353,0.42622950819672134,0.9078947368421053,0.3611111111111111,0.52,35,0.52,0.92
2452.9835453688283,125404.72576738353,0.42622950819672134,0.9078947368421053,0.3611111111111111,0.52,35,0.52,0.92
2452.9835453688283,125404.72576738353,0.42622950819672134,0.9078947368421053,0.3611111111111111,0.52,35,0.52,0.92
2452.9835453688283,125404.72576738353,0.42622950819672134,0.9078947368421053,0.3611111111111111,0.52,35,0.52,0.92
2452.9835453688283,125404.72576738353,0.42622950819672134,0.9078947368421053,0.3611111111111111,0.52,35,0.52,0.92
2452.9835453688283,125404.72576738353,0.42622950819672134,0.9078947368421053,0.3611111111111111,0.52,35,0.52,0.92
2452.9835453688283,125404.72576738353,0.42622950819672134,0.9078947368421053,0.3611111111111111,0.52,35,0.52,0.92
2452.9835453688283,125404.72576738353,0.42622950819672134,0.9078947368421053,0.3611111111111111,0.52,35,0.52,0.92
2452.9835453688283,125404.72576738353,0.42622950819672134,0.9078947368421053,0.3611111111111111,0.52,35,0.52,0.92
2452.9835453688283,125404.72576738353,0.42622950819672134,0.9078947368421053,0.3611111111111111,0.52,35,0.52,0.92
2452.9835453688283,125404.72576738353,0.42622950819672134,0.9078947368421053,0.3611111111111111,0.52,35,0.52,0.92
2452.9835453688283,125404.72576738353,0.42622950819672134,0.9078947368421053,0.3611111111111111,0.52,35,0.52,0.92
2452.9835453688283,125404.72576738353,0.42622950819672134,0.9078947368421053,0.3611111111111111,0.52,35,0.52,0.92
2412.01604297015,125363.75826498485,0.42622950819672134,0.9078947368421053,0.3611111111111111,0.52,35,0.52,0.92
2412.01604297015,125363.75826498485,0.42622950819672134,0.9078947368421053,0.3611111111111111,0.52,35,0.52,0.92
2412.01604297015,125363.75826498485,0.42622950819672134,0.9078947368421053,0.3611111111111111,0.52,35,0.52,0.92
2412.01604297015,125363.75826498485,0.42622950819672134,0.9078947368421053,0.3611111111111111,0.52,35,0.52,0.92
2412.01604297015,125363.75826498485,0.42622950819672134,0.9078947368421053,0.3611111111111111,0.52,35,0.52,0.92
2412.01604297015,125363.75826498485,0.42622950819672134,0.9078947368421053,0.3611111111111111,0.52,35,0.52,0.92
2412.01604297015,125363.75826498485,0.42622950819672134,0.9078947368421053,0.3611111111111111,0.52,35,0.52,0.92
2412.01604297015,125363.75826498485,0.42622950819672134,0.9078947368421053,0.3611111111111111,0.52,35,0.52,0.92
2412.01604297015,125363.75826498485,0.42622950819672134,0.9078947368421053,0.3611111111111111,0.52,35,0.52,0.92
2412.01604297015,125363.75826498485,0.42622950819672134,0.9078947368421053,0.3611111111111111,0.52,35,0.52,0.92
2412.01604297015,125363.75826498485,0.42622950819672134,0.9078947368421053,0.3611111111111111,0.52,35,0.52,0.92
2412.01604297015,125363.75826498485,0.42622950819672134,0.9078947368421053,0.3611111111111111,0.52,35,0.52,0.92
2412.01604297015,125363.75826498485,0.42622950819672134,0.9078947368421053,0.3611111111111111,0.52,35,0.52,0.92
2412.01604297015,125363.75826498485,0.42622950819672134,0.9078947368421053,0.3611111111111111,0.52,35,0.52,0.92
2412.01604297015,125363.75826498485,0.42622950819672134,0.9078947368421053,0.3611111111111111,0.52,35,0.52,0.92
2412.01604297015,125363.75826498485,0.42622950819672134,0.9078947368421053,0.3611111111111111,0.52,35,0.52,0.92
2412.01604297015,125363.75826498485,0.42622950819672134,0.9078947368421053,0.3611111111111111,0.52,35,0.52,0.92
2412.01604297015,125363.75826498485,0.42622950819672134,0.9078947368421053,0.3611111111111111,0.52,35,0.52,0.92
2412.01604297015,125363.75826498485,0.42622950819672134,0.9078947368421053,0.3611111111111111,0.52,35,0.52,0.92
2390.9337611829396,125342.67598319764,0.42622950819672134,0.9078947368421053,0.3611111111111111,0.52,35,0.52,0.92
2390.9337611829396,125342.67598319764,0.42622950819672134,0.9078947368421053,0.3611111111111111,0.52,35,0.52,0.92
2390.9337611829396,125342.67598319764,0.42622950819672134,0.9078947368421053,0.3611111111111111,0.52,35,0.52,0.92
2390.9337611829396,125342.67598319764,0.42622950819672134,0.9078947368421053,0.3611111111111111,0.52,35,0.52,0.92
2390.9337611829396,125342.67598319764,0.42622950819672134,0.9078947368421053,0.3611111111111111,0.52,35,0.52,0.92
2390.9337611829396,125342.67598319764,0.42622950819672134,0.9078947368421053,0.3611111111111111,0.52,35,0.52,0.92
2390.9337611829396,125342.67598319764,0.42622950819672134,0.9078947368421053,0.3611111111111111,0.52,35,0.52,0.92
2390.9337611829396,125342.67598319764,0.42622950819672134,0.9078947368421053,0.3611111111111111,0.52,35,0.52,0.92
2390.9337611829396,125342.67598319764,0.42622950819672134,0.9078947368421053,0.3611111111111111,0.52,35,0.52,0.92
2390.9337611829396,125342.67598319764,0.42622950819672134,0.9078947368421053,0.3611111111111111,0.52,35,0.52,0.92
2390.9337611829396,125342.67598319764,0.42622950819672134,0.9078947368421053,0.3611111111111111,0.52,35,0.52,0.92
2390.9337611829396,125342.67598319764,0.42622950819672134,0.9078947368421053,0.3611111111111111,0.52,35,0.52,0.92
2390.9337611829396,125342.67598319764,0.42622950819672134,0.9078947368421053,0.3611111111111111,0.52,35,0.52,0.92
2390.9337611829396,125342.67598319764,0.42622950819672134,0.9078947368421053,0.3611111111111111,0.52,35,0.52,0.92
2390.9337611829396,125342.67598319764,0.42622950819672134,0.9078947368421053,0.3611111111111111,0.52,35,0.52,0.92
2390.9337611829396,125342.67598319764,0.42622950819672134,0.9078947368421053,0.3611111111111111,0.52,35,0.52,0.92
2390.9337611829396,125342.67598319764,0.42622950819672134,0.9078947368421053,0.3611111111111111,0.52,35,0.52,0.92
2390.9337611829396,125342.67598319764,0.42622950819672134,0.9078947368421053,0.3611111111111111,0.52,35,0.52,0.92
2390.9337611829396,125342.67598319764,0.42622950819672134,0.9078947368421053,0.3611111111111111,0.52,35,0.52,0.92
2390.9337611829396,125342.67598319764,0.42622950819672134,0.9078947368421053,0.3611111111111111,0.52,35,0.52,0.92
2390.9337611829396,125342.67598319764,0.42622950819672134,0.9078947368421053,0.3611111111111111,0.52,35,0.52,0.92
2390.9337611829396,125342.67598319764,0.42622950819672134,0.9078947368421053,0.3611111111111111,0.52,35,0.52,0.92
2390.9337611829396,125342.67598319764,0.42622950819672134,0.9078947368421053,0.3611111111111111,0.52,35,0.52,0.92
2390.9337611829396,125342.67598319764,0.42622950819672134,0.9078947368421053,0.3611111111111111,0.52,35,0.52,0.92
2390.9337611829396,125342.67598319764,0.42622950819672134,0.9078947368421053,0.3611111111111111,0.52,35,0.52,0.92
2390.9337611829396,125342.67598319764,0.42622950819672134,0.9078947368421053,0.3611111111111111,0.52,35,0.52,0.92
2390.9337611829396,125342.67598319764,0.42622950819672134,0.9078947368421053,0.3611111111111111,0.52,35,0.52,0.92
2390.9337611829396,125342.67598319764,0.42622950819672134,0.9078947368421053,0.3611111111111111,0.52,35,0.52,0.92
2390.9337611829396,125342.67598319764,0.42622950819672134,0.9078947368421053,0.3611111111111111,0.52,35,0.52,0.92
2390.9337611829396,125342.67598319764,0.42622950819672134,0.9078947368421053,0.3611111111111111,0.52,35,0.52,0.92
2390.9337611829396,125342.67598319764,0.42622950819672134,0.9078947368421053,0.3611111111111111,0.52,35,0.52,0.92
2390.9337611829396,125342.67598319764,0.42622950819672134,0.9078947368421053,0.3611111111111111,0.52,35,0.52,0.92
2841.1589528596087,125792.9011748743,0.4193548387096775,0.9052631578947369,0.35135135135135137,0.52,36,0.52,0.92
2390.9337611829396,125342.67598319764,0.42622950819672134,0.9078947368421053,0.3611111111111111,0.52,35,0.52,0.92
2390.9337611829396,125342.67598319764,0.42622950819672134,0.9078947368421053,0.3611111111111111,0.52,35,0.52,0.92
2390.9337611829396,125342.67598319764,0.42622950819672134,0.9078947368421053,0.3611111111111111,0.52,35,0.52,0.92
2390.9337611829396,125342.67598319764,0.42622950819672134,0.9078947368421053,0.3611111111111111,0.52,35,0.52,0.92
2390.9337611829396,125342.67598319764,0.42622950819672134,0.9078947368421053,0.3611111111111111,0.52,35,0.52,0.92
2390.9337611829396,125342.67598319764,0.42622950819672134,0.9078947368421053,0.3611111111111111,0.52,35,0.52,0.92
2390.9337611829396,125342.67598319764,0.42622950819672134,0.9078947368421053,0.3611111111111111,0.52,35,0.52,0.92
2390.9337611829396,125342.67598319764,0.42622950819672134,0.9078947368421053,0.3611111111111111,0.52,35,0.52,0.92
2390.9337611829396,125342.67598319764,0.42622950819672134,0.9078947368421053,0.3611111111111111,0.52,35,0.52,0.92
2390.9337611829396,125342.67598319764,0.42622950819672134,0.9078947368421053,0.3611111111111111,0.52,35,0.52,0.92
2390.9337611829396,125342.67598319764,0.42622950819672134,0.9078947368421053,0.3611111111111111,0.52,35,0.52,0.92
2390.9337611829396,125342.67598319764,0.42622950819672134,0.9078947368421053,0.3611111111111111,0.52,35,0.52,0.92
2390.9337611829396,125342.67598319764,0.42622950819672134,0.9078947368421053,0.3611111111111111,0.52,35,0.52,0.92
2390.9337611829396,125342.67598319764,0.42622950819672134,0.9078947368421053,0.3611111111111111,0.52,35,0.52,0.92
2390.9337611829396,125342.67598319764,0.42622950819672134,0.9078947368421053,0.3611111111111111,0.52,35,0.52,0.92
2390.9337611829396,125342.67598319764,0.42622950819672134,0.9078947368421053,0.3611111111111111,0.52,35,0.52,0.92
2390.9337611829396,125342.67598319764,0.42622950819672134,0.9078947368421053,0.3611111111111111,0.52,35,0.52,0.92
2390.9337611829396,125342.67598319764,0.42622950819672134,0.9078947368421053,0.3611111111111111,0.52,35,0.52,0.92
2390.9337611829396,125342.67598319764,0.42622950819672134,0.9078947368421053,0.3611111111111111,0.52,35,0.52,0.92
2390.9337611829396,125342.67598319764,0.42622950819672134,0.9078947368421053,0.3611111111111111,0.52,35,0.52,0.92
2390.9337611829396,125342.67598319764,0.42622950819672134,0.9078947368421053,0.3611111111111111,0.52,35,0.52,0.92
2390.9337611829396,125342.67598319764,0.42622950819672134,0.9078947368421053,0.3611111111111111,0.52,35,0.52,0.92
2390.9337611829396,125342.67598319764,0.42622950819672134,0.9078947368421053,0.3611111111111111,0.52,35,0.52,0.92
2390.9337611829396,125342.67598319764,0.42622950819672134,0.9078947368421053,0.3611111111111111,0.52,35,0.52,0.92
2390.9337611829396,125342.67598319764,0.42622950819672134,0.9078947368421053,0.3611111111111111,0.52,35,0.52,0.92
2390.9337611829396,125342.67598319764,0.42622950819672134,0.9078947368421053,0.3611111111111111,0.52,35,0.52,0.92
2390.9337611829396,125342.67598319764,0.42622950819672134,0.9078947368421053,0.3611111111111111,0.52,35,0.52,0.92
2390.9337611829396,125342.67598319764,0.42622950819672134,0.9078947368421053,0.3611111111111111,0.52,35,0.52,0.92
2390.9337611829396,125342.67598319764,0.42622950819672134,0.9078947368421053,0.3611111111111111,0.52,35,0.52,0.92
2390.9337611829396,125342.67598319764,0.42622950819672134,0.9078947368421053,0.3611111111111111,0.52,35,0.52,0.92
2390.9337611829396,125342.67598319764,0.42622950819672134,0.9078947368421053,0.3611111111111111,0.52,35,0.52,0.92
2390.9337611829396,125342.67598319764,0.42622950819672134,0.9078947368421053,0.3611111111111111,0.52,35,0.52,0.92
2390.9337611829396,125342.67598319764,0.42622950819672134,0.9078947368421053,0.3611111111111111,0.52,35,0.52,0.92
2390.9337611829396,125342.67598319764,0.42622950819672134,0.9078947368421053,0.3611111111111111,0.52,35,0.52,0.92
2390.9337611829396,125342.67598319764,0.42622950819672134,0.9078947368421053,0.3611111111111111,0.52,35,0.52,0.92
2390.9337611829396,125342.67598319764,0.42622950819672134,0.9078947368421053,0.3611111111111111,0.52,35,0.52,0.92
2390.9337611829396,125342.67598319764,0.42622950819672134,0.9078947368421053,0.3611111111111111,0.52,35,0.52,0.92
2390.9337611829396,125342.67598319764,0.42622950819672134,0.9078947368421053,0.3611111111111111,0.52,35,0.52,0.92
2390.9337611829396,125342.67598319764,0.42622950819672134,0.9078947368421053,0.3611111111111111,0.52,35,0.52,0.92
2390.9337611829396,125342.67598319764,0.42622950819672134,0.9078947368421053,0.3611111111111111,0.52,35,0.52,0.92
2390.9337611829396,125342.67598319764,0.42622950819672134,0.9078947368421053,0.3611111111111111,0.52,35,0.52,0.92
2390.9337611829396,125342.67598319764,0.42622950819672134,0.9078947368421053,0.3611111111111111,0.52,35,0.52,0.92
2390.9337611829396,125342.67598319764,0.42622950819672134,0.9078947368421053,0.3611111111111111,0.52,35,0.52,0.92
2390.9337611829396,125342.67598319764,0.42622950819672134,0.9078947368421053,0.3611111111111111,0.52,35,0.52,0.92
2390.9337611829396,125342.67598319764,0.42622950819672134,0.9078947368421053,0.3611111111111111,0.52,35,0.52,0.92
2390.9337611829396,125342.67598319764,0.42622950819672134,0.9078947368421053,0.3611111111111111,0.52,35,0.52,0.92
2390.9337611829396,125342.67598319764,0.42622950819672134,0.9078947368421053,0.3611111111111111,0.52,35,0.52,0.92
2390.9337611829396,125342.67598319764,0.42622950819672134,0.9078947368421053,0.3611111111111111,0.52,35,0.52,0.92
2390.9337611829396,125342.67598319764,0.42622950819672134,0.9078947368421053,0.3611111111111111,0.52,35,0.52,0.92
2390.9337611829396,125342.67598319764,0.42622950819672134,0.9078947368421053,0.3611111111111111,0.52,35,0.52,0.92
2390.9337611829396,125342.67598319764,0.42622950819672134,0.9078947368421053,0.3611111111111111,0.52,35,0.52,0.92
2390.9337611829396,125342.67598319764,0.42622950819672134,0.9078947368421053,0.3611111111111111,0.52,35,0.52,0.92
2387.9979550677817,125339.74017708248,0.45901639344262296,0.9131578947368421,0.3888888888888889,0.56,33,0.56,0.92
2387.9979550677817,125339.74017708248,0.45901639344262296,0.9131578947368421,0.3888888888888889,0.56,33,0.56,0.92
2387.9979550677817,125339.74017708248,0.45901639344262296,0.9131578947368421,0.3888888888888889,0.56,33,0.56,0.92
2387.9979550677817,125339.74017708248,0.45901639344262296,0.9131578947368421,0.3888888888888889,0.56,33,0.56,0.92
2375.347281992348,125327.08950400705,0.4516129032258065,0.9105263157894737,0.3783783783783784,0.56,34,0.56,0.92
2375.347281992348,125327.08950400705,0.4516129032258065,0.9105263157894737,0.3783783783783784,0.56,34,0.56,0.92
2375.347281992348,125327.08950400705,0.4516129032258065,0.9105263157894737,0.3783783783783784,0.56,34,0.56,0.92
2375.347281992348,125327.08950400705,0.4516129032258065,0.9105263157894737,0.3783783783783784,0.56,34,0.56,0.92
2375.347281992348,125327.08950400705,0.4516129032258065,0.9105263157894737,0.3783783783783784,0.56,34,0.56,0.92
2375.347281992348,125327.08950400705,0.4516129032258065,0.9105263157894737,0.3783783783783784,0.56,34,0.56,0.92
2375.347281992348,125327.08950400705,0.4516129032258065,0.9105263157894737,0.3783783783783784,0.56,34,0.56,0.92
2375.347281992348,125327.08950400705,0.4516129032258065,0.9105263157894737,0.3783783783783784,0.56,34,0.56,0.92
2375.347281992348,125327.08950400705,0.4516129032258065,0.9105263157894737,0.3783783783783784,0.56,34,0.56,0.92
2375.347281992348,125327.08950400705,0.4516129032258065,0.9105263157894737,0.3783783783783784,0.56,34,0.56,0.92
2375.347281992348,125327.08950400705,0.4516129032258065,0.9105263157894737,0.3783783783783784,0.56,34,0.56,0.92
2375.347281992348,125327.08950400705,0.4516129032258065,0.9105263157894737,0.3783783783783784,0.56,34,0.56,0.92
2375.347281992348,125327.08950400705,0.4516129032258065,0.9105263157894737,0.3783783783783784,0.56,34,0.56,0.92
2375.347281992348,125327.08950400705,0.4516129032258065,0.9105263157894737,0.3783783783783784,0.56,34,0.56,0.92
2375.347281992348,125327.08950400705,0.4516129032258065,0.9105263157894737,0.3783783783783784,0.56,34,0.56,0.92
2375.347281992348,125327.08950400705,0.4516129032258065,0.9105263157894737,0.3783783783783784,0.56,34,0.56,0.92
2375.347281992348,125327.08950400705,0.4516129032258065,0.9105263157894737,0.3783783783783784,0.56,34,0.56,0.92
2375.347281992348,125327.08950400705,0.4516129032258065,0.9105263157894737,0.3783783783783784,0.56,34,0.56,0.92
2375.347281992348,125327.08950400705,0.4516129032258065,0.9105263157894737,0.3783783783783784,0.56,34,0.56,0.92
2375.347281992348,125327.08950400705,0.4516129032258065,0.9105263157894737,0.3783783783783784,0.56,34,0.56,0.92
2375.347281992348,125327.08950400705,0.4516129032258065,0.9105263157894737,0.3783783783783784,0.56,34,0.56,0.92
2375.347281992348,125327.08950400705,0.4516129032258065,0.9105263157894737,0.3783783783783784,0.56,34,0.56,0.92
2375.347281992348,125327.08950400705,0.4516129032258065,0.9105263157894737,0.3783783783783784,0.56,34,0.56,0.92
2375.347281992348,125327.08950400705,0.4516129032258065,0.9105263157894737,0.3783783783783784,0.56,34,0.56,0.92
2375.347281992348,125327.08950400705,0.4516129032258065,0.9105263157894737,0.3783783783783784,0.56,34,0.56,0.92
1761.5928125220526,124713.33503453675,0.45901639344262296,0.9131578947368421,0.3888888888888889,0.56,33,0.56,0.92
1611.3421080781554,124563.08433009285,0.4666666666666667,0.9157894736842105,0.4,0.56,32,0.56,0.92
1611.3421080781554,124563.08433009285,0.4666666666666667,0.9157894736842105,0.4,0.56,32,0.56,0.92
1611.3421080781554,124563.08433009285,0.4666666666666667,0.9157894736842105,0.4,0.56,32,0.56,0.92
1611.3421080781554,124563.08433009285,0.4666666666666667,0.9157894736842105,0.4,0.56,32,0.56,0.92
1611.3421080781554,124563.08433009285,0.4666666666666667,0.9157894736842105,0.4,0.56,32,0.56,0.92
1611.3421080781554,124563.08433009285,0.4666666666666667,0.9157894736842105,0.4,0.56,32,0.56,0.92
1611.3421080781554,124563.08433009285,0.4666666666666667,0.9157894736842105,0.4,0.56,32,0.56,0.92
1611.3421080781554,124563.08433009285,0.4666666666666667,0.9157894736842105,0.4,0.56,32,0.56,0.92
1611.3421080781554,124563.08433009285,0.4666666666666667,0.9157894736842105,0.4,0.56,32,0.56,0.92
1611.3421080781554,124563.08433009285,0.4666666666666667,0.9157894736842105,0.4,0.56,32,0.56,0.92
1611.3421080781554,124563.08433009285,0.4666666666666667,0.9157894736842105,0.4,0.56,32,0.56,0.92
1611.3421080781554,124563.08433009285,0.4666666666666667,0.9157894736842105,0.4,0.56,32,0.56,0.92
1611.3421080781554,124563.08433009285,0.4666666666666667,0.9157894736842105,0.4,0.56,32,0.56,0.92
1611.3421080781554,124563.08433009285,0.4666666666666667,0.9157894736842105,0.4,0.56,32,0.56,0.92
1585.0407687008264,124536.78299071552,0.49180327868852464,0.9184210526315789,0.4166666666666667,0.6,31,0.6,0.96
1585.0407687008264,124536.78299071552,0.49180327868852464,0.9184210526315789,0.4166666666666667,0.6,31,0.6,0.96
1585.0407687008264,124536.78299071552,0.49180327868852464,0.9184210526315789,0.4166666666666667,0.6,31,0.6,0.96
1585.0407687008264,124536.78299071552,0.49180327868852464,0.9184210526315789,0.4166666666666667,0.6,31,0.6,0.96
1585.0407687008264,124536.78299071552,0.49180327868852464,0.9184210526315789,0.4166666666666667,0.6,31,0.6,0.96
1585.0407687008264,124536.78299071552,0.49180327868852464,0.9184210526315789,0.4166666666666667,0.6,31,0.6,0.96
1585.0407687008264,124536.78299071552,0.49180327868852464,0.9184210526315789,0.4166666666666667,0.6,31,0.6,0.96
1585.0407687008264,124536.78299071552,0.49180327868852464,0.9184210526315789,0.4166666666666667,0.6,31,0.6,0.96
1585.0407687008264,124536.78299071552,0.49180327868852464,0.9184210526315789,0.4166666666666667,0.6,31,0.6,0.96
1585.0407687008264,124536.78299071552,0.49180327868852464,0.9184210526315789,0.4166666666666667,0.6,31,0.6,0.96
1585.0407687008264,124536.78299071552,0.49180327868852464,0.9184210526315789,0.4166666666666667,0.6,31,0.6,0.96
1585.0407687008264,124536.78299071552,0.49180327868852464,0.9184210526315789,0.4166666666666667,0.6,31,0.6,0.96
1585.0407687008264,124536.78299071552,0.49180327868852464,0.9184210526315789,0.4166666666666667,0.6,31,0.6,0.96
1585.0407687008264,124536.78299071552,0.49180327868852464,0.9184210526315789,0.4166666666666667,0.6,31,0.6,0.96
1585.0407687008264,124536.78299071552,0.49180327868852464,0.9184210526315789,0.4166666666666667,0.6,31,0.6,0.96
1585.0407687008264,124536.78299071552,0.49180327868852464,0.9184210526315789,0.4166666666666667,0.6,31,0.6,0.96
1606.1230504880077,124557.8652725027,0.49180327868852464,0.9184210526315789,0.4166666666666667,0.6,31,0.6,0.96
1585.0407687008264,124536.78299071552,0.49180327868852464,0.9184210526315789,0.4166666666666667,0.6,31,0.6,0.96
1585.0407687008264,124536.78299071552,0.49180327868852464,0.9184210526315789,0.4166666666666667,0.6,31,0.6,0.96
1585.0407687008264,124536.78299071552,0.49180327868852464,0.9184210526315789,0.4166666666666667,0.6,31,0.6,0.96
1585.0407687008264,124536.78299071552,0.49180327868852464,0.9184210526315789,0.4166666666666667,0.6,31,0.6,0.96
1585.0407687008264,124536.78299071552,0.49180327868852464,0.9184210526315789,0.4166666666666667,0.6,31,0.6,0.96
1585.0407687008264,124536.78299071552,0.49180327868852464,0.9184210526315789,0.4166666666666667,0.6,31,0.6,0.96
1585.0407687008264,124536.78299071552,0.49180327868852464,0.9184210526315789,0.4166666666666667,0.6,31,0.6,0.96
1585.0407687008264,124536.78299071552,0.49180327868852464,0.9184210526315789,0.4166666666666667,0.6,31,0.6,0.96
1585.0407687008264,124536.78299071552,0.49180327868852464,0.9184210526315789,0.4166666666666667,0.6,31,0.6,0.96
1585.0407687008264,124536.78299071552,0.49180327868852464,0.9184210526315789,0.4166666666666667,0.6,31,0.6,0.96
1585.0407687008264,124536.78299071552,0.49180327868852464,0.9184210526315789,0.4166666666666667,0.6,31,0.6,0.96
1585.0407687008264,124536.78299071552,0.49180327868852464,0.9184210526315789,0.4166666666666667,0.6,31,0.6,0.96
1585.0407687008264,124536.78299071552,0.49180327868852464,0.9184210526315789,0.4166666666666667,0.6,31,0.6,0.96
1585.0407687008264,124536.78299071552,0.49180327868852464,0.9184210526315789,0.4166666666666667,0.6,31,0.6,0.96
1585.0407687008264,124536.78299071552,0.49180327868852464,0.9184210526315789,0.4166666666666667,0.6,31,0.6,0.96
1585.0407687008264,124536.78299071552,0.49180327868852464,0.9184210526315789,0.4166666666666667,0.6,31,0.6,0.96
1585.0407687008264,124536.78299071552,0.49180327868852464,0.9184210526315789,0.4166666666666667,0.6,31,0.6,0.96
1585.0407687008264,124536.78299071552,0.49180327868852464,0.9184210526315789,0.4166666666666667,0.6,31,0.6,0.96
1585.0407687008264,124536.78299071552,0.49180327868852464,0.9184210526315789,0.4166666666666667,0.6,31,0.6,0.96
1585.0407687008264,124536.78299071552,0.49180327868852464,0.9184210526315789,0.4166666666666667,0.6,31,0.6,0.96
1585.0407687008264,124536.78299071552,0.49180327868852464,0.9184210526315789,0.4166666666666667,0.6,31,0.6,0.96
1585.0407687008264,124536.78299071552,0.49180327868852464,0.9184210526315789,0.4166666666666667,0.6,31,0.6,0.96
1585.0407687008264,124536.78299071552,0.49180327868852464,0.9184210526315789,0.4166666666666667,0.6,31,0.6,0.96
1585.0407687008264,124536.78299071552,0.49180327868852464,0.9184210526315789,0.4166666666666667,0.6,31,0.6,0.96
1585.0407687008264,124536.78299071552,0.49180327868852464,0.9184210526315789,0.4166666666666667,0.6,31,0.6,0.96
1585.0407687008264,124536.78299071552,0.49180327868852464,0.9184210526315789,0.4166666666666667,0.6,31,0.6,0.96
1585.0407687008264,124536.78299071552,0.49180327868852464,0.9184210526315789,0.4166666666666667,0.6,31,0.6,0.96
1585.0407687008264,124536.78299071552,0.49180327868852464,0.9184210526315789,0.4166666666666667,0.6,31,0.6,0.96
1585.0407687008264,124536.78299071552,0.49180327868852464,0.9184210526315789,0.4166666666666667,0.6,31,0.6,0.96
1585.0407687008264,124536.78299071552,0.49180327868852464,0.9184210526315789,0.4166666666666667,0.6,31,0.6,0.96
1585.0407687008264,124536.78299071552,0.49180327868852464,0.9184210526315789,0.4166666666666667,0.6,31,0.6,0.96
1585.0407687008264,124536.78299071552,0.49180327868852464,0.9184210526315789,0.4166666666666667,0.6,31,0.6,0.96
1585.0407687008264,124536.78299071552,0.49180327868852464,0.9184210526315789,0.4166666666666667,0.6,31,0.6,0.96
1585.0407687008264,124536.78299071552,0.49180327868852464,0.9184210526315789,0.4166666666666667,0.6,31,0.6,0.96
1585.0407687008264,124536.78299071552,0.49180327868852464,0.9184210526315789,0.4166666666666667,0.6,31,0.6,0.96
1585.0407687008264,124536.78299071552,0.49180327868852464,0.9184210526315789,0.4166666666666667,0.6,31,0.6,0.96
1585.0407687008264,124536.78299071552,0.49180327868852464,0.9184210526315789,0.4166666666666667,0.6,31,0.6,0.96
1585.0407687008264,124536.78299071552,0.49180327868852464,0.9184210526315789,0.4166666666666667,0.6,31,0.6,0.96
1585.0407687008264,124536.78299071552,0.49180327868852464,0.9184210526315789,0.4166666666666667,0.6,31,0.6,0.96
1585.0407687008264,124536.78299071552,0.49180327868852464,0.9184210526315789,0.4166666666666667,0.6,31,0.6,0.96
1585.0407687008264,124536.78299071552,0.49180327868852464,0.9184210526315789,0.4166666666666667,0.6,31,0.6,0.96
1585.0407687008264,124536.78299071552,0.49180327868852464,0.9184210526315789,0.4166666666666667,0.6,31,0.6,0.96
1585.0407687008264,124536.78299071552,0.49180327868852464,0.9184210526315789,0.4166666666666667,0.6,31,0.6,0.96
1585.0407687008264,124536.78299071552,0.49180327868852464,0.9184210526315789,0.4166666666666667,0.6,31,0.6,0.96
1585.0407687008264,124536.78299071552,0.49180327868852464,0.9184210526315789,0.4166666666666667,0.6,31,0.6,0.96
1585.0407687008264,124536.78299071552,0.49180327868852464,0.9184210526315789,0.4166666666666667,0.6,31,0.6,0.96
1585.0407687008264,124536.78299071552,0.49180327868852464,0.9184210526315789,0.4166666666666667,0.6,31,0.6,0.96
1585.0407687008264,124536.78299071552,0.49180327868852464,0.9184210526315789,0.4166666666666667,0.6,31,0.6,0.96
1585.0407687008264,124536.78299071552,0.49180327868852464,0.9184210526315789,0.4166666666666667,0.6,31,0.6,0.96
1585.0407687008264,124536.78299071552,0.49180327868852464,0.9184210526315789,0.4166666666666667,0.6,31,0.6,0.96
1585.0407687008264,124536.78299071552,0.49180327868852464,0.9184210526315789,0.4166666666666667,0.6,31,0.6,0.96
1585.0407687008264,124536.78299071552,0.49180327868852464,0.9184210526315789,0.4166666666666667,0.6,31,0.6,0.96
1585.0407687008264,124536.78299071552,0.49180327868852464,0.9184210526315789,0.4166666666666667,0.6,31,0.6,0.96
1585.0407687008264,124536.78299071552,0.49180327868852464,0.9184210526315789,0.4166666666666667,0.6,31,0.6,0.96
1585.0407687008264,124536.78299071552,0.49180327868852464,0.9184210526315789,0.4166666666666667,0.6,31,0.6,0.96
1585.0407687008264,124536.78299071552,0.49180327868852464,0.9184210526315789,0.4166666666666667,0.6,31,0.6,0.96
1585.0407687008264,124536.78299071552,0.49180327868852464,0.9184210526315789,0.4166666666666667,0.6,31,0.6,0.96
1585.0407687008264,124536.78299071552,0.49180327868852464,0.9184210526315789,0.4166666666666667,0.6,31,0.6,0.96
1585.0407687008264,124536.78299071552,0.49180327868852464,0.9184210526315789,0.4166666666666667,0.6,31,0.6,0.96
1585.0407687008264,124536.78299071552,0.49180327868852464,0.9184210526315789,0.4166666666666667,0.6,31,0.6,0.96
1585.0407687008264,124536.78299071552,0.49180327868852464,0.9184210526315789,0.4166666666666667,0.6,31,0.6,0.96
1585.0407687008264,124536.78299071552,0.49180327868852464,0.9184210526315789,0.4166666666666667,0.6,31,0.6,0.96
1585.0407687008264,124536.78299071552,0.49180327868852464,0.9184210526315789,0.4166666666666667,0.6,31,0.6,0.96
1585.0407687008264,124536.78299071552,0.49180327868852464,0.9184210526315789,0.4166666666666667,0.6,31,0.6,0.96
1585.0407687008264,124536.78299071552,0.49180327868852464,0.9184210526315789,0.4166666666666667,0.6,31,0.6,0.96
1585.0407687008264,124536.78299071552,0.49180327868852464,0.9184210526315789,0.4166666666666667,0.6,31,0.6,0.96
1585.0407687008264,124536.78299071552,0.49180327868852464,0.9184210526315789,0.4166666666666667,0.6,31,0.6,0.96
1585.0407687008264,124536.78299071552,0.49180327868852464,0.9184210526315789,0.4166666666666667,0.6,31,0.6,0.96
1585.0407687008264,124536.78299071552,0.49180327868852464,0.9184210526315789,0.4166666666666667,0.6,31,0.6,0.96
1585.0407687008264,124536.78299071552,0.49180327868852464,0.9184210526315789,0.4166666666666667,0.6,31,0.6,0.96
1559.598131541512,124511.34035355621,0.5,0.9210526315789473,0.42857142857142855,0.6,30,0.6,0.96
1559.598131541512,124511.34035355621,0.5,0.9210526315789473,0.42857142857142855,0.6,30,0.6,0.96
1559.598131541512,124511.34035355621,0.5,0.9210526315789473,0.42857142857142855,0.6,30,0.6,0.96
1460.8917725510255,124412.63399456572,0.5084745762711865,0.9236842105263158,0.4411764705882353,0.6,29,0.6,0.96
1460.8917725510255,124412.63399456572,0.5084745762711865,0.9236842105263158,0.4411764705882353,0.6,29,0.6,0.96
1460.8917725510255,124412.63399456572,0.5084745762711865,0.9236842105263158,0.4411764705882353,0.6,29,0.6,0.96
1460.8917725510255,124412.63399456572,0.5084745762711865,0.9236842105263158,0.4411764705882353,0.6,29,0.6,0.96
1460.8917725510255,124412.63399456572,0.5084745762711865,0.9236842105263158,0.4411764705882353,0.6,29,0.6,0.96
1460.8917725510255,124412.63399456572,0.5084745762711865,0.9236842105263158,0.4411764705882353,0.6,29,0.6,0.96
1460.8917725510255,124412.63399456572,0.5084745762711865,0.9236842105263158,0.4411764705882353,0.6,29,0.6,0.96
1460.8917725510255,124412.63399456572,0.5084745762711865,0.9236842105263158,0.4411764705882353,0.6,29,0.6,0.96
1460.8917725510255,124412.63399456572,0.5084745762711865,0.9236842105263158,0.4411764705882353,0.6,29,0.6,0.96
1460.8917725510255,124412.63399456572,0.5084745762711865,0.9236842105263158,0.4411764705882353,0.6,29,0.6,0.96
1460.8917725510255,124412.63399456572,0.5084745762711865,0.9236842105263158,0.4411764705882353,0.6,29,0.6,0.96
1460.8917725510255,124412.63399456572,0.5084745762711865,0.9236842105263158,0.4411764705882353,0.6,29,0.6,0.96
1460.8917725510255,124412.63399456572,0.5084745762711865,0.9236842105263158,0.4411764705882353,0.6,29,0.6,0.96
1460.8917725510255,124412.63399456572,0.5084745762711865,0.9236842105263158,0.4411764705882353,0.6,29,0.6,0.96
1460.8917725510255,124412.63399456572,0.5084745762711865,0.9236842105263158,0.4411764705882353,0.6,29,0.6,0.96
1460.8917725510255,124412.63399456572,0.5084745762711865,0.9236842105263158,0.4411764705882353,0.6,29,0.6,0.96
1460.8917725510255,124412.63399456572,0.5084745762711865,0.9236842105263158,0.4411764705882353,0.6,29,0.6,0.96
1460.8917725510255,124412.63399456572,0.5084745762711865,0.9236842105263158,0.4411764705882353,0.6,29,0.6,0.96
1460.8917725510255,124412.63399456572,0.5084745762711865,0.9236842105263158,0.4411764705882353,0.6,29,0.6,0.96
1460.8917725510255,124412.63399456572,0.5084745762711865,0.9236842105263158,0.4411764705882353,0.6,29,0.6,0.96
1460.8917725510255,124412.63399456572,0.5084745762711865,0.9236842105263158,0.4411764705882353,0.6,29,0.6,0.96
1460.8917725510255,124412.63399456572,0.5084745762711865,0.9236842105263158,0.4411764705882353,0.6,29,0.6,0.96
1460.8917725510255,124412.63399456572,0.5084745762711865,0.9236842105263158,0.4411764705882353,0.6,29,0.6,0.96
1460.8917725510255,124412.63399456572,0.5084745762711865,0.9236842105263158,0.4411764705882353,0.6,29,0.6,0.96
1460.8917725510255,124412.63399456572,0.5084745762711865,0.9236842105263158,0.4411764705882353,0.6,29,0.6,0.96
1460.8917725510255,124412.63399456572,0.5084745762711865,0.9236842105263158,0.4411764705882353,0.6,29,0.6,0.96
1460.8917725510255,124412.63399456572,0.5084745762711865,0.9236842105263158,0.4411764705882353,0.6,29,0.6,0.96
1460.8917725510255,124412.63399456572,0.5084745762711865,0.9236842105263158,0.4411764705882353,0.6,29,0.6,0.96
1460.8917725510255,124412.63399456572,0.5084745762711865,0.9236842105263158,0.4411764705882353,0.6,29,0.6,0.96
1460.8917725510255,124412.63399456572,0.5084745762711865,0.9236842105263158,0.4411764705882353,0.6,29,0.6,0.96
1460.8917725510255,124412.63399456572,0.5084745762711865,0.9236842105263158,0.4411764705882353,0.6,29,0.6,0.96
1460.8917725510255,124412.63399456572,0.5084745762711865,0.9236842105263158,0.4411764705882353,0.6,29,0.6,0.96
1460.8917725510255,124412.63399456572,0.5084745762711865,0.9236842105263158,0.4411764705882353,0.6,29,0.6,0.96
1460.8917725510255,124412.63399456572,0.5084745762711865,0.9236842105263158,0.4411764705882353,0.6,29,0.6,0.96
1460.8917725510255,124412.63399456572,0.5084745762711865,0.9236842105263158,0.4411764705882353,0.6,29,0.6,0.96
1460.8917725510255,124412.63399456572,0.5084745762711865,0.9236842105263158,0.4411764705882353,0.6,29,0.6,0.96
1622.6543428112636,124574.39656482596,0.5,0.9210526315789473,0.42857142857142855,0.6,30,0.6,0.96
1460.8917725510255,124412.63399456572,0.5084745762711865,0.9236842105263158,0.4411764705882353,0.6,29,0.6,0.96
1460.8917725510255,124412.63399456572,0.5084745762711865,0.9236842105263158,0.4411764705882353,0.6,29,0.6,0.96
1460.8917725510255,124412.63399456572,0.5084745762711865,0.9236842105263158,0.4411764705882353,0.6,29,0.6,0.96
1460.8917725510255,124412.63399456572,0.5084745762711865,0.9236842105263158,0.4411764705882353,0.6,29,0.6,0.96
1460.8917725510255,124412.63399456572,0.5084745762711865,0.9236842105263158,0.4411764705882353,0.6,29,0.6,0.96
1460.8917725510255,124412.63399456572,0.5084745762711865,0.9236842105263158,0.4411764705882353,0.6,29,0.6,0.96
1460.8917725510255,124412.63399456572,0.5084745762711865,0.9236842105263158,0.4411764705882353,0.6,29,0.6,0.96
1460.8917725510255,124412.63399456572,0.5084745762711865,0.9236842105263158,0.4411764705882353,0.6,29,0.6,0.96
1460.8917725510255,124412.63399456572,0.5084745762711865,0.9236842105263158,0.4411764705882353,0.6,29,0.6,0.96
1460.8917725510255,124412.63399456572,0.5084745762711865,0.9236842105263158,0.4411764705882353,0.6,29,0.6,0.96
1460.8917725510255,124412.63399456572,0.5084745762711865,0.9236842105263158,0.4411764705882353,0.6,29,0.6,0.96
1460.8917725510255,124412.63399456572,0.5084745762711865,0.9236842105263158,0.4411764705882353,0.6,29,0.6,0.96
1460.8917725510255,124412.63399456572,0.5084745762711865,0.9236842105263158,0.4411764705882353,0.6,29,0.6,0.96
1460.8917725510255,124412.63399456572,0.5084745762711865,0.9236842105263158,0.4411764705882353,0.6,29,0.6,0.96
1460.8917725510255,124412.63399456572,0.5084745762711865,0.9236842105263158,0.4411764705882353,0.6,29,0.6,0.96
1460.8917725510255,124412.63399456572,0.5084745762711865,0.9236842105263158,0.4411764705882353,0.6,29,0.6,0.96
1460.8917725510255,124412.63399456572,0.5084745762711865,0.9236842105263158,0.4411764705882353,0.6,29,0.6,0.96
1460.8917725510255,124412.63399456572,0.5084745762711865,0.9236842105263158,0.4411764705882353,0.6,29,0.6,0.96
1460.8917725510255,124412.63399456572,0.5084745762711865,0.9236842105263158,0.4411764705882353,0.6,29,0.6,0.96
1460.8917725510255,124412.63399456572,0.5084745762711865,0.9236842105263158,0.4411764705882353,0.6,29,0.6,0.96
1460.8917725510255,124412.63399456572,0.5084745762711865,0.9236842105263158,0.4411764705882353,0.6,29,0.6,0.96
1460.8917725510255,124412.63399456572,0.5084745762711865,0.9236842105263158,0.4411764705882353,0.6,29,0.6,0.96
1460.8917725510255,124412.63399456572,0.5084745762711865,0.9236842105263158,0.4411764705882353,0.6,29,0.6,0.96
1460.8917725510255,124412.63399456572,0.5084745762711865,0.9236842105263158,0.4411764705882353,0.6,29,0.6,0.96
1460.8917725510255,124412.63399456572,0.5084745762711865,0.9236842105263158,0.4411764705882353,0.6,29,0.6,0.96
1460.8917725510255,124412.63399456572,0.5084745762711865,0.9236842105263158,0.4411764705882353,0.6,29,0.6,0.96
1460.8917725510255,124412.63399456572,0.5084745762711865,0.9236842105263158,0.4411764705882353,0.6,29,0.6,0.96
1460.8917725510255,124412.63399456572,0.5084745762711865,0.9236842105263158,0.4411764705882353,0.6,29,0.6,0.96
1460.8917725510255,124412.63399456572,0.5084745762711865,0.9236842105263158,0.4411764705882353,0.6,29,0.6,0.96
1460.8917725510255,124412.63399456572,0.5084745762711865,0.9236842105263158,0.4411764705882353,0.6,29,0.6,0.96
1460.8917725510255,124412.63399456572,0.5084745762711865,0.9236842105263158,0.4411764705882353,0.6,29,0.6,0.96
1460.8917725510255,124412.63399456572,0.5084745762711865,0.9236842105263158,0.4411764705882353,0.6,29,0.6,0.96
1460.8917725510255,124412.63399456572,0.5084745762711865,0.9236842105263158,0.4411764705882353,0.6,29,0.6,0.96
1460.8917725510255,124412.63399456572,0.5084745762711865,0.9236842105263158,0.4411764705882353,0.6,29,0.6,0.96
1460.8917725510255,124412.63399456572,0.5084745762711865,0.9236842105263158,0.4411764705882353,0.6,29,0.6,0.96
1460.8917725510255,124412.63399456572,0.5084745762711865,0.9236842105263158,0.4411764705882353,0.6,29,0.6,0.96
1460.8917725510255,124412.63399456572,0.5084745762711865,0.9236842105263158,0.4411764705882353,0.6,29,0.6,0.96
1460.8917725510255,124412.63399456572,0.5084745762711865,0.9236842105263158,0.4411764705882353,0.6,29,0.6,0.96
1460.8917725510255,124412.63399456572,0.5084745762711865,0.9236842105263158,0.4411764705882353,0.6,29,0.6,0.96
1460.8917725510255,124412.63399456572,0.5084745762711865,0.9236842105263158,0.4411764705882353,0.6,29,0.6,0.96
1460.8917725510255,124412.63399456572,0.5084745762711865,0.9236842105263158,0.4411764705882353,0.6,29,0.6,0.96
1460.8917725510255,124412.63399456572,0.5084745762711865,0.9236842105263158,0.4411764705882353,0.6,29,0.6,0.96
1460.8917725510255,124412.63399456572,0.5084745762711865,0.9236842105263158,0.4411764705882353,0.6,29,0.6,0.96
1460.8917725510255,124412.63399456572,0.5084745762711865,0.9236842105263158,0.4411764705882353,0.6,29,0.6,0.96
1460.8917725510255,124412.63399456572,0.5084745762711865,0.9236842105263158,0.4411764705882353,0.6,29,0.6,0.96
1460.8917725510255,124412.63399456572,0.5084745762711865,0.9236842105263158,0.4411764705882353,0.6,29,0.6,0.96
1460.8917725510255,124412.63399456572,0.5084745762711865,0.9236842105263158,0.4411764705882353,0.6,29,0.6,0.96
1460.8917725510255,124412.63399456572,0.5084745762711865,0.9236842105263158,0.4411764705882353,0.6,29,0.6,0.96
1460.8917725510255,124412.63399456572,0.5084745762711865,0.9236842105263158,0.4411764705882353,0.6,29,0.6,0.96
1460.8917725510255,124412.63399456572,0.5084745762711865,0.9236842105263158,0.4411764705882353,0.6,29,0.6,0.96
1460.8917725510255,124412.63399456572,0.5084745762711865,0.9236842105263158,0.4411764705882353,0.6,29,0.6,0.96
1460.8917725510255,124412.63399456572,0.5084745762711865,0.9236842105263158,0.4411764705882353,0.6,29,0.6,0.96
1460.8917725510255,124412.63399456572,0.5084745762711865,0.9236842105263158,0.4411764705882353,0.6,29,0.6,0.96
1460.8917725510255,124412.63399456572,0.5084745762711865,0.9236842105263158,0.4411764705882353,0.6,29,0.6,0.96
1460.8917725510255,124412.63399456572,0.5084745762711865,0.9236842105263158,0.4411764705882353,0.6,29,0.6,0.96
1460.8917725510255,124412.63399456572,0.5084745762711865,0.9236842105263158,0.4411764705882353,0.6,29,0.6,0.96
1460.8917725510255,124412.63399456572,0.5084745762711865,0.9236842105263158,0.4411764705882353,0.6,29,0.6,0.96
1460.8917725510255,124412.63399456572,0.5084745762711865,0.9236842105263158,0.4411764705882353,0.6,29,0.6,0.96
1460.8917725510255,124412.63399456572,0.5084745762711865,0.9236842105263158,0.4411764705882353,0.6,29,0.6,0.96
1460.8917725510255,124412.63399456572,0.5084745762711865,0.9236842105263158,0.4411764705882353,0.6,29,0.6,0.96
1460.8917725510255,124412.63399456572,0.5084745762711865,0.9236842105263158,0.4411764705882353,0.6,29,0.6,0.96
1460.8917725510255,124412.63399456572,0.5084745762711865,0.9236842105263158,0.4411764705882353,0.6,29,0.6,0.96
1460.8917725510255,124412.63399456572,0.5084745762711865,0.9236842105263158,0.4411764705882353,0.6,29,0.6,0.96
1460.8917725510255,124412.63399456572,0.5084745762711865,0.9236842105263158,0.4411764705882353,0.6,29,0.6,0.96
1460.8917725510255,124412.63399456572,0.5084745762711865,0.9236842105263158,0.4411764705882353,0.6,29,0.6,0.96
1460.8917725510255,124412.63399456572,0.5084745762711865,0.9236842105263158,0.4411764705882353,0.6,29,0.6,0.96
1460.8917725510255,124412.63399456572,0.5084745762711865,0.9236842105263158,0.4411764705882353,0.6,29,0.6,0.96
1460.8917725510255,124412.63399456572,0.5084745762711865,0.9236842105263158,0.4411764705882353,0.6,29,0.6,0.96
1460.8917725510255,124412.63399456572,0.5084745762711865,0.9236842105263158,0.4411764705882353,0.6,29,0.6,0.96
1460.8917725510255,124412.63399456572,0.5084745762711865,0.9236842105263158,0.4411764705882353,0.6,29,0.6,0.96
1460.8917725510255,124412.63399456572,0.5084745762711865,0.9236842105263158,0.4411764705882353,0.6,29,0.6,0.96
1460.8917725510255,124412.63399456572,0.5084745762711865,0.9236842105263158,0.4411764705882353,0.6,29,0.6,0.96
1460.8917725510255,124412.63399456572,0.5084745762711865,0.9236842105263158,0.4411764705882353,0.6,29,0.6,0.96
1460.8917725510255,124412.63399456572,0.5084745762711865,0.9236842105263158,0.4411764705882353,0.6,29,0.6,0.96
1460.8917725510255,124412.63399456572,0.5084745762711865,0.9236842105263158,0.4411764705882353,0.6,29,0.6,0.96
1460.8917725510255,124412.63399456572,0.5084745762711865,0.9236842105263158,0.4411764705882353,0.6,29,0.6,0.96
1460.8917725510255,124412.63399456572,0.5084745762711865,0.9236842105263158,0.4411764705882353,0.6,29,0.6,0.96
1460.8917725510255,124412.63399456572,0.5084745762711865,0.9236842105263158,0.4411764705882353,0.6,29,0.6,0.96
1460.8917725510255,124412.63399456572,0.5084745762711865,0.9236842105263158,0.4411764705882353,0.6,29,0.6,0.96
1460.8917725510255,124412.63399456572,0.5084745762711865,0.9236842105263158,0.4411764705882353,0.6,29,0.6,0.96
1460.8917725510255,124412.63399456572,0.5084745762711865,0.9236842105263158,0.4411764705882353,0.6,29,0.6,0.96
1460.8917725510255,124412.63399456572,0.5084745762711865,0.9236842105263158,0.4411764705882353,0.6,29,0.6,0.96
1460.8917725510255,124412.63399456572,0.5084745762711865,0.9236842105263158,0.4411764705882353,0.6,29,0.6,0.96
1460.8917725510255,124412.63399456572,0.5084745762711865,0.9236842105263158,0.4411764705882353,0.6,29,0.6,0.96
1460.8917725510255,124412.63399456572,0.5084745762711865,0.9236842105263158,0.4411764705882353,0.6,29,0.6,0.96
1460.8917725510255,124412.63399456572,0.5084745762711865,0.9236842105263158,0.4411764705882353,0.6,29,0.6,0.96
1460.8917725510255,124412.63399456572,0.5084745762711865,0.9236842105263158,0.4411764705882353,0.6,29,0.6,0.96
1460.8917725510255,124412.63399456572,0.5084745762711865,0.9236842105263158,0.4411764705882353,0.6,29,0.6,0.96
1460.8917725510255,124412.63399456572,0.5084745762711865,0.9236842105263158,0.4411764705882353,0.6,29,0.6,0.96
1460.8917725510255,124412.63399456572,0.5084745762711865,0.9236842105263158,0.4411764705882353,0.6,29,0.6,0.96
1460.8917725510255,124412.63399456572,0.5084745762711865,0.9236842105263158,0.4411764705882353,0.6,29,0.6,0.96
1460.8917725510255,124412.63399456572,0.5084745762711865,0.9236842105263158,0.4411764705882353,0.6,29,0.6,0.96
1460.8917725510255,124412.63399456572,0.5084745762711865,0.9236842105263158,0.4411764705882353,0.6,29,0.6,0.96
1460.8917725510255,124412.63399456572,0.5084745762711865,0.9236842105263158,0.4411764705882353,0.6,29,0.6,0.96
1460.8917725510255,124412.63399456572,0.5084745762711865,0.9236842105263158,0.4411764705882353,0.6,29,0.6,0.96
1460.8917725510255,124412.63399456572,0.5084745762711865,0.9236842105263158,0.4411764705882353,0.6,29,0.6,0.96
1460.8917725510255,124412.63399456572,0.5084745762711865,0.9236842105263158,0.4411764705882353,0.6,29,0.6,0.96
1460.8917725510255,124412.63399456572,0.5084745762711865,0.9236842105263158,0.4411764705882353,0.6,29,0.6,0.96
1460.8917725510255,124412.63399456572,0.5084745762711865,0.9236842105263158,0.4411764705882353,0.6,29,0.6,0.96
1460.8917725510255,124412.63399456572,0.5084745762711865,0.9236842105263158,0.4411764705882353,0.6,29,0.6,0.96
1460.8917725510255,124412.63399456572,0.5084745762711865,0.9236842105263158,0.4411764705882353,0.6,29,0.6,0.96
1460.8917725510255,124412.63399456572,0.5084745762711865,0.9236842105263158,0.4411764705882353,0.6,29,0.6,0.96
1460.8917725510255,124412.63399456572,0.5084745762711865,0.9236842105263158,0.4411764705882353,0.6,29,0.6,0.96
1460.8917725510255,124412.63399456572,0.5084745762711865,0.9236842105263158,0.4411764705882353,0.6,29,0.6,0.96
1460.8917725510255,124412.63399456572,0.5084745762711865,0.9236842105263158,0.4411764705882353,0.6,29,0.6,0.96
1460.8917725510255,124412.63399456572,0.5084745762711865,0.9236842105263158,0.4411764705882353,0.6,29,0.6,0.96
1460.8917725510255,124412.63399456572,0.5084745762711865,0.9236842105263158,0.4411764705882353,0.6,29,0.6,0.96
1460.8917725510255,124412.63399456572,0.5084745762711865,0.9236842105263158,0.4411764705882353,0.6,29,0.6,0.96
1460.8917725510255,124412.63399456572,0.5084745762711865,0.9236842105263158,0.4411764705882353,0.6,29,0.6,0.96
1460.8917725510255,124412.63399456572,0.5084745762711865,0.9236842105263158,0.4411764705882353,0.6,29,0.6,0.96
1460.8917725510255,124412.63399456572,0.5084745762711865,0.9236842105263158,0.4411764705882353,0.6,29,0.6,0.96
1460.8917725510255,124412.63399456572,0.5084745762711865,0.9236842105263158,0.4411764705882353,0.6,29,0.6,0.96
1460.8917725510255,124412.63399456572,0.5084745762711865,0.9236842105263158,0.4411764705882353,0.6,29,0.6,0.96
1460.8917725510255,124412.63399456572,0.5084745762711865,0.9236842105263158,0.4411764705882353,0.6,29,0.6,0.96
1460.8917725510255,124412.63399456572,0.5084745762711865,0.9236842105263158,0.4411764705882353,0.6,29,0.6,0.96
1460.8917725510255,124412.63399456572,0.5084745762711865,0.9236842105263158,0.4411764705882353,0.6,29,0.6,0.96
1460.8917725510255,124412.63399456572,0.5084745762711865,0.9236842105263158,0.4411764705882353,0.6,29,0.6,0.96
1460.8917725510255,124412.63399456572,0.5084745762711865,0.9236842105263158,0.4411764705882353,0.6,29,0.6,0.96
1460.8917725510255,124412.63399456572,0.5084745762711865,0.9236842105263158,0.4411764705882353,0.6,29,0.6,0.96
1460.8917725510255,124412.63399456572,0.5084745762711865,0.9236842105263158,0.4411764705882353,0.6,29,0.6,0.96
1460.8917725510255,124412.63399456572,0.5084745762711865,0.9236842105263158,0.4411764705882353,0.6,29,0.6,0.96
1460.8917725510255,124412.63399456572,0.5084745762711865,0.9236842105263158,0.4411764705882353,0.6,29,0.6,0.96
1460.8917725510255,124412.63399456572,0.5084745762711865,0.9236842105263158,0.4411764705882353,0.6,29,0.6,0.96
1460.8917725510255,124412.63399456572,0.5084745762711865,0.9236842105263158,0.4411764705882353,0.6,29,0.6,0.96
1460.8917725510255,124412.63399456572,0.5084745762711865,0.9236842105263158,0.4411764705882353,0.6,29,0.6,0.96
1460.8917725510255,124412.63399456572,0.5084745762711865,0.9236842105263158,0.4411764705882353,0.6,29,0.6,0.96
1460.8917725510255,124412.63399456572,0.5084745762711865,0.9236842105263158,0.4411764705882353,0.6,29,0.6,0.96
1460.8917725510255,124412.63399456572,0.5084745762711865,0.9236842105263158,0.4411764705882353,0.6,29,0.6,0.96
1460.8917725510255,124412.63399456572,0.5084745762711865,0.9236842105263158,0.4411764705882353,0.6,29,0.6,0.96
1460.8917725510255,124412.63399456572,0.5084745762711865,0.9236842105263158,0.4411764705882353,0.6,29,0.6,0.96
1460.8917725510255,124412.63399456572,0.5084745762711865,0.9236842105263158,0.4411764705882353,0.6,29,0.6,0.96
1460.8917725510255,124412.63399456572,0.5084745762711865,0.9236842105263158,0.4411764705882353,0.6,29,0.6,0.96
1460.8917725510255,124412.63399456572,0.5084745762711865,0.9236842105263158,0.4411764705882353,0.6,29,0.6,0.96
1460.8917725510255,124412.63399456572,0.5084745762711865,0.9236842105263158,0.4411764705882353,0.6,29,0.6,0.96
1460.8917725510255,124412.63399456572,0.5084745762711865,0.9236842105263158,0.4411764705882353,0.6,29,0.6,0.96
1460.8917725510255,124412.63399456572,0.5084745762711865,0.9236842105263158,0.4411764705882353,0.6,29,0.6,0.96
1460.8917725510255,124412.63399456572,0.5084745762711865,0.9236842105263158,0.4411764705882353,0.6,29,0.6,0.96
1460.8917725510255,124412.63399456572,0.5084745762711865,0.9236842105263158,0.4411764705882353,0.6,29,0.6,0.96
1460.8917725510255,124412.63399456572,0.5084745762711865,0.9236842105263158,0.4411764705882353,0.6,29,0.6,0.96
1460.8917725510255,124412.63399456572,0.5084745762711865,0.9236842105263158,0.4411764705882353,0.6,29,0.6,0.96
1460.8917725510255,124412.63399456572,0.5084745762711865,0.9236842105263158,0.4411764705882353,0.6,29,0.6,0.96
1460.8917725510255,124412.63399456572,0.5084745762711865,0.9236842105263158,0.4411764705882353,0.6,29,0.6,0.96
1460.8917725510255,124412.63399456572,0.5084745762711865,0.9236842105263158,0.4411764705882353,0.6,29,0.6,0.96
1460.8917725510255,124412.63399456572,0.5084745762711865,0.9236842105263158,0.4411764705882353,0.6,29,0.6,0.96
1460.8917725510255,124412.63399456572,0.5084745762711865,0.9236842105263158,0.4411764705882353,0.6,29,0.6,0.96
1460.8917725510255,124412.63399456572,0.5084745762711865,0.9236842105263158,0.4411764705882353,0.6,29,0.6,0.96
1460.8917725510255,124412.63399456572,0.5084745762711865,0.9236842105263158,0.4411764705882353,0.6,29,0.6,0.96
1460.8917725510255,124412.63399456572,0.5084745762711865,0.9236842105263158,0.4411764705882353,0.6,29,0.6,0.96
1460.8917725510255,124412.63399456572,0.5084745762711865,0.9236842105263158,0.4411764705882353,0.6,29,0.6,0.96
1460.8917725510255,124412.63399456572,0.5084745762711865,0.9236842105263158,0.4411764705882353,0.6,29,0.6,0.96
1460.8917725510255,124412.63399456572,0.5084745762711865,0.9236842105263158,0.4411764705882353,0.6,29,0.6,0.96
1460.8917725510255,124412.63399456572,0.5084745762711865,0.9236842105263158,0.4411764705882353,0.6,29,0.6,0.96
1460.8917725510255,124412.63399456572,0.5084745762711865,0.9236842105263158,0.4411764705882353,0.6,29,0.6,0.96
1460.8917725510255,124412.63399456572,0.5084745762711865,0.9236842105263158,0.4411764705882353,0.6,29,0.6,0.96
1460.8917725510255,124412.63399456572,0.5084745762711865,0.9236842105263158,0.4411764705882353,0.6,29,0.6,0.96
1460.8917725510255,124412.63399456572,0.5084745762711865,0.9236842105263158,0.4411764705882353,0.6,29,0.6,0.96
1460.8917725510255,124412.63399456572,0.5084745762711865,0.9236842105263158,0.4411764705882353,0.6,29,0.6,0.96
1460.8917725510255,124412.63399456572,0.5084745762711865,0.9236842105263158,0.4411764705882353,0.6,29,0.6,0.96
1460.8917725510255,124412.63399456572,0.5084745762711865,0.9236842105263158,0.4411764705882353,0.6,29,0.6,0.96
1460.8917725510255,124412.63399456572,0.5084745762711865,0.9236842105263158,0.4411764705882353,0.6,29,0.6,0.96
1460.8917725510255,124412.63399456572,0.5084745762711865,0.9236842105263158,0.4411764705882353,0.6,29,0.6,0.96
1460.8917725510255,124412.63399456572,0.5084745762711865,0.9236842105263158,0.4411764705882353,0.6,29,0.6,0.96
1460.8917725510255,124412.63399456572,0.5084745762711865,0.9236842105263158,0.4411764705882353,0.6,29,0.6,0.96
1460.8917725510255,124412.63399456572,0.5084745762711865,0.9236842105263158,0.4411764705882353,0.6,29,0.6,0.96
1460.8917725510255,124412.63399456572,0.5084745762711865,0.9236842105263158,0.4411764705882353,0.6,29,0.6,0.96
1460.8917725510255,124412.63399456572,0.5084745762711865,0.9236842105263158,0.4411764705882353,0.6,29,0.6,0.96
1460.8917725510255,124412.63399456572,0.5084745762711865,0.9236842105263158,0.4411764705882353,0.6,29,0.6,0.96
1460.8917725510255,124412.63399456572,0.5084745762711865,0.9236842105263158,0.4411764705882353,0.6,29,0.6,0.96
1460.8917725510255,124412.63399456572,0.5084745762711865,0.9236842105263158,0.4411764705882353,0.6,29,0.6,0.96
1460.8917725510255,124412.63399456572,0.5084745762711865,0.9236842105263158,0.4411764705882353,0.6,29,0.6,0.96
1460.8917725510255,124412.63399456572,0.5084745762711865,0.9236842105263158,0.4411764705882353,0.6,29,0.6,0.96
1460.8917725510255,124412.63399456572,0.5084745762711865,0.9236842105263158,0.4411764705882353,0.6,29,0.6,0.96
1460.8917725510255,124412.63399456572,0.5084745762711865,0.9236842105263158,0.4411764705882353,0.6,29,0.6,0.96
1460.8917725510255,124412.63399456572,0.5084745762711865,0.9236842105263158,0.4411764705882353,0.6,29,0.6,0.96
1460.8917725510255,124412.63399456572,0.5084745762711865,0.9236842105263158,0.4411764705882353,0.6,29,0.6,0.96
1460.8917725510255,124412.63399456572,0.5084745762711865,0.9236842105263158,0.4411764705882353,0.6,29,0.6,0.96
1460.8917725510255,124412.63399456572,0.5084745762711865,0.9236842105263158,0.4411764705882353,0.6,29,0.6,0.96
1460.8917725510255,124412.63399456572,0.5084745762711865,0.9236842105263158,0.4411764705882353,0.6,29,0.6,0.96
1460.8917725510255,124412.63399456572,0.5084745762711865,0.9236842105263158,0.4411764705882353,0.6,29,0.6,0.96
1460.8917725510255,124412.63399456572,0.5084745762711865,0.9236842105263158,0.4411764705882353,0.6,29,0.6,0.96
1460.8917725510255,124412.63399456572,0.5084745762711865,0.9236842105263158,0.4411764705882353,0.6,29,0.6,0.96
1460.8917725510255,124412.63399456572,0.5084745762711865,0.9236842105263158,0.4411764705882353,0.6,29,0.6,0.96
1460.8917725510255,124412.63399456572,0.5084745762711865,0.9236842105263158,0.4411764705882353,0.6,29,0.6,0.96
1460.8917725510255,124412.63399456572,0.5084745762711865,0.9236842105263158,0.4411764705882353,0.6,29,0.6,0.96
1460.8917725510255,124412.63399456572,0.5084745762711865,0.9236842105263158,0.4411764705882353,0.6,29,0.6,0.96
1460.8917725510255,124412.63399456572,0.5084745762711865,0.9236842105263158,0.4411764705882353,0.6,29,0.6,0.96
1460.8917725510255,124412.63399456572,0.5084745762711865,0.9236842105263158,0.4411764705882353,0.6,29,0.6,0.96
1460.8917725510255,124412.63399456572,0.5084745762711865,0.9236842105263158,0.4411764705882353,0.6,29,0.6,0.96
1460.8917725510255,124412.63399456572,0.5084745762711865,0.9236842105263158,0.4411764705882353,0.6,29,0.6,0.96
1460.8917725510255,124412.63399456572,0.5084745762711865,0.9236842105263158,0.4411764705882353,0.6,29,0.6,0.96
1460.8917725510255,124412.63399456572,0.5084745762711865,0.9236842105263158,0.4411764705882353,0.6,29,0.6,0.96
1460.8917725510255,124412.63399456572,0.5084745762711865,0.9236842105263158,0.4411764705882353,0.6,29,0.6,0.96
1460.8917725510255,124412.63399456572,0.5084745762711865,0.9236842105263158,0.4411764705882353,0.6,29,0.6,0.96
1460.8917725510255,124412.63399456572,0.5084745762711865,0.9236842105263158,0.4411764705882353,0.6,29,0.6,0.96
1460.8917725510255,124412.63399456572,0.5084745762711865,0.9236842105263158,0.4411764705882353,0.6,29,0.6,0.96
1460.8917725510255,124412.63399456572,0.5084745762711865,0.9236842105263158,0.4411764705882353,0.6,29,0.6,0.96
1460.8917725510255,124412.63399456572,0.5084745762711865,0.9236842105263158,0.4411764705882353,0.6,29,0.6,0.96
1460.8917725510255,124412.63399456572,0.5084745762711865,0.9236842105263158,0.4411764705882353,0.6,29,0.6,0.96
1460.8917725510255,124412.63399456572,0.5084745762711865,0.9236842105263158,0.4411764705882353,0.6,29,0.6,0.96
1460.8917725510255,124412.63399456572,0.5084745762711865,0.9236842105263158,0.4411764705882353,0.6,29,0.6,0.96
1460.8917725510255,124412.63399456572,0.5084745762711865,0.9236842105263158,0.4411764705882353,0.6,29,0.6,0.96
1460.8917725510255,124412.63399456572,0.5084745762711865,0.9236842105263158,0.4411764705882353,0.6,29,0.6,0.96
1460.8917725510255,124412.63399456572,0.5084745762711865,0.9236842105263158,0.4411764705882353,0.6,29,0.6,0.96
1460.8917725510255,124412.63399456572,0.5084745762711865,0.9236842105263158,0.4411764705882353,0.6,29,0.6,0.96
1460.8917725510255,124412.63399456572,0.5084745762711865,0.9236842105263158,0.4411764705882353,0.6,29,0.6,0.96
1460.8917725510255,124412.63399456572,0.5084745762711865,0.9236842105263158,0.4411764705882353,0.6,29,0.6,0.96
1460.8917725510255,124412.63399456572,0.5084745762711865,0.9236842105263158,0.4411764705882353,0.6,29,0.6,0.96
1460.8917725510255,124412.63399456572,0.5084745762711865,0.9236842105263158,0.4411764705882353,0.6,29,0.6,0.96
1460.8917725510255,124412.63399456572,0.5084745762711865,0.9236842105263158,0.4411764705882353,0.6,29,0.6,0.96
1460.8917725510255,124412.63399456572,0.5084745762711865,0.9236842105263158,0.4411764705882353,0.6,29,0.6,0.96
1460.8917725510255,124412.63399456572,0.5084745762711865,0.9236842105263158,0.4411764705882353,0.6,29,0.6,0.96
1460.8917725510255,124412.63399456572,0.5084745762711865,0.9236842105263158,0.4411764705882353,0.6,29,0.6,0.96
1460.8917725510255,124412.63399456572,0.5084745762711865,0.9236842105263158,0.4411764705882353,0.6,29,0.6,0.96
1460.8917725510255,124412.63399456572,0.5084745762711865,0.9236842105263158,0.4411764705882353,0.6,29,0.6,0.96
1460.8917725510255,124412.63399456572,0.5084745762711865,0.9236842105263158,0.4411764705882353,0.6,29,0.6,0.96
1460.8917725510255,124412.63399456572,0.5084745762711865,0.9236842105263158,0.4411764705882353,0.6,29,0.6,0.96
1460.8917725510255,124412.63399456572,0.5084745762711865,0.9236842105263158,0.4411764705882353,0.6,29,0.6,0.96
1460.8917725510255,124412.63399456572,0.5084745762711865,0.9236842105263158,0.4411764705882353,0.6,29,0.6,0.96
1460.8917725510255,124412.63399456572,0.5084745762711865,0.9236842105263158,0.4411764705882353,0.6,29,0.6,0.96
1460.8917725510255,124412.63399456572,0.5084745762711865,0.9236842105263158,0.4411764705882353,0.6,29,0.6,0.96
1460.8917725510255,124412.63399456572,0.5084745762711865,0.9236842105263158,0.4411764705882353,0.6,29,0.6,0.96
1460.8917725510255,124412.63399456572,0.5084745762711865,0.9236842105263158,0.4411764705882353,0.6,29,0.6,0.96
1460.8917725510255,124412.63399456572,0.5084745762711865,0.9236842105263158,0.4411764705882353,0.6,29,0.6,0.96
1460.8917725510255,124412.63399456572,0.5084745762711865,0.9236842105263158,0.4411764705882353,0.6,29,0.6,0.96
1460.8917725510255,124412.63399456572,0.5084745762711865,0.9236842105263158,0.4411764705882353,0.6,29,0.6,0.96
1460.8917725510255,124412.63399456572,0.5084745762711865,0.9236842105263158,0.4411764705882353,0.6,29,0.6,0.96
1460.8917725510255,124412.63399456572,0.5084745762711865,0.9236842105263158,0.4411764705882353,0.6,29,0.6,0.96
1460.8917725510255,124412.63399456572,0.5084745762711865,0.9236842105263158,0.4411764705882353,0.6,29,0.6,0.96
1460.8917725510255,124412.63399456572,0.5084745762711865,0.9236842105263158,0.4411764705882353,0.6,29,0.6,0.96
1460.8917725510255,124412.63399456572,0.5084745762711865,0.9236842105263158,0.4411764705882353,0.6,29,0.6,0.96
1460.8917725510255,124412.63399456572,0.5084745762711865,0.9236842105263158,0.4411764705882353,0.6,29,0.6,0.96
1460.8917725510255,124412.63399456572,0.5084745762711865,0.9236842105263158,0.4411764705882353,0.6,29,0.6,0.96
1460.8917725510255,124412.63399456572,0.5084745762711865,0.9236842105263158,0.4411764705882353,0.6,29,0.6,0.96
1460.8917725510255,124412.63399456572,0.5084745762711865,0.9236842105263158,0.4411764705882353,0.6,29,0.6,0.96
1460.8917725510255,124412.63399456572,0.5084745762711865,0.9236842105263158,0.4411764705882353,0.6,29,0.6,0.96
1460.8917725510255,124412.63399456572,0.5084745762711865,0.9236842105263158,0.4411764705882353,0.6,29,0.6,0.96
1460.8917725510255,124412.63399456572,0.5084745762711865,0.9236842105263158,0.4411764705882353,0.6,29,0.6,0.96
1460.8917725510255,124412.63399456572,0.5084745762711865,0.9236842105263158,0.4411764705882353,0.6,29,0.6,0.96
1460.8917725510255,124412.63399456572,0.5084745762711865,0.9236842105263158,0.4411764705882353,0.6,29,0.6,0.96
1460.8917725510255,124412.63399456572,0.5084745762711865,0.9236842105263158,0.4411764705882353,0.6,29,0.6,0.96
1460.8917725510255,124412.63399456572,0.5084745762711865,0.9236842105263158,0.4411764705882353,0.6,29,0.6,0.96
1460.8917725510255,124412.63399456572,0.5084745762711865,0.9236842105263158,0.4411764705882353,0.6,29,0.6,0.96
1460.8917725510255,124412.63399456572,0.5084745762711865,0.9236842105263158,0.4411764705882353,0.6,29,0.6,0.96
1460.8917725510255,124412.63399456572,0.5084745762711865,0.9236842105263158,0.4411764705882353,0.6,29,0.6,0.96
1460.8917725510255,124412.63399456572,0.5084745762711865,0.9236842105263158,0.4411764705882353,0.6,29,0.6,0.96
1460.8917725510255,124412.63399456572,0.5084745762711865,0.9236842105263158,0.4411764705882353,0.6,29,0.6,0.96
1460.8917725510255,124412.63399456572,0.5084745762711865,0.9236842105263158,0.4411764705882353,0.6,29,0.6,0.96
1460.8917725510255,124412.63399456572,0.5084745762711865,0.9236842105263158,0.4411764705882353,0.6,29,0.6,0.96
1460.8917725510255,124412.63399456572,0.5084745762711865,0.9236842105263158,0.4411764705882353,0.6,29,0.6,0.96
1460.8917725510255,124412.63399456572,0.5084745762711865,0.9236842105263158,0.4411764705882353,0.6,29,0.6,0.96
1460.8917725510255,124412.63399456572,0.5084745762711865,0.9236842105263158,0.4411764705882353,0.6,29,0.6,0.96
1460.8917725510255,124412.63399456572,0.5084745762711865,0.9236842105263158,0.4411764705882353,0.6,29,0.6,0.96
1460.8917725510255,124412.63399456572,0.5084745762711865,0.9236842105263158,0.4411764705882353,0.6,29,0.6,0.96
1460.8917725510255,124412.63399456572,0.5084745762711865,0.9236842105263158,0.4411764705882353,0.6,29,0.6,0.96
1460.8917725510255,124412.63399456572,0.5084745762711865,0.9236842105263158,0.4411764705882353,0.6,29,0.6,0.96
1460.8917725510255,124412.63399456572,0.5084745762711865,0.9236842105263158,0.4411764705882353,0.6,29,0.6,0.96
1460.8917725510255,124412.63399456572,0.5084745762711865,0.9236842105263158,0.4411764705882353,0.6,29,0.6,0.96
1460.8917725510255,124412.63399456572,0.5084745762711865,0.9236842105263158,0.4411764705882353,0.6,29,0.6,0.96
1460.8917725510255,124412.63399456572,0.5084745762711865,0.9236842105263158,0.4411764705882353,0.6,29,0.6,0.96
1460.8917725510255,124412.63399456572,0.5084745762711865,0.9236842105263158,0.4411764705882353,0.6,29,0.6,0.96
1460.8917725510255,124412.63399456572,0.5084745762711865,0.9236842105263158,0.4411764705882353,0.6,29,0.6,0.96
1460.8917725510255,124412.63399456572,0.5084745762711865,0.9236842105263158,0.4411764705882353,0.6,29,0.6,0.96
1460.8917725510255,124412.63399456572,0.5084745762711865,0.9236842105263158,0.4411764705882353,0.6,29,0.6,0.96
1460.8917725510255,124412.63399456572,0.5084745762711865,0.9236842105263158,0.4411764705882353,0.6,29,0.6,0.96
1460.8917725510255,124412.63399456572,0.5084745762711865,0.9236842105263158,0.4411764705882353,0.6,29,0.6,0.96
1460.8917725510255,124412.63399456572,0.5084745762711865,0.9236842105263158,0.4411764705882353,0.6,29,0.6,0.96
1460.8917725510255,124412.63399456572,0.5084745762711865,0.9236842105263158,0.4411764705882353,0.6,29,0.6,0.96
1460.8917725510255,124412.63399456572,0.5084745762711865,0.9236842105263158,0.4411764705882353,0.6,29,0.6,0.96
1460.8917725510255,124412.63399456572,0.5084745762711865,0.9236842105263158,0.4411764705882353,0.6,29,0.6,0.96
1460.8917725510255,124412.63399456572,0.5084745762711865,0.9236842105263158,0.4411764705882353,0.6,29,0.6,0.96
1460.8917725510255,124412.63399456572,0.5084745762711865,0.9236842105263158,0.4411764705882353,0.6,29,0.6,0.96
1460.8917725510255,124412.63399456572,0.5084745762711865,0.9236842105263158,0.4411764705882353,0.6,29,0.6,0.96
1460.8917725510255,124412.63399456572,0.5084745762711865,0.9236842105263158,0.4411764705882353,0.6,29,0.6,0.96
1460.8917725510255,124412.63399456572,0.5084745762711865,0.9236842105263158,0.4411764705882353,0.6,29,0.6,0.96
1460.8917725510255,124412.63399456572,0.5084745762711865,0.9236842105263158,0.4411764705882353,0.6,29,0.6,0.96
1460.8917725510255,124412.63399456572,0.5084745762711865,0.9236842105263158,0.4411764705882353,0.6,29,0.6,0.96
1460.8917725510255,124412.63399456572,0.5084745762711865,0.9236842105263158,0.4411764705882353,0.6,29,0.6,0.96
1460.8917725510255,124412.63399456572,0.5084745762711865,0.9236842105263158,0.4411764705882353,0.6,29,0.6,0.96
1460.8917725510255,124412.63399456572,0.5084745762711865,0.9236842105263158,0.4411764705882353,0.6,29,0.6,0.96
1460.8917725510255,124412.63399456572,0.5084745762711865,0.9236842105263158,0.4411764705882353,0.6,29,0.6,0.96
1460.8917725510255,124412.63399456572,0.5084745762711865,0.9236842105263158,0.4411764705882353,0.6,29,0.6,0.96
1460.8917725510255,124412.63399456572,0.5084745762711865,0.9236842105263158,0.4411764705882353,0.6,29,0.6,0.96
1460.8917725510255,124412.63399456572,0.5084745762711865,0.9236842105263158,0.4411764705882353,0.6,29,0.6,0.96
1460.8917725510255,124412.63399456572,0.5084745762711865,0.9236842105263158,0.4411764705882353,0.6,29,0.6,0.96
1460.8917725510255,124412.63399456572,0.5084745762711865,0.9236842105263158,0.4411764705882353,0.6,29,0.6,0.96
1460.8917725510255,124412.63399456572,0.5084745762711865,0.9236842105263158,0.4411764705882353,0.6,29,0.6,0.96
1460.8917725510255,124412.63399456572,0.5084745762711865,0.9236842105263158,0.4411764705882353,0.6,29,0.6,0.96
1460.8917725510255,124412.63399456572,0.5084745762711865,0.9236842105263158,0.4411764705882353,0.6,29,0.6,0.96
1460.8917725510255,124412.63399456572,0.5084745762711865,0.9236842105263158,0.4411764705882353,0.6,29,0.6,0.96
1460.8917725510255,124412.63399456572,0.5084745762711865,0.9236842105263158,0.4411764705882353,0.6,29,0.6,0.96
1460.8917725510255,124412.63399456572,0.5084745762711865,0.9236842105263158,0.4411764705882353,0.6,29,0.6,0.96
1460.8917725510255,124412.63399456572,0.5084745762711865,0.9236842105263158,0.4411764705882353,0.6,29,0.6,0.96
1460.8917725510255,124412.63399456572,0.5084745762711865,0.9236842105263158,0.4411764705882353,0.6,29,0.6,0.96
1460.8917725510255,124412.63399456572,0.5084745762711865,0.9236842105263158,0.4411764705882353,0.6,29,0.6,0.96
1460.8917725510255,124412.63399456572,0.5084745762711865,0.9236842105263158,0.4411764705882353,0.6,29,0.6,0.96
1460.8917725510255,124412.63399456572,0.5084745762711865,0.9236842105263158,0.4411764705882353,0.6,29,0.6,0.96
1460.8917725510255,124412.63399456572,0.5084745762711865,0.9236842105263158,0.4411764705882353,0.6,29,0.6,0.96
1460.8917725510255,124412.63399456572,0.5084745762711865,0.9236842105263158,0.4411764705882353,0.6,29,0.6,0.96
1460.8917725510255,124412.63399456572,0.5084745762711865,0.9236842105263158,0.4411764705882353,0.6,29,0.6,0.96
1460.8917725510255,124412.63399456572,0.5084745762711865,0.9236842105263158,0.4411764705882353,0.6,29,0.6,0.96
1460.8917725510255,124412.63399456572,0.5084745762711865,0.9236842105263158,0.4411764705882353,0.6,29,0.6,0.96
1460.8917725510255,124412.63399456572,0.5084745762711865,0.9236842105263158,0.4411764705882353,0.6,29,0.6,0.96
1460.8917725510255,124412.63399456572,0.5084745762711865,0.9236842105263158,0.4411764705882353,0.6,29,0.6,0.96
1460.8917725510255,124412.63399456572,0.5084745762711865,0.9236842105263158,0.4411764705882353,0.6,29,0.6,0.96
1460.8917725510255,124412.63399456572,0.5084745762711865,0.9236842105263158,0.4411764705882353,0.6,29,0.6,0.96
1460.8917725510255,124412.63399456572,0.5084745762711865,0.9236842105263158,0.4411764705882353,0.6,29,0.6,0.96
1460.8917725510255,124412.63399456572,0.5084745762711865,0.9236842105263158,0.4411764705882353,0.6,29,0.6,0.96
1460.8917725510255,124412.63399456572,0.5084745762711865,0.9236842105263158,0.4411764705882353,0.6,29,0.6,0.96
1460.8917725510255,124412.63399456572,0.5084745762711865,0.9236842105263158,0.4411764705882353,0.6,29,0.6,0.96
1460.8917725510255,124412.63399456572,0.5084745762711865,0.9236842105263158,0.4411764705882353,0.6,29,0.6,0.96
1460.8917725510255,124412.63399456572,0.5084745762711865,0.9236842105263158,0.4411764705882353,0.6,29,0.6,0.96
1460.8917725510255,124412.63399456572,0.5084745762711865,0.9236842105263158,0.4411764705882353,0.6,29,0.6,0.96
1460.8917725510255,124412.63399456572,0.5084745762711865,0.9236842105263158,0.4411764705882353,0.6,29,0.6,0.96
1460.8917725510255,124412.63399456572,0.5084745762711865,0.9236842105263158,0.4411764705882353,0.6,29,0.6,0.96
1460.8917725510255,124412.63399456572,0.5084745762711865,0.9236842105263158,0.4411764705882353,0.6,29,0.6,0.96
1460.8917725510255,124412.63399456572,0.5084745762711865,0.9236842105263158,0.4411764705882353,0.6,29,0.6,0.96
1460.8917725510255,124412.63399456572,0.5084745762711865,0.9236842105263158,0.4411764705882353,0.6,29,0.6,0.96
1460.8917725510255,124412.63399456572,0.5084745762711865,0.9236842105263158,0.4411764705882353,0.6,29,0.6,0.96
1460.8917725510255,124412.63399456572,0.5084745762711865,0.9236842105263158,0.4411764705882353,0.6,29,0.6,0.96
1460.8917725510255,124412.63399456572,0.5084745762711865,0.9236842105263158,0.4411764705882353,0.6,29,0.6,0.96
1460.8917725510255,124412.63399456572,0.5084745762711865,0.9236842105263158,0.4411764705882353,0.6,29,0.6,0.96
1460.8917725510255,124412.63399456572,0.5084745762711865,0.9236842105263158,0.4411764705882353,0.6,29,0.6,0.96
1460.8917725510255,124412.63399456572,0.5084745762711865,0.9236842105263158,0.4411764705882353,0.6,29,0.6,0.96
1460.8917725510255,124412.63399456572,0.5084745762711865,0.9236842105263158,0.4411764705882353,0.6,29,0.6,0.96
1460.8917725510255,124412.63399456572,0.5084745762711865,0.9236842105263158,0.4411764705882353,0.6,29,0.6,0.96
1460.8917725510255,124412.63399456572,0.5084745762711865,0.9236842105263158,0.4411764705882353,0.6,29,0.6,0.96
1460.8917725510255,124412.63399456572,0.5084745762711865,0.9236842105263158,0.4411764705882353,0.6,29,0.6,0.96
1460.8917725510255,124412.63399456572,0.5084745762711865,0.9236842105263158,0.4411764705882353,0.6,29,0.6,0.96
1460.8917725510255,124412.63399456572,0.5084745762711865,0.9236842105263158,0.4411764705882353,0.6,29,0.6,0.96
1460.8917725510255,124412.63399456572,0.5084745762711865,0.9236842105263158,0.4411764705882353,0.6,29,0.6,0.96
1460.8917725510255,124412.63399456572,0.5084745762711865,0.9236842105263158,0.4411764705882353,0.6,29,0.6,0.96
1460.8917725510255,124412.63399456572,0.5084745762711865,0.9236842105263158,0.4411764705882353,0.6,29,0.6,0.96
1460.8917725510255,124412.63399456572,0.5084745762711865,0.9236842105263158,0.4411764705882353,0.6,29,0.6,0.96
1460.8917725510255,124412.63399456572,0.5084745762711865,0.9236842105263158,0.4411764705882353,0.6,29,0.6,0.96
1460.8917725510255,124412.63399456572,0.5084745762711865,0.9236842105263158,0.4411764705882353,0.6,29,0.6,0.96
1460.8917725510255,124412.63399456572,0.5084745762711865,0.9236842105263158,0.4411764705882353,0.6,29,0.6,0.96
1460.8917725510255,124412.63399456572,0.5084745762711865,0.9236842105263158,0.4411764705882353,0.6,29,0.6,0.96
1460.8917725510255,124412.63399456572,0.5084745762711865,0.9236842105263158,0.4411764705882353,0.6,29,0.6,0.96
1460.8917725510255,124412.63399456572,0.5084745762711865,0.9236842105263158,0.4411764705882353,0.6,29,0.6,0.96
1460.8917725510255,124412.63399456572,0.5084745762711865,0.9236842105263158,0.4411764705882353,0.6,29,0.6,0.96
1460.8917725510255,124412.63399456572,0.5084745762711865,0.9236842105263158,0.4411764705882353,0.6,29,0.6,0.96
1460.8917725510255,124412.63399456572,0.5084745762711865,0.9236842105263158,0.4411764705882353,0.6,29,0.6,0.96
1460.8917725510255,124412.63399456572,0.5084745762711865,0.9236842105263158,0.4411764705882353,0.6,29,0.6,0.96
1460.8917725510255,124412.63399456572,0.5084745762711865,0.9236842105263158,0.4411764705882353,0.6,29,0.6,0.96
1460.8917725510255,124412.63399456572,0.5084745762711865,0.9236842105263158,0.4411764705882353,0.6,29,0.6,0.96
1460.8917725510255,124412.63399456572,0.5084745762711865,0.9236842105263158,0.4411764705882353,0.6,29,0.6,0.96
1460.8917725510255,124412.63399456572,0.5084745762711865,0.9236842105263158,0.4411764705882353,0.6,29,0.6,0.96
1460.8917725510255,124412.63399456572,0.5084745762711865,0.9236842105263158,0.4411764705882353,0.6,29,0.6,0.96
1460.8917725510255,124412.63399456572,0.5084745762711865,0.9236842105263158,0.4411764705882353,0.6,29,0.6,0.96
1460.8917725510255,124412.63399456572,0.5084745762711865,0.9236842105263158,0.4411764705882353,0.6,29,0.6,0.96
1460.8917725510255,124412.63399456572,0.5084745762711865,0.9236842105263158,0.4411764705882353,0.6,29,0.6,0.96
1460.8917725510255,124412.63399456572,0.5084745762711865,0.9236842105263158,0.4411764705882353,0.6,29,0.6,0.96
1460.8917725510255,124412.63399456572,0.5084745762711865,0.9236842105263158,0.4411764705882353,0.6,29,0.6,0.96
1460.8917725510255,124412.63399456572,0.5084745762711865,0.9236842105263158,0.4411764705882353,0.6,29,0.6,0.96
1460.8917725510255,124412.63399456572,0.5084745762711865,0.9236842105263158,0.4411764705882353,0.6,29,0.6,0.96
1460.8917725510255,124412.63399456572,0.5084745762711865,0.9236842105263158,0.4411764705882353,0.6,29,0.6,0.96
1460.8917725510255,124412.63399456572,0.5084745762711865,0.9236842105263158,0.4411764705882353,0.6,29,0.6,0.96
1460.8917725510255,124412.63399456572,0.5084745762711865,0.9236842105263158,0.4411764705882353,0.6,29,0.6,0.96
1460.8917725510255,124412.63399456572,0.5084745762711865,0.9236842105263158,0.4411764705882353,0.6,29,0.6,0.96
1460.8917725510255,124412.63399456572,0.5084745762711865,0.9236842105263158,0.4411764705882353,0.6,29,0.6,0.96
1460.8917725510255,124412.63399456572,0.5084745762711865,0.9236842105263158,0.4411764705882353,0.6,29,0.6,0.96
1460.8917725510255,124412.63399456572,0.5084745762711865,0.9236842105263158,0.4411764705882353,0.6,29,0.6,0.96
1460.8917725510255,124412.63399456572,0.5084745762711865,0.9236842105263158,0.4411764705882353,0.6,29,0.6,0.96
1460.8917725510255,124412.63399456572,0.5084745762711865,0.9236842105263158,0.4411764705882353,0.6,29,0.6,0.96
1460.8917725510255,124412.63399456572,0.5084745762711865,0.9236842105263158,0.4411764705882353,0.6,29,0.6,0.96
1460.8917725510255,124412.63399456572,0.5084745762711865,0.9236842105263158,0.4411764705882353,0.6,29,0.6,0.96
1460.8917725510255,124412.63399456572,0.5084745762711865,0.9236842105263158,0.4411764705882353,0.6,29,0.6,0.96
1460.8917725510255,124412.63399456572,0.5084745762711865,0.9236842105263158,0.4411764705882353,0.6,29,0.6,0.96
1460.8917725510255,124412.63399456572,0.5084745762711865,0.9236842105263158,0.4411764705882353,0.6,29,0.6,0.96
1460.8917725510255,124412.63399456572,0.5084745762711865,0.9236842105263158,0.4411764705882353,0.6,29,0.6,0.96
1460.8917725510255,124412.63399456572,0.5084745762711865,0.9236842105263158,0.4411764705882353,0.6,29,0.6,0.96
1460.8917725510255,124412.63399456572,0.5084745762711865,0.9236842105263158,0.4411764705882353,0.6,29,0.6,0.96
1460.8917725510255,124412.63399456572,0.5084745762711865,0.9236842105263158,0.4411764705882353,0.6,29,0.6,0.96
1460.8917725510255,124412.63399456572,0.5084745762711865,0.9236842105263158,0.4411764705882353,0.6,29,0.6,0.96
1460.8917725510255,124412.63399456572,0.5084745762711865,0.9236842105263158,0.4411764705882353,0.6,29,0.6,0.96
1460.8917725510255,124412.63399456572,0.5084745762711865,0.9236842105263158,0.4411764705882353,0.6,29,0.6,0.96
1460.8917725510255,124412.63399456572,0.5084745762711865,0.9236842105263158,0.4411764705882353,0.6,29,0.6,0.96
1460.8917725510255,124412.63399456572,0.5084745762711865,0.9236842105263158,0.4411764705882353,0.6,29,0.6,0.96
1460.8917725510255,124412.63399456572,0.5084745762711865,0.9236842105263158,0.4411764705882353,0.6,29,0.6,0.96
1460.8917725510255,124412.63399456572,0.5084745762711865,0.9236842105263158,0.4411764705882353,0.6,29,0.6,0.96
1460.8917725510255,124412.63399456572,0.5084745762711865,0.9236842105263158,0.4411764705882353,0.6,29,0.6,0.96
1460.8917725510255,124412.63399456572,0.5084745762711865,0.9236842105263158,0.4411764705882353,0.6,29,0.6,0.96
1460.8917725510255,124412.63399456572,0.5084745762711865,0.9236842105263158,0.4411764705882353,0.6,29,0.6,0.96
1460.8917725510255,124412.63399456572,0.5084745762711865,0.9236842105263158,0.4411764705882353,0.6,29,0.6,0.96
1460.8917725510255,124412.63399456572,0.5084745762711865,0.9236842105263158,0.4411764705882353,0.6,29,0.6,0.96
1460.8917725510255,124412.63399456572,0.5084745762711865,0.9236842105263158,0.4411764705882353,0.6,29,0.6,0.96
1460.8917725510255,124412.63399456572,0.5084745762711865,0.9236842105263158,0.4411764705882353,0.6,29,0.6,0.96
1460.8917725510255,124412.63399456572,0.5084745762711865,0.9236842105263158,0.4411764705882353,0.6,29,0.6,0.96
1460.8917725510255,124412.63399456572,0.5084745762711865,0.9236842105263158,0.4411764705882353,0.6,29,0.6,0.96
1460.8917725510255,124412.63399456572,0.5084745762711865,0.9236842105263158,0.4411764705882353,0.6,29,0.6,0.96
1460.8917725510255,124412.63399456572,0.5084745762711865,0.9236842105263158,0.4411764705882353,0.6,29,0.6,0.96
1460.8917725510255,124412.63399456572,0.5084745762711865,0.9236842105263158,0.4411764705882353,0.6,29,0.6,0.96
1460.8917725510255,124412.63399456572,0.5084745762711865,0.9236842105263158,0.4411764705882353,0.6,29,0.6,0.96
1460.8917725510255,124412.63399456572,0.5084745762711865,0.9236842105263158,0.4411764705882353,0.6,29,0.6,0.96
1460.8917725510255,124412.63399456572,0.5084745762711865,0.9236842105263158,0.4411764705882353,0.6,29,0.6,0.96
1460.8917725510255,124412.63399456572,0.5084745762711865,0.9236842105263158,0.4411764705882353,0.6,29,0.6,0.96
1460.8917725510255,124412.63399456572,0.5084745762711865,0.9236842105263158,0.4411764705882353,0.6,29,0.6,0.96
1460.8917725510255,124412.63399456572,0.5084745762711865,0.9236842105263158,0.4411764705882353,0.6,29,0.6,0.96
1460.8917725510255,124412.63399456572,0.5084745762711865,0.9236842105263158,0.4411764705882353,0.6,29,0.6,0.96
1460.8917725510255,124412.63399456572,0.5084745762711865,0.9236842105263158,0.4411764705882353,0.6,29,0.6,0.96
1460.8917725510255,124412.63399456572,0.5084745762711865,0.9236842105263158,0.4411764705882353,0.6,29,0.6,0.96
1460.8917725510255,124412.63399456572,0.5084745762711865,0.9236842105263158,0.4411764705882353,0.6,29,0.6,0.96
1460.8917725510255,124412.63399456572,0.5084745762711865,0.9236842105263158,0.4411764705882353,0.6,29,0.6,0.96
1460.8917725510255,124412.63399456572,0.5084745762711865,0.9236842105263158,0.4411764705882353,0.6,29,0.6,0.96
1460.8917725510255,124412.63399456572,0.5084745762711865,0.9236842105263158,0.4411764705882353,0.6,29,0.6,0.96
1460.8917725510255,124412.63399456572,0.5084745762711865,0.9236842105263158,0.4411764705882353,0.6,29,0.6,0.96
1460.8917725510255,124412.63399456572,0.5084745762711865,0.9236842105263158,0.4411764705882353,0.6,29,0.6,0.96
1460.8917725510255,124412.63399456572,0.5084745762711865,0.9236842105263158,0.4411764705882353,0.6,29,0.6,0.96
1460.8917725510255,124412.63399456572,0.5084745762711865,0.9236842105263158,0.4411764705882353,0.6,29,0.6,0.96
1460.8917725510255,124412.63399456572,0.5084745762711865,0.9236842105263158,0.4411764705882353,0.6,29,0.6,0.96
1460.8917725510255,124412.63399456572,0.5084745762711865,0.9236842105263158,0.4411764705882353,0.6,29,0.6,0.96
1460.8917725510255,124412.63399456572,0.5084745762711865,0.9236842105263158,0.4411764705882353,0.6,29,0.6,0.96
1460.8917725510255,124412.63399456572,0.5084745762711865,0.9236842105263158,0.4411764705882353,0.6,29,0.6,0.96
1460.8917725510255,124412.63399456572,0.5084745762711865,0.9236842105263158,0.4411764705882353,0.6,29,0.6,0.96
1460.8917725510255,124412.63399456572,0.5084745762711865,0.9236842105263158,0.4411764705882353,0.6,29,0.6,0.96
1460.8917725510255,124412.63399456572,0.5084745762711865,0.9236842105263158,0.4411764705882353,0.6,29,0.6,0.96
1460.8917725510255,124412.63399456572,0.5084745762711865,0.9236842105263158,0.4411764705882353,0.6,29,0.6,0.96
1460.8917725510255,124412.63399456572,0.5084745762711865,0.9236842105263158,0.4411764705882353,0.6,29,0.6,0.96
1460.8917725510255,124412.63399456572,0.5084745762711865,0.9236842105263158,0.4411764705882353,0.6,29,0.6,0.96
1460.8917725510255,124412.63399456572,0.5084745762711865,0.9236842105263158,0.4411764705882353,0.6,29,0.6,0.96
1460.8917725510255,124412.63399456572,0.5084745762711865,0.9236842105263158,0.4411764705882353,0.6,29,0.6,0.96
1460.8917725510255,124412.63399456572,0.5084745762711865,0.9236842105263158,0.4411764705882353,0.6,29,0.6,0.96
1460.8917725510255,124412.63399456572,0.5084745762711865,0.9236842105263158,0.4411764705882353,0.6,29,0.6,0.96
1460.8917725510255,124412.63399456572,0.5084745762711865,0.9236842105263158,0.4411764705882353,0.6,29,0.6,0.96
1460.8917725510255,124412.63399456572,0.5084745762711865,0.9236842105263158,0.4411764705882353,0.6,29,0.6,0.96
1460.8917725510255,124412.63399456572,0.5084745762711865,0.9236842105263158,0.4411764705882353,0.6,29,0.6,0.96
1460.8917725510255,124412.63399456572,0.5084745762711865,0.9236842105263158,0.4411764705882353,0.6,29,0.6,0.96
1460.8917725510255,124412.63399456572,0.5084745762711865,0.9236842105263158,0.4411764705882353,0.6,29,0.6,0.96
1460.8917725510255,124412.63399456572,0.5084745762711865,0.9236842105263158,0.4411764705882353,0.6,29,0.6,0.96
1460.8917725510255,124412.63399456572,0.5084745762711865,0.9236842105263158,0.4411764705882353,0.6,29,0.6,0.96
1460.8917725510255,124412.63399456572,0.5084745762711865,0.9236842105263158,0.4411764705882353,0.6,29,0.6,0.96
1460.8917725510255,124412.63399456572,0.5084745762711865,0.9236842105263158,0.4411764705882353,0.6,29,0.6,0.96
1460.8917725510255,124412.63399456572,0.5084745762711865,0.9236842105263158,0.4411764705882353,0.6,29,0.6,0.96
1460.8917725510255,124412.63399456572,0.5084745762711865,0.9236842105263158,0.4411764705882353,0.6,29,0.6,0.96
1460.8917725510255,124412.63399456572,0.5084745762711865,0.9236842105263158,0.4411764705882353,0.6,29,0.6,0.96
1460.8917725510255,124412.63399456572,0.5084745762711865,0.9236842105263158,0.4411764705882353,0.6,29,0.6,0.96
1460.8917725510255,124412.63399456572,0.5084745762711865,0.9236842105263158,0.4411764705882353,0.6,29,0.6,0.96
1460.8917725510255,124412.63399456572,0.5084745762711865,0.9236842105263158,0.4411764705882353,0.6,29,0.6,0.96
1460.8917725510255,124412.63399456572,0.5084745762711865,0.9236842105263158,0.4411764705882353,0.6,29,0.6,0.96
1460.8917725510255,124412.63399456572,0.5084745762711865,0.9236842105263158,0.4411764705882353,0.6,29,0.6,0.96
1460.8917725510255,124412.63399456572,0.5084745762711865,0.9236842105263158,0.4411764705882353,0.6,29,0.6,0.96
1460.8917725510255,124412.63399456572,0.5084745762711865,0.9236842105263158,0.4411764705882353,0.6,29,0.6,0.96
1460.8917725510255,124412.63399456572,0.5084745762711865,0.9236842105263158,0.4411764705882353,0.6,29,0.6,0.96
1460.8917725510255,124412.63399456572,0.5084745762711865,0.9236842105263158,0.4411764705882353,0.6,29,0.6,0.96
1460.8917725510255,124412.63399456572,0.5084745762711865,0.9236842105263158,0.4411764705882353,0.6,29,0.6,0.96
1460.8917725510255,124412.63399456572,0.5084745762711865,0.9236842105263158,0.4411764705882353,0.6,29,0.6,0.96
1460.8917725510255,124412.63399456572,0.5084745762711865,0.9236842105263158,0.4411764705882353,0.6,29,0.6,0.96
1460.8917725510255,124412.63399456572,0.5084745762711865,0.9236842105263158,0.4411764705882353,0.6,29,0.6,0.96
1460.8917725510255,124412.63399456572,0.5084745762711865,0.9236842105263158,0.4411764705882353,0.6,29,0.6,0.96
1460.8917725510255,124412.63399456572,0.5084745762711865,0.9236842105263158,0.4411764705882353,0.6,29,0.6,0.96
1460.8917725510255,124412.63399456572,0.5084745762711865,0.9236842105263158,0.4411764705882353,0.6,29,0.6,0.96
1460.8917725510255,124412.63399456572,0.5084745762711865,0.9236842105263158,0.4411764705882353,0.6,29,0.6,0.96
1460.8917725510255,124412.63399456572,0.5084745762711865,0.9236842105263158,0.4411764705882353,0.6,29,0.6,0.96
1460.8917725510255,124412.63399456572,0.5084745762711865,0.9236842105263158,0.4411764705882353,0.6,29,0.6,0.96
1460.8917725510255,124412.63399456572,0.5084745762711865,0.9236842105263158,0.4411764705882353,0.6,29,0.6,0.96
1460.8917725510255,124412.63399456572,0.5084745762711865,0.9236842105263158,0.4411764705882353,0.6,29,0.6,0.96
1460.8917725510255,124412.63399456572,0.5084745762711865,0.9236842105263158,0.4411764705882353,0.6,29,0.6,0.96
1460.8917725510255,124412.63399456572,0.5084745762711865,0.9236842105263158,0.4411764705882353,0.6,29,0.6,0.96
1460.8917725510255,124412.63399456572,0.5084745762711865,0.9236842105263158,0.4411764705882353,0.6,29,0.6,0.96
1460.8917725510255,124412.63399456572,0.5084745762711865,0.9236842105263158,0.4411764705882353,0.6,29,0.6,0.96
1460.8917725510255,124412.63399456572,0.5084745762711865,0.9236842105263158,0.4411764705882353,0.6,29,0.6,0.96
1460.8917725510255,124412.63399456572,0.5084745762711865,0.9236842105263158,0.4411764705882353,0.6,29,0.6,0.96
1460.8917725510255,124412.63399456572,0.5084745762711865,0.9236842105263158,0.4411764705882353,0.6,29,0.6,0.96
1460.8917725510255,124412.63399456572,0.5084745762711865,0.9236842105263158,0.4411764705882353,0.6,29,0.6,0.96
1460.8917725510255,124412.63399456572,0.5084745762711865,0.9236842105263158,0.4411764705882353,0.6,29,0.6,0.96
1460.8917725510255,124412.63399456572,0.5084745762711865,0.9236842105263158,0.4411764705882353,0.6,29,0.6,0.96
1460.8917725510255,124412.63399456572,0.5084745762711865,0.9236842105263158,0.4411764705882353,0.6,29,0.6,0.96
1460.8917725510255,124412.63399456572,0.5084745762711865,0.9236842105263158,0.4411764705882353,0.6,29,0.6,0.96
1460.8917725510255,124412.63399456572,0.5084745762711865,0.9236842105263158,0.4411764705882353,0.6,29,0.6,0.96
1460.8917725510255,124412.63399456572,0.5084745762711865,0.9236842105263158,0.4411764705882353,0.6,29,0.6,0.96
1460.8917725510255,124412.63399456572,0.5084745762711865,0.9236842105263158,0.4411764705882353,0.6,29,0.6,0.96
1365.1238462430192,124316.86606825772,0.5172413793103449,0.9263157894736842,0.45454545454545453,0.6,28,0.6,0.96
1365.1238462430192,124316.86606825772,0.5172413793103449,0.9263157894736842,0.45454545454545453,0.6,28,0.6,0.96
1365.1238462430192,124316.86606825772,0.5172413793103449,0.9263157894736842,0.45454545454545453,0.6,28,0.6,0.96
1365.1238462430192,124316.86606825772,0.5172413793103449,0.9263157894736842,0.45454545454545453,0.6,28,0.6,0.96
1365.1238462430192,124316.86606825772,0.5172413793103449,0.9263157894736842,0.45454545454545453,0.6,28,0.6,0.96
1365.1238462430192,124316.86606825772,0.5172413793103449,0.9263157894736842,0.45454545454545453,0.6,28,0.6,0.96
1365.1238462430192,124316.86606825772,0.5172413793103449,0.9263157894736842,0.45454545454545453,0.6,28,0.6,0.96
1365.1238462430192,124316.86606825772,0.5172413793103449,0.9263157894736842,0.45454545454545453,0.6,28,0.6,0.96
1365.1238462430192,124316.86606825772,0.5172413793103449,0.9263157894736842,0.45454545454545453,0.6,28,0.6,0.96
1365.1238462430192,124316.86606825772,0.5172413793103449,0.9263157894736842,0.45454545454545453,0.6,28,0.6,0.96
1365.1238462430192,124316.86606825772,0.5172413793103449,0.9263157894736842,0.45454545454545453,0.6,28,0.6,0.96
1365.1238462430192,124316.86606825772,0.5172413793103449,0.9263157894736842,0.45454545454545453,0.6,28,0.6,0.96
1365.1238462430192,124316.86606825772,0.5172413793103449,0.9263157894736842,0.45454545454545453,0.6,28,0.6,0.96
1365.1238462430192,124316.86606825772,0.5172413793103449,0.9263157894736842,0.45454545454545453,0.6,28,0.6,0.96
1365.1238462430192,124316.86606825772,0.5172413793103449,0.9263157894736842,0.45454545454545453,0.6,28,0.6,0.96
1365.1238462430192,124316.86606825772,0.5172413793103449,0.9263157894736842,0.45454545454545453,0.6,28,0.6,0.96
1365.1238462430192,124316.86606825772,0.5172413793103449,0.9263157894736842,0.45454545454545453,0.6,28,0.6,0.96
1365.1238462430192,124316.86606825772,0.5172413793103449,0.9263157894736842,0.45454545454545453,0.6,28,0.6,0.96
1365.1238462430192,124316.86606825772,0.5172413793103449,0.9263157894736842,0.45454545454545453,0.6,28,0.6,0.96
1365.1238462430192,124316.86606825772,0.5172413793103449,0.9263157894736842,0.45454545454545453,0.6,28,0.6,0.96
1365.1238462430192,124316.86606825772,0.5172413793103449,0.9263157894736842,0.45454545454545453,0.6,28,0.6,0.96
1365.1238462430192,124316.86606825772,0.5172413793103449,0.9263157894736842,0.45454545454545453,0.6,28,0.6,0.96
1365.1238462430192,124316.86606825772,0.5172413793103449,0.9263157894736842,0.45454545454545453,0.6,28,0.6,0.96
1365.1238462430192,124316.86606825772,0.5172413793103449,0.9263157894736842,0.45454545454545453,0.6,28,0.6,0.96
1365.1238462430192,124316.86606825772,0.5172413793103449,0.9263157894736842,0.45454545454545453,0.6,28,0.6,0.96
1365.1238462430192,124316.86606825772,0.5172413793103449,0.9263157894736842,0.45454545454545453,0.6,28,0.6,0.96
1365.1238462430192,124316.86606825772,0.5172413793103449,0.9263157894736842,0.45454545454545453,0.6,28,0.6,0.96
1365.1238462430192,124316.86606825772,0.5172413793103449,0.9263157894736842,0.45454545454545453,0.6,28,0.6,0.96
1365.1238462430192,124316.86606825772,0.5172413793103449,0.9263157894736842,0.45454545454545453,0.6,28,0.6,0.96
1365.1238462430192,124316.86606825772,0.5172413793103449,0.9263157894736842,0.45454545454545453,0.6,28,0.6,0.96
1365.1238462430192,124316.86606825772,0.5172413793103449,0.9263157894736842,0.45454545454545453,0.6,28,0.6,0.96
1365.1238462430192,124316.86606825772,0.5172413793103449,0.9263157894736842,0.45454545454545453,0.6,28,0.6,0.96
1365.1238462430192,124316.86606825772,0.5172413793103449,0.9263157894736842,0.45454545454545453,0.6,28,0.6,0.96
1365.1238462430192,124316.86606825772,0.5172413793103449,0.9263157894736842,0.45454545454545453,0.6,28,0.6,0.96
1365.1238462430192,124316.86606825772,0.5172413793103449,0.9263157894736842,0.45454545454545453,0.6,28,0.6,0.96
1365.1238462430192,124316.86606825772,0.5172413793103449,0.9263157894736842,0.45454545454545453,0.6,28,0.6,0.96
1365.1238462430192,124316.86606825772,0.5172413793103449,0.9263157894736842,0.45454545454545453,0.6,28,0.6,0.96
1365.1238462430192,124316.86606825772,0.5172413793103449,0.9263157894736842,0.45454545454545453,0.6,28,0.6,0.96
1365.1238462430192,124316.86606825772,0.5172413793103449,0.9263157894736842,0.45454545454545453,0.6,28,0.6,0.96
1365.1238462430192,124316.86606825772,0.5172413793103449,0.9263157894736842,0.45454545454545453,0.6,28,0.6,0.96
1365.1238462430192,124316.86606825772,0.5172413793103449,0.9263157894736842,0.45454545454545453,0.6,28,0.6,0.96
1365.1238462430192,124316.86606825772,0.5172413793103449,0.9263157894736842,0.45454545454545453,0.6,28,0.6,0.96
1365.1238462430192,124316.86606825772,0.5172413793103449,0.9263157894736842,0.45454545454545453,0.6,28,0.6,0.96
1365.1238462430192,124316.86606825772,0.5172413793103449,0.9263157894736842,0.45454545454545453,0.6,28,0.6,0.96
1365.1238462430192,124316.86606825772,0.5172413793103449,0.9263157894736842,0.45454545454545453,0.6,28,0.6,0.96
1365.1238462430192,124316.86606825772,0.5172413793103449,0.9263157894736842,0.45454545454545453,0.6,28,0.6,0.96
1365.1238462430192,124316.86606825772,0.5172413793103449,0.9263157894736842,0.45454545454545453,0.6,28,0.6,0.96
1365.1238462430192,124316.86606825772,0.5172413793103449,0.9263157894736842,0.45454545454545453,0.6,28,0.6,0.96
1365.1238462430192,124316.86606825772,0.5172413793103449,0.9263157894736842,0.45454545454545453,0.6,28,0.6,0.96
1365.1238462430192,124316.86606825772,0.5172413793103449,0.9263157894736842,0.45454545454545453,0.6,28,0.6,0.96
1365.1238462430192,124316.86606825772,0.5172413793103449,0.9263157894736842,0.45454545454545453,0.6,28,0.6,0.96
1365.1238462430192,124316.86606825772,0.5172413793103449,0.9263157894736842,0.45454545454545453,0.6,28,0.6,0.96
1365.1238462430192,124316.86606825772,0.5172413793103449,0.9263157894736842,0.45454545454545453,0.6,28,0.6,0.96
1365.1238462430192,124316.86606825772,0.5172413793103449,0.9263157894736842,0.45454545454545453,0.6,28,0.6,0.96
1365.1238462430192,124316.86606825772,0.5172413793103449,0.9263157894736842,0.45454545454545453,0.6,28,0.6,0.96
1365.1238462430192,124316.86606825772,0.5172413793103449,0.9263157894736842,0.45454545454545453,0.6,28,0.6,0.96
1365.1238462430192,124316.86606825772,0.5172413793103449,0.9263157894736842,0.45454545454545453,0.6,28,0.6,0.96
1365.1238462430192,124316.86606825772,0.5172413793103449,0.9263157894736842,0.45454545454545453,0.6,28,0.6,0.96
1365.1238462430192,124316.86606825772,0.5172413793103449,0.9263157894736842,0.45454545454545453,0.6,28,0.6,0.96
1365.1238462430192,124316.86606825772,0.5172413793103449,0.9263157894736842,0.45454545454545453,0.6,28,0.6,0.96
1365.1238462430192,124316.86606825772,0.5172413793103449,0.9263157894736842,0.45454545454545453,0.6,28,0.6,0.96
1365.1238462430192,124316.86606825772,0.5172413793103449,0.9263157894736842,0.45454545454545453,0.6,28,0.6,0.96
1365.1238462430192,124316.86606825772,0.5172413793103449,0.9263157894736842,0.45454545454545453,0.6,28,0.6,0.96
1365.1238462430192,124316.86606825772,0.5172413793103449,0.9263157894736842,0.45454545454545453,0.6,28,0.6,0.96
1365.1238462430192,124316.86606825772,0.5172413793103449,0.9263157894736842,0.45454545454545453,0.6,28,0.6,0.96
1365.1238462430192,124316.86606825772,0.5172413793103449,0.9263157894736842,0.45454545454545453,0.6,28,0.6,0.96
1365.1238462430192,124316.86606825772,0.5172413793103449,0.9263157894736842,0.45454545454545453,0.6,28,0.6,0.96
1365.1238462430192,124316.86606825772,0.5172413793103449,0.9263157894736842,0.45454545454545453,0.6,28,0.6,0.96
1365.1238462430192,124316.86606825772,0.5172413793103449,0.9263157894736842,0.45454545454545453,0.6,28,0.6,0.96
1365.1238462430192,124316.86606825772,0.5172413793103449,0.9263157894736842,0.45454545454545453,0.6,28,0.6,0.96
1365.1238462430192,124316.86606825772,0.5172413793103449,0.9263157894736842,0.45454545454545453,0.6,28,0.6,0.96
1365.1238462430192,124316.86606825772,0.5172413793103449,0.9263157894736842,0.45454545454545453,0.6,28,0.6,0.96
1365.1238462430192,124316.86606825772,0.5172413793103449,0.9263157894736842,0.45454545454545453,0.6,28,0.6,0.96
1365.1238462430192,124316.86606825772,0.5172413793103449,0.9263157894736842,0.45454545454545453,0.6,28,0.6,0.96
1365.1238462430192,124316.86606825772,0.5172413793103449,0.9263157894736842,0.45454545454545453,0.6,28,0.6,0.96
1365.1238462430192,124316.86606825772,0.5172413793103449,0.9263157894736842,0.45454545454545453,0.6,28,0.6,0.96
1365.1238462430192,124316.86606825772,0.5172413793103449,0.9263157894736842,0.45454545454545453,0.6,28,0.6,0.96
1365.1238462430192,124316.86606825772,0.5172413793103449,0.9263157894736842,0.45454545454545453,0.6,28,0.6,0.96
1365.1238462430192,124316.86606825772,0.5172413793103449,0.9263157894736842,0.45454545454545453,0.6,28,0.6,0.96
1365.1238462430192,124316.86606825772,0.5172413793103449,0.9263157894736842,0.45454545454545453,0.6,28,0.6,0.96
1365.1238462430192,124316.86606825772,0.5172413793103449,0.9263157894736842,0.45454545454545453,0.6,28,0.6,0.96
1365.1238462430192,124316.86606825772,0.5172413793103449,0.9263157894736842,0.45454545454545453,0.6,28,0.6,0.96
1365.1238462430192,124316.86606825772,0.5172413793103449,0.9263157894736842,0.45454545454545453,0.6,28,0.6,0.96
1365.1238462430192,124316.86606825772,0.5172413793103449,0.9263157894736842,0.45454545454545453,0.6,28,0.6,0.96
1365.1238462430192,124316.86606825772,0.5172413793103449,0.9263157894736842,0.45454545454545453,0.6,28,0.6,0.96
1365.1238462430192,124316.86606825772,0.5172413793103449,0.9263157894736842,0.45454545454545453,0.6,28,0.6,0.96
1365.1238462430192,124316.86606825772,0.5172413793103449,0.9263157894736842,0.45454545454545453,0.6,28,0.6,0.96
1365.1238462430192,124316.86606825772,0.5172413793103449,0.9263157894736842,0.45454545454545453,0.6,28,0.6,0.96
1365.1238462430192,124316.86606825772,0.5172413793103449,0.9263157894736842,0.45454545454545453,0.6,28,0.6,0.96
1365.1238462430192,124316.86606825772,0.5172413793103449,0.9263157894736842,0.45454545454545453,0.6,28,0.6,0.96
1365.1238462430192,124316.86606825772,0.5172413793103449,0.9263157894736842,0.45454545454545453,0.6,28,0.6,0.96
1365.1238462430192,124316.86606825772,0.5172413793103449,0.9263157894736842,0.45454545454545453,0.6,28,0.6,0.96
1365.1238462430192,124316.86606825772,0.5172413793103449,0.9263157894736842,0.45454545454545453,0.6,28,0.6,0.96
1365.1238462430192,124316.86606825772,0.5172413793103449,0.9263157894736842,0.45454545454545453,0.6,28,0.6,0.96
1365.1238462430192,124316.86606825772,0.5172413793103449,0.9263157894736842,0.45454545454545453,0.6,28,0.6,0.96
1365.1238462430192,124316.86606825772,0.5172413793103449,0.9263157894736842,0.45454545454545453,0.6,28,0.6,0.96
1365.1238462430192,124316.86606825772,0.5172413793103449,0.9263157894736842,0.45454545454545453,0.6,28,0.6,0.96
1365.1238462430192,124316.86606825772,0.5172413793103449,0.9263157894736842,0.45454545454545453,0.6,28,0.6,0.96
1365.1238462430192,124316.86606825772,0.5172413793103449,0.9263157894736842,0.45454545454545453,0.6,28,0.6,0.96
1365.1238462430192,124316.86606825772,0.5172413793103449,0.9263157894736842,0.45454545454545453,0.6,28,0.6,0.96
1365.1238462430192,124316.86606825772,0.5172413793103449,0.9263157894736842,0.45454545454545453,0.6,28,0.6,0.96
1365.1238462430192,124316.86606825772,0.5172413793103449,0.9263157894736842,0.45454545454545453,0.6,28,0.6,0.96
1365.1238462430192,124316.86606825772,0.5172413793103449,0.9263157894736842,0.45454545454545453,0.6,28,0.6,0.96
1365.1238462430192,124316.86606825772,0.5172413793103449,0.9263157894736842,0.45454545454545453,0.6,28,0.6,0.96
1365.1238462430192,124316.86606825772,0.5172413793103449,0.9263157894736842,0.45454545454545453,0.6,28,0.6,0.96
1365.1238462430192,124316.86606825772,0.5172413793103449,0.9263157894736842,0.45454545454545453,0.6,28,0.6,0.96
1365.1238462430192,124316.86606825772,0.5172413793103449,0.9263157894736842,0.45454545454545453,0.6,28,0.6,0.96
1365.1238462430192,124316.86606825772,0.5172413793103449,0.9263157894736842,0.45454545454545453,0.6,28,0.6,0.96
1365.1238462430192,124316.86606825772,0.5172413793103449,0.9263157894736842,0.45454545454545453,0.6,28,0.6,0.96
1365.1238462430192,124316.86606825772,0.5172413793103449,0.9263157894736842,0.45454545454545453,0.6,28,0.6,0.96
1365.1238462430192,124316.86606825772,0.5172413793103449,0.9263157894736842,0.45454545454545453,0.6,28,0.6,0.96
1365.1238462430192,124316.86606825772,0.5172413793103449,0.9263157894736842,0.45454545454545453,0.6,28,0.6,0.96
1365.1238462430192,124316.86606825772,0.5172413793103449,0.9263157894736842,0.45454545454545453,0.6,28,0.6,0.96
1365.1238462430192,124316.86606825772,0.5172413793103449,0.9263157894736842,0.45454545454545453,0.6,28,0.6,0.96
1365.1238462430192,124316.86606825772,0.5172413793103449,0.9263157894736842,0.45454545454545453,0.6,28,0.6,0.96
1365.1238462430192,124316.86606825772,0.5172413793103449,0.9263157894736842,0.45454545454545453,0.6,28,0.6,0.96
1365.1238462430192,124316.86606825772,0.5172413793103449,0.9263157894736842,0.45454545454545453,0.6,28,0.6,0.96
1365.1238462430192,124316.86606825772,0.5172413793103449,0.9263157894736842,0.45454545454545453,0.6,28,0.6,0.96
1365.1238462430192,124316.86606825772,0.5172413793103449,0.9263157894736842,0.45454545454545453,0.6,28,0.6,0.96
1365.1238462430192,124316.86606825772,0.5172413793103449,0.9263157894736842,0.45454545454545453,0.6,28,0.6,0.96
1365.1238462430192,124316.86606825772,0.5172413793103449,0.9263157894736842,0.45454545454545453,0.6,28,0.6,0.96
1365.1238462430192,124316.86606825772,0.5172413793103449,0.9263157894736842,0.45454545454545453,0.6,28,0.6,0.96
1365.1238462430192,124316.86606825772,0.5172413793103449,0.9263157894736842,0.45454545454545453,0.6,28,0.6,0.96
1365.1238462430192,124316.86606825772,0.5172413793103449,0.9263157894736842,0.45454545454545453,0.6,28,0.6,0.96
1365.1238462430192,124316.86606825772,0.5172413793103449,0.9263157894736842,0.45454545454545453,0.6,28,0.6,0.96
1365.1238462430192,124316.86606825772,0.5172413793103449,0.9263157894736842,0.45454545454545453,0.6,28,0.6,0.96
1365.1238462430192,124316.86606825772,0.5172413793103449,0.9263157894736842,0.45454545454545453,0.6,28,0.6,0.96
1365.1238462430192,124316.86606825772,0.5172413793103449,0.9263157894736842,0.45454545454545453,0.6,28,0.6,0.96
1365.1238462430192,124316.86606825772,0.5172413793103449,0.9263157894736842,0.45454545454545453,0.6,28,0.6,0.96
1365.1238462430192,124316.86606825772,0.5172413793103449,0.9263157894736842,0.45454545454545453,0.6,28,0.6,0.96
1365.1238462430192,124316.86606825772,0.5172413793103449,0.9263157894736842,0.45454545454545453,0.6,28,0.6,0.96
1365.1238462430192,124316.86606825772,0.5172413793103449,0.9263157894736842,0.45454545454545453,0.6,28,0.6,0.96
1365.1238462430192,124316.86606825772,0.5172413793103449,0.9263157894736842,0.45454545454545453,0.6,28,0.6,0.96
1365.1238462430192,124316.86606825772,0.5172413793103449,0.9263157894736842,0.45454545454545453,0.6,28,0.6,0.96
1365.1238462430192,124316.86606825772,0.5172413793103449,0.9263157894736842,0.45454545454545453,0.6,28,0.6,0.96
1365.1238462430192,124316.86606825772,0.5172413793103449,0.9263157894736842,0.45454545454545453,0.6,28,0.6,0.96
1365.1238462430192,124316.86606825772,0.5172413793103449,0.9263157894736842,0.45454545454545453,0.6,28,0.6,0.96
1365.1238462430192,124316.86606825772,0.5172413793103449,0.9263157894736842,0.45454545454545453,0.6,28,0.6,0.96
1365.1238462430192,124316.86606825772,0.5172413793103449,0.9263157894736842,0.45454545454545453,0.6,28,0.6,0.96
1365.1238462430192,124316.86606825772,0.5172413793103449,0.9263157894736842,0.45454545454545453,0.6,28,0.6,0.96
1365.1238462430192,124316.86606825772,0.5172413793103449,0.9263157894736842,0.45454545454545453,0.6,28,0.6,0.96
1365.1238462430192,124316.86606825772,0.5172413793103449,0.9263157894736842,0.45454545454545453,0.6,28,0.6,0.96
1365.1238462430192,124316.86606825772,0.5172413793103449,0.9263157894736842,0.45454545454545453,0.6,28,0.6,0.96
1365.1238462430192,124316.86606825772,0.5172413793103449,0.9263157894736842,0.45454545454545453,0.6,28,0.6,0.96
1365.1238462430192,124316.86606825772,0.5172413793103449,0.9263157894736842,0.45454545454545453,0.6,28,0.6,0.96
1365.1238462430192,124316.86606825772,0.5172413793103449,0.9263157894736842,0.45454545454545453,0.6,28,0.6,0.96
1365.1238462430192,124316.86606825772,0.5172413793103449,0.9263157894736842,0.45454545454545453,0.6,28,0.6,0.96
1365.1238462430192,124316.86606825772,0.5172413793103449,0.9263157894736842,0.45454545454545453,0.6,28,0.6,0.96
1365.1238462430192,124316.86606825772,0.5172413793103449,0.9263157894736842,0.45454545454545453,0.6,28,0.6,0.96
1365.1238462430192,124316.86606825772,0.5172413793103449,0.9263157894736842,0.45454545454545453,0.6,28,0.6,0.96
1365.1238462430192,124316.86606825772,0.5172413793103449,0.9263157894736842,0.45454545454545453,0.6,28,0.6,0.96
1365.1238462430192,124316.86606825772,0.5172413793103449,0.9263157894736842,0.45454545454545453,0.6,28,0.6,0.96
1365.1238462430192,124316.86606825772,0.5172413793103449,0.9263157894736842,0.45454545454545453,0.6,28,0.6,0.96
1365.1238462430192,124316.86606825772,0.5172413793103449,0.9263157894736842,0.45454545454545453,0.6,28,0.6,0.96
1365.1238462430192,124316.86606825772,0.5172413793103449,0.9263157894736842,0.45454545454545453,0.6,28,0.6,0.96
1365.1238462430192,124316.86606825772,0.5172413793103449,0.9263157894736842,0.45454545454545453,0.6,28,0.6,0.96
1365.1238462430192,124316.86606825772,0.5172413793103449,0.9263157894736842,0.45454545454545453,0.6,28,0.6,0.96
1365.1238462430192,124316.86606825772,0.5172413793103449,0.9263157894736842,0.45454545454545453,0.6,28,0.6,0.96
1365.1238462430192,124316.86606825772,0.5172413793103449,0.9263157894736842,0.45454545454545453,0.6,28,0.6,0.96
1365.1238462430192,124316.86606825772,0.5172413793103449,0.9263157894736842,0.45454545454545453,0.6,28,0.6,0.96
1365.1238462430192,124316.86606825772,0.5172413793103449,0.9263157894736842,0.45454545454545453,0.6,28,0.6,0.96
1365.1238462430192,124316.86606825772,0.5172413793103449,0.9263157894736842,0.45454545454545453,0.6,28,0.6,0.96
1365.1238462430192,124316.86606825772,0.5172413793103449,0.9263157894736842,0.45454545454545453,0.6,28,0.6,0.96
1365.1238462430192,124316.86606825772,0.5172413793103449,0.9263157894736842,0.45454545454545453,0.6,28,0.6,0.96
1365.1238462430192,124316.86606825772,0.5172413793103449,0.9263157894736842,0.45454545454545453,0.6,28,0.6,0.96
1365.1238462430192,124316.86606825772,0.5172413793103449,0.9263157894736842,0.45454545454545453,0.6,28,0.6,0.96
1365.1238462430192,124316.86606825772,0.5172413793103449,0.9263157894736842,0.45454545454545453,0.6,28,0.6,0.96
1365.1238462430192,124316.86606825772,0.5172413793103449,0.9263157894736842,0.45454545454545453,0.6,28,0.6,0.96
1365.1238462430192,124316.86606825772,0.5172413793103449,0.9263157894736842,0.45454545454545453,0.6,28,0.6,0.96
1365.1238462430192,124316.86606825772,0.5172413793103449,0.9263157894736842,0.45454545454545453,0.6,28,0.6,0.96
1365.1238462430192,124316.86606825772,0.5172413793103449,0.9263157894736842,0.45454545454545453,0.6,28,0.6,0.96
1365.1238462430192,124316.86606825772,0.5172413793103449,0.9263157894736842,0.45454545454545453,0.6,28,0.6,0.96
1365.1238462430192,124316.86606825772,0.5172413793103449,0.9263157894736842,0.45454545454545453,0.6,28,0.6,0.96
1365.1238462430192,124316.86606825772,0.5172413793103449,0.9263157894736842,0.45454545454545453,0.6,28,0.6,0.96
1365.1238462430192,124316.86606825772,0.5172413793103449,0.9263157894736842,0.45454545454545453,0.6,28,0.6,0.96
1365.1238462430192,124316.86606825772,0.5172413793103449,0.9263157894736842,0.45454545454545453,0.6,28,0.6,0.96
1365.1238462430192,124316.86606825772,0.5172413793103449,0.9263157894736842,0.45454545454545453,0.6,28,0.6,0.96
1365.1238462430192,124316.86606825772,0.5172413793103449,0.9263157894736842,0.45454545454545453,0.6,28,0.6,0.96
1365.1238462430192,124316.86606825772,0.5172413793103449,0.9263157894736842,0.45454545454545453,0.6,28,0.6,0.96
1365.1238462430192,124316.86606825772,0.5172413793103449,0.9263157894736842,0.45454545454545453,0.6,28,0.6,0.96
1365.1238462430192,124316.86606825772,0.5172413793103449,0.9263157894736842,0.45454545454545453,0.6,28,0.6,0.96
1365.1238462430192,124316.86606825772,0.5172413793103449,0.9263157894736842,0.45454545454545453,0.6,28,0.6,0.96
1365.1238462430192,124316.86606825772,0.5172413793103449,0.9263157894736842,0.45454545454545453,0.6,28,0.6,0.96
1365.1238462430192,124316.86606825772,0.5172413793103449,0.9263157894736842,0.45454545454545453,0.6,28,0.6,0.96
1365.1238462430192,124316.86606825772,0.5172413793103449,0.9263157894736842,0.45454545454545453,0.6,28,0.6,0.96
1365.1238462430192,124316.86606825772,0.5172413793103449,0.9263157894736842,0.45454545454545453,0.6,28,0.6,0.96
1365.1238462430192,124316.86606825772,0.5172413793103449,0.9263157894736842,0.45454545454545453,0.6,28,0.6,0.96
1365.1238462430192,124316.86606825772,0.5172413793103449,0.9263157894736842,0.45454545454545453,0.6,28,0.6,0.96
1365.1238462430192,124316.86606825772,0.5172413793103449,0.9263157894736842,0.45454545454545453,0.6,28,0.6,0.96
1365.1238462430192,124316.86606825772,0.5172413793103449,0.9263157894736842,0.45454545454545453,0.6,28,0.6,0.96
1365.1238462430192,124316.86606825772,0.5172413793103449,0.9263157894736842,0.45454545454545453,0.6,28,0.6,0.96
1365.1238462430192,124316.86606825772,0.5172413793103449,0.9263157894736842,0.45454545454545453,0.6,28,0.6,0.96
1365.1238462430192,124316.86606825772,0.5172413793103449,0.9263157894736842,0.45454545454545453,0.6,28,0.6,0.96
1365.1238462430192,124316.86606825772,0.5172413793103449,0.9263157894736842,0.45454545454545453,0.6,28,0.6,0.96
1365.1238462430192,124316.86606825772,0.5172413793103449,0.9263157894736842,0.45454545454545453,0.6,28,0.6,0.96
1365.1238462430192,124316.86606825772,0.5172413793103449,0.9263157894736842,0.45454545454545453,0.6,28,0.6,0.96
1365.1238462430192,124316.86606825772,0.5172413793103449,0.9263157894736842,0.45454545454545453,0.6,28,0.6,0.96
1365.1238462430192,124316.86606825772,0.5172413793103449,0.9263157894736842,0.45454545454545453,0.6,28,0.6,0.96
1365.1238462430192,124316.86606825772,0.5172413793103449,0.9263157894736842,0.45454545454545453,0.6,28,0.6,0.96
1365.1238462430192,124316.86606825772,0.5172413793103449,0.9263157894736842,0.45454545454545453,0.6,28,0.6,0.96
1365.1238462430192,124316.86606825772,0.5172413793103449,0.9263157894736842,0.45454545454545453,0.6,28,0.6,0.96
1365.1238462430192,124316.86606825772,0.5172413793103449,0.9263157894736842,0.45454545454545453,0.6,28,0.6,0.96
1365.1238462430192,124316.86606825772,0.5172413793103449,0.9263157894736842,0.45454545454545453,0.6,28,0.6,0.96
1365.1238462430192,124316.86606825772,0.5172413793103449,0.9263157894736842,0.45454545454545453,0.6,28,0.6,0.96
1365.1238462430192,124316.86606825772,0.5172413793103449,0.9263157894736842,0.45454545454545453,0.6,28,0.6,0.96
1365.1238462430192,124316.86606825772,0.5172413793103449,0.9263157894736842,0.45454545454545453,0.6,28,0.6,0.96
1365.1238462430192,124316.86606825772,0.5172413793103449,0.9263157894736842,0.45454545454545453,0.6,28,0.6,0.96
1365.1238462430192,124316.86606825772,0.5172413793103449,0.9263157894736842,0.45454545454545453,0.6,28,0.6,0.96
1365.1238462430192,124316.86606825772,0.5172413793103449,0.9263157894736842,0.45454545454545453,0.6,28,0.6,0.96
1365.1238462430192,124316.86606825772,0.5172413793103449,0.9263157894736842,0.45454545454545453,0.6,28,0.6,0.96
3665.4190181318554,126617.16124014655,0.5172413793103449,0.9263157894736842,0.45454545454545453,0.6,28,0.6,0.92
1365.1238462430192,124316.86606825772,0.5172413793103449,0.9263157894736842,0.45454545454545453,0.6,28,0.6,0.96
1365.1238462430192,124316.86606825772,0.5172413793103449,0.9263157894736842,0.45454545454545453,0.6,28,0.6,0.96
1365.1238462430192,124316.86606825772,0.5172413793103449,0.9263157894736842,0.45454545454545453,0.6,28,0.6,0.96
1365.1238462430192,124316.86606825772,0.5172413793103449,0.9263157894736842,0.45454545454545453,0.6,28,0.6,0.96
1365.1238462430192,124316.86606825772,0.5172413793103449,0.9263157894736842,0.45454545454545453,0.6,28,0.6,0.96
1365.1238462430192,124316.86606825772,0.5172413793103449,0.9263157894736842,0.45454545454545453,0.6,28,0.6,0.96
1365.1238462430192,124316.86606825772,0.5172413793103449,0.9263157894736842,0.45454545454545453,0.6,28,0.6,0.96
1365.1238462430192,124316.86606825772,0.5172413793103449,0.9263157894736842,0.45454545454545453,0.6,28,0.6,0.96
1365.1238462430192,124316.86606825772,0.5172413793103449,0.9263157894736842,0.45454545454545453,0.6,28,0.6,0.96
1365.1238462430192,124316.86606825772,0.5172413793103449,0.9263157894736842,0.45454545454545453,0.6,28,0.6,0.96
1365.1238462430192,124316.86606825772,0.5172413793103449,0.9263157894736842,0.45454545454545453,0.6,28,0.6,0.96
1365.1238462430192,124316.86606825772,0.5172413793103449,0.9263157894736842,0.45454545454545453,0.6,28,0.6,0.96
1365.1238462430192,124316.86606825772,0.5172413793103449,0.9263157894736842,0.45454545454545453,0.6,28,0.6,0.96
1365.1238462430192,124316.86606825772,0.5172413793103449,0.9263157894736842,0.45454545454545453,0.6,28,0.6,0.96
1365.1238462430192,124316.86606825772,0.5172413793103449,0.9263157894736842,0.45454545454545453,0.6,28,0.6,0.96
1365.1238462430192,124316.86606825772,0.5172413793103449,0.9263157894736842,0.45454545454545453,0.6,28,0.6,0.96
1365.1238462430192,124316.86606825772,0.5172413793103449,0.9263157894736842,0.45454545454545453,0.6,28,0.6,0.96
1365.1238462430192,124316.86606825772,0.5172413793103449,0.9263157894736842,0.45454545454545453,0.6,28,0.6,0.96
1365.1238462430192,124316.86606825772,0.5172413793103449,0.9263157894736842,0.45454545454545453,0.6,28,0.6,0.96
1365.1238462430192,124316.86606825772,0.5172413793103449,0.9263157894736842,0.45454545454545453,0.6,28,0.6,0.96
1365.1238462430192,124316.86606825772,0.5172413793103449,0.9263157894736842,0.45454545454545453,0.6,28,0.6,0.96
1365.1238462430192,124316.86606825772,0.5172413793103449,0.9263157894736842,0.45454545454545453,0.6,28,0.6,0.96
1365.1238462430192,124316.86606825772,0.5172413793103449,0.9263157894736842,0.45454545454545453,0.6,28,0.6,0.96
1365.1238462430192,124316.86606825772,0.5172413793103449,0.9263157894736842,0.45454545454545453,0.6,28,0.6,0.96
1365.1238462430192,124316.86606825772,0.5172413793103449,0.9263157894736842,0.45454545454545453,0.6,28,0.6,0.96
1365.1238462430192,124316.86606825772,0.5172413793103449,0.9263157894736842,0.45454545454545453,0.6,28,0.6,0.96
1365.1238462430192,124316.86606825772,0.5172413793103449,0.9263157894736842,0.45454545454545453,0.6,28,0.6,0.96
1365.1238462430192,124316.86606825772,0.5172413793103449,0.9263157894736842,0.45454545454545453,0.6,28,0.6,0.96
1365.1238462430192,124316.86606825772,0.5172413793103449,0.9263157894736842,0.45454545454545453,0.6,28,0.6,0.96
1365.1238462430192,124316.86606825772,0.5172413793103449,0.9263157894736842,0.45454545454545453,0.6,28,0.6,0.96
1365.1238462430192,124316.86606825772,0.5172413793103449,0.9263157894736842,0.45454545454545453,0.6,28,0.6,0.96
1365.1238462430192,124316.86606825772,0.5172413793103449,0.9263157894736842,0.45454545454545453,0.6,28,0.6,0.96
1365.1238462430192,124316.86606825772,0.5172413793103449,0.9263157894736842,0.45454545454545453,0.6,28,0.6,0.96
1365.1238462430192,124316.86606825772,0.5172413793103449,0.9263157894736842,0.45454545454545453,0.6,28,0.6,0.96
1365.1238462430192,124316.86606825772,0.5172413793103449,0.9263157894736842,0.45454545454545453,0.6,28,0.6,0.96
1365.1238462430192,124316.86606825772,0.5172413793103449,0.9263157894736842,0.45454545454545453,0.6,28,0.6,0.96
1365.1238462430192,124316.86606825772,0.5172413793103449,0.9263157894736842,0.45454545454545453,0.6,28,0.6,0.96
1365.1238462430192,124316.86606825772,0.5172413793103449,0.9263157894736842,0.45454545454545453,0.6,28,0.6,0.96
1365.1238462430192,124316.86606825772,0.5172413793103449,0.9263157894736842,0.45454545454545453,0.6,28,0.6,0.96
1365.1238462430192,124316.86606825772,0.5172413793103449,0.9263157894736842,0.45454545454545453,0.6,28,0.6,0.96
1365.1238462430192,124316.86606825772,0.5172413793103449,0.9263157894736842,0.45454545454545453,0.6,28,0.6,0.96
1365.1238462430192,124316.86606825772,0.5172413793103449,0.9263157894736842,0.45454545454545453,0.6,28,0.6,0.96
1365.1238462430192,124316.86606825772,0.5172413793103449,0.9263157894736842,0.45454545454545453,0.6,28,0.6,0.96
1365.1238462430192,124316.86606825772,0.5172413793103449,0.9263157894736842,0.45454545454545453,0.6,28,0.6,0.96
1365.1238462430192,124316.86606825772,0.5172413793103449,0.9263157894736842,0.45454545454545453,0.6,28,0.6,0.96
1365.1238462430192,124316.86606825772,0.5172413793103449,0.9263157894736842,0.45454545454545453,0.6,28,0.6,0.96
1365.1238462430192,124316.86606825772,0.5172413793103449,0.9263157894736842,0.45454545454545453,0.6,28,0.6,0.96
1365.1238462430192,124316.86606825772,0.5172413793103449,0.9263157894736842,0.45454545454545453,0.6,28,0.6,0.96
1365.1238462430192,124316.86606825772,0.5172413793103449,0.9263157894736842,0.45454545454545453,0.6,28,0.6,0.96
1365.1238462430192,124316.86606825772,0.5172413793103449,0.9263157894736842,0.45454545454545453,0.6,28,0.6,0.96
1365.1238462430192,124316.86606825772,0.5172413793103449,0.9263157894736842,0.45454545454545453,0.6,28,0.6,0.96
1365.1238462430192,124316.86606825772,0.5172413793103449,0.9263157894736842,0.45454545454545453,0.6,28,0.6,0.96
1365.1238462430192,124316.86606825772,0.5172413793103449,0.9263157894736842,0.45454545454545453,0.6,28,0.6,0.96
1365.1238462430192,124316.86606825772,0.5172413793103449,0.9263157894736842,0.45454545454545453,0.6,28,0.6,0.96
1365.1238462430192,124316.86606825772,0.5172413793103449,0.9263157894736842,0.45454545454545453,0.6,28,0.6,0.96
1365.1238462430192,124316.86606825772,0.5172413793103449,0.9263157894736842,0.45454545454545453,0.6,28,0.6,0.96
1365.1238462430192,124316.86606825772,0.5172413793103449,0.9263157894736842,0.45454545454545453,0.6,28,0.6,0.96
1365.1238462430192,124316.86606825772,0.5172413793103449,0.9263157894736842,0.45454545454545453,0.6,28,0.6,0.96
1365.1238462430192,124316.86606825772,0.5172413793103449,0.9263157894736842,0.45454545454545453,0.6,28,0.6,0.96
1365.1238462430192,124316.86606825772,0.5172413793103449,0.9263157894736842,0.45454545454545453,0.6,28,0.6,0.96
1365.1238462430192,124316.86606825772,0.5172413793103449,0.9263157894736842,0.45454545454545453,0.6,28,0.6,0.96
1365.1238462430192,124316.86606825772,0.5172413793103449,0.9263157894736842,0.45454545454545453,0.6,28,0.6,0.96
1365.1238462430192,124316.86606825772,0.5172413793103449,0.9263157894736842,0.45454545454545453,0.6,28,0.6,0.96
1365.1238462430192,124316.86606825772,0.5172413793103449,0.9263157894736842,0.45454545454545453,0.6,28,0.6,0.96
1365.1238462430192,124316.86606825772,0.5172413793103449,0.9263157894736842,0.45454545454545453,0.6,28,0.6,0.96
1365.1238462430192,124316.86606825772,0.5172413793103449,0.9263157894736842,0.45454545454545453,0.6,28,0.6,0.96
1365.1238462430192,124316.86606825772,0.5172413793103449,0.9263157894736842,0.45454545454545453,0.6,28,0.6,0.96
1365.1238462430192,124316.86606825772,0.5172413793103449,0.9263157894736842,0.45454545454545453,0.6,28,0.6,0.96
1365.1238462430192,124316.86606825772,0.5172413793103449,0.9263157894736842,0.45454545454545453,0.6,28,0.6,0.96
1365.1238462430192,124316.86606825772,0.5172413793103449,0.9263157894736842,0.45454545454545453,0.6,28,0.6,0.96
1365.1238462430192,124316.86606825772,0.5172413793103449,0.9263157894736842,0.45454545454545453,0.6,28,0.6,0.96
1365.1238462430192,124316.86606825772,0.5172413793103449,0.9263157894736842,0.45454545454545453,0.6,28,0.6,0.96
1365.1238462430192,124316.86606825772,0.5172413793103449,0.9263157894736842,0.45454545454545453,0.6,28,0.6,0.96
1365.1238462430192,124316.86606825772,0.5172413793103449,0.9263157894736842,0.45454545454545453,0.6,28,0.6,0.96
1365.1238462430192,124316.86606825772,0.5172413793103449,0.9263157894736842,0.45454545454545453,0.6,28,0.6,0.96
1365.1238462430192,124316.86606825772,0.5172413793103449,0.9263157894736842,0.45454545454545453,0.6,28,0.6,0.96
1365.1238462430192,124316.86606825772,0.5172413793103449,0.9263157894736842,0.45454545454545453,0.6,28,0.6,0.96
1365.1238462430192,124316.86606825772,0.5172413793103449,0.9263157894736842,0.45454545454545453,0.6,28,0.6,0.96
1365.1238462430192,124316.86606825772,0.5172413793103449,0.9263157894736842,0.45454545454545453,0.6,28,0.6,0.96
1365.1238462430192,124316.86606825772,0.5172413793103449,0.9263157894736842,0.45454545454545453,0.6,28,0.6,0.96
1365.1238462430192,124316.86606825772,0.5172413793103449,0.9263157894736842,0.45454545454545453,0.6,28,0.6,0.96
1365.1238462430192,124316.86606825772,0.5172413793103449,0.9263157894736842,0.45454545454545453,0.6,28,0.6,0.96
1365.1238462430192,124316.86606825772,0.5172413793103449,0.9263157894736842,0.45454545454545453,0.6,28,0.6,0.96
1365.1238462430192,124316.86606825772,0.5172413793103449,0.9263157894736842,0.45454545454545453,0.6,28,0.6,0.96
1365.1238462430192,124316.86606825772,0.5172413793103449,0.9263157894736842,0.45454545454545453,0.6,28,0.6,0.96
1365.1238462430192,124316.86606825772,0.5172413793103449,0.9263157894736842,0.45454545454545453,0.6,28,0.6,0.96
1365.1238462430192,124316.86606825772,0.5172413793103449,0.9263157894736842,0.45454545454545453,0.6,28,0.6,0.96
1365.1238462430192,124316.86606825772,0.5172413793103449,0.9263157894736842,0.45454545454545453,0.6,28,0.6,0.96
1365.1238462430192,124316.86606825772,0.5172413793103449,0.9263157894736842,0.45454545454545453,0.6,28,0.6,0.96
1365.1238462430192,124316.86606825772,0.5172413793103449,0.9263157894736842,0.45454545454545453,0.6,28,0.6,0.96
1365.1238462430192,124316.86606825772,0.5172413793103449,0.9263157894736842,0.45454545454545453,0.6,28,0.6,0.96
1365.1238462430192,124316.86606825772,0.5172413793103449,0.9263157894736842,0.45454545454545453,0.6,28,0.6,0.96
1365.1238462430192,124316.86606825772,0.5172413793103449,0.9263157894736842,0.45454545454545453,0.6,28,0.6,0.96
1365.1238462430192,124316.86606825772,0.5172413793103449,0.9263157894736842,0.45454545454545453,0.6,28,0.6,0.96
1365.1238462430192,124316.86606825772,0.5172413793103449,0.9263157894736842,0.45454545454545453,0.6,28,0.6,0.96
1365.1238462430192,124316.86606825772,0.5172413793103449,0.9263157894736842,0.45454545454545453,0.6,28,0.6,0.96
1365.1238462430192,124316.86606825772,0.5172413793103449,0.9263157894736842,0.45454545454545453,0.6,28,0.6,0.96
1365.1238462430192,124316.86606825772,0.5172413793103449,0.9263157894736842,0.45454545454545453,0.6,28,0.6,0.96
1365.1238462430192,124316.86606825772,0.5172413793103449,0.9263157894736842,0.45454545454545453,0.6,28,0.6,0.96
1365.1238462430192,124316.86606825772,0.5172413793103449,0.9263157894736842,0.45454545454545453,0.6,28,0.6,0.96
1365.1238462430192,124316.86606825772,0.5172413793103449,0.9263157894736842,0.45454545454545453,0.6,28,0.6,0.96
1365.1238462430192,124316.86606825772,0.5172413793103449,0.9263157894736842,0.45454545454545453,0.6,28,0.6,0.96
1365.1238462430192,124316.86606825772,0.5172413793103449,0.9263157894736842,0.45454545454545453,0.6,28,0.6,0.96
1365.1238462430192,124316.86606825772,0.5172413793103449,0.9263157894736842,0.45454545454545453,0.6,28,0.6,0.96
1365.1238462430192,124316.86606825772,0.5172413793103449,0.9263157894736842,0.45454545454545453,0.6,28,0.6,0.96
1365.1238462430192,124316.86606825772,0.5172413793103449,0.9263157894736842,0.45454545454545453,0.6,28,0.6,0.96
1365.1238462430192,124316.86606825772,0.5172413793103449,0.9263157894736842,0.45454545454545453,0.6,28,0.6,0.96
1365.1238462430192,124316.86606825772,0.5172413793103449,0.9263157894736842,0.45454545454545453,0.6,28,0.6,0.96
1365.1238462430192,124316.86606825772,0.5172413793103449,0.9263157894736842,0.45454545454545453,0.6,28,0.6,0.96
1365.1238462430192,124316.86606825772,0.5172413793103449,0.9263157894736842,0.45454545454545453,0.6,28,0.6,0.96
1365.1238462430192,124316.86606825772,0.5172413793103449,0.9263157894736842,0.45454545454545453,0.6,28,0.6,0.96
1365.1238462430192,124316.86606825772,0.5172413793103449,0.9263157894736842,0.45454545454545453,0.6,28,0.6,0.96
1365.1238462430192,124316.86606825772,0.5172413793103449,0.9263157894736842,0.45454545454545453,0.6,28,0.6,0.96
1365.1238462430192,124316.86606825772,0.5172413793103449,0.9263157894736842,0.45454545454545453,0.6,28,0.6,0.96
1365.1238462430192,124316.86606825772,0.5172413793103449,0.9263157894736842,0.45454545454545453,0.6,28,0.6,0.96
1365.1238462430192,124316.86606825772,0.5172413793103449,0.9263157894736842,0.45454545454545453,0.6,28,0.6,0.96
1365.1238462430192,124316.86606825772,0.5172413793103449,0.9263157894736842,0.45454545454545453,0.6,28,0.6,0.96
1365.1238462430192,124316.86606825772,0.5172413793103449,0.9263157894736842,0.45454545454545453,0.6,28,0.6,0.96
1365.1238462430192,124316.86606825772,0.5172413793103449,0.9263157894736842,0.45454545454545453,0.6,28,0.6,0.96
1365.1238462430192,124316.86606825772,0.5172413793103449,0.9263157894736842,0.45454545454545453,0.6,28,0.6,0.96
1365.1238462430192,124316.86606825772,0.5172413793103449,0.9263157894736842,0.45454545454545453,0.6,28,0.6,0.96
1365.1238462430192,124316.86606825772,0.5172413793103449,0.9263157894736842,0.45454545454545453,0.6,28,0.6,0.96
1365.1238462430192,124316.86606825772,0.5172413793103449,0.9263157894736842,0.45454545454545453,0.6,28,0.6,0.96
1365.1238462430192,124316.86606825772,0.5172413793103449,0.9263157894736842,0.45454545454545453,0.6,28,0.6,0.96
1365.1238462430192,124316.86606825772,0.5172413793103449,0.9263157894736842,0.45454545454545453,0.6,28,0.6,0.96
1365.1238462430192,124316.86606825772,0.5172413793103449,0.9263157894736842,0.45454545454545453,0.6,28,0.6,0.96
1365.1238462430192,124316.86606825772,0.5172413793103449,0.9263157894736842,0.45454545454545453,0.6,28,0.6,0.96
1365.1238462430192,124316.86606825772,0.5172413793103449,0.9263157894736842,0.45454545454545453,0.6,28,0.6,0.96
1365.1238462430192,124316.86606825772,0.5172413793103449,0.9263157894736842,0.45454545454545453,0.6,28,0.6,0.96
1365.1238462430192,124316.86606825772,0.5172413793103449,0.9263157894736842,0.45454545454545453,0.6,28,0.6,0.96
1365.1238462430192,124316.86606825772,0.5172413793103449,0.9263157894736842,0.45454545454545453,0.6,28,0.6,0.96
1365.1238462430192,124316.86606825772,0.5172413793103449,0.9263157894736842,0.45454545454545453,0.6,28,0.6,0.96
1365.1238462430192,124316.86606825772,0.5172413793103449,0.9263157894736842,0.45454545454545453,0.6,28,0.6,0.96
1365.1238462430192,124316.86606825772,0.5172413793103449,0.9263157894736842,0.45454545454545453,0.6,28,0.6,0.96
1365.1238462430192,124316.86606825772,0.5172413793103449,0.9263157894736842,0.45454545454545453,0.6,28,0.6,0.96
1365.1238462430192,124316.86606825772,0.5172413793103449,0.9263157894736842,0.45454545454545453,0.6,28,0.6,0.96
1365.1238462430192,124316.86606825772,0.5172413793103449,0.9263157894736842,0.45454545454545453,0.6,28,0.6,0.96
1365.1238462430192,124316.86606825772,0.5172413793103449,0.9263157894736842,0.45454545454545453,0.6,28,0.6,0.96
1365.1238462430192,124316.86606825772,0.5172413793103449,0.9263157894736842,0.45454545454545453,0.6,28,0.6,0.96
1365.1238462430192,124316.86606825772,0.5172413793103449,0.9263157894736842,0.45454545454545453,0.6,28,0.6,0.96
1365.1238462430192,124316.86606825772,0.5172413793103449,0.9263157894736842,0.45454545454545453,0.6,28,0.6,0.96
1365.1238462430192,124316.86606825772,0.5172413793103449,0.9263157894736842,0.45454545454545453,0.6,28,0.6,0.96
1365.1238462430192,124316.86606825772,0.5172413793103449,0.9263157894736842,0.45454545454545453,0.6,28,0.6,0.96
1365.1238462430192,124316.86606825772,0.5172413793103449,0.9263157894736842,0.45454545454545453,0.6,28,0.6,0.96
1365.1238462430192,124316.86606825772,0.5172413793103449,0.9263157894736842,0.45454545454545453,0.6,28,0.6,0.96
1365.1238462430192,124316.86606825772,0.5172413793103449,0.9263157894736842,0.45454545454545453,0.6,28,0.6,0.96
1365.1238462430192,124316.86606825772,0.5172413793103449,0.9263157894736842,0.45454545454545453,0.6,28,0.6,0.96
1365.1238462430192,124316.86606825772,0.5172413793103449,0.9263157894736842,0.45454545454545453,0.6,28,0.6,0.96
1365.1238462430192,124316.86606825772,0.5172413793103449,0.9263157894736842,0.45454545454545453,0.6,28,0.6,0.96
1365.1238462430192,124316.86606825772,0.5172413793103449,0.9263157894736842,0.45454545454545453,0.6,28,0.6,0.96
1365.1238462430192,124316.86606825772,0.5172413793103449,0.9263157894736842,0.45454545454545453,0.6,28,0.6,0.96
1365.1238462430192,124316.86606825772,0.5172413793103449,0.9263157894736842,0.45454545454545453,0.6,28,0.6,0.96
1365.1238462430192,124316.86606825772,0.5172413793103449,0.9263157894736842,0.45454545454545453,0.6,28,0.6,0.96
1365.1238462430192,124316.86606825772,0.5172413793103449,0.9263157894736842,0.45454545454545453,0.6,28,0.6,0.96
1365.1238462430192,124316.86606825772,0.5172413793103449,0.9263157894736842,0.45454545454545453,0.6,28,0.6,0.96
1365.1238462430192,124316.86606825772,0.5172413793103449,0.9263157894736842,0.45454545454545453,0.6,28,0.6,0.96
1365.1238462430192,124316.86606825772,0.5172413793103449,0.9263157894736842,0.45454545454545453,0.6,28,0.6,0.96
1365.1238462430192,124316.86606825772,0.5172413793103449,0.9263157894736842,0.45454545454545453,0.6,28,0.6,0.96
1365.1238462430192,124316.86606825772,0.5172413793103449,0.9263157894736842,0.45454545454545453,0.6,28,0.6,0.96
1365.1238462430192,124316.86606825772,0.5172413793103449,0.9263157894736842,0.45454545454545453,0.6,28,0.6,0.96
1365.1238462430192,124316.86606825772,0.5172413793103449,0.9263157894736842,0.45454545454545453,0.6,28,0.6,0.96
1365.1238462430192,124316.86606825772,0.5172413793103449,0.9263157894736842,0.45454545454545453,0.6,28,0.6,0.96
1365.1238462430192,124316.86606825772,0.5172413793103449,0.9263157894736842,0.45454545454545453,0.6,28,0.6,0.96
1365.1238462430192,124316.86606825772,0.5172413793103449,0.9263157894736842,0.45454545454545453,0.6,28,0.6,0.96
1365.1238462430192,124316.86606825772,0.5172413793103449,0.9263157894736842,0.45454545454545453,0.6,28,0.6,0.96
1365.1238462430192,124316.86606825772,0.5172413793103449,0.9263157894736842,0.45454545454545453,0.6,28,0.6,0.96
1365.1238462430192,124316.86606825772,0.5172413793103449,0.9263157894736842,0.45454545454545453,0.6,28,0.6,0.96
1365.1238462430192,124316.86606825772,0.5172413793103449,0.9263157894736842,0.45454545454545453,0.6,28,0.6,0.96
1365.1238462430192,124316.86606825772,0.5172413793103449,0.9263157894736842,0.45454545454545453,0.6,28,0.6,0.96
1365.1238462430192,124316.86606825772,0.5172413793103449,0.9263157894736842,0.45454545454545453,0.6,28,0.6,0.96
1365.1238462430192,124316.86606825772,0.5172413793103449,0.9263157894736842,0.45454545454545453,0.6,28,0.6,0.96
1365.1238462430192,124316.86606825772,0.5172413793103449,0.9263157894736842,0.45454545454545453,0.6,28,0.6,0.96
1365.1238462430192,124316.86606825772,0.5172413793103449,0.9263157894736842,0.45454545454545453,0.6,28,0.6,0.96
1365.1238462430192,124316.86606825772,0.5172413793103449,0.9263157894736842,0.45454545454545453,0.6,28,0.6,0.96
1365.1238462430192,124316.86606825772,0.5172413793103449,0.9263157894736842,0.45454545454545453,0.6,28,0.6,0.96
1365.1238462430192,124316.86606825772,0.5172413793103449,0.9263157894736842,0.45454545454545453,0.6,28,0.6,0.96
1365.1238462430192,124316.86606825772,0.5172413793103449,0.9263157894736842,0.45454545454545453,0.6,28,0.6,0.96
1365.1238462430192,124316.86606825772,0.5172413793103449,0.9263157894736842,0.45454545454545453,0.6,28,0.6,0.96
1365.1238462430192,124316.86606825772,0.5172413793103449,0.9263157894736842,0.45454545454545453,0.6,28,0.6,0.96
1365.1238462430192,124316.86606825772,0.5172413793103449,0.9263157894736842,0.45454545454545453,0.6,28,0.6,0.96
1365.1238462430192,124316.86606825772,0.5172413793103449,0.9263157894736842,0.45454545454545453,0.6,28,0.6,0.96
1365.1238462430192,124316.86606825772,0.5172413793103449,0.9263157894736842,0.45454545454545453,0.6,28,0.6,0.96
1365.1238462430192,124316.86606825772,0.5172413793103449,0.9263157894736842,0.45454545454545453,0.6,28,0.6,0.96
1365.1238462430192,124316.86606825772,0.5172413793103449,0.9263157894736842,0.45454545454545453,0.6,28,0.6,0.96
1365.1238462430192,124316.86606825772,0.5172413793103449,0.9263157894736842,0.45454545454545453,0.6,28,0.6,0.96
1365.1238462430192,124316.86606825772,0.5172413793103449,0.9263157894736842,0.45454545454545453,0.6,28,0.6,0.96
1365.1238462430192,124316.86606825772,0.5172413793103449,0.9263157894736842,0.45454545454545453,0.6,28,0.6,0.96
1365.1238462430192,124316.86606825772,0.5172413793103449,0.9263157894736842,0.45454545454545453,0.6,28,0.6,0.96
1365.1238462430192,124316.86606825772,0.5172413793103449,0.9263157894736842,0.45454545454545453,0.6,28,0.6,0.96
1365.1238462430192,124316.86606825772,0.5172413793103449,0.9263157894736842,0.45454545454545453,0.6,28,0.6,0.96
1365.1238462430192,124316.86606825772,0.5172413793103449,0.9263157894736842,0.45454545454545453,0.6,28,0.6,0.96
1365.1238462430192,124316.86606825772,0.5172413793103449,0.9263157894736842,0.45454545454545453,0.6,28,0.6,0.96
1365.1238462430192,124316.86606825772,0.5172413793103449,0.9263157894736842,0.45454545454545453,0.6,28,0.6,0.96
1365.1238462430192,124316.86606825772,0.5172413793103449,0.9263157894736842,0.45454545454545453,0.6,28,0.6,0.96
1365.1238462430192,124316.86606825772,0.5172413793103449,0.9263157894736842,0.45454545454545453,0.6,28,0.6,0.96
1365.1238462430192,124316.86606825772,0.5172413793103449,0.9263157894736842,0.45454545454545453,0.6,28,0.6,0.96
1365.1238462430192,124316.86606825772,0.5172413793103449,0.9263157894736842,0.45454545454545453,0.6,28,0.6,0.96
1365.1238462430192,124316.86606825772,0.5172413793103449,0.9263157894736842,0.45454545454545453,0.6,28,0.6,0.96
1365.1238462430192,124316.86606825772,0.5172413793103449,0.9263157894736842,0.45454545454545453,0.6,28,0.6,0.96
1365.1238462430192,124316.86606825772,0.5172413793103449,0.9263157894736842,0.45454545454545453,0.6,28,0.6,0.96
1365.1238462430192,124316.86606825772,0.5172413793103449,0.9263157894736842,0.45454545454545453,0.6,28,0.6,0.96
1365.1238462430192,124316.86606825772,0.5172413793103449,0.9263157894736842,0.45454545454545453,0.6,28,0.6,0.96
1365.1238462430192,124316.86606825772,0.5172413793103449,0.9263157894736842,0.45454545454545453,0.6,28,0.6,0.96
1365.1238462430192,124316.86606825772,0.5172413793103449,0.9263157894736842,0.45454545454545453,0.6,28,0.6,0.96
1365.1238462430192,124316.86606825772,0.5172413793103449,0.9263157894736842,0.45454545454545453,0.6,28,0.6,0.96
1365.1238462430192,124316.86606825772,0.5172413793103449,0.9263157894736842,0.45454545454545453,0.6,28,0.6,0.96
1365.1238462430192,124316.86606825772,0.5172413793103449,0.9263157894736842,0.45454545454545453,0.6,28,0.6,0.96
1365.1238462430192,124316.86606825772,0.5172413793103449,0.9263157894736842,0.45454545454545453,0.6,28,0.6,0.96
1365.1238462430192,124316.86606825772,0.5172413793103449,0.9263157894736842,0.45454545454545453,0.6,28,0.6,0.96
1365.1238462430192,124316.86606825772,0.5172413793103449,0.9263157894736842,0.45454545454545453,0.6,28,0.6,0.96
1365.1238462430192,124316.86606825772,0.5172413793103449,0.9263157894736842,0.45454545454545453,0.6,28,0.6,0.96
1365.1238462430192,124316.86606825772,0.5172413793103449,0.9263157894736842,0.45454545454545453,0.6,28,0.6,0.96
1365.1238462430192,124316.86606825772,0.5172413793103449,0.9263157894736842,0.45454545454545453,0.6,28,0.6,0.96
1365.1238462430192,124316.86606825772,0.5172413793103449,0.9263157894736842,0.45454545454545453,0.6,28,0.6,0.96
1365.1238462430192,124316.86606825772,0.5172413793103449,0.9263157894736842,0.45454545454545453,0.6,28,0.6,0.96
1365.1238462430192,124316.86606825772,0.5172413793103449,0.9263157894736842,0.45454545454545453,0.6,28,0.6,0.96
1365.1238462430192,124316.86606825772,0.5172413793103449,0.9263157894736842,0.45454545454545453,0.6,28,0.6,0.96
1365.1238462430192,124316.86606825772,0.5172413793103449,0.9263157894736842,0.45454545454545453,0.6,28,0.6,0.96
1365.1238462430192,124316.86606825772,0.5172413793103449,0.9263157894736842,0.45454545454545453,0.6,28,0.6,0.96
1365.1238462430192,124316.86606825772,0.5172413793103449,0.9263157894736842,0.45454545454545453,0.6,28,0.6,0.96
1365.1238462430192,124316.86606825772,0.5172413793103449,0.9263157894736842,0.45454545454545453,0.6,28,0.6,0.96
1365.1238462430192,124316.86606825772,0.5172413793103449,0.9263157894736842,0.45454545454545453,0.6,28,0.6,0.96
1365.1238462430192,124316.86606825772,0.5172413793103449,0.9263157894736842,0.45454545454545453,0.6,28,0.6,0.96
1365.1238462430192,124316.86606825772,0.5172413793103449,0.9263157894736842,0.45454545454545453,0.6,28,0.6,0.96
1365.1238462430192,124316.86606825772,0.5172413793103449,0.9263157894736842,0.45454545454545453,0.6,28,0.6,0.96
1365.1238462430192,124316.86606825772,0.5172413793103449,0.9263157894736842,0.45454545454545453,0.6,28,0.6,0.96
1365.1238462430192,124316.86606825772,0.5172413793103449,0.9263157894736842,0.45454545454545453,0.6,28,0.6,0.96
1365.1238462430192,124316.86606825772,0.5172413793103449,0.9263157894736842,0.45454545454545453,0.6,28,0.6,0.96
1365.1238462430192,124316.86606825772,0.5172413793103449,0.9263157894736842,0.45454545454545453,0.6,28,0.6,0.96
1365.1238462430192,124316.86606825772,0.5172413793103449,0.9263157894736842,0.45454545454545453,0.6,28,0.6,0.96
1365.1238462430192,124316.86606825772,0.5172413793103449,0.9263157894736842,0.45454545454545453,0.6,28,0.6,0.96
1365.1238462430192,124316.86606825772,0.5172413793103449,0.9263157894736842,0.45454545454545453,0.6,28,0.6,0.96
1365.1238462430192,124316.86606825772,0.5172413793103449,0.9263157894736842,0.45454545454545453,0.6,28,0.6,0.96
1365.1238462430192,124316.86606825772,0.5172413793103449,0.9263157894736842,0.45454545454545453,0.6,28,0.6,0.96
1365.1238462430192,124316.86606825772,0.5172413793103449,0.9263157894736842,0.45454545454545453,0.6,28,0.6,0.96
1365.1238462430192,124316.86606825772,0.5172413793103449,0.9263157894736842,0.45454545454545453,0.6,28,0.6,0.96
1365.1238462430192,124316.86606825772,0.5172413793103449,0.9263157894736842,0.45454545454545453,0.6,28,0.6,0.96
1365.1238462430192,124316.86606825772,0.5172413793103449,0.9263157894736842,0.45454545454545453,0.6,28,0.6,0.96
1365.1238462430192,124316.86606825772,0.5172413793103449,0.9263157894736842,0.45454545454545453,0.6,28,0.6,0.96
1365.1238462430192,124316.86606825772,0.5172413793103449,0.9263157894736842,0.45454545454545453,0.6,28,0.6,0.96
1365.1238462430192,124316.86606825772,0.5172413793103449,0.9263157894736842,0.45454545454545453,0.6,28,0.6,0.96
1365.1238462430192,124316.86606825772,0.5172413793103449,0.9263157894736842,0.45454545454545453,0.6,28,0.6,0.96
1365.1238462430192,124316.86606825772,0.5172413793103449,0.9263157894736842,0.45454545454545453,0.6,28,0.6,0.96
1365.1238462430192,124316.86606825772,0.5172413793103449,0.9263157894736842,0.45454545454545453,0.6,28,0.6,0.96
1365.1238462430192,124316.86606825772,0.5172413793103449,0.9263157894736842,0.45454545454545453,0.6,28,0.6,0.96
1365.1238462430192,124316.86606825772,0.5172413793103449,0.9263157894736842,0.45454545454545453,0.6,28,0.6,0.96
1365.1238462430192,124316.86606825772,0.5172413793103449,0.9263157894736842,0.45454545454545453,0.6,28,0.6,0.96
1365.1238462430192,124316.86606825772,0.5172413793103449,0.9263157894736842,0.45454545454545453,0.6,28,0.6,0.96
1365.1238462430192,124316.86606825772,0.5172413793103449,0.9263157894736842,0.45454545454545453,0.6,28,0.6,0.96
1365.1238462430192,124316.86606825772,0.5172413793103449,0.9263157894736842,0.45454545454545453,0.6,28,0.6,0.96
1365.1238462430192,124316.86606825772,0.5172413793103449,0.9263157894736842,0.45454545454545453,0.6,28,0.6,0.96
1365.1238462430192,124316.86606825772,0.5172413793103449,0.9263157894736842,0.45454545454545453,0.6,28,0.6,0.96
1365.1238462430192,124316.86606825772,0.5172413793103449,0.9263157894736842,0.45454545454545453,0.6,28,0.6,0.96
1365.1238462430192,124316.86606825772,0.5172413793103449,0.9263157894736842,0.45454545454545453,0.6,28,0.6,0.96
1365.1238462430192,124316.86606825772,0.5172413793103449,0.9263157894736842,0.45454545454545453,0.6,28,0.6,0.96
1365.1238462430192,124316.86606825772,0.5172413793103449,0.9263157894736842,0.45454545454545453,0.6,28,0.6,0.96
1365.1238462430192,124316.86606825772,0.5172413793103449,0.9263157894736842,0.45454545454545453,0.6,28,0.6,0.96
1365.1238462430192,124316.86606825772,0.5172413793103449,0.9263157894736842,0.45454545454545453,0.6,28,0.6,0.96
1365.1238462430192,124316.86606825772,0.5172413793103449,0.9263157894736842,0.45454545454545453,0.6,28,0.6,0.96
1365.1238462430192,124316.86606825772,0.5172413793103449,0.9263157894736842,0.45454545454545453,0.6,28,0.6,0.96
1365.1238462430192,124316.86606825772,0.5172413793103449,0.9263157894736842,0.45454545454545453,0.6,28,0.6,0.96
1365.1238462430192,124316.86606825772,0.5172413793103449,0.9263157894736842,0.45454545454545453,0.6,28,0.6,0.96
1365.1238462430192,124316.86606825772,0.5172413793103449,0.9263157894736842,0.45454545454545453,0.6,28,0.6,0.96
1365.1238462430192,124316.86606825772,0.5172413793103449,0.9263157894736842,0.45454545454545453,0.6,28,0.6,0.96
1365.1238462430192,124316.86606825772,0.5172413793103449,0.9263157894736842,0.45454545454545453,0.6,28,0.6,0.96
1365.1238462430192,124316.86606825772,0.5172413793103449,0.9263157894736842,0.45454545454545453,0.6,28,0.6,0.96
1365.1238462430192,124316.86606825772,0.5172413793103449,0.9263157894736842,0.45454545454545453,0.6,28,0.6,0.96
1365.1238462430192,124316.86606825772,0.5172413793103449,0.9263157894736842,0.45454545454545453,0.6,28,0.6,0.96
1365.1238462430192,124316.86606825772,0.5172413793103449,0.9263157894736842,0.45454545454545453,0.6,28,0.6,0.96
1365.1238462430192,124316.86606825772,0.5172413793103449,0.9263157894736842,0.45454545454545453,0.6,28,0.6,0.96
1365.1238462430192,124316.86606825772,0.5172413793103449,0.9263157894736842,0.45454545454545453,0.6,28,0.6,0.96
1365.1238462430192,124316.86606825772,0.5172413793103449,0.9263157894736842,0.45454545454545453,0.6,28,0.6,0.96
1365.1238462430192,124316.86606825772,0.5172413793103449,0.9263157894736842,0.45454545454545453,0.6,28,0.6,0.96
1365.1238462430192,124316.86606825772,0.5172413793103449,0.9263157894736842,0.45454545454545453,0.6,28,0.6,0.96
1365.1238462430192,124316.86606825772,0.5172413793103449,0.9263157894736842,0.45454545454545453,0.6,28,0.6,0.96
1365.1238462430192,124316.86606825772,0.5172413793103449,0.9263157894736842,0.45454545454545453,0.6,28,0.6,0.96
1365.1238462430192,124316.86606825772,0.5172413793103449,0.9263157894736842,0.45454545454545453,0.6,28,0.6,0.96
1365.1238462430192,124316.86606825772,0.5172413793103449,0.9263157894736842,0.45454545454545453,0.6,28,0.6,0.96
1365.1238462430192,124316.86606825772,0.5172413793103449,0.9263157894736842,0.45454545454545453,0.6,28,0.6,0.96
1365.1238462430192,124316.86606825772,0.5172413793103449,0.9263157894736842,0.45454545454545453,0.6,28,0.6,0.96
1365.1238462430192,124316.86606825772,0.5172413793103449,0.9263157894736842,0.45454545454545453,0.6,28,0.6,0.96
1365.1238462430192,124316.86606825772,0.5172413793103449,0.9263157894736842,0.45454545454545453,0.6,28,0.6,0.96
1365.1238462430192,124316.86606825772,0.5172413793103449,0.9263157894736842,0.45454545454545453,0.6,28,0.6,0.96
1365.1238462430192,124316.86606825772,0.5172413793103449,0.9263157894736842,0.45454545454545453,0.6,28,0.6,0.96
1365.1238462430192,124316.86606825772,0.5172413793103449,0.9263157894736842,0.45454545454545453,0.6,28,0.6,0.96
1365.1238462430192,124316.86606825772,0.5172413793103449,0.9263157894736842,0.45454545454545453,0.6,28,0.6,0.96
1365.1238462430192,124316.86606825772,0.5172413793103449,0.9263157894736842,0.45454545454545453,0.6,28,0.6,0.96
1365.1238462430192,124316.86606825772,0.5172413793103449,0.9263157894736842,0.45454545454545453,0.6,28,0.6,0.96
1365.1238462430192,124316.86606825772,0.5172413793103449,0.9263157894736842,0.45454545454545453,0.6,28,0.6,0.96
1365.1238462430192,124316.86606825772,0.5172413793103449,0.9263157894736842,0.45454545454545453,0.6,28,0.6,0.96
1365.1238462430192,124316.86606825772,0.5172413793103449,0.9263157894736842,0.45454545454545453,0.6,28,0.6,0.96
1365.1238462430192,124316.86606825772,0.5172413793103449,0.9263157894736842,0.45454545454545453,0.6,28,0.6,0.96
1365.1238462430192,124316.86606825772,0.5172413793103449,0.9263157894736842,0.45454545454545453,0.6,28,0.6,0.96
1365.1238462430192,124316.86606825772,0.5172413793103449,0.9263157894736842,0.45454545454545453,0.6,28,0.6,0.96
1365.1238462430192,124316.86606825772,0.5172413793103449,0.9263157894736842,0.45454545454545453,0.6,28,0.6,0.96
1365.1238462430192,124316.86606825772,0.5172413793103449,0.9263157894736842,0.45454545454545453,0.6,28,0.6,0.96
1365.1238462430192,124316.86606825772,0.5172413793103449,0.9263157894736842,0.45454545454545453,0.6,28,0.6,0.96
1365.1238462430192,124316.86606825772,0.5172413793103449,0.9263157894736842,0.45454545454545453,0.6,28,0.6,0.96
1365.1238462430192,124316.86606825772,0.5172413793103449,0.9263157894736842,0.45454545454545453,0.6,28,0.6,0.96
1365.1238462430192,124316.86606825772,0.5172413793103449,0.9263157894736842,0.45454545454545453,0.6,28,0.6,0.96
1365.1238462430192,124316.86606825772,0.5172413793103449,0.9263157894736842,0.45454545454545453,0.6,28,0.6,0.96
1365.1238462430192,124316.86606825772,0.5172413793103449,0.9263157894736842,0.45454545454545453,0.6,28,0.6,0.96
1365.1238462430192,124316.86606825772,0.5172413793103449,0.9263157894736842,0.45454545454545453,0.6,28,0.6,0.96
1365.1238462430192,124316.86606825772,0.5172413793103449,0.9263157894736842,0.45454545454545453,0.6,28,0.6,0.96
1365.1238462430192,124316.86606825772,0.5172413793103449,0.9263157894736842,0.45454545454545453,0.6,28,0.6,0.96
1365.1238462430192,124316.86606825772,0.5172413793103449,0.9263157894736842,0.45454545454545453,0.6,28,0.6,0.96
1365.1238462430192,124316.86606825772,0.5172413793103449,0.9263157894736842,0.45454545454545453,0.6,28,0.6,0.96
1365.1238462430192,124316.86606825772,0.5172413793103449,0.9263157894736842,0.45454545454545453,0.6,28,0.6,0.96
1365.1238462430192,124316.86606825772,0.5172413793103449,0.9263157894736842,0.45454545454545453,0.6,28,0.6,0.96
1365.1238462430192,124316.86606825772,0.5172413793103449,0.9263157894736842,0.45454545454545453,0.6,28,0.6,0.96
1365.1238462430192,124316.86606825772,0.5172413793103449,0.9263157894736842,0.45454545454545453,0.6,28,0.6,0.96
1365.1238462430192,124316.86606825772,0.5172413793103449,0.9263157894736842,0.45454545454545453,0.6,28,0.6,0.96
1365.1238462430192,124316.86606825772,0.5172413793103449,0.9263157894736842,0.45454545454545453,0.6,28,0.6,0.96
1365.1238462430192,124316.86606825772,0.5172413793103449,0.9263157894736842,0.45454545454545453,0.6,28,0.6,0.96
1365.1238462430192,124316.86606825772,0.5172413793103449,0.9263157894736842,0.45454545454545453,0.6,28,0.6,0.96
1365.1238462430192,124316.86606825772,0.5172413793103449,0.9263157894736842,0.45454545454545453,0.6,28,0.6,0.96
1365.1238462430192,124316.86606825772,0.5172413793103449,0.9263157894736842,0.45454545454545453,0.6,28,0.6,0.96
1365.1238462430192,124316.86606825772,0.5172413793103449,0.9263157894736842,0.45454545454545453,0.6,28,0.6,0.96
1365.1238462430192,124316.86606825772,0.5172413793103449,0.9263157894736842,0.45454545454545453,0.6,28,0.6,0.96
1365.1238462430192,124316.86606825772,0.5172413793103449,0.9263157894736842,0.45454545454545453,0.6,28,0.6,0.96
1365.1238462430192,124316.86606825772,0.5172413793103449,0.9263157894736842,0.45454545454545453,0.6,28,0.6,0.96
1365.1238462430192,124316.86606825772,0.5172413793103449,0.9263157894736842,0.45454545454545453,0.6,28,0.6,0.96
1365.1238462430192,124316.86606825772,0.5172413793103449,0.9263157894736842,0.45454545454545453,0.6,28,0.6,0.96
1365.1238462430192,124316.86606825772,0.5172413793103449,0.9263157894736842,0.45454545454545453,0.6,28,0.6,0.96
1365.1238462430192,124316.86606825772,0.5172413793103449,0.9263157894736842,0.45454545454545453,0.6,28,0.6,0.96
1365.1238462430192,124316.86606825772,0.5172413793103449,0.9263157894736842,0.45454545454545453,0.6,28,0.6,0.96
1365.1238462430192,124316.86606825772,0.5172413793103449,0.9263157894736842,0.45454545454545453,0.6,28,0.6,0.96
1365.1238462430192,124316.86606825772,0.5172413793103449,0.9263157894736842,0.45454545454545453,0.6,28,0.6,0.96
1365.1238462430192,124316.86606825772,0.5172413793103449,0.9263157894736842,0.45454545454545453,0.6,28,0.6,0.96
1365.1238462430192,124316.86606825772,0.5172413793103449,0.9263157894736842,0.45454545454545453,0.6,28,0.6,0.96
1365.1238462430192,124316.86606825772,0.5172413793103449,0.9263157894736842,0.45454545454545453,0.6,28,0.6,0.96
1365.1238462430192,124316.86606825772,0.5172413793103449,0.9263157894736842,0.45454545454545453,0.6,28,0.6,0.96
1365.1238462430192,124316.86606825772,0.5172413793103449,0.9263157894736842,0.45454545454545453,0.6,28,0.6,0.96
1365.1238462430192,124316.86606825772,0.5172413793103449,0.9263157894736842,0.45454545454545453,0.6,28,0.6,0.96
1365.1238462430192,124316.86606825772,0.5172413793103449,0.9263157894736842,0.45454545454545453,0.6,28,0.6,0.96
1365.1238462430192,124316.86606825772,0.5172413793103449,0.9263157894736842,0.45454545454545453,0.6,28,0.6,0.96
1365.1238462430192,124316.86606825772,0.5172413793103449,0.9263157894736842,0.45454545454545453,0.6,28,0.6,0.96
1365.1238462430192,124316.86606825772,0.5172413793103449,0.9263157894736842,0.45454545454545453,0.6,28,0.6,0.96
1365.1238462430192,124316.86606825772,0.5172413793103449,0.9263157894736842,0.45454545454545453,0.6,28,0.6,0.96
1365.1238462430192,124316.86606825772,0.5172413793103449,0.9263157894736842,0.45454545454545453,0.6,28,0.6,0.96
1365.1238462430192,124316.86606825772,0.5172413793103449,0.9263157894736842,0.45454545454545453,0.6,28,0.6,0.96
1365.1238462430192,124316.86606825772,0.5172413793103449,0.9263157894736842,0.45454545454545453,0.6,28,0.6,0.96
1365.1238462430192,124316.86606825772,0.5172413793103449,0.9263157894736842,0.45454545454545453,0.6,28,0.6,0.96
1365.1238462430192,124316.86606825772,0.5172413793103449,0.9263157894736842,0.45454545454545453,0.6,28,0.6,0.96
1365.1238462430192,124316.86606825772,0.5172413793103449,0.9263157894736842,0.45454545454545453,0.6,28,0.6,0.96
1365.1238462430192,124316.86606825772,0.5172413793103449,0.9263157894736842,0.45454545454545453,0.6,28,0.6,0.96
1365.1238462430192,124316.86606825772,0.5172413793103449,0.9263157894736842,0.45454545454545453,0.6,28,0.6,0.96
1365.1238462430192,124316.86606825772,0.5172413793103449,0.9263157894736842,0.45454545454545453,0.6,28,0.6,0.96
1365.1238462430192,124316.86606825772,0.5172413793103449,0.9263157894736842,0.45454545454545453,0.6,28,0.6,0.96
1365.1238462430192,124316.86606825772,0.5172413793103449,0.9263157894736842,0.45454545454545453,0.6,28,0.6,0.96
1365.1238462430192,124316.86606825772,0.5172413793103449,0.9263157894736842,0.45454545454545453,0.6,28,0.6,0.96
1365.1238462430192,124316.86606825772,0.5172413793103449,0.9263157894736842,0.45454545454545453,0.6,28,0.6,0.96
1365.1238462430192,124316.86606825772,0.5172413793103449,0.9263157894736842,0.45454545454545453,0.6,28,0.6,0.96
1365.1238462430192,124316.86606825772,0.5172413793103449,0.9263157894736842,0.45454545454545453,0.6,28,0.6,0.96
1365.1238462430192,124316.86606825772,0.5172413793103449,0.9263157894736842,0.45454545454545453,0.6,28,0.6,0.96
1365.1238462430192,124316.86606825772,0.5172413793103449,0.9263157894736842,0.45454545454545453,0.6,28,0.6,0.96
1365.1238462430192,124316.86606825772,0.5172413793103449,0.9263157894736842,0.45454545454545453,0.6,28,0.6,0.96
1365.1238462430192,124316.86606825772,0.5172413793103449,0.9263157894736842,0.45454545454545453,0.6,28,0.6,0.96
1365.1238462430192,124316.86606825772,0.5172413793103449,0.9263157894736842,0.45454545454545453,0.6,28,0.6,0.96
1365.1238462430192,124316.86606825772,0.5172413793103449,0.9263157894736842,0.45454545454545453,0.6,28,0.6,0.96
1365.1238462430192,124316.86606825772,0.5172413793103449,0.9263157894736842,0.45454545454545453,0.6,28,0.6,0.96
1365.1238462430192,124316.86606825772,0.5172413793103449,0.9263157894736842,0.45454545454545453,0.6,28,0.6,0.96
1365.1238462430192,124316.86606825772,0.5172413793103449,0.9263157894736842,0.45454545454545453,0.6,28,0.6,0.96
1365.1238462430192,124316.86606825772,0.5172413793103449,0.9263157894736842,0.45454545454545453,0.6,28,0.6,0.96
1365.1238462430192,124316.86606825772,0.5172413793103449,0.9263157894736842,0.45454545454545453,0.6,28,0.6,0.96
1365.1238462430192,124316.86606825772,0.5172413793103449,0.9263157894736842,0.45454545454545453,0.6,28,0.6,0.96
1365.1238462430192,124316.86606825772,0.5172413793103449,0.9263157894736842,0.45454545454545453,0.6,28,0.6,0.96
1365.1238462430192,124316.86606825772,0.5172413793103449,0.9263157894736842,0.45454545454545453,0.6,28,0.6,0.96
1365.1238462430192,124316.86606825772,0.5172413793103449,0.9263157894736842,0.45454545454545453,0.6,28,0.6,0.96
1365.1238462430192,124316.86606825772,0.5172413793103449,0.9263157894736842,0.45454545454545453,0.6,28,0.6,0.96
1365.1238462430192,124316.86606825772,0.5172413793103449,0.9263157894736842,0.45454545454545453,0.6,28,0.6,0.96
1365.1238462430192,124316.86606825772,0.5172413793103449,0.9263157894736842,0.45454545454545453,0.6,28,0.6,0.96
1365.1238462430192,124316.86606825772,0.5172413793103449,0.9263157894736842,0.45454545454545453,0.6,28,0.6,0.96
1365.1238462430192,124316.86606825772,0.5172413793103449,0.9263157894736842,0.45454545454545453,0.6,28,0.6,0.96
1365.1238462430192,124316.86606825772,0.5172413793103449,0.9263157894736842,0.45454545454545453,0.6,28,0.6,0.96
1365.1238462430192,124316.86606825772,0.5172413793103449,0.9263157894736842,0.45454545454545453,0.6,28,0.6,0.96
1365.1238462430192,124316.86606825772,0.5172413793103449,0.9263157894736842,0.45454545454545453,0.6,28,0.6,0.96
1365.1238462430192,124316.86606825772,0.5172413793103449,0.9263157894736842,0.45454545454545453,0.6,28,0.6,0.96
1365.1238462430192,124316.86606825772,0.5172413793103449,0.9263157894736842,0.45454545454545453,0.6,28,0.6,0.96
1365.1238462430192,124316.86606825772,0.5172413793103449,0.9263157894736842,0.45454545454545453,0.6,28,0.6,0.96
1365.1238462430192,124316.86606825772,0.5172413793103449,0.9263157894736842,0.45454545454545453,0.6,28,0.6,0.96
1365.1238462430192,124316.86606825772,0.5172413793103449,0.9263157894736842,0.45454545454545453,0.6,28,0.6,0.96
1365.1238462430192,124316.86606825772,0.5172413793103449,0.9263157894736842,0.45454545454545453,0.6,28,0.6,0.96
1365.1238462430192,124316.86606825772,0.5172413793103449,0.9263157894736842,0.45454545454545453,0.6,28,0.6,0.96
1365.1238462430192,124316.86606825772,0.5172413793103449,0.9263157894736842,0.45454545454545453,0.6,28,0.6,0.96
1365.1238462430192,124316.86606825772,0.5172413793103449,0.9263157894736842,0.45454545454545453,0.6,28,0.6,0.96
1365.1238462430192,124316.86606825772,0.5172413793103449,0.9263157894736842,0.45454545454545453,0.6,28,0.6,0.96
1365.1238462430192,124316.86606825772,0.5172413793103449,0.9263157894736842,0.45454545454545453,0.6,28,0.6,0.96
1365.1238462430192,124316.86606825772,0.5172413793103449,0.9263157894736842,0.45454545454545453,0.6,28,0.6,0.96
1365.1238462430192,124316.86606825772,0.5172413793103449,0.9263157894736842,0.45454545454545453,0.6,28,0.6,0.96
1365.1238462430192,124316.86606825772,0.5172413793103449,0.9263157894736842,0.45454545454545453,0.6,28,0.6,0.96
1365.1238462430192,124316.86606825772,0.5172413793103449,0.9263157894736842,0.45454545454545453,0.6,28,0.6,0.96
1365.1238462430192,124316.86606825772,0.5172413793103449,0.9263157894736842,0.45454545454545453,0.6,28,0.6,0.96
1365.1238462430192,124316.86606825772,0.5172413793103449,0.9263157894736842,0.45454545454545453,0.6,28,0.6,0.96
1365.1238462430192,124316.86606825772,0.5172413793103449,0.9263157894736842,0.45454545454545453,0.6,28,0.6,0.96
1365.1238462430192,124316.86606825772,0.5172413793103449,0.9263157894736842,0.45454545454545453,0.6,28,0.6,0.96
1365.1238462430192,124316.86606825772,0.5172413793103449,0.9263157894736842,0.45454545454545453,0.6,28,0.6,0.96
1365.1238462430192,124316.86606825772,0.5172413793103449,0.9263157894736842,0.45454545454545453,0.6,28,0.6,0.96
1365.1238462430192,124316.86606825772,0.5172413793103449,0.9263157894736842,0.45454545454545453,0.6,28,0.6,0.96
1365.1238462430192,124316.86606825772,0.5172413793103449,0.9263157894736842,0.45454545454545453,0.6,28,0.6,0.96
1365.1238462430192,124316.86606825772,0.5172413793103449,0.9263157894736842,0.45454545454545453,0.6,28,0.6,0.96
1365.1238462430192,124316.86606825772,0.5172413793103449,0.9263157894736842,0.45454545454545453,0.6,28,0.6,0.96
1365.1238462430192,124316.86606825772,0.5172413793103449,0.9263157894736842,0.45454545454545453,0.6,28,0.6,0.96
1365.1238462430192,124316.86606825772,0.5172413793103449,0.9263157894736842,0.45454545454545453,0.6,28,0.6,0.96
1365.1238462430192,124316.86606825772,0.5172413793103449,0.9263157894736842,0.45454545454545453,0.6,28,0.6,0.96
1365.1238462430192,124316.86606825772,0.5172413793103449,0.9263157894736842,0.45454545454545453,0.6,28,0.6,0.96
1365.1238462430192,124316.86606825772,0.5172413793103449,0.9263157894736842,0.45454545454545453,0.6,28,0.6,0.96
1365.1238462430192,124316.86606825772,0.5172413793103449,0.9263157894736842,0.45454545454545453,0.6,28,0.6,0.96
1365.1238462430192,124316.86606825772,0.5172413793103449,0.9263157894736842,0.45454545454545453,0.6,28,0.6,0.96
1365.1238462430192,124316.86606825772,0.5172413793103449,0.9263157894736842,0.45454545454545453,0.6,28,0.6,0.96
1365.1238462430192,124316.86606825772,0.5172413793103449,0.9263157894736842,0.45454545454545453,0.6,28,0.6,0.96
1365.1238462430192,124316.86606825772,0.5172413793103449,0.9263157894736842,0.45454545454545453,0.6,28,0.6,0.96
1365.1238462430192,124316.86606825772,0.5172413793103449,0.9263157894736842,0.45454545454545453,0.6,28,0.6,0.96
1365.1238462430192,124316.86606825772,0.5172413793103449,0.9263157894736842,0.45454545454545453,0.6,28,0.6,0.96
1365.1238462430192,124316.86606825772,0.5172413793103449,0.9263157894736842,0.45454545454545453,0.6,28,0.6,0.96
1365.1238462430192,124316.86606825772,0.5172413793103449,0.9263157894736842,0.45454545454545453,0.6,28,0.6,0.96
1365.1238462430192,124316.86606825772,0.5172413793103449,0.9263157894736842,0.45454545454545453,0.6,28,0.6,0.96
1365.1238462430192,124316.86606825772,0.5172413793103449,0.9263157894736842,0.45454545454545453,0.6,28,0.6,0.96
1365.1238462430192,124316.86606825772,0.5172413793103449,0.9263157894736842,0.45454545454545453,0.6,28,0.6,0.96
1365.1238462430192,124316.86606825772,0.5172413793103449,0.9263157894736842,0.45454545454545453,0.6,28,0.6,0.96
1365.1238462430192,124316.86606825772,0.5172413793103449,0.9263157894736842,0.45454545454545453,0.6,28,0.6,0.96
1339.7271668186295,124291.46938883333,0.5614035087719298,0.9342105263157895,0.5,0.64,25,0.64,0.96
1339.7271668186295,124291.46938883333,0.5614035087719298,0.9342105263157895,0.5,0.64,25,0.64,0.96
1339.7271668186295,124291.46938883333,0.5614035087719298,0.9342105263157895,0.5,0.64,25,0.64,0.96
1339.7271668186295,124291.46938883333,0.5614035087719298,0.9342105263157895,0.5,0.64,25,0.64,0.96
1339.7271668186295,124291.46938883333,0.5614035087719298,0.9342105263157895,0.5,0.64,25,0.64,0.96
1339.7271668186295,124291.46938883333,0.5614035087719298,0.9342105263157895,0.5,0.64,25,0.64,0.96
1339.7271668186295,124291.46938883333,0.5614035087719298,0.9342105263157895,0.5,0.64,25,0.64,0.96
1339.7271668186295,124291.46938883333,0.5614035087719298,0.9342105263157895,0.5,0.64,25,0.64,0.96
1339.7271668186295,124291.46938883333,0.5614035087719298,0.9342105263157895,0.5,0.64,25,0.64,0.96
1339.7271668186295,124291.46938883333,0.5614035087719298,0.9342105263157895,0.5,0.64,25,0.64,0.96
1339.7271668186295,124291.46938883333,0.5614035087719298,0.9342105263157895,0.5,0.64,25,0.64,0.96
1339.7271668186295,124291.46938883333,0.5614035087719298,0.9342105263157895,0.5,0.64,25,0.64,0.96
1339.7271668186295,124291.46938883333,0.5614035087719298,0.9342105263157895,0.5,0.64,25,0.64,0.96
1339.7271668186295,124291.46938883333,0.5614035087719298,0.9342105263157895,0.5,0.64,25,0.64,0.96
1339.7271668186295,124291.46938883333,0.5614035087719298,0.9342105263157895,0.5,0.64,25,0.64,0.96
1339.7271668186295,124291.46938883333,0.5614035087719298,0.9342105263157895,0.5,0.64,25,0.64,0.96
1339.7271668186295,124291.46938883333,0.5614035087719298,0.9342105263157895,0.5,0.64,25,0.64,0.96
1339.7271668186295,124291.46938883333,0.5614035087719298,0.9342105263157895,0.5,0.64,25,0.64,0.96
1339.7271668186295,124291.46938883333,0.5614035087719298,0.9342105263157895,0.5,0.64,25,0.64,0.96
1339.7271668186295,124291.46938883333,0.5614035087719298,0.9342105263157895,0.5,0.64,25,0.64,0.96
1339.7271668186295,124291.46938883333,0.5614035087719298,0.9342105263157895,0.5,0.64,25,0.64,0.96
1339.7271668186295,124291.46938883333,0.5614035087719298,0.9342105263157895,0.5,0.64,25,0.64,0.96
1339.7271668186295,124291.46938883333,0.5614035087719298,0.9342105263157895,0.5,0.64,25,0.64,0.96
1339.7271668186295,124291.46938883333,0.5614035087719298,0.9342105263157895,0.5,0.64,25,0.64,0.96
1339.7271668186295,124291.46938883333,0.5614035087719298,0.9342105263157895,0.5,0.64,25,0.64,0.96
1339.7271668186295,124291.46938883333,0.5614035087719298,0.9342105263157895,0.5,0.64,25,0.64,0.96
1339.7271668186295,124291.46938883333,0.5614035087719298,0.9342105263157895,0.5,0.64,25,0.64,0.96
1339.7271668186295,124291.46938883333,0.5614035087719298,0.9342105263157895,0.5,0.64,25,0.64,0.96
1339.7271668186295,124291.46938883333,0.5614035087719298,0.9342105263157895,0.5,0.64,25,0.64,0.96
1339.7271668186295,124291.46938883333,0.5614035087719298,0.9342105263157895,0.5,0.64,25,0.64,0.96
1339.7271668186295,124291.46938883333,0.5614035087719298,0.9342105263157895,0.5,0.64,25,0.64,0.96
1339.7271668186295,124291.46938883333,0.5614035087719298,0.9342105263157895,0.5,0.64,25,0.64,0.96
1339.7271668186295,124291.46938883333,0.5614035087719298,0.9342105263157895,0.5,0.64,25,0.64,0.96
1339.7271668186295,124291.46938883333,0.5614035087719298,0.9342105263157895,0.5,0.64,25,0.64,0.96
1339.7271668186295,124291.46938883333,0.5614035087719298,0.9342105263157895,0.5,0.64,25,0.64,0.96
1339.7271668186295,124291.46938883333,0.5614035087719298,0.9342105263157895,0.5,0.64,25,0.64,0.96
1339.7271668186295,124291.46938883333,0.5614035087719298,0.9342105263157895,0.5,0.64,25,0.64,0.96
1339.7271668186295,124291.46938883333,0.5614035087719298,0.9342105263157895,0.5,0.64,25,0.64,0.96
1339.7271668186295,124291.46938883333,0.5614035087719298,0.9342105263157895,0.5,0.64,25,0.64,0.96
1339.7271668186295,124291.46938883333,0.5614035087719298,0.9342105263157895,0.5,0.64,25,0.64,0.96
1339.7271668186295,124291.46938883333,0.5614035087719298,0.9342105263157895,0.5,0.64,25,0.64,0.96
1339.7271668186295,124291.46938883333,0.5614035087719298,0.9342105263157895,0.5,0.64,25,0.64,0.96
1339.7271668186295,124291.46938883333,0.5614035087719298,0.9342105263157895,0.5,0.64,25,0.64,0.96
1339.7271668186295,124291.46938883333,0.5614035087719298,0.9342105263157895,0.5,0.64,25,0.64,0.96
1339.7271668186295,124291.46938883333,0.5614035087719298,0.9342105263157895,0.5,0.64,25,0.64,0.96
1339.7271668186295,124291.46938883333,0.5614035087719298,0.9342105263157895,0.5,0.64,25,0.64,0.96
1339.7271668186295,124291.46938883333,0.5614035087719298,0.9342105263157895,0.5,0.64,25,0.64,0.96
1339.7271668186295,124291.46938883333,0.5614035087719298,0.9342105263157895,0.5,0.64,25,0.64,0.96
1339.7271668186295,124291.46938883333,0.5614035087719298,0.9342105263157895,0.5,0.64,25,0.64,0.96
1339.7271668186295,124291.46938883333,0.5614035087719298,0.9342105263157895,0.5,0.64,25,0.64,0.96
1339.7271668186295,124291.46938883333,0.5614035087719298,0.9342105263157895,0.5,0.64,25,0.64,0.96
1339.7271668186295,124291.46938883333,0.5614035087719298,0.9342105263157895,0.5,0.64,25,0.64,0.96
1339.7271668186295,124291.46938883333,0.5614035087719298,0.9342105263157895,0.5,0.64,25,0.64,0.96
1339.7271668186295,124291.46938883333,0.5614035087719298,0.9342105263157895,0.5,0.64,25,0.64,0.96
1339.7271668186295,124291.46938883333,0.5614035087719298,0.9342105263157895,0.5,0.64,25,0.64,0.96
1339.7271668186295,124291.46938883333,0.5614035087719298,0.9342105263157895,0.5,0.64,25,0.64,0.96
1339.7271668186295,124291.46938883333,0.5614035087719298,0.9342105263157895,0.5,0.64,25,0.64,0.96
1339.7271668186295,124291.46938883333,0.5614035087719298,0.9342105263157895,0.5,0.64,25,0.64,0.96
1339.7271668186295,124291.46938883333,0.5614035087719298,0.9342105263157895,0.5,0.64,25,0.64,0.96
1339.7271668186295,124291.46938883333,0.5614035087719298,0.9342105263157895,0.5,0.64,25,0.64,0.96
1339.7271668186295,124291.46938883333,0.5614035087719298,0.9342105263157895,0.5,0.64,25,0.64,0.96
1339.7271668186295,124291.46938883333,0.5614035087719298,0.9342105263157895,0.5,0.64,25,0.64,0.96
1339.7271668186295,124291.46938883333,0.5614035087719298,0.9342105263157895,0.5,0.64,25,0.64,0.96
1339.7271668186295,124291.46938883333,0.5614035087719298,0.9342105263157895,0.5,0.64,25,0.64,0.96
1339.7271668186295,124291.46938883333,0.5614035087719298,0.9342105263157895,0.5,0.64,25,0.64,0.96
1339.7271668186295,124291.46938883333,0.5614035087719298,0.9342105263157895,0.5,0.64,25,0.64,0.96
1339.7271668186295,124291.46938883333,0.5614035087719298,0.9342105263157895,0.5,0.64,25,0.64,0.96
1339.7271668186295,124291.46938883333,0.5614035087719298,0.9342105263157895,0.5,0.64,25,0.64,0.96
1339.7271668186295,124291.46938883333,0.5614035087719298,0.9342105263157895,0.5,0.64,25,0.64,0.96
1339.7271668186295,124291.46938883333,0.5614035087719298,0.9342105263157895,0.5,0.64,25,0.64,0.96
1339.7271668186295,124291.46938883333,0.5614035087719298,0.9342105263157895,0.5,0.64,25,0.64,0.96
1339.7271668186295,124291.46938883333,0.5614035087719298,0.9342105263157895,0.5,0.64,25,0.64,0.96
1339.7271668186295,124291.46938883333,0.5614035087719298,0.9342105263157895,0.5,0.64,25,0.64,0.96
1339.7271668186295,124291.46938883333,0.5614035087719298,0.9342105263157895,0.5,0.64,25,0.64,0.96
1339.7271668186295,124291.46938883333,0.5614035087719298,0.9342105263157895,0.5,0.64,25,0.64,0.96
1339.7271668186295,124291.46938883333,0.5614035087719298,0.9342105263157895,0.5,0.64,25,0.64,0.96
1339.7271668186295,124291.46938883333,0.5614035087719298,0.9342105263157895,0.5,0.64,25,0.64,0.96
1339.7271668186295,124291.46938883333,0.5614035087719298,0.9342105263157895,0.5,0.64,25,0.64,0.96
1339.7271668186295,124291.46938883333,0.5614035087719298,0.9342105263157895,0.5,0.64,25,0.64,0.96
1339.7271668186295,124291.46938883333,0.5614035087719298,0.9342105263157895,0.5,0.64,25,0.64,0.96
1339.7271668186295,124291.46938883333,0.5614035087719298,0.9342105263157895,0.5,0.64,25,0.64,0.96
1339.7271668186295,124291.46938883333,0.5614035087719298,0.9342105263157895,0.5,0.64,25,0.64,0.96
1365.7912163946748,124317.53343840937,0.5517241379310344,0.9315789473684211,0.48484848484848486,0.64,26,0.64,0.96
1339.7271668186295,124291.46938883333,0.5263157894736842,0.9289473684210526,0.46875,0.6,27,0.6,0.96
1339.7271668186295,124291.46938883333,0.5263157894736842,0.9289473684210526,0.46875,0.6,27,0.6,0.96
1339.7271668186295,124291.46938883333,0.5263157894736842,0.9289473684210526,0.46875,0.6,27,0.6,0.96
1339.7271668186295,124291.46938883333,0.5263157894736842,0.9289473684210526,0.46875,0.6,27,0.6,0.96
1339.7271668186295,124291.46938883333,0.5263157894736842,0.9289473684210526,0.46875,0.6,27,0.6,0.96
1339.7271668186295,124291.46938883333,0.5263157894736842,0.9289473684210526,0.46875,0.6,27,0.6,0.96
1339.7271668186295,124291.46938883333,0.5263157894736842,0.9289473684210526,0.46875,0.6,27,0.6,0.96
1339.7271668186295,124291.46938883333,0.5263157894736842,0.9289473684210526,0.46875,0.6,27,0.6,0.96
1339.7271668186295,124291.46938883333,0.5263157894736842,0.9289473684210526,0.46875,0.6,27,0.6,0.96
1339.7271668186295,124291.46938883333,0.5263157894736842,0.9289473684210526,0.46875,0.6,27,0.6,0.96
1339.7271668186295,124291.46938883333,0.5263157894736842,0.9289473684210526,0.46875,0.6,27,0.6,0.96
1339.7271668186295,124291.46938883333,0.5263157894736842,0.9289473684210526,0.46875,0.6,27,0.6,0.96
1339.7271668186295,124291.46938883333,0.5263157894736842,0.9289473684210526,0.46875,0.6,27,0.6,0.96
1339.7271668186295,124291.46938883333,0.5263157894736842,0.9289473684210526,0.46875,0.6,27,0.6,0.96
1339.7271668186295,124291.46938883333,0.5263157894736842,0.9289473684210526,0.46875,0.6,27,0.6,0.96
1339.7271668186295,124291.46938883333,0.5263157894736842,0.9289473684210526,0.46875,0.6,27,0.6,0.96
1339.7271668186295,124291.46938883333,0.5263157894736842,0.9289473684210526,0.46875,0.6,27,0.6,0.96
1339.7271668186295,124291.46938883333,0.5263157894736842,0.9289473684210526,0.46875,0.6,27,0.6,0.96
1339.7271668186295,124291.46938883333,0.5263157894736842,0.9289473684210526,0.46875,0.6,27,0.6,0.96
1339.7271668186295,124291.46938883333,0.5263157894736842,0.9289473684210526,0.46875,0.6,27,0.6,0.96
1339.7271668186295,124291.46938883333,0.5263157894736842,0.9289473684210526,0.46875,0.6,27,0.6,0.96
1339.7271668186295,124291.46938883333,0.5263157894736842,0.9289473684210526,0.46875,0.6,27,0.6,0.96
1339.7271668186295,124291.46938883333,0.5263157894736842,0.9289473684210526,0.46875,0.6,27,0.6,0.96
1339.7271668186295,124291.46938883333,0.5263157894736842,0.9289473684210526,0.46875,0.6,27,0.6,0.96
1339.7271668186295,124291.46938883333,0.5263157894736842,0.9289473684210526,0.46875,0.6,27,0.6,0.96
1339.7271668186295,124291.46938883333,0.5263157894736842,0.9289473684210526,0.46875,0.6,27,0.6,0.96
1339.7271668186295,124291.46938883333,0.5263157894736842,0.9289473684210526,0.46875,0.6,27,0.6,0.96
1339.7271668186295,124291.46938883333,0.5263157894736842,0.9289473684210526,0.46875,0.6,27,0.6,0.96
1339.7271668186295,124291.46938883333,0.5263157894736842,0.9289473684210526,0.46875,0.6,27,0.6,0.96
1339.7271668186295,124291.46938883333,0.5263157894736842,0.9289473684210526,0.46875,0.6,27,0.6,0.96
1339.7271668186295,124291.46938883333,0.5263157894736842,0.9289473684210526,0.46875,0.6,27,0.6,0.96
1339.7271668186295,124291.46938883333,0.5263157894736842,0.9289473684210526,0.46875,0.6,27,0.6,0.96
1339.7271668186295,124291.46938883333,0.5263157894736842,0.9289473684210526,0.46875,0.6,27,0.6,0.96
1339.7271668186295,124291.46938883333,0.5263157894736842,0.9289473684210526,0.46875,0.6,27,0.6,0.96
1339.7271668186295,124291.46938883333,0.5263157894736842,0.9289473684210526,0.46875,0.6,27,0.6,0.96
1339.7271668186295,124291.46938883333,0.5263157894736842,0.9289473684210526,0.46875,0.6,27,0.6,0.96
1339.7271668186295,124291.46938883333,0.5263157894736842,0.9289473684210526,0.46875,0.6,27,0.6,0.96
1339.7271668186295,124291.46938883333,0.5263157894736842,0.9289473684210526,0.46875,0.6,27,0.6,0.96
1339.7271668186295,124291.46938883333,0.5263157894736842,0.9289473684210526,0.46875,0.6,27,0.6,0.96
1339.7271668186295,124291.46938883333,0.5263157894736842,0.9289473684210526,0.46875,0.6,27,0.6,0.96
1339.7271668186295,124291.46938883333,0.5263157894736842,0.9289473684210526,0.46875,0.6,27,0.6,0.96
1339.7271668186295,124291.46938883333,0.5263157894736842,0.9289473684210526,0.46875,0.6,27,0.6,0.96
1339.7271668186295,124291.46938883333,0.5263157894736842,0.9289473684210526,0.46875,0.6,27,0.6,0.96
1339.7271668186295,124291.46938883333,0.5263157894736842,0.9289473684210526,0.46875,0.6,27,0.6,0.96
1339.7271668186295,124291.46938883333,0.5263157894736842,0.9289473684210526,0.46875,0.6,27,0.6,0.96
1339.7271668186295,124291.46938883333,0.5263157894736842,0.9289473684210526,0.46875,0.6,27,0.6,0.96
1339.7271668186295,124291.46938883333,0.5263157894736842,0.9289473684210526,0.46875,0.6,27,0.6,0.96
1339.7271668186295,124291.46938883333,0.5263157894736842,0.9289473684210526,0.46875,0.6,27,0.6,0.96
1339.7271668186295,124291.46938883333,0.5263157894736842,0.9289473684210526,0.46875,0.6,27,0.6,0.96
1339.7271668186295,124291.46938883333,0.5263157894736842,0.9289473684210526,0.46875,0.6,27,0.6,0.96
1339.7271668186295,124291.46938883333,0.5263157894736842,0.9289473684210526,0.46875,0.6,27,0.6,0.96
1339.7271668186295,124291.46938883333,0.5263157894736842,0.9289473684210526,0.46875,0.6,27,0.6,0.96
1339.7271668186295,124291.46938883333,0.5263157894736842,0.9289473684210526,0.46875,0.6,27,0.6,0.96
1339.7271668186295,124291.46938883333,0.5263157894736842,0.9289473684210526,0.46875,0.6,27,0.6,0.96
1339.7271668186295,124291.46938883333,0.5263157894736842,0.9289473684210526,0.46875,0.6,27,0.6,0.96
1339.7271668186295,124291.46938883333,0.5263157894736842,0.9289473684210526,0.46875,0.6,27,0.6,0.96
1339.7271668186295,124291.46938883333,0.5263157894736842,0.9289473684210526,0.46875,0.6,27,0.6,0.96
1339.7271668186295,124291.46938883333,0.5263157894736842,0.9289473684210526,0.46875,0.6,27,0.6,0.96
1339.7271668186295,124291.46938883333,0.5263157894736842,0.9289473684210526,0.46875,0.6,27,0.6,0.96
1339.7271668186295,124291.46938883333,0.5263157894736842,0.9289473684210526,0.46875,0.6,27,0.6,0.96
1339.7271668186295,124291.46938883333,0.5263157894736842,0.9289473684210526,0.46875,0.6,27,0.6,0.96
1339.7271668186295,124291.46938883333,0.5263157894736842,0.9289473684210526,0.46875,0.6,27,0.6,0.96
1339.7271668186295,124291.46938883333,0.5263157894736842,0.9289473684210526,0.46875,0.6,27,0.6,0.96
1339.7271668186295,124291.46938883333,0.5263157894736842,0.9289473684210526,0.46875,0.6,27,0.6,0.96
1339.7271668186295,124291.46938883333,0.5263157894736842,0.9289473684210526,0.46875,0.6,27,0.6,0.96
1339.7271668186295,124291.46938883333,0.5263157894736842,0.9289473684210526,0.46875,0.6,27,0.6,0.96
1339.7271668186295,124291.46938883333,0.5263157894736842,0.9289473684210526,0.46875,0.6,27,0.6,0.96
1339.7271668186295,124291.46938883333,0.5263157894736842,0.9289473684210526,0.46875,0.6,27,0.6,0.96
1339.7271668186295,124291.46938883333,0.5263157894736842,0.9289473684210526,0.46875,0.6,27,0.6,0.96
1339.7271668186295,124291.46938883333,0.5263157894736842,0.9289473684210526,0.46875,0.6,27,0.6,0.96
1339.7271668186295,124291.46938883333,0.5263157894736842,0.9289473684210526,0.46875,0.6,27,0.6,0.96
1339.7271668186295,124291.46938883333,0.5263157894736842,0.9289473684210526,0.46875,0.6,27,0.6,0.96
1339.7271668186295,124291.46938883333,0.5263157894736842,0.9289473684210526,0.46875,0.6,27,0.6,0.96
1339.7271668186295,124291.46938883333,0.5263157894736842,0.9289473684210526,0.46875,0.6,27,0.6,0.96
1339.7271668186295,124291.46938883333,0.5263157894736842,0.9289473684210526,0.46875,0.6,27,0.6,0.96
1339.7271668186295,124291.46938883333,0.5263157894736842,0.9289473684210526,0.46875,0.6,27,0.6,0.96
1339.7271668186295,124291.46938883333,0.5263157894736842,0.9289473684210526,0.46875,0.6,27,0.6,0.96
1339.7271668186295,124291.46938883333,0.5263157894736842,0.9289473684210526,0.46875,0.6,27,0.6,0.96
1339.7271668186295,124291.46938883333,0.5263157894736842,0.9289473684210526,0.46875,0.6,27,0.6,0.96
1339.7271668186295,124291.46938883333,0.5263157894736842,0.9289473684210526,0.46875,0.6,27,0.6,0.96
1339.7271668186295,124291.46938883333,0.5263157894736842,0.9289473684210526,0.46875,0.6,27,0.6,0.96
1339.7271668186295,124291.46938883333,0.5263157894736842,0.9289473684210526,0.46875,0.6,27,0.6,0.96
1339.7271668186295,124291.46938883333,0.5263157894736842,0.9289473684210526,0.46875,0.6,27,0.6,0.96
1339.7271668186295,124291.46938883333,0.5263157894736842,0.9289473684210526,0.46875,0.6,27,0.6,0.96
1339.7271668186295,124291.46938883333,0.5263157894736842,0.9289473684210526,0.46875,0.6,27,0.6,0.96
1339.7271668186295,124291.46938883333,0.5263157894736842,0.9289473684210526,0.46875,0.6,27,0.6,0.96
1339.7271668186295,124291.46938883333,0.5263157894736842,0.9289473684210526,0.46875,0.6,27,0.6,0.96
1339.7271668186295,124291.46938883333,0.5263157894736842,0.9289473684210526,0.46875,0.6,27,0.6,0.96
1339.7271668186295,124291.46938883333,0.5263157894736842,0.9289473684210526,0.46875,0.6,27,0.6,0.96
1339.7271668186295,124291.46938883333,0.5263157894736842,0.9289473684210526,0.46875,0.6,27,0.6,0.96
1339.7271668186295,124291.46938883333,0.5263157894736842,0.9289473684210526,0.46875,0.6,27,0.6,0.96
1339.7271668186295,124291.46938883333,0.5263157894736842,0.9289473684210526,0.46875,0.6,27,0.6,0.96
1339.7271668186295,124291.46938883333,0.5263157894736842,0.9289473684210526,0.46875,0.6,27,0.6,0.96
1339.7271668186295,124291.46938883333,0.5263157894736842,0.9289473684210526,0.46875,0.6,27,0.6,0.96
1339.7271668186295,124291.46938883333,0.5263157894736842,0.9289473684210526,0.46875,0.6,27,0.6,0.96
1339.7271668186295,124291.46938883333,0.5263157894736842,0.9289473684210526,0.46875,0.6,27,0.6,0.96
1339.7271668186295,124291.46938883333,0.5263157894736842,0.9289473684210526,0.46875,0.6,27,0.6,0.96
1339.7271668186295,124291.46938883333,0.5263157894736842,0.9289473684210526,0.46875,0.6,27,0.6,0.96
1339.7271668186295,124291.46938883333,0.5263157894736842,0.9289473684210526,0.46875,0.6,27,0.6,0.96
1339.7271668186295,124291.46938883333,0.5263157894736842,0.9289473684210526,0.46875,0.6,27,0.6,0.96
1339.7271668186295,124291.46938883333,0.5263157894736842,0.9289473684210526,0.46875,0.6,27,0.6,0.96
1339.7271668186295,124291.46938883333,0.5263157894736842,0.9289473684210526,0.46875,0.6,27,0.6,0.96
1339.7271668186295,124291.46938883333,0.5263157894736842,0.9289473684210526,0.46875,0.6,27,0.6,0.96
1339.7271668186295,124291.46938883333,0.5263157894736842,0.9289473684210526,0.46875,0.6,27,0.6,0.96
1339.7271668186295,124291.46938883333,0.5263157894736842,0.9289473684210526,0.46875,0.6,27,0.6,0.96
1339.7271668186295,124291.46938883333,0.5263157894736842,0.9289473684210526,0.46875,0.6,27,0.6,0.96
1339.7271668186295,124291.46938883333,0.5263157894736842,0.9289473684210526,0.46875,0.6,27,0.6,0.96
1339.7271668186295,124291.46938883333,0.5263157894736842,0.9289473684210526,0.46875,0.6,27,0.6,0.96
1339.7271668186295,124291.46938883333,0.5263157894736842,0.9289473684210526,0.46875,0.6,27,0.6,0.96
1339.7271668186295,124291.46938883333,0.5263157894736842,0.9289473684210526,0.46875,0.6,27,0.6,0.96
1339.7271668186295,124291.46938883333,0.5263157894736842,0.9289473684210526,0.46875,0.6,27,0.6,0.96
1339.7271668186295,124291.46938883333,0.5263157894736842,0.9289473684210526,0.46875,0.6,27,0.6,0.96
1339.7271668186295,124291.46938883333,0.5263157894736842,0.9289473684210526,0.46875,0.6,27,0.6,0.96
1339.7271668186295,124291.46938883333,0.5263157894736842,0.9289473684210526,0.46875,0.6,27,0.6,0.96
1339.7271668186295,124291.46938883333,0.5263157894736842,0.9289473684210526,0.46875,0.6,27,0.6,0.96
1339.7271668186295,124291.46938883333,0.5263157894736842,0.9289473684210526,0.46875,0.6,27,0.6,0.96
1339.7271668186295,124291.46938883333,0.5263157894736842,0.9289473684210526,0.46875,0.6,27,0.6,0.96
1339.7271668186295,124291.46938883333,0.5263157894736842,0.9289473684210526,0.46875,0.6,27,0.6,0.96
1339.7271668186295,124291.46938883333,0.5263157894736842,0.9289473684210526,0.46875,0.6,27,0.6,0.96
1339.7271668186295,124291.46938883333,0.5263157894736842,0.9289473684210526,0.46875,0.6,27,0.6,0.96
1339.7271668186295,124291.46938883333,0.5263157894736842,0.9289473684210526,0.46875,0.6,27,0.6,0.96
1339.7271668186295,124291.46938883333,0.5263157894736842,0.9289473684210526,0.46875,0.6,27,0.6,0.96
1339.7271668186295,124291.46938883333,0.5263157894736842,0.9289473684210526,0.46875,0.6,27,0.6,0.96
1339.7271668186295,124291.46938883333,0.5263157894736842,0.9289473684210526,0.46875,0.6,27,0.6,0.96
1339.7271668186295,124291.46938883333,0.5263157894736842,0.9289473684210526,0.46875,0.6,27,0.6,0.96
1339.7271668186295,124291.46938883333,0.5263157894736842,0.9289473684210526,0.46875,0.6,27,0.6,0.96
1339.7271668186295,124291.46938883333,0.5263157894736842,0.9289473684210526,0.46875,0.6,27,0.6,0.96
1339.7271668186295,124291.46938883333,0.5263157894736842,0.9289473684210526,0.46875,0.6,27,0.6,0.96
1339.7271668186295,124291.46938883333,0.5263157894736842,0.9289473684210526,0.46875,0.6,27,0.6,0.96
1339.7271668186295,124291.46938883333,0.5263157894736842,0.9289473684210526,0.46875,0.6,27,0.6,0.96
1339.7271668186295,124291.46938883333,0.5263157894736842,0.9289473684210526,0.46875,0.6,27,0.6,0.96
1339.7271668186295,124291.46938883333,0.5263157894736842,0.9289473684210526,0.46875,0.6,27,0.6,0.96
1339.7271668186295,124291.46938883333,0.5263157894736842,0.9289473684210526,0.46875,0.6,27,0.6,0.96
1339.7271668186295,124291.46938883333,0.5263157894736842,0.9289473684210526,0.46875,0.6,27,0.6,0.96
1339.7271668186295,124291.46938883333,0.5263157894736842,0.9289473684210526,0.46875,0.6,27,0.6,0.96
1339.7271668186295,124291.46938883333,0.5263157894736842,0.9289473684210526,0.46875,0.6,27,0.6,0.96
1339.7271668186295,124291.46938883333,0.5263157894736842,0.9289473684210526,0.46875,0.6,27,0.6,0.96
1339.7271668186295,124291.46938883333,0.5263157894736842,0.9289473684210526,0.46875,0.6,27,0.6,0.96
1339.7271668186295,124291.46938883333,0.5263157894736842,0.9289473684210526,0.46875,0.6,27,0.6,0.96
1339.7271668186295,124291.46938883333,0.5263157894736842,0.9289473684210526,0.46875,0.6,27,0.6,0.96
1339.7271668186295,124291.46938883333,0.5263157894736842,0.9289473684210526,0.46875,0.6,27,0.6,0.96
1339.7271668186295,124291.46938883333,0.5263157894736842,0.9289473684210526,0.46875,0.6,27,0.6,0.96
1339.7271668186295,124291.46938883333,0.5263157894736842,0.9289473684210526,0.46875,0.6,27,0.6,0.96
1339.7271668186295,124291.46938883333,0.5263157894736842,0.9289473684210526,0.46875,0.6,27,0.6,0.96
1339.7271668186295,124291.46938883333,0.5263157894736842,0.9289473684210526,0.46875,0.6,27,0.6,0.96
1339.7271668186295,124291.46938883333,0.5263157894736842,0.9289473684210526,0.46875,0.6,27,0.6,0.96
1339.7271668186295,124291.46938883333,0.5263157894736842,0.9289473684210526,0.46875,0.6,27,0.6,0.96
1339.7271668186295,124291.46938883333,0.5263157894736842,0.9289473684210526,0.46875,0.6,27,0.6,0.96
1339.7271668186295,124291.46938883333,0.5263157894736842,0.9289473684210526,0.46875,0.6,27,0.6,0.96
1339.7271668186295,124291.46938883333,0.5263157894736842,0.9289473684210526,0.46875,0.6,27,0.6,0.96
1339.7271668186295,124291.46938883333,0.5263157894736842,0.9289473684210526,0.46875,0.6,27,0.6,0.96
1339.7271668186295,124291.46938883333,0.5263157894736842,0.9289473684210526,0.46875,0.6,27,0.6,0.96
1339.7271668186295,124291.46938883333,0.5263157894736842,0.9289473684210526,0.46875,0.6,27,0.6,0.96
1339.7271668186295,124291.46938883333,0.5263157894736842,0.9289473684210526,0.46875,0.6,27,0.6,0.96
1339.7271668186295,124291.46938883333,0.5263157894736842,0.9289473684210526,0.46875,0.6,27,0.6,0.96
1339.7271668186295,124291.46938883333,0.5263157894736842,0.9289473684210526,0.46875,0.6,27,0.6,0.96
1339.7271668186295,124291.46938883333,0.5263157894736842,0.9289473684210526,0.46875,0.6,27,0.6,0.96
1339.7271668186295,124291.46938883333,0.5263157894736842,0.9289473684210526,0.46875,0.6,27,0.6,0.96
1339.7271668186295,124291.46938883333,0.5263157894736842,0.9289473684210526,0.46875,0.6,27,0.6,0.96
1339.7271668186295,124291.46938883333,0.5263157894736842,0.9289473684210526,0.46875,0.6,27,0.6,0.96
1339.7271668186295,124291.46938883333,0.5263157894736842,0.9289473684210526,0.46875,0.6,27,0.6,0.96
1339.7271668186295,124291.46938883333,0.5263157894736842,0.9289473684210526,0.46875,0.6,27,0.6,0.96
1339.7271668186295,124291.46938883333,0.5263157894736842,0.9289473684210526,0.46875,0.6,27,0.6,0.96
1339.7271668186295,124291.46938883333,0.5263157894736842,0.9289473684210526,0.46875,0.6,27,0.6,0.96
1339.7271668186295,124291.46938883333,0.5263157894736842,0.9289473684210526,0.46875,0.6,27,0.6,0.96
1339.7271668186295,124291.46938883333,0.5263157894736842,0.9289473684210526,0.46875,0.6,27,0.6,0.96
1339.7271668186295,124291.46938883333,0.5263157894736842,0.9289473684210526,0.46875,0.6,27,0.6,0.96
1339.7271668186295,124291.46938883333,0.5263157894736842,0.9289473684210526,0.46875,0.6,27,0.6,0.96
1339.7271668186295,124291.46938883333,0.5263157894736842,0.9289473684210526,0.46875,0.6,27,0.6,0.96
1339.7271668186295,124291.46938883333,0.5263157894736842,0.9289473684210526,0.46875,0.6,27,0.6,0.96
1339.7271668186295,124291.46938883333,0.5263157894736842,0.9289473684210526,0.46875,0.6,27,0.6,0.96
1339.7271668186295,124291.46938883333,0.5263157894736842,0.9289473684210526,0.46875,0.6,27,0.6,0.96
1339.7271668186295,124291.46938883333,0.5263157894736842,0.9289473684210526,0.46875,0.6,27,0.6,0.96
1339.7271668186295,124291.46938883333,0.5263157894736842,0.9289473684210526,0.46875,0.6,27,0.6,0.96
1339.7271668186295,124291.46938883333,0.5263157894736842,0.9289473684210526,0.46875,0.6,27,0.6,0.96
1339.7271668186295,124291.46938883333,0.5263157894736842,0.9289473684210526,0.46875,0.6,27,0.6,0.96
1339.7271668186295,124291.46938883333,0.5263157894736842,0.9289473684210526,0.46875,0.6,27,0.6,0.96
1339.7271668186295,124291.46938883333,0.5263157894736842,0.9289473684210526,0.46875,0.6,27,0.6,0.96
1339.7271668186295,124291.46938883333,0.5263157894736842,0.9289473684210526,0.46875,0.6,27,0.6,0.96
1339.7271668186295,124291.46938883333,0.5263157894736842,0.9289473684210526,0.46875,0.6,27,0.6,0.96
1339.7271668186295,124291.46938883333,0.5263157894736842,0.9289473684210526,0.46875,0.6,27,0.6,0.96
1339.7271668186295,124291.46938883333,0.5263157894736842,0.9289473684210526,0.46875,0.6,27,0.6,0.96
1339.7271668186295,124291.46938883333,0.5263157894736842,0.9289473684210526,0.46875,0.6,27,0.6,0.96
1339.7271668186295,124291.46938883333,0.5263157894736842,0.9289473684210526,0.46875,0.6,27,0.6,0.96
1339.7271668186295,124291.46938883333,0.5263157894736842,0.9289473684210526,0.46875,0.6,27,0.6,0.96
1339.7271668186295,124291.46938883333,0.5263157894736842,0.9289473684210526,0.46875,0.6,27,0.6,0.96
1339.7271668186295,124291.46938883333,0.5263157894736842,0.9289473684210526,0.46875,0.6,27,0.6,0.96
1339.7271668186295,124291.46938883333,0.5263157894736842,0.9289473684210526,0.46875,0.6,27,0.6,0.96
1339.7271668186295,124291.46938883333,0.5263157894736842,0.9289473684210526,0.46875,0.6,27,0.6,0.96
1339.7271668186295,124291.46938883333,0.5263157894736842,0.9289473684210526,0.46875,0.6,27,0.6,0.96
1339.7271668186295,124291.46938883333,0.5263157894736842,0.9289473684210526,0.46875,0.6,27,0.6,0.96
1339.7271668186295,124291.46938883333,0.5263157894736842,0.9289473684210526,0.46875,0.6,27,0.6,0.96
1339.7271668186295,124291.46938883333,0.5263157894736842,0.9289473684210526,0.46875,0.6,27,0.6,0.96
1339.7271668186295,124291.46938883333,0.5263157894736842,0.9289473684210526,0.46875,0.6,27,0.6,0.96
1339.7271668186295,124291.46938883333,0.5263157894736842,0.9289473684210526,0.46875,0.6,27,0.6,0.96
1339.7271668186295,124291.46938883333,0.5263157894736842,0.9289473684210526,0.46875,0.6,27,0.6,0.96
1339.7271668186295,124291.46938883333,0.5263157894736842,0.9289473684210526,0.46875,0.6,27,0.6,0.96
1339.7271668186295,124291.46938883333,0.5263157894736842,0.9289473684210526,0.46875,0.6,27,0.6,0.96
1339.7271668186295,124291.46938883333,0.5263157894736842,0.9289473684210526,0.46875,0.6,27,0.6,0.96
1339.7271668186295,124291.46938883333,0.5263157894736842,0.9289473684210526,0.46875,0.6,27,0.6,0.96
1339.7271668186295,124291.46938883333,0.5263157894736842,0.9289473684210526,0.46875,0.6,27,0.6,0.96
1339.7271668186295,124291.46938883333,0.5263157894736842,0.9289473684210526,0.46875,0.6,27,0.6,0.96
1339.7271668186295,124291.46938883333,0.5263157894736842,0.9289473684210526,0.46875,0.6,27,0.6,0.96
1339.7271668186295,124291.46938883333,0.5263157894736842,0.9289473684210526,0.46875,0.6,27,0.6,0.96
1339.7271668186295,124291.46938883333,0.5263157894736842,0.9289473684210526,0.46875,0.6,27,0.6,0.96
1339.7271668186295,124291.46938883333,0.5263157894736842,0.9289473684210526,0.46875,0.6,27,0.6,0.96
1339.7271668186295,124291.46938883333,0.5263157894736842,0.9289473684210526,0.46875,0.6,27,0.6,0.96
1339.7271668186295,124291.46938883333,0.5263157894736842,0.9289473684210526,0.46875,0.6,27,0.6,0.96
1339.7271668186295,124291.46938883333,0.5263157894736842,0.9289473684210526,0.46875,0.6,27,0.6,0.96
1339.7271668186295,124291.46938883333,0.5263157894736842,0.9289473684210526,0.46875,0.6,27,0.6,0.96
1339.7271668186295,124291.46938883333,0.5263157894736842,0.9289473684210526,0.46875,0.6,27,0.6,0.96
1339.7271668186295,124291.46938883333,0.5263157894736842,0.9289473684210526,0.46875,0.6,27,0.6,0.96
1339.7271668186295,124291.46938883333,0.5263157894736842,0.9289473684210526,0.46875,0.6,27,0.6,0.96
1339.7271668186295,124291.46938883333,0.5263157894736842,0.9289473684210526,0.46875,0.6,27,0.6,0.96
1339.7271668186295,124291.46938883333,0.5263157894736842,0.9289473684210526,0.46875,0.6,27,0.6,0.96
1339.7271668186295,124291.46938883333,0.5263157894736842,0.9289473684210526,0.46875,0.6,27,0.6,0.96
1339.7271668186295,124291.46938883333,0.5263157894736842,0.9289473684210526,0.46875,0.6,27,0.6,0.96
1339.7271668186295,124291.46938883333,0.5263157894736842,0.9289473684210526,0.46875,0.6,27,0.6,0.96
1339.7271668186295,124291.46938883333,0.5263157894736842,0.9289473684210526,0.46875,0.6,27,0.6,0.96
1339.7271668186295,124291.46938883333,0.5263157894736842,0.9289473684210526,0.46875,0.6,27,0.6,0.96
1339.7271668186295,124291.46938883333,0.5263157894736842,0.9289473684210526,0.46875,0.6,27,0.6,0.96
1339.7271668186295,124291.46938883333,0.5263157894736842,0.9289473684210526,0.46875,0.6,27,0.6,0.96
1339.7271668186295,124291.46938883333,0.5263157894736842,0.9289473684210526,0.46875,0.6,27,0.6,0.96
1339.7271668186295,124291.46938883333,0.5263157894736842,0.9289473684210526,0.46875,0.6,27,0.6,0.96
1339.7271668186295,124291.46938883333,0.5263157894736842,0.9289473684210526,0.46875,0.6,27,0.6,0.96
1339.7271668186295,124291.46938883333,0.5263157894736842,0.9289473684210526,0.46875,0.6,27,0.6,0.96
1339.7271668186295,124291.46938883333,0.5263157894736842,0.9289473684210526,0.46875,0.6,27,0.6,0.96
1339.7271668186295,124291.46938883333,0.5263157894736842,0.9289473684210526,0.46875,0.6,27,0.6,0.96
1339.7271668186295,124291.46938883333,0.5263157894736842,0.9289473684210526,0.46875,0.6,27,0.6,0.96
1339.7271668186295,124291.46938883333,0.5263157894736842,0.9289473684210526,0.46875,0.6,27,0.6,0.96
1339.7271668186295,124291.46938883333,0.5263157894736842,0.9289473684210526,0.46875,0.6,27,0.6,0.96
1339.7271668186295,124291.46938883333,0.5263157894736842,0.9289473684210526,0.46875,0.6,27,0.6,0.96
1339.7271668186295,124291.46938883333,0.5263157894736842,0.9289473684210526,0.46875,0.6,27,0.6,0.96
1339.7271668186295,124291.46938883333,0.5263157894736842,0.9289473684210526,0.46875,0.6,27,0.6,0.96
1339.7271668186295,124291.46938883333,0.5263157894736842,0.9289473684210526,0.46875,0.6,27,0.6,0.96
1339.7271668186295,124291.46938883333,0.5263157894736842,0.9289473684210526,0.46875,0.6,27,0.6,0.96
1339.7271668186295,124291.46938883333,0.5263157894736842,0.9289473684210526,0.46875,0.6,27,0.6,0.96
1339.7271668186295,124291.46938883333,0.5263157894736842,0.9289473684210526,0.46875,0.6,27,0.6,0.96
1339.7271668186295,124291.46938883333,0.5263157894736842,0.9289473684210526,0.46875,0.6,27,0.6,0.96
1339.7271668186295,124291.46938883333,0.5263157894736842,0.9289473684210526,0.46875,0.6,27,0.6,0.96
1339.7271668186295,124291.46938883333,0.5263157894736842,0.9289473684210526,0.46875,0.6,27,0.6,0.96
1339.7271668186295,124291.46938883333,0.5263157894736842,0.9289473684210526,0.46875,0.6,27,0.6,0.96
1339.7271668186295,124291.46938883333,0.5263157894736842,0.9289473684210526,0.46875,0.6,27,0.6,0.96
1339.7271668186295,124291.46938883333,0.5263157894736842,0.9289473684210526,0.46875,0.6,27,0.6,0.96
1339.7271668186295,124291.46938883333,0.5263157894736842,0.9289473684210526,0.46875,0.6,27,0.6,0.96
1339.7271668186295,124291.46938883333,0.5263157894736842,0.9289473684210526,0.46875,0.6,27,0.6,0.96
1339.7271668186295,124291.46938883333,0.5263157894736842,0.9289473684210526,0.46875,0.6,27,0.6,0.96
1339.7271668186295,124291.46938883333,0.5263157894736842,0.9289473684210526,0.46875,0.6,27,0.6,0.96
1339.7271668186295,124291.46938883333,0.5263157894736842,0.9289473684210526,0.46875,0.6,27,0.6,0.96
1339.7271668186295,124291.46938883333,0.5263157894736842,0.9289473684210526,0.46875,0.6,27,0.6,0.96
1339.7271668186295,124291.46938883333,0.5263157894736842,0.9289473684210526,0.46875,0.6,27,0.6,0.96
1339.7271668186295,124291.46938883333,0.5263157894736842,0.9289473684210526,0.46875,0.6,27,0.6,0.96
1339.7271668186295,124291.46938883333,0.5263157894736842,0.9289473684210526,0.46875,0.6,27,0.6,0.96
1339.7271668186295,124291.46938883333,0.5263157894736842,0.9289473684210526,0.46875,0.6,27,0.6,0.96
1339.7271668186295,124291.46938883333,0.5263157894736842,0.9289473684210526,0.46875,0.6,27,0.6,0.96
1339.7271668186295,124291.46938883333,0.5263157894736842,0.9289473684210526,0.46875,0.6,27,0.6,0.96
1339.7271668186295,124291.46938883333,0.5263157894736842,0.9289473684210526,0.46875,0.6,27,0.6,0.96
1339.7271668186295,124291.46938883333,0.5263157894736842,0.9289473684210526,0.46875,0.6,27,0.6,0.96
1339.7271668186295,124291.46938883333,0.5263157894736842,0.9289473684210526,0.46875,0.6,27,0.6,0.96
1339.7271668186295,124291.46938883333,0.5263157894736842,0.9289473684210526,0.46875,0.6,27,0.6,0.96
1339.7271668186295,124291.46938883333,0.5263157894736842,0.9289473684210526,0.46875,0.6,27,0.6,0.96
1339.7271668186295,124291.46938883333,0.5263157894736842,0.9289473684210526,0.46875,0.6,27,0.6,0.96
1339.7271668186295,124291.46938883333,0.5263157894736842,0.9289473684210526,0.46875,0.6,27,0.6,0.96
1339.7271668186295,124291.46938883333,0.5263157894736842,0.9289473684210526,0.46875,0.6,27,0.6,0.96
1339.7271668186295,124291.46938883333,0.5263157894736842,0.9289473684210526,0.46875,0.6,27,0.6,0.96
1339.7271668186295,124291.46938883333,0.5263157894736842,0.9289473684210526,0.46875,0.6,27,0.6,0.96
1339.7271668186295,124291.46938883333,0.5263157894736842,0.9289473684210526,0.46875,0.6,27,0.6,0.96
1339.7271668186295,124291.46938883333,0.5263157894736842,0.9289473684210526,0.46875,0.6,27,0.6,0.96
1339.7271668186295,124291.46938883333,0.5263157894736842,0.9289473684210526,0.46875,0.6,27,0.6,0.96
1339.7271668186295,124291.46938883333,0.5263157894736842,0.9289473684210526,0.46875,0.6,27,0.6,0.96
1339.7271668186295,124291.46938883333,0.5263157894736842,0.9289473684210526,0.46875,0.6,27,0.6,0.96
1339.7271668186295,124291.46938883333,0.5263157894736842,0.9289473684210526,0.46875,0.6,27,0.6,0.96
1339.7271668186295,124291.46938883333,0.5263157894736842,0.9289473684210526,0.46875,0.6,27,0.6,0.96
1339.7271668186295,124291.46938883333,0.5263157894736842,0.9289473684210526,0.46875,0.6,27,0.6,0.96
1339.7271668186295,124291.46938883333,0.5263157894736842,0.9289473684210526,0.46875,0.6,27,0.6,0.96
1339.7271668186295,124291.46938883333,0.5263157894736842,0.9289473684210526,0.46875,0.6,27,0.6,0.96
1339.7271668186295,124291.46938883333,0.5263157894736842,0.9289473684210526,0.46875,0.6,27,0.6,0.96
1339.7271668186295,124291.46938883333,0.5263157894736842,0.9289473684210526,0.46875,0.6,27,0.6,0.96
1339.7271668186295,124291.46938883333,0.5263157894736842,0.9289473684210526,0.46875,0.6,27,0.6,0.96
1339.7271668186295,124291.46938883333,0.5263157894736842,0.9289473684210526,0.46875,0.6,27,0.6,0.96
1339.7271668186295,124291.46938883333,0.5263157894736842,0.9289473684210526,0.46875,0.6,27,0.6,0.96
1339.7271668186295,124291.46938883333,0.5263157894736842,0.9289473684210526,0.46875,0.6,27,0.6,0.96
1339.7271668186295,124291.46938883333,0.5263157894736842,0.9289473684210526,0.46875,0.6,27,0.6,0.96
1339.7271668186295,124291.46938883333,0.5263157894736842,0.9289473684210526,0.46875,0.6,27,0.6,0.96
1339.7271668186295,124291.46938883333,0.5263157894736842,0.9289473684210526,0.46875,0.6,27,0.6,0.96
1339.7271668186295,124291.46938883333,0.5263157894736842,0.9289473684210526,0.46875,0.6,27,0.6,0.96
1339.7271668186295,124291.46938883333,0.5263157894736842,0.9289473684210526,0.46875,0.6,27,0.6,0.96
1339.7271668186295,124291.46938883333,0.5263157894736842,0.9289473684210526,0.46875,0.6,27,0.6,0.96
1339.7271668186295,124291.46938883333,0.5263157894736842,0.9289473684210526,0.46875,0.6,27,0.6,0.96
1339.7271668186295,124291.46938883333,0.5263157894736842,0.9289473684210526,0.46875,0.6,27,0.6,0.96
1339.7271668186295,124291.46938883333,0.5263157894736842,0.9289473684210526,0.46875,0.6,27,0.6,0.96
983.2037633289292,123934.94598534363,0.5862068965517241,0.9368421052631579,0.5151515151515151,0.68,24,0.68,0.96
983.2037633289292,123934.94598534363,0.5862068965517241,0.9368421052631579,0.5151515151515151,0.68,24,0.68,0.96
843.1318406857899,123794.87406270049,0.6428571428571428,0.9473684210526315,0.5806451612903226,0.72,20,0.72,0.96
747.8678988611209,123699.61012087582,0.6545454545454547,0.95,0.6,0.72,19,0.72,0.96
662.2586906346987,123614.0009126494,0.6071428571428571,0.9421052631578948,0.5483870967741935,0.68,22,0.68,0.96
637.3120255111862,123589.05424752588,0.5818181818181818,0.9394736842105263,0.5333333333333333,0.64,23,0.64,0.96
637.3120255111571,123589.05424752586,0.6181818181818183,0.9447368421052632,0.5666666666666667,0.68,21,0.68,0.96
598.2613004605373,123550.00352247524,0.6071428571428571,0.9421052631578948,0.5483870967741935,0.68,22,0.68,0.96
457.68303117541655,123409.42525319011,0.6545454545454547,0.95,0.6,0.72,19,0.72,1.0
261.70902500221564,123213.45124701691,0.6666666666666666,0.9526315789473684,0.6206896551724138,0.72,18,0.72,1.0
261.70902500221564,123213.45124701691,0.6666666666666666,0.9526315789473684,0.6206896551724138,0.72,18,0.72,1.0
261.70902500221564,123213.45124701691,0.6666666666666666,0.9526315789473684,0.6206896551724138,0.72,18,0.72,1.0
261.70902500221564,123213.45124701691,0.6666666666666666,0.9526315789473684,0.6206896551724138,0.72,18,0.72,1.0
261.70902500221564,123213.45124701691,0.6666666666666666,0.9526315789473684,0.6206896551724138,0.72,18,0.72,1.0
261.70902500221564,123213.45124701691,0.6666666666666666,0.9526315789473684,0.6206896551724138,0.72,18,0.72,1.0
261.70902500221564,123213.45124701691,0.6666666666666666,0.9526315789473684,0.6206896551724138,0.72,18,0.72,1.0
261.70902500221564,123213.45124701691,0.6666666666666666,0.9526315789473684,0.6206896551724138,0.72,18,0.72,1.0
212.48806076210167,123164.2302827768,0.7547169811320756,0.9657894736842105,0.7142857142857143,0.8,13,0.8,1.0
212.48806076210167,123164.2302827768,0.7547169811320756,0.9657894736842105,0.7142857142857143,0.8,13,0.8,1.0
212.48806076210167,123164.2302827768,0.7547169811320756,0.9657894736842105,0.7142857142857143,0.8,13,0.8,1.0
212.48806076210167,123164.2302827768,0.7547169811320756,0.9657894736842105,0.7142857142857143,0.8,13,0.8,1.0
212.48806076210167,123164.2302827768,0.7547169811320756,0.9657894736842105,0.7142857142857143,0.8,13,0.8,1.0
212.48806076210167,123164.2302827768,0.7547169811320756,0.9657894736842105,0.7142857142857143,0.8,13,0.8,1.0
212.48806076210167,123164.2302827768,0.7547169811320756,0.9657894736842105,0.7142857142857143,0.8,13,0.8,1.0
212.48806076210167,123164.2302827768,0.7547169811320756,0.9657894736842105,0.7142857142857143,0.8,13,0.8,1.0
212.48806076210167,123164.2302827768,0.7547169811320756,0.9657894736842105,0.7142857142857143,0.8,13,0.8,1.0
212.48806076210167,123164.2302827768,0.7547169811320756,0.9657894736842105,0.7142857142857143,0.8,13,0.8,1.0
212.48806076210167,123164.2302827768,0.7547169811320756,0.9657894736842105,0.7142857142857143,0.8,13,0.8,1.0
212.48806076210167,123164.2302827768,0.7547169811320756,0.9657894736842105,0.7142857142857143,0.8,13,0.8,1.0
212.48806076210167,123164.2302827768,0.7547169811320756,0.9657894736842105,0.7142857142857143,0.8,13,0.8,1.0
212.48806076210167,123164.2302827768,0.7547169811320756,0.9657894736842105,0.7142857142857143,0.8,13,0.8,1.0
212.48806076210167,123164.2302827768,0.7547169811320756,0.9657894736842105,0.7142857142857143,0.8,13,0.8,1.0
212.48806076210167,123164.2302827768,0.7547169811320756,0.9657894736842105,0.7142857142857143,0.8,13,0.8,1.0
212.48806076210167,123164.2302827768,0.7547169811320756,0.9657894736842105,0.7142857142857143,0.8,13,0.8,1.0
212.48806076210167,123164.2302827768,0.7547169811320756,0.9657894736842105,0.7142857142857143,0.8,13,0.8,1.0
212.48806076210167,123164.2302827768,0.7547169811320756,0.9657894736842105,0.7142857142857143,0.8,13,0.8,1.0
212.48806076210167,123164.2302827768,0.7547169811320756,0.9657894736842105,0.7142857142857143,0.8,13,0.8,1.0
212.48806076210167,123164.2302827768,0.7547169811320756,0.9657894736842105,0.7142857142857143,0.8,13,0.8,1.0
212.48806076210167,123164.2302827768,0.7547169811320756,0.9657894736842105,0.7142857142857143,0.8,13,0.8,1.0
212.48806076210167,123164.2302827768,0.7547169811320756,0.9657894736842105,0.7142857142857143,0.8,13,0.8,1.0
212.48806076210167,123164.2302827768,0.7547169811320756,0.9657894736842105,0.7142857142857143,0.8,13,0.8,1.0
212.48806076210167,123164.2302827768,0.7547169811320756,0.9657894736842105,0.7142857142857143,0.8,13,0.8,1.0
212.48806076210167,123164.2302827768,0.7547169811320756,0.9657894736842105,0.7142857142857143,0.8,13,0.8,1.0
212.48806076210167,123164.2302827768,0.7547169811320756,0.9657894736842105,0.7142857142857143,0.8,13,0.8,1.0
212.48806076210167,123164.2302827768,0.7547169811320756,0.9657894736842105,0.7142857142857143,0.8,13,0.8,1.0
212.48806076210167,123164.2302827768,0.7547169811320756,0.9657894736842105,0.7142857142857143,0.8,13,0.8,1.0
212.48806076210167,123164.2302827768,0.7547169811320756,0.9657894736842105,0.7142857142857143,0.8,13,0.8,1.0
212.48806076210167,123164.2302827768,0.7547169811320756,0.9657894736842105,0.7142857142857143,0.8,13,0.8,1.0
212.48806076210167,123164.2302827768,0.7547169811320756,0.9657894736842105,0.7142857142857143,0.8,13,0.8,1.0
212.48806076210167,123164.2302827768,0.7547169811320756,0.9657894736842105,0.7142857142857143,0.8,13,0.8,1.0
212.48806076210167,123164.2302827768,0.7547169811320756,0.9657894736842105,0.7142857142857143,0.8,13,0.8,1.0
212.48806076210167,123164.2302827768,0.7547169811320756,0.9657894736842105,0.7142857142857143,0.8,13,0.8,1.0
212.48806076210167,123164.2302827768,0.7547169811320756,0.9657894736842105,0.7142857142857143,0.8,13,0.8,1.0
212.48806076210167,123164.2302827768,0.7547169811320756,0.9657894736842105,0.7142857142857143,0.8,13,0.8,1.0
212.48806076210167,123164.2302827768,0.7547169811320756,0.9657894736842105,0.7142857142857143,0.8,13,0.8,1.0
212.48806076210167,123164.2302827768,0.7547169811320756,0.9657894736842105,0.7142857142857143,0.8,13,0.8,1.0
212.48806076210167,123164.2302827768,0.7547169811320756,0.9657894736842105,0.7142857142857143,0.8,13,0.8,1.0
212.48806076210167,123164.2302827768,0.7547169811320756,0.9657894736842105,0.7142857142857143,0.8,13,0.8,1.0
212.48806076210167,123164.2302827768,0.7547169811320756,0.9657894736842105,0.7142857142857143,0.8,13,0.8,1.0
212.48806076210167,123164.2302827768,0.7547169811320756,0.9657894736842105,0.7142857142857143,0.8,13,0.8,1.0
212.48806076210167,123164.2302827768,0.7547169811320756,0.9657894736842105,0.7142857142857143,0.8,13,0.8,1.0
178.74920544213091,123130.49142745683,0.8076923076923077,0.9736842105263158,0.7777777777777778,0.84,10,0.84,1.0
170.03160980205575,123121.77383181675,0.8235294117647058,0.9763157894736842,0.8076923076923077,0.84,9,0.84,1.0
170.03160980205575,123121.77383181675,0.8235294117647058,0.9763157894736842,0.8076923076923077,0.84,9,0.84,1.0
170.0316098020412,123121.77383181674,0.8627450980392156,0.9815789473684211,0.8461538461538461,0.88,7,0.88,1.0
170.0316098020412,123121.77383181674,0.8627450980392156,0.9815789473684211,0.8461538461538461,0.88,7,0.88,1.0
170.0316098020412,123121.77383181674,0.8627450980392156,0.9815789473684211,0.8461538461538461,0.88,7,0.88,1.0
170.0316098020412,123121.77383181674,0.8627450980392156,0.9815789473684211,0.8461538461538461,0.88,7,0.88,1.0
170.0316098020412,123121.77383181674,0.8627450980392156,0.9815789473684211,0.8461538461538461,0.88,7,0.88,1.0
170.0316098020412,123121.77383181674,0.8627450980392156,0.9815789473684211,0.8461538461538461,0.88,7,0.88,1.0
170.0316098020412,123121.77383181674,0.8627450980392156,0.9815789473684211,0.8461538461538461,0.88,7,0.88,1.0
170.0316098020412,123121.77383181674,0.8627450980392156,0.9815789473684211,0.8461538461538461,0.88,7,0.88,1.0
170.0316098020412,123121.77383181674,0.8627450980392156,0.9815789473684211,0.8461538461538461,0.88,7,0.88,1.0
170.0316098020412,123121.77383181674,0.8627450980392156,0.9815789473684211,0.8461538461538461,0.88,7,0.88,1.0
170.0316098020412,123121.77383181674,0.8627450980392156,0.9815789473684211,0.8461538461538461,0.88,7,0.88,1.0
170.0316098020412,123121.77383181674,0.8627450980392156,0.9815789473684211,0.8461538461538461,0.88,7,0.88,1.0
170.0316098020412,123121.77383181674,0.8627450980392156,0.9815789473684211,0.8461538461538461,0.88,7,0.88,1.0
170.0316098020412,123121.77383181674,0.8627450980392156,0.9815789473684211,0.8461538461538461,0.88,7,0.88,1.0
