BIC - Goal,BIC,F1 Score,Accuracy,Precision,Recall,SHD,SLF,TLF
20.01600203587293,919.6129164492439,0.4210526315789474,0.8035714285714286,0.36363636363636365,0.5,11,0.5,0.75
13.862008339804447,913.4589227531754,0.4444444444444445,0.8214285714285714,0.4,0.5,10,0.5,0.75
11.771065315924943,911.3679797292959,0.47058823529411764,0.8392857142857143,0.4444444444444444,0.5,9,0.5,0.75
11.771065315924943,911.3679797292959,0.47058823529411764,0.8392857142857143,0.4444444444444444,0.5,9,0.5,0.75
7.43351601547954,907.0304304288505,0.5555555555555556,0.8571428571428571,0.5,0.625,8,0.625,0.75
-1.6709453129241183,897.9259691004469,0.75,0.9285714285714286,0.75,0.75,4,0.75,0.75
