BIC - Goal,BIC,F1 Score,Accuracy,Precision,Recall,SHD,SLF,TLF
19.101009417657224,994.8458383253231,0.6666666666666666,0.9107142857142857,0.7142857142857143,0.625,5,0.625,0.75
9.288160825979048,985.032989733645,0.7058823529411765,0.9107142857142857,0.6666666666666666,0.75,5,0.75,0.875
6.3245145903433695,982.0693434980093,0.7058823529411765,0.9107142857142857,0.6666666666666666,0.75,5,0.75,0.875
4.278483494557349,980.0233124022233,0.7058823529411765,0.9107142857142857,0.6666666666666666,0.75,5,0.75,0.75
2.225095951432081,977.969924859098,0.823529411764706,0.9464285714285714,0.7777777777777778,0.875,3,0.875,0.875
-0.8736837088033553,974.8711451988626,0.7058823529411765,0.9107142857142857,0.6666666666666666,0.75,5,0.75,0.875
