BIC - Goal,BIC,F1 Score,Accuracy,Precision,Recall,SHD,SLF,TLF
16.636430138303353,948.7133936364362,0.23529411764705882,0.7678571428571429,0.2222222222222222,0.25,13,0.25,0.5
11.16531739191521,943.242280890048,0.26666666666666666,0.8035714285714286,0.2857142857142857,0.25,11,0.25,0.5
6.959708969415601,939.0366724675484,0.26666666666666666,0.8035714285714286,0.2857142857142857,0.25,11,0.25,0.625
4.329202849528087,936.4061663476609,0.5882352941176471,0.875,0.5555555555555556,0.625,7,0.625,0.75
4.329202849528087,936.4061663476609,0.5882352941176471,0.875,0.5555555555555556,0.625,7,0.625,0.75
2.6305061198874,934.7074696180202,0.5555555555555556,0.8571428571428571,0.5,0.625,8,0.625,0.75
-1.1368683772161603e-13,932.0769634981327,0.5882352941176471,0.875,0.5555555555555556,0.625,7,0.625,0.75
