BIC - Goal,BIC,F1 Score,Accuracy,Precision,Recall,SHD,SLF,TLF
32.59893260948638,996.9848878274621,0.5,0.8571428571428571,0.5,0.5,8,0.5,0.75
13.849379034016351,978.2353342519921,0.5,0.8571428571428571,0.5,0.5,8,0.5,0.625
11.860147837190993,976.2461030551667,0.47058823529411764,0.8392857142857143,0.4444444444444444,0.5,9,0.5,0.625
9.14282157033233,973.528776788308,0.5,0.8571428571428571,0.5,0.5,8,0.5,0.625
5.348039534373015,969.7339947523487,0.823529411764706,0.9464285714285714,0.7777777777777778,0.875,3,0.875,1.0
5.348039534373015,969.7339947523487,0.823529411764706,0.9464285714285714,0.7777777777777778,0.875,3,0.875,1.0
4.220435008034087,968.6063902260098,0.823529411764706,0.9464285714285714,0.7777777777777778,0.875,3,0.875,1.0
-0.3653176304336512,964.0206375875421,0.875,0.9642857142857143,0.875,0.875,2,0.875,0.875
