BIC - Goal,BIC,F1 Score,Accuracy,Precision,Recall,SHD,SLF,TLF
31.57929440791736,966.3317371739911,0.625,0.8928571428571429,0.625,0.625,6,0.625,0.75
25.197389262199863,959.9498320282736,0.5333333333333333,0.875,0.5714285714285714,0.5,7,0.5,0.625
25.197389262199863,959.9498320282736,0.5333333333333333,0.875,0.5714285714285714,0.5,7,0.5,0.625
17.451360121064226,952.203802887138,0.47058823529411764,0.8392857142857143,0.4444444444444444,0.5,9,0.5,0.75
5.731121583740901,940.4835643498146,0.5882352941176471,0.875,0.5555555555555556,0.625,7,0.625,0.75
2.680976260604666,937.4334190266784,0.625,0.8928571428571429,0.625,0.625,6,0.625,0.75
2.680976260604666,937.4334190266784,0.625,0.8928571428571429,0.625,0.625,6,0.625,0.75
2.6594126571731067,937.4118554232468,0.625,0.8928571428571429,0.625,0.625,6,0.625,0.75
-0.11461494996365218,934.6378278161101,0.875,0.9642857142857143,0.875,0.875,2,0.875,0.875
