BIC - Goal,BIC,F1 Score,Accuracy,Precision,Recall,SHD,SLF,TLF
13.320553322400201,926.985227052587,0.35294117647058826,0.8035714285714286,0.3333333333333333,0.375,11,0.375,0.5
7.552862334839801,921.2175360650266,0.39999999999999997,0.8392857142857143,0.42857142857142855,0.375,9,0.375,0.5
7.552862334839801,921.2175360650266,0.39999999999999997,0.8392857142857143,0.42857142857142855,0.375,9,0.375,0.5
6.972397366808991,920.6370710969958,0.5882352941176471,0.875,0.5555555555555556,0.625,7,0.625,0.75
1.2233819650949727,914.8880556952818,0.625,0.8928571428571429,0.625,0.625,6,0.625,0.75
1.2233819650949727,914.8880556952818,0.625,0.8928571428571429,0.625,0.625,6,0.625,0.75
1.2233819650949727,914.8880556952818,0.625,0.8928571428571429,0.625,0.625,6,0.625,0.75
-1.1368683772161603e-13,913.6646737301867,0.47058823529411764,0.8392857142857143,0.4444444444444444,0.5,9,0.5,0.625
