BIC - Goal,BIC,F1 Score,Accuracy,Precision,Recall,SHD,SLF,TLF
22.827255893638835,943.3855399927763,0.631578947368421,0.875,0.5454545454545454,0.75,7,0.75,0.75
8.389642511115767,928.9479266102533,0.7058823529411765,0.9107142857142857,0.6666666666666666,0.75,5,0.75,0.75
5.185437718855496,925.743721817993,0.625,0.8928571428571429,0.625,0.625,6,0.625,0.625
3.6188432376435458,924.177127336781,0.75,0.9285714285714286,0.75,0.75,4,0.75,0.75
3.6188432376435458,924.177127336781,0.75,0.9285714285714286,0.75,0.75,4,0.75,0.75
3.6188432376435458,924.177127336781,0.75,0.9285714285714286,0.75,0.75,4,0.75,0.75
1.8918429459384924,922.450127045076,0.75,0.9285714285714286,0.75,0.75,4,0.75,0.75
-1.19351964947748,919.36476444966,0.75,0.9285714285714286,0.75,0.75,4,0.75,0.875
