BIC - Goal,BIC,F1 Score,Accuracy,Precision,Recall,SHD,SLF,TLF
37.3420282035604,950.7223848012711,0.35294117647058826,0.8035714285714286,0.3333333333333333,0.375,11,0.375,0.5
31.779639538241895,945.1599961359526,0.625,0.8928571428571429,0.625,0.625,6,0.625,0.625
14.582201715233282,927.962558312944,0.7058823529411765,0.9107142857142857,0.6666666666666666,0.75,5,0.75,0.875
12.16570369801559,925.5460602957263,0.75,0.9285714285714286,0.75,0.75,4,0.75,0.75
2.358103176855707,915.7384597745664,0.823529411764706,0.9464285714285714,0.7777777777777778,0.875,3,0.875,1.0
-0.1645329324052227,913.2158236653055,0.875,0.9642857142857143,0.875,0.875,2,0.875,0.875
