BIC - Goal,BIC,F1 Score,Accuracy,Precision,Recall,SHD,SLF,TLF
25.478289795400315,977.8245424208759,0.4444444444444445,0.8214285714285714,0.4,0.5,10,0.5,0.75
11.700209918414316,964.0464625438899,0.625,0.8928571428571429,0.625,0.625,6,0.625,0.625
11.700209918414316,964.0464625438899,0.625,0.8928571428571429,0.625,0.625,6,0.625,0.625
10.091118264427791,962.4373708899034,0.625,0.8928571428571429,0.625,0.625,6,0.625,0.625
10.091118264427791,962.4373708899034,0.625,0.8928571428571429,0.625,0.625,6,0.625,0.625
3.9821799238324047,956.328432549308,0.7058823529411765,0.9107142857142857,0.6666666666666666,0.75,5,0.75,0.75
2.2818659556930925,954.6281185811687,0.7058823529411765,0.9107142857142857,0.6666666666666666,0.75,5,0.75,0.75
0.755658620199597,953.1019112456752,0.7058823529411765,0.9107142857142857,0.6666666666666666,0.75,5,0.75,0.875
-0.2209517690220082,952.1253008564536,0.875,0.9642857142857143,0.875,0.875,2,0.875,0.875
